
> xrated-trades@0.1.0 dev:workers
> node --env-file=.env.local scripts/nex-dev-scheduler.mjs


nex-dev-scheduler · started 2026-08-23T09:07:27.239Z
opt-in gate: NEX_DEV_WORKERS=1 (verified)
scheduled workers:
  · acquisition:food:Yogyakarta  every 900s  →  spawn node scripts/nex-acquisition/run-live-cycle.mjs --vertical=food --city=Yogyakarta --apply
  · acquisition:accommodation:Yogyakarta  every 900s  →  spawn node scripts/nex-acquisition/run-live-cycle.mjs --vertical=accommodation --city=Yogyakarta --apply
  · cle:conversation  every 600s  →  spawn node scripts/nex-conv/cle/run-cle-cycle.mjs --config=staircase --apply
  · brain:cron-tick  every 180s  →  HTTP GET http://localhost:3008/api/nex/brain/cron-tick
  · social:cron-tick  every 60s  →  HTTP GET http://localhost:3008/api/cron/comms-social-worker
  · promotion:food:Yogyakarta:quality-check  every 1800s  →  spawn node scripts/nex-promotion/run-quality-check.mjs --vertical=food --city=Yogyakarta --apply
ctrl+c to stop · runs foreground · logs every tick + outcome

[2026-08-23T09:07:27.244Z] chained · acquisition:food:Yogyakarta · non-stop mode enabled · polite floor 3000ms
[2026-08-23T09:07:27.244Z] tick · acquisition:food:Yogyakarta · zone=klaten-east · spawning
[2026-08-23T09:07:27.257Z] chained · acquisition:accommodation:Yogyakarta · non-stop mode enabled · polite floor 3000ms
[2026-08-23T09:07:27.258Z] tick · acquisition:accommodation:Yogyakarta · zone=prawirotaman · spawning
[2026-08-23T09:07:27.274Z] tick · cle:conversation · spawning
[2026-08-23T09:07:27.286Z] tick · brain:cron-tick · fetching GET http://localhost:3008/api/nex/brain/cron-tick
[2026-08-23T09:07:27.357Z] tick · social:cron-tick · fetching GET http://localhost:3008/api/cron/comms-social-worker
[2026-08-23T09:07:27.358Z] tick · promotion:food:Yogyakarta:quality-check · spawning
[2026-08-23T09:07:27.555Z] tick · social:cron-tick · status=200 · OK
[2026-08-23T09:07:27.701Z] tick · cle:conversation · exit=0 signal=- · OK
[2026-08-23T09:07:27.892Z] tick · brain:cron-tick · status=200 · OK
[2026-08-23T09:07:28.023Z] tick · promotion:food:Yogyakarta:quality-check · exit=0 signal=- · OK
[2026-08-23T09:07:57.732Z] tick · acquisition:accommodation:Yogyakarta · exit=0 signal=- · OK
[2026-08-23T09:07:57.825Z] tick · acquisition:food:Yogyakarta · exit=0 signal=- · OK
[2026-08-23T09:08:00.735Z] tick · acquisition:accommodation:Yogyakarta · zone=kaliurang · spawning
[2026-08-23T09:08:00.828Z] tick · acquisition:food:Yogyakarta · zone=gamping-west · spawning
[2026-08-23T09:08:27.361Z] tick · social:cron-tick · fetching GET http://localhost:3008/api/cron/comms-social-worker
[2026-08-23T09:08:27.523Z] tick · social:cron-tick · status=200 · OK
[2026-08-23T09:08:31.130Z] tick · acquisition:accommodation:Yogyakarta · exit=0 signal=- · OK
[2026-08-23T09:08:31.248Z] tick · acquisition:food:Yogyakarta · exit=0 signal=- · OK
[2026-08-23T09:08:34.130Z] tick · acquisition:accommodation:Yogyakarta · zone=borobudur · spawning
[2026-08-23T09:08:34.272Z] tick · acquisition:food:Yogyakarta · zone=prambanan · spawning
[2026-08-23T09:09:05.092Z] tick · acquisition:accommodation:Yogyakarta · exit=0 signal=- · OK
[2026-08-23T09:09:08.096Z] tick · acquisition:accommodation:Yogyakarta · zone=yogya-wider · spawning
[2026-08-23T09:09:17.321Z] tick · acquisition:food:Yogyakarta · exit=0 signal=- · OK
[2026-08-23T09:09:20.327Z] tick · acquisition:food:Yogyakarta · zone=sleman-north · spawning
[2026-08-23T09:09:27.375Z] tick · social:cron-tick · fetching GET http://localhost:3008/api/cron/comms-social-worker
[2026-08-23T09:09:28.370Z] tick · social:cron-tick · status=200 · OK
[2026-08-23T09:09:38.616Z] tick · acquisition:accommodation:Yogyakarta · exit=0 signal=- · OK
[2026-08-23T09:09:41.618Z] tick · acquisition:accommodation:Yogyakarta · zone=malioboro · spawning
[2026-08-23T09:10:06.041Z] tick · acquisition:food:Yogyakarta · exit=0 signal=- · OK
[2026-08-23T09:10:09.044Z] tick · acquisition:food:Yogyakarta · zone=bantul-south · spawning
[2026-08-23T09:10:12.368Z] tick · acquisition:accommodation:Yogyakarta · exit=0 signal=- · OK
[2026-08-23T09:10:15.370Z] tick · acquisition:accommodation:Yogyakarta · zone=prawirotaman · spawning
[2026-08-23T09:10:27.372Z] tick · brain:cron-tick · fetching GET http://localhost:3008/api/nex/brain/cron-tick
[2026-08-23T09:10:27.395Z] tick · social:cron-tick · fetching GET http://localhost:3008/api/cron/comms-social-worker
[2026-08-23T09:10:29.138Z] tick · social:cron-tick · status=200 · OK
[2026-08-23T09:10:29.269Z] tick · brain:cron-tick · status=200 · OK
[2026-08-23T09:10:39.547Z] tick · acquisition:food:Yogyakarta · exit=0 signal=- · OK
[2026-08-23T09:10:42.548Z] tick · acquisition:food:Yogyakarta · zone=klaten-east · spawning
[2026-08-23T09:10:45.776Z] tick · acquisition:accommodation:Yogyakarta · exit=0 signal=- · OK
[2026-08-23T09:10:48.778Z] tick · acquisition:accommodation:Yogyakarta · zone=kaliurang · spawning
[2026-08-23T09:11:12.943Z] tick · acquisition:food:Yogyakarta · exit=0 signal=- · OK
[2026-08-23T09:11:15.950Z] tick · acquisition:food:Yogyakarta · zone=gamping-west · spawning
[2026-08-23T09:11:19.179Z] tick · acquisition:accommodation:Yogyakarta · exit=0 signal=- · OK
[2026-08-23T09:11:22.181Z] tick · acquisition:accommodation:Yogyakarta · zone=borobudur · spawning
[2026-08-23T09:11:27.400Z] tick · social:cron-tick · fetching GET http://localhost:3008/api/cron/comms-social-worker
[2026-08-23T09:11:27.544Z] tick · social:cron-tick · status=200 · OK
[2026-08-23T09:11:46.281Z] tick · acquisition:food:Yogyakarta · exit=0 signal=- · OK
[2026-08-23T09:11:49.283Z] tick · acquisition:food:Yogyakarta · zone=prambanan · spawning
[2026-08-23T09:11:52.476Z] tick · acquisition:accommodation:Yogyakarta · exit=0 signal=- · OK
[2026-08-23T09:11:55.487Z] tick · acquisition:accommodation:Yogyakarta · zone=yogya-wider · spawning
[2026-08-23T09:12:23.734Z] tick · acquisition:food:Yogyakarta · exit=0 signal=- · OK
[2026-08-23T09:12:25.822Z] tick · acquisition:accommodation:Yogyakarta · exit=0 signal=- · OK
[2026-08-23T09:12:26.737Z] tick · acquisition:food:Yogyakarta · zone=sleman-north · spawning
[2026-08-23T09:12:27.409Z] tick · social:cron-tick · fetching GET http://localhost:3008/api/cron/comms-social-worker
[2026-08-23T09:12:27.596Z] tick · social:cron-tick · status=200 · OK
[2026-08-23T09:12:28.827Z] tick · acquisition:accommodation:Yogyakarta · zone=malioboro · spawning
[2026-08-23T09:12:59.357Z] tick · acquisition:accommodation:Yogyakarta · exit=0 signal=- · OK
[2026-08-23T09:13:01.912Z] tick · acquisition:food:Yogyakarta · exit=0 signal=- · OK
[2026-08-23T09:13:02.365Z] tick · acquisition:accommodation:Yogyakarta · zone=prawirotaman · spawning
[2026-08-23T09:13:04.929Z] tick · acquisition:food:Yogyakarta · zone=bantul-south · spawning
[2026-08-23T09:13:27.380Z] tick · brain:cron-tick · fetching GET http://localhost:3008/api/nex/brain/cron-tick
[2026-08-23T09:13:27.411Z] tick · social:cron-tick · fetching GET http://localhost:3008/api/cron/comms-social-worker
[2026-08-23T09:13:27.733Z] tick · social:cron-tick · status=200 · OK
[2026-08-23T09:13:28.010Z] tick · brain:cron-tick · status=200 · OK
[2026-08-23T09:13:32.817Z] tick · acquisition:accommodation:Yogyakarta · exit=0 signal=- · OK
[2026-08-23T09:13:35.434Z] tick · acquisition:food:Yogyakarta · exit=0 signal=- · OK
[2026-08-23T09:13:35.826Z] tick · acquisition:accommodation:Yogyakarta · zone=kaliurang · spawning
[2026-08-23T09:13:38.438Z] tick · acquisition:food:Yogyakarta · zone=klaten-east · spawning
[2026-08-23T09:14:06.584Z] tick · acquisition:accommodation:Yogyakarta · exit=0 signal=- · OK
[2026-08-23T09:14:09.356Z] tick · acquisition:food:Yogyakarta · exit=0 signal=- · OK
[2026-08-23T09:14:09.588Z] tick · acquisition:accommodation:Yogyakarta · zone=borobudur · spawning
[2026-08-23T09:14:12.361Z] tick · acquisition:food:Yogyakarta · zone=gamping-west · spawning
[2026-08-23T09:14:27.412Z] tick · social:cron-tick · fetching GET http://localhost:3008/api/cron/comms-social-worker
[2026-08-23T09:14:27.579Z] tick · social:cron-tick · status=200 · OK
[2026-08-23T09:14:40.007Z] tick · acquisition:accommodation:Yogyakarta · exit=0 signal=- · OK
[2026-08-23T09:14:42.939Z] tick · acquisition:food:Yogyakarta · exit=0 signal=- · OK
[2026-08-23T09:14:43.009Z] tick · acquisition:accommodation:Yogyakarta · zone=yogya-wider · spawning
[2026-08-23T09:14:45.948Z] tick · acquisition:food:Yogyakarta · zone=prambanan · spawning
[2026-08-23T09:15:13.557Z] tick · acquisition:accommodation:Yogyakarta · exit=0 signal=- · OK
[2026-08-23T09:15:16.562Z] tick · acquisition:accommodation:Yogyakarta · zone=malioboro · spawning
[2026-08-23T09:15:23.041Z] tick · acquisition:food:Yogyakarta · exit=0 signal=- · OK
[2026-08-23T09:15:26.045Z] tick · acquisition:food:Yogyakarta · zone=sleman-north · spawning
[2026-08-23T09:15:27.419Z] tick · social:cron-tick · fetching GET http://localhost:3008/api/cron/comms-social-worker
[2026-08-23T09:15:27.532Z] tick · social:cron-tick · status=200 · OK
[2026-08-23T09:15:46.957Z] tick · acquisition:accommodation:Yogyakarta · exit=0 signal=- · OK
[2026-08-23T09:15:49.962Z] tick · acquisition:accommodation:Yogyakarta · zone=prawirotaman · spawning
[2026-08-23T09:16:01.952Z] tick · acquisition:food:Yogyakarta · exit=0 signal=- · OK
[2026-08-23T09:16:04.953Z] tick · acquisition:food:Yogyakarta · zone=bantul-south · spawning
[2026-08-23T09:16:20.520Z] tick · acquisition:accommodation:Yogyakarta · exit=0 signal=- · OK
[2026-08-23T09:16:23.529Z] tick · acquisition:accommodation:Yogyakarta · zone=kaliurang · spawning
[2026-08-23T09:16:27.392Z] tick · brain:cron-tick · fetching GET http://localhost:3008/api/nex/brain/cron-tick
[2026-08-23T09:16:27.426Z] tick · social:cron-tick · fetching GET http://localhost:3008/api/cron/comms-social-worker
[2026-08-23T09:16:27.618Z] tick · social:cron-tick · status=200 · OK
[2026-08-23T09:16:27.753Z] tick · brain:cron-tick · status=200 · OK
[2026-08-23T09:16:35.343Z] tick · acquisition:food:Yogyakarta · exit=0 signal=- · OK
[2026-08-23T09:16:38.357Z] tick · acquisition:food:Yogyakarta · zone=klaten-east · spawning
[2026-08-23T09:16:53.939Z] tick · acquisition:accommodation:Yogyakarta · exit=0 signal=- · OK
[2026-08-23T09:16:56.940Z] tick · acquisition:accommodation:Yogyakarta · zone=borobudur · spawning
[2026-08-23T09:17:08.657Z] tick · acquisition:food:Yogyakarta · exit=0 signal=- · OK
[2026-08-23T09:17:11.661Z] tick · acquisition:food:Yogyakarta · zone=gamping-west · spawning
[2026-08-23T09:17:27.212Z] tick · acquisition:accommodation:Yogyakarta · exit=0 signal=- · OK
[2026-08-23T09:17:27.288Z] tick · cle:conversation · spawning
[2026-08-23T09:17:27.432Z] tick · social:cron-tick · fetching GET http://localhost:3008/api/cron/comms-social-worker
[2026-08-23T09:17:27.537Z] tick · social:cron-tick · status=200 · OK
[2026-08-23T09:17:27.586Z] tick · cle:conversation · exit=0 signal=- · OK
[2026-08-23T09:17:30.215Z] tick · acquisition:accommodation:Yogyakarta · zone=yogya-wider · spawning
[2026-08-23T09:17:41.994Z] tick · acquisition:food:Yogyakarta · exit=0 signal=- · OK
[2026-08-23T09:17:45.008Z] tick · acquisition:food:Yogyakarta · zone=prambanan · spawning
[2026-08-23T09:18:00.593Z] tick · acquisition:accommodation:Yogyakarta · exit=0 signal=- · OK
[2026-08-23T09:18:03.605Z] tick · acquisition:accommodation:Yogyakarta · zone=malioboro · spawning
[2026-08-23T09:18:20.794Z] tick · acquisition:food:Yogyakarta · exit=0 signal=- · OK
[2026-08-23T09:18:23.798Z] tick · acquisition:food:Yogyakarta · zone=sleman-north · spawning
[2026-08-23T09:18:27.436Z] tick · social:cron-tick · fetching GET http://localhost:3008/api/cron/comms-social-worker
[2026-08-23T09:18:27.609Z] tick · social:cron-tick · status=200 · OK
[2026-08-23T09:18:33.928Z] tick · acquisition:accommodation:Yogyakarta · exit=0 signal=- · OK
[2026-08-23T09:18:36.929Z] tick · acquisition:accommodation:Yogyakarta · zone=prawirotaman · spawning
[2026-08-23T09:18:58.223Z] tick · acquisition:food:Yogyakarta · exit=0 signal=- · OK
[2026-08-23T09:19:01.223Z] tick · acquisition:food:Yogyakarta · zone=bantul-south · spawning
[2026-08-23T09:19:07.380Z] tick · acquisition:accommodation:Yogyakarta · exit=0 signal=- · OK
[2026-08-23T09:19:10.381Z] tick · acquisition:accommodation:Yogyakarta · zone=kaliurang · spawning
[2026-08-23T09:19:27.404Z] tick · brain:cron-tick · fetching GET http://localhost:3008/api/nex/brain/cron-tick
[2026-08-23T09:19:27.439Z] tick · social:cron-tick · fetching GET http://localhost:3008/api/cron/comms-social-worker
[2026-08-23T09:19:28.310Z] tick · social:cron-tick · status=200 · OK
[2026-08-23T09:19:28.431Z] tick · brain:cron-tick · status=200 · OK
[2026-08-23T09:19:31.579Z] tick · acquisition:food:Yogyakarta · exit=0 signal=- · OK
[2026-08-23T09:19:34.581Z] tick · acquisition:food:Yogyakarta · zone=klaten-east · spawning
[2026-08-23T09:19:40.799Z] tick · acquisition:accommodation:Yogyakarta · exit=0 signal=- · OK
[2026-08-23T09:19:43.807Z] tick · acquisition:accommodation:Yogyakarta · zone=borobudur · spawning
[2026-08-23T09:20:05.094Z] tick · acquisition:food:Yogyakarta · exit=0 signal=- · OK
[2026-08-23T09:20:08.098Z] tick · acquisition:food:Yogyakarta · zone=gamping-west · spawning
[2026-08-23T09:20:14.326Z] tick · acquisition:accommodation:Yogyakarta · exit=0 signal=- · OK
[2026-08-23T09:20:17.326Z] tick · acquisition:accommodation:Yogyakarta · zone=yogya-wider · spawning
[2026-08-23T09:20:27.453Z] tick · social:cron-tick · fetching GET http://localhost:3008/api/cron/comms-social-worker
[2026-08-23T09:20:27.703Z] tick · social:cron-tick · status=200 · OK
[2026-08-23T09:20:38.576Z] tick · acquisition:food:Yogyakarta · exit=0 signal=- · OK
[2026-08-23T09:20:41.584Z] tick · acquisition:food:Yogyakarta · zone=prambanan · spawning
[2026-08-23T09:20:47.718Z] tick · acquisition:accommodation:Yogyakarta · exit=0 signal=- · OK
[2026-08-23T09:20:50.718Z] tick · acquisition:accommodation:Yogyakarta · zone=malioboro · spawning
[2026-08-23T09:21:18.029Z] tick · acquisition:food:Yogyakarta · exit=0 signal=- · OK
[2026-08-23T09:21:21.034Z] tick · acquisition:food:Yogyakarta · zone=sleman-north · spawning
[2026-08-23T09:21:21.193Z] tick · acquisition:accommodation:Yogyakarta · exit=0 signal=- · OK
[2026-08-23T09:21:24.197Z] tick · acquisition:accommodation:Yogyakarta · zone=prawirotaman · spawning
[2026-08-23T09:21:27.455Z] tick · social:cron-tick · fetching GET http://localhost:3008/api/cron/comms-social-worker
[2026-08-23T09:21:27.645Z] tick · social:cron-tick · status=200 · OK
[2026-08-23T09:21:54.625Z] tick · acquisition:accommodation:Yogyakarta · exit=0 signal=- · OK
[2026-08-23T09:21:55.197Z] tick · acquisition:food:Yogyakarta · exit=0 signal=- · OK
[2026-08-23T09:21:57.633Z] tick · acquisition:accommodation:Yogyakarta · zone=kaliurang · spawning
[2026-08-23T09:21:58.204Z] tick · acquisition:food:Yogyakarta · zone=bantul-south · spawning
[2026-08-23T09:22:27.412Z] tick · brain:cron-tick · fetching GET http://localhost:3008/api/nex/brain/cron-tick
[2026-08-23T09:22:27.457Z] tick · social:cron-tick · fetching GET http://localhost:3008/api/cron/comms-social-worker
[2026-08-23T09:22:27.679Z] tick · social:cron-tick · status=200 · OK
[2026-08-23T09:22:27.926Z] tick · brain:cron-tick · status=200 · OK
[2026-08-23T09:22:27.977Z] tick · acquisition:accommodation:Yogyakarta · exit=0 signal=- · OK
[2026-08-23T09:22:28.675Z] tick · acquisition:food:Yogyakarta · exit=0 signal=- · OK
[2026-08-23T09:22:30.983Z] tick · acquisition:accommodation:Yogyakarta · zone=borobudur · spawning
[2026-08-23T09:22:31.677Z] tick · acquisition:food:Yogyakarta · zone=klaten-east · spawning
[2026-08-23T09:23:01.417Z] tick · acquisition:accommodation:Yogyakarta · exit=0 signal=- · OK
[2026-08-23T09:23:02.048Z] tick · acquisition:food:Yogyakarta · exit=0 signal=- · OK
[2026-08-23T09:23:04.422Z] tick · acquisition:accommodation:Yogyakarta · zone=yogya-wider · spawning
[2026-08-23T09:23:05.059Z] tick · acquisition:food:Yogyakarta · zone=gamping-west · spawning
[2026-08-23T09:23:27.472Z] tick · social:cron-tick · fetching GET http://localhost:3008/api/cron/comms-social-worker
[2026-08-23T09:23:27.619Z] tick · social:cron-tick · status=200 · OK
[2026-08-23T09:23:34.786Z] tick · acquisition:accommodation:Yogyakarta · exit=0 signal=- · OK
[2026-08-23T09:23:35.404Z] tick · acquisition:food:Yogyakarta · exit=0 signal=- · OK
[2026-08-23T09:23:37.789Z] tick · acquisition:accommodation:Yogyakarta · zone=malioboro · spawning
[2026-08-23T09:23:38.409Z] tick · acquisition:food:Yogyakarta · zone=prambanan · spawning
[2026-08-23T09:24:08.168Z] tick · acquisition:accommodation:Yogyakarta · exit=0 signal=- · OK
[2026-08-23T09:24:11.183Z] tick · acquisition:accommodation:Yogyakarta · zone=prawirotaman · spawning
[2026-08-23T09:24:13.408Z] tick · acquisition:food:Yogyakarta · exit=0 signal=- · OK
[2026-08-23T09:24:16.409Z] tick · acquisition:food:Yogyakarta · zone=sleman-north · spawning
[2026-08-23T09:24:27.474Z] tick · social:cron-tick · fetching GET http://localhost:3008/api/cron/comms-social-worker
[2026-08-23T09:24:27.608Z] tick · social:cron-tick · status=200 · OK
[2026-08-23T09:24:41.687Z] tick · acquisition:accommodation:Yogyakarta · exit=0 signal=- · OK
[2026-08-23T09:24:44.699Z] tick · acquisition:accommodation:Yogyakarta · zone=kaliurang · spawning
[2026-08-23T09:24:51.724Z] tick · acquisition:food:Yogyakarta · exit=0 signal=- · OK
[2026-08-23T09:24:54.724Z] tick · acquisition:food:Yogyakarta · zone=bantul-south · spawning
[2026-08-23T09:25:14.999Z] tick · acquisition:accommodation:Yogyakarta · exit=0 signal=- · OK
[2026-08-23T09:25:18.009Z] tick · acquisition:accommodation:Yogyakarta · zone=borobudur · spawning
[2026-08-23T09:25:25.060Z] tick · acquisition:food:Yogyakarta · exit=0 signal=- · OK
[2026-08-23T09:25:27.411Z] tick · brain:cron-tick · fetching GET http://localhost:3008/api/nex/brain/cron-tick
[2026-08-23T09:25:27.486Z] tick · social:cron-tick · fetching GET http://localhost:3008/api/cron/comms-social-worker
[2026-08-23T09:25:27.676Z] tick · social:cron-tick · status=200 · OK
[2026-08-23T09:25:27.788Z] tick · brain:cron-tick · status=200 · OK
[2026-08-23T09:25:28.071Z] tick · acquisition:food:Yogyakarta · zone=klaten-east · spawning
[2026-08-23T09:25:48.287Z] tick · acquisition:accommodation:Yogyakarta · exit=0 signal=- · OK
[2026-08-23T09:25:51.299Z] tick · acquisition:accommodation:Yogyakarta · zone=yogya-wider · spawning
[2026-08-23T09:25:58.513Z] tick · acquisition:food:Yogyakarta · exit=0 signal=- · OK
[2026-08-23T09:26:01.515Z] tick · acquisition:food:Yogyakarta · zone=gamping-west · spawning
[2026-08-23T09:26:21.677Z] tick · acquisition:accommodation:Yogyakarta · exit=0 signal=- · OK
[2026-08-23T09:26:24.678Z] tick · acquisition:accommodation:Yogyakarta · zone=malioboro · spawning
[2026-08-23T09:26:27.498Z] tick · social:cron-tick · fetching GET http://localhost:3008/api/cron/comms-social-worker
[2026-08-23T09:26:27.598Z] tick · social:cron-tick · status=200 · OK
[2026-08-23T09:26:31.820Z] tick · acquisition:food:Yogyakarta · exit=0 signal=- · OK
[2026-08-23T09:26:34.823Z] tick · acquisition:food:Yogyakarta · zone=prambanan · spawning
[2026-08-23T09:26:54.972Z] tick · acquisition:accommodation:Yogyakarta · exit=0 signal=- · OK
[2026-08-23T09:26:57.975Z] tick · acquisition:accommodation:Yogyakarta · zone=prawirotaman · spawning
[2026-08-23T09:27:11.159Z] tick · acquisition:food:Yogyakarta · exit=0 signal=- · OK
[2026-08-23T09:27:14.168Z] tick · acquisition:food:Yogyakarta · zone=sleman-north · spawning
[2026-08-23T09:27:27.295Z] tick · cle:conversation · spawning
[2026-08-23T09:27:27.499Z] tick · social:cron-tick · fetching GET http://localhost:3008/api/cron/comms-social-worker
[2026-08-23T09:27:27.692Z] tick · cle:conversation · exit=0 signal=- · OK
[2026-08-23T09:27:28.336Z] tick · acquisition:accommodation:Yogyakarta · exit=0 signal=- · OK
[2026-08-23T09:27:29.635Z] tick · social:cron-tick · status=200 · OK
[2026-08-23T09:27:31.348Z] tick · acquisition:accommodation:Yogyakarta · zone=kaliurang · spawning
[2026-08-23T09:27:50.097Z] tick · acquisition:food:Yogyakarta · exit=0 signal=- · OK
[2026-08-23T09:27:53.100Z] tick · acquisition:food:Yogyakarta · zone=bantul-south · spawning
[2026-08-23T09:28:01.722Z] tick · acquisition:accommodation:Yogyakarta · exit=0 signal=- · OK
[2026-08-23T09:28:04.729Z] tick · acquisition:accommodation:Yogyakarta · zone=borobudur · spawning
[2026-08-23T09:28:23.554Z] tick · acquisition:food:Yogyakarta · exit=0 signal=- · OK
[2026-08-23T09:28:26.557Z] tick · acquisition:food:Yogyakarta · zone=klaten-east · spawning
[2026-08-23T09:28:27.425Z] tick · brain:cron-tick · fetching GET http://localhost:3008/api/nex/brain/cron-tick
[2026-08-23T09:28:27.499Z] tick · social:cron-tick · fetching GET http://localhost:3008/api/cron/comms-social-worker
[2026-08-23T09:28:27.695Z] tick · social:cron-tick · status=200 · OK
[2026-08-23T09:28:27.850Z] tick · brain:cron-tick · status=200 · OK
[2026-08-23T09:28:35.046Z] tick · acquisition:accommodation:Yogyakarta · exit=0 signal=- · OK
[2026-08-23T09:28:38.047Z] tick · acquisition:accommodation:Yogyakarta · zone=yogya-wider · spawning
[2026-08-23T09:28:56.899Z] tick · acquisition:food:Yogyakarta · exit=0 signal=- · OK
[2026-08-23T09:28:59.914Z] tick · acquisition:food:Yogyakarta · zone=gamping-west · spawning
[2026-08-23T09:29:08.501Z] tick · acquisition:accommodation:Yogyakarta · exit=0 signal=- · OK
[2026-08-23T09:29:11.507Z] tick · acquisition:accommodation:Yogyakarta · zone=malioboro · spawning
[2026-08-23T09:29:27.507Z] tick · social:cron-tick · fetching GET http://localhost:3008/api/cron/comms-social-worker
[2026-08-23T09:29:27.732Z] tick · social:cron-tick · status=200 · OK
[2026-08-23T09:29:30.291Z] tick · acquisition:food:Yogyakarta · exit=0 signal=- · OK
[2026-08-23T09:29:33.300Z] tick · acquisition:food:Yogyakarta · zone=prambanan · spawning
[2026-08-23T09:29:41.995Z] tick · acquisition:accommodation:Yogyakarta · exit=0 signal=- · OK
[2026-08-23T09:29:44.995Z] tick · acquisition:accommodation:Yogyakarta · zone=prawirotaman · spawning
[2026-08-23T09:30:07.482Z] tick · acquisition:food:Yogyakarta · exit=0 signal=- · OK
[2026-08-23T09:30:10.497Z] tick · acquisition:food:Yogyakarta · zone=sleman-north · spawning
[2026-08-23T09:30:15.325Z] tick · acquisition:accommodation:Yogyakarta · exit=0 signal=- · OK
[2026-08-23T09:30:18.326Z] tick · acquisition:accommodation:Yogyakarta · zone=kaliurang · spawning
[2026-08-23T09:30:27.521Z] tick · social:cron-tick · fetching GET http://localhost:3008/api/cron/comms-social-worker
[2026-08-23T09:30:27.752Z] tick · social:cron-tick · status=200 · OK
[2026-08-23T09:30:45.617Z] tick · acquisition:food:Yogyakarta · exit=0 signal=- · OK
[2026-08-23T09:30:48.621Z] tick · acquisition:food:Yogyakarta · zone=bantul-south · spawning
[2026-08-23T09:30:48.744Z] tick · acquisition:accommodation:Yogyakarta · exit=0 signal=- · OK
[2026-08-23T09:30:51.754Z] tick · acquisition:accommodation:Yogyakarta · zone=borobudur · spawning
[2026-08-23T09:31:18.969Z] tick · acquisition:food:Yogyakarta · exit=0 signal=- · OK
[2026-08-23T09:31:21.983Z] tick · acquisition:food:Yogyakarta · zone=klaten-east · spawning
[2026-08-23T09:31:22.125Z] tick · acquisition:accommodation:Yogyakarta · exit=0 signal=- · OK
[2026-08-23T09:31:25.140Z] tick · acquisition:accommodation:Yogyakarta · zone=yogya-wider · spawning
[2026-08-23T09:31:27.431Z] tick · brain:cron-tick · fetching GET http://localhost:3008/api/nex/brain/cron-tick
[2026-08-23T09:31:27.530Z] tick · social:cron-tick · fetching GET http://localhost:3008/api/cron/comms-social-worker
[2026-08-23T09:31:27.737Z] tick · social:cron-tick · status=200 · OK
[2026-08-23T09:31:27.893Z] tick · brain:cron-tick · status=200 · OK
[2026-08-23T09:31:52.324Z] tick · acquisition:food:Yogyakarta · exit=0 signal=- · OK
[2026-08-23T09:31:55.330Z] tick · acquisition:food:Yogyakarta · zone=gamping-west · spawning
[2026-08-23T09:31:55.493Z] tick · acquisition:accommodation:Yogyakarta · exit=0 signal=- · OK
[2026-08-23T09:31:58.496Z] tick · acquisition:accommodation:Yogyakarta · zone=malioboro · spawning
[2026-08-23T09:32:25.682Z] tick · acquisition:food:Yogyakarta · exit=0 signal=- · OK
[2026-08-23T09:32:27.533Z] tick · social:cron-tick · fetching GET http://localhost:3008/api/cron/comms-social-worker
[2026-08-23T09:32:27.650Z] tick · social:cron-tick · status=200 · OK
[2026-08-23T09:32:28.696Z] tick · acquisition:food:Yogyakarta · zone=prambanan · spawning
[2026-08-23T09:32:28.770Z] tick · acquisition:accommodation:Yogyakarta · exit=0 signal=- · OK
[2026-08-23T09:32:31.797Z] tick · acquisition:accommodation:Yogyakarta · zone=prawirotaman · spawning
[2026-08-23T09:33:02.187Z] tick · acquisition:accommodation:Yogyakarta · exit=0 signal=- · OK
[2026-08-23T09:33:05.191Z] tick · acquisition:accommodation:Yogyakarta · zone=kaliurang · spawning
[2026-08-23T09:33:06.209Z] tick · acquisition:food:Yogyakarta · exit=0 signal=- · OK
[2026-08-23T09:33:09.219Z] tick · acquisition:food:Yogyakarta · zone=sleman-north · spawning
[2026-08-23T09:33:27.540Z] tick · social:cron-tick · fetching GET http://localhost:3008/api/cron/comms-social-worker
[2026-08-23T09:33:27.744Z] tick · social:cron-tick · status=200 · OK
[2026-08-23T09:33:35.510Z] tick · acquisition:accommodation:Yogyakarta · exit=0 signal=- · OK
[2026-08-23T09:33:38.521Z] tick · acquisition:accommodation:Yogyakarta · zone=borobudur · spawning
[2026-08-23T09:33:45.464Z] tick · acquisition:food:Yogyakarta · exit=0 signal=- · OK
[2026-08-23T09:33:48.476Z] tick · acquisition:food:Yogyakarta · zone=bantul-south · spawning
[2026-08-23T09:34:08.819Z] tick · acquisition:accommodation:Yogyakarta · exit=0 signal=- · OK
[2026-08-23T09:34:11.824Z] tick · acquisition:accommodation:Yogyakarta · zone=yogya-wider · spawning
[2026-08-23T09:34:18.818Z] tick · acquisition:food:Yogyakarta · exit=0 signal=- · OK
[2026-08-23T09:34:21.818Z] tick · acquisition:food:Yogyakarta · zone=klaten-east · spawning
[2026-08-23T09:34:27.446Z] tick · brain:cron-tick · fetching GET http://localhost:3008/api/nex/brain/cron-tick
[2026-08-23T09:34:27.540Z] tick · social:cron-tick · fetching GET http://localhost:3008/api/cron/comms-social-worker
[2026-08-23T09:34:27.678Z] tick · social:cron-tick · status=200 · OK
[2026-08-23T09:34:27.810Z] tick · brain:cron-tick · status=200 · OK
[2026-08-23T09:34:42.136Z] tick · acquisition:accommodation:Yogyakarta · exit=0 signal=- · OK
[2026-08-23T09:34:45.146Z] tick · acquisition:accommodation:Yogyakarta · zone=malioboro · spawning
[2026-08-23T09:34:52.231Z] tick · acquisition:food:Yogyakarta · exit=0 signal=- · OK
[2026-08-23T09:34:55.241Z] tick · acquisition:food:Yogyakarta · zone=gamping-west · spawning
[2026-08-23T09:35:15.496Z] tick · acquisition:accommodation:Yogyakarta · exit=0 signal=- · OK
[2026-08-23T09:35:18.500Z] tick · acquisition:accommodation:Yogyakarta · zone=prawirotaman · spawning
[2026-08-23T09:35:25.595Z] tick · acquisition:food:Yogyakarta · exit=0 signal=- · OK
[2026-08-23T09:35:27.547Z] tick · social:cron-tick · fetching GET http://localhost:3008/api/cron/comms-social-worker
[2026-08-23T09:35:27.733Z] tick · social:cron-tick · status=200 · OK
[2026-08-23T09:35:28.597Z] tick · acquisition:food:Yogyakarta · zone=prambanan · spawning
[2026-08-23T09:35:48.808Z] tick · acquisition:accommodation:Yogyakarta · exit=0 signal=- · OK
[2026-08-23T09:35:51.819Z] tick · acquisition:accommodation:Yogyakarta · zone=kaliurang · spawning
[2026-08-23T09:36:03.118Z] tick · acquisition:food:Yogyakarta · exit=0 signal=- · OK
[2026-08-23T09:36:06.132Z] tick · acquisition:food:Yogyakarta · zone=sleman-north · spawning
[2026-08-23T09:36:22.172Z] tick · acquisition:accommodation:Yogyakarta · exit=0 signal=- · OK
[2026-08-23T09:36:25.184Z] tick · acquisition:accommodation:Yogyakarta · zone=borobudur · spawning
[2026-08-23T09:36:27.559Z] tick · social:cron-tick · fetching GET http://localhost:3008/api/cron/comms-social-worker
[2026-08-23T09:36:27.780Z] tick · social:cron-tick · status=200 · OK
[2026-08-23T09:36:40.606Z] tick · acquisition:food:Yogyakarta · exit=0 signal=- · OK
[2026-08-23T09:36:43.609Z] tick · acquisition:food:Yogyakarta · zone=bantul-south · spawning
[2026-08-23T09:36:55.459Z] tick · acquisition:accommodation:Yogyakarta · exit=0 signal=- · OK
[2026-08-23T09:36:58.461Z] tick · acquisition:accommodation:Yogyakarta · zone=yogya-wider · spawning
[2026-08-23T09:37:13.938Z] tick · acquisition:food:Yogyakarta · exit=0 signal=- · OK
[2026-08-23T09:37:16.954Z] tick · acquisition:food:Yogyakarta · zone=klaten-east · spawning
[2026-08-23T09:37:27.298Z] tick · cle:conversation · spawning
[2026-08-23T09:37:27.373Z] tick · promotion:food:Yogyakarta:quality-check · spawning
[2026-08-23T09:37:27.454Z] tick · brain:cron-tick · fetching GET http://localhost:3008/api/nex/brain/cron-tick
[2026-08-23T09:37:27.568Z] tick · social:cron-tick · fetching GET http://localhost:3008/api/cron/comms-social-worker
[2026-08-23T09:37:27.615Z] tick · cle:conversation · exit=0 signal=- · OK
[2026-08-23T09:37:27.657Z] tick · social:cron-tick · status=200 · OK
[2026-08-23T09:37:27.733Z] tick · brain:cron-tick · status=200 · OK
[2026-08-23T09:37:27.806Z] tick · promotion:food:Yogyakarta:quality-check · exit=0 signal=- · OK
[2026-08-23T09:37:28.798Z] tick · acquisition:accommodation:Yogyakarta · exit=0 signal=- · OK
[2026-08-23T09:37:31.808Z] tick · acquisition:accommodation:Yogyakarta · zone=malioboro · spawning
[2026-08-23T09:37:47.275Z] tick · acquisition:food:Yogyakarta · exit=0 signal=- · OK
[2026-08-23T09:37:50.284Z] tick · acquisition:food:Yogyakarta · zone=gamping-west · spawning
[2026-08-23T09:38:02.166Z] tick · acquisition:accommodation:Yogyakarta · exit=0 signal=- · OK
[2026-08-23T09:38:05.179Z] tick · acquisition:accommodation:Yogyakarta · zone=prawirotaman · spawning
[2026-08-23T09:38:20.754Z] tick · acquisition:food:Yogyakarta · exit=0 signal=- · OK
[2026-08-23T09:38:23.755Z] tick · acquisition:food:Yogyakarta · zone=prambanan · spawning
[2026-08-23T09:38:27.575Z] tick · social:cron-tick · fetching GET http://localhost:3008/api/cron/comms-social-worker
[2026-08-23T09:38:27.670Z] tick · social:cron-tick · status=200 · OK
[2026-08-23T09:38:35.461Z] tick · acquisition:accommodation:Yogyakarta · exit=0 signal=- · OK
[2026-08-23T09:38:38.467Z] tick · acquisition:accommodation:Yogyakarta · zone=kaliurang · spawning
[2026-08-23T09:39:02.303Z] tick · acquisition:food:Yogyakarta · exit=0 signal=- · OK
[2026-08-23T09:39:05.318Z] tick · acquisition:food:Yogyakarta · zone=sleman-north · spawning
[2026-08-23T09:39:08.768Z] tick · acquisition:accommodation:Yogyakarta · exit=0 signal=- · OK
[2026-08-23T09:39:11.780Z] tick · acquisition:accommodation:Yogyakarta · zone=borobudur · spawning
[2026-08-23T09:39:27.581Z] tick · social:cron-tick · fetching GET http://localhost:3008/api/cron/comms-social-worker
[2026-08-23T09:39:27.684Z] tick · social:cron-tick · status=200 · OK
[2026-08-23T09:39:39.829Z] tick · acquisition:food:Yogyakarta · exit=0 signal=- · OK
[2026-08-23T09:39:42.225Z] tick · acquisition:accommodation:Yogyakarta · exit=0 signal=- · OK
[2026-08-23T09:39:42.842Z] tick · acquisition:food:Yogyakarta · zone=bantul-south · spawning
[2026-08-23T09:39:45.240Z] tick · acquisition:accommodation:Yogyakarta · zone=yogya-wider · spawning
[2026-08-23T09:40:13.379Z] tick · acquisition:food:Yogyakarta · exit=0 signal=- · OK
[2026-08-23T09:40:15.906Z] tick · acquisition:accommodation:Yogyakarta · exit=0 signal=- · OK
[2026-08-23T09:40:16.383Z] tick · acquisition:food:Yogyakarta · zone=klaten-east · spawning
[2026-08-23T09:40:18.913Z] tick · acquisition:accommodation:Yogyakarta · zone=malioboro · spawning
[2026-08-23T09:40:27.456Z] tick · brain:cron-tick · fetching GET http://localhost:3008/api/nex/brain/cron-tick
[2026-08-23T09:40:27.583Z] tick · social:cron-tick · fetching GET http://localhost:3008/api/cron/comms-social-worker
[2026-08-23T09:40:28.072Z] tick · social:cron-tick · status=200 · OK
[2026-08-23T09:40:28.759Z] tick · brain:cron-tick · status=200 · OK
[2026-08-23T09:40:46.961Z] tick · acquisition:food:Yogyakarta · exit=0 signal=- · OK
[2026-08-23T09:40:49.384Z] tick · acquisition:accommodation:Yogyakarta · exit=0 signal=- · OK
[2026-08-23T09:40:49.975Z] tick · acquisition:food:Yogyakarta · zone=gamping-west · spawning
[2026-08-23T09:40:52.387Z] tick · acquisition:accommodation:Yogyakarta · zone=prawirotaman · spawning
[2026-08-23T09:41:20.712Z] tick · acquisition:food:Yogyakarta · exit=0 signal=- · OK
[2026-08-23T09:41:22.893Z] tick · acquisition:accommodation:Yogyakarta · exit=0 signal=- · OK
[2026-08-23T09:41:23.717Z] tick · acquisition:food:Yogyakarta · zone=prambanan · spawning
[2026-08-23T09:41:25.897Z] tick · acquisition:accommodation:Yogyakarta · zone=kaliurang · spawning
[2026-08-23T09:41:27.594Z] tick · social:cron-tick · fetching GET http://localhost:3008/api/cron/comms-social-worker
[2026-08-23T09:41:27.777Z] tick · social:cron-tick · status=200 · OK
[2026-08-23T09:41:56.201Z] tick · acquisition:accommodation:Yogyakarta · exit=0 signal=- · OK
[2026-08-23T09:41:59.203Z] tick · acquisition:accommodation:Yogyakarta · zone=borobudur · spawning
[2026-08-23T09:41:59.857Z] tick · acquisition:food:Yogyakarta · exit=0 signal=- · OK
[2026-08-23T09:42:02.865Z] tick · acquisition:food:Yogyakarta · zone=sleman-north · spawning
[2026-08-23T09:42:27.600Z] tick · social:cron-tick · fetching GET http://localhost:3008/api/cron/comms-social-worker
[2026-08-23T09:42:27.936Z] tick · social:cron-tick · status=200 · OK
[2026-08-23T09:42:29.502Z] tick · acquisition:accommodation:Yogyakarta · exit=0 signal=- · OK
[2026-08-23T09:42:32.508Z] tick · acquisition:accommodation:Yogyakarta · zone=yogya-wider · spawning
[2026-08-23T09:42:37.423Z] tick · acquisition:food:Yogyakarta · exit=0 signal=- · OK
[2026-08-23T09:42:40.431Z] tick · acquisition:food:Yogyakarta · zone=bantul-south · spawning
[2026-08-23T09:43:02.812Z] tick · acquisition:accommodation:Yogyakarta · exit=0 signal=- · OK
[2026-08-23T09:43:05.813Z] tick · acquisition:accommodation:Yogyakarta · zone=malioboro · spawning
[2026-08-23T09:43:10.721Z] tick · acquisition:food:Yogyakarta · exit=0 signal=- · OK
[2026-08-23T09:43:13.722Z] tick · acquisition:food:Yogyakarta · zone=klaten-east · spawning
[2026-08-23T09:43:27.460Z] tick · brain:cron-tick · fetching GET http://localhost:3008/api/nex/brain/cron-tick
[2026-08-23T09:43:27.603Z] tick · social:cron-tick · fetching GET http://localhost:3008/api/cron/comms-social-worker
[2026-08-23T09:43:27.911Z] tick · social:cron-tick · status=200 · OK
[2026-08-23T09:43:28.067Z] tick · brain:cron-tick · status=200 · OK
[2026-08-23T09:43:36.097Z] tick · acquisition:accommodation:Yogyakarta · exit=0 signal=- · OK
[2026-08-23T09:43:39.099Z] tick · acquisition:accommodation:Yogyakarta · zone=prawirotaman · spawning
[2026-08-23T09:43:44.043Z] tick · acquisition:food:Yogyakarta · exit=0 signal=- · OK
[2026-08-23T09:43:47.050Z] tick · acquisition:food:Yogyakarta · zone=gamping-west · spawning
[2026-08-23T09:44:09.398Z] tick · acquisition:accommodation:Yogyakarta · exit=0 signal=- · OK
[2026-08-23T09:44:12.410Z] tick · acquisition:accommodation:Yogyakarta · zone=kaliurang · spawning
[2026-08-23T09:44:17.357Z] tick · acquisition:food:Yogyakarta · exit=0 signal=- · OK
[2026-08-23T09:44:20.360Z] tick · acquisition:food:Yogyakarta · zone=prambanan · spawning
[2026-08-23T09:44:27.604Z] tick · social:cron-tick · fetching GET http://localhost:3008/api/cron/comms-social-worker
[2026-08-23T09:44:27.828Z] tick · social:cron-tick · status=200 · OK
[2026-08-23T09:44:42.698Z] tick · acquisition:accommodation:Yogyakarta · exit=0 signal=- · OK
[2026-08-23T09:44:45.700Z] tick · acquisition:accommodation:Yogyakarta · zone=borobudur · spawning
[2026-08-23T09:44:58.029Z] tick · acquisition:food:Yogyakarta · exit=0 signal=- · OK
[2026-08-23T09:45:01.031Z] tick · acquisition:food:Yogyakarta · zone=sleman-north · spawning
[2026-08-23T09:45:15.979Z] tick · acquisition:accommodation:Yogyakarta · exit=0 signal=- · OK
[2026-08-23T09:45:18.980Z] tick · acquisition:accommodation:Yogyakarta · zone=yogya-wider · spawning
[2026-08-23T09:45:27.609Z] tick · social:cron-tick · fetching GET http://localhost:3008/api/cron/comms-social-worker
[2026-08-23T09:45:27.848Z] tick · social:cron-tick · status=200 · OK
[2026-08-23T09:45:35.392Z] tick · acquisition:food:Yogyakarta · exit=0 signal=- · OK
[2026-08-23T09:45:38.395Z] tick · acquisition:food:Yogyakarta · zone=bantul-south · spawning
[2026-08-23T09:45:49.319Z] tick · acquisition:accommodation:Yogyakarta · exit=0 signal=- · OK
[2026-08-23T09:45:52.326Z] tick · acquisition:accommodation:Yogyakarta · zone=malioboro · spawning
[2026-08-23T09:46:08.809Z] tick · acquisition:food:Yogyakarta · exit=0 signal=- · OK
[2026-08-23T09:46:11.817Z] tick · acquisition:food:Yogyakarta · zone=klaten-east · spawning
[2026-08-23T09:46:22.628Z] tick · acquisition:accommodation:Yogyakarta · exit=0 signal=- · OK
[2026-08-23T09:46:25.633Z] tick · acquisition:accommodation:Yogyakarta · zone=prawirotaman · spawning
[2026-08-23T09:46:27.470Z] tick · brain:cron-tick · fetching GET http://localhost:3008/api/nex/brain/cron-tick
[2026-08-23T09:46:27.610Z] tick · social:cron-tick · fetching GET http://localhost:3008/api/cron/comms-social-worker
[2026-08-23T09:46:27.815Z] tick · social:cron-tick · status=200 · OK
[2026-08-23T09:46:28.060Z] tick · brain:cron-tick · status=200 · OK
[2026-08-23T09:46:42.126Z] tick · acquisition:food:Yogyakarta · exit=0 signal=- · OK
[2026-08-23T09:46:45.133Z] tick · acquisition:food:Yogyakarta · zone=gamping-west · spawning
[2026-08-23T09:46:56.012Z] tick · acquisition:accommodation:Yogyakarta · exit=0 signal=- · OK
[2026-08-23T09:46:59.016Z] tick · acquisition:accommodation:Yogyakarta · zone=kaliurang · spawning
[2026-08-23T09:47:15.499Z] tick · acquisition:food:Yogyakarta · exit=0 signal=- · OK
[2026-08-23T09:47:18.500Z] tick · acquisition:food:Yogyakarta · zone=prambanan · spawning
[2026-08-23T09:47:27.300Z] tick · cle:conversation · spawning
[2026-08-23T09:47:27.613Z] tick · social:cron-tick · fetching GET http://localhost:3008/api/cron/comms-social-worker
[2026-08-23T09:47:27.687Z] tick · cle:conversation · exit=0 signal=- · OK
[2026-08-23T09:47:27.813Z] tick · social:cron-tick · status=200 · OK
[2026-08-23T09:47:29.380Z] tick · acquisition:accommodation:Yogyakarta · exit=0 signal=- · OK
[2026-08-23T09:47:32.383Z] tick · acquisition:accommodation:Yogyakarta · zone=borobudur · spawning
[2026-08-23T09:47:53.171Z] tick · acquisition:food:Yogyakarta · exit=0 signal=- · OK
[2026-08-23T09:47:56.172Z] tick · acquisition:food:Yogyakarta · zone=sleman-north · spawning
[2026-08-23T09:48:02.749Z] tick · acquisition:accommodation:Yogyakarta · exit=0 signal=- · OK
[2026-08-23T09:48:05.761Z] tick · acquisition:accommodation:Yogyakarta · zone=yogya-wider · spawning
[2026-08-23T09:59:40.683Z] tick · social:cron-tick · fetching GET http://localhost:3008/api/cron/comms-social-worker
[2026-08-23T09:59:40.685Z] tick · brain:cron-tick · fetching GET http://localhost:3008/api/nex/brain/cron-tick
[2026-08-23T09:59:40.716Z] tick · cle:conversation · spawning
[2026-08-23T09:59:40.827Z] tick · acquisition:accommodation:Yogyakarta · exit=0 signal=- · OK
[2026-08-23T09:59:40.829Z] tick · acquisition:food:Yogyakarta · exit=0 signal=- · OK
[2026-08-23T09:59:41.328Z] tick · cle:conversation · exit=0 signal=- · OK
[2026-08-23T09:59:41.667Z] tick · social:cron-tick · status=200 · OK
[2026-08-23T09:59:41.825Z] tick · brain:cron-tick · status=200 · OK
[2026-08-23T09:59:43.835Z] tick · acquisition:accommodation:Yogyakarta · zone=malioboro · spawning
[2026-08-23T09:59:43.846Z] tick · acquisition:food:Yogyakarta · zone=bantul-south · spawning
[2026-08-23T10:00:14.322Z] tick · acquisition:accommodation:Yogyakarta · exit=0 signal=- · OK
[2026-08-23T10:00:14.444Z] tick · acquisition:food:Yogyakarta · exit=0 signal=- · OK
[2026-08-23T10:00:17.325Z] tick · acquisition:accommodation:Yogyakarta · zone=prawirotaman · spawning
[2026-08-23T10:00:17.447Z] tick · acquisition:food:Yogyakarta · zone=klaten-east · spawning
[2026-08-23T10:00:40.686Z] tick · social:cron-tick · fetching GET http://localhost:3008/api/cron/comms-social-worker
[2026-08-23T10:00:43.015Z] tick · social:cron-tick · status=200 · OK
[2026-08-23T10:00:47.712Z] tick · acquisition:accommodation:Yogyakarta · exit=0 signal=- · OK
[2026-08-23T10:00:47.846Z] tick · acquisition:food:Yogyakarta · exit=0 signal=- · OK
[2026-08-23T10:00:50.724Z] tick · acquisition:accommodation:Yogyakarta · zone=kaliurang · spawning
[2026-08-23T10:00:50.850Z] tick · acquisition:food:Yogyakarta · zone=gamping-west · spawning
[2026-08-23T10:01:21.234Z] tick · acquisition:accommodation:Yogyakarta · exit=0 signal=- · OK
[2026-08-23T10:01:21.251Z] tick · acquisition:food:Yogyakarta · exit=0 signal=- · OK
[2026-08-23T10:01:24.236Z] tick · acquisition:accommodation:Yogyakarta · zone=borobudur · spawning
[2026-08-23T10:01:24.277Z] tick · acquisition:food:Yogyakarta · zone=prambanan · spawning
[2026-08-23T10:01:40.691Z] tick · social:cron-tick · fetching GET http://localhost:3008/api/cron/comms-social-worker
[2026-08-23T10:01:40.936Z] tick · social:cron-tick · status=200 · OK
[2026-08-23T10:01:54.594Z] tick · acquisition:accommodation:Yogyakarta · exit=0 signal=- · OK
[2026-08-23T10:01:57.595Z] tick · acquisition:accommodation:Yogyakarta · zone=yogya-wider · spawning
[2026-08-23T10:02:10.362Z] tick · acquisition:food:Yogyakarta · exit=0 signal=- · OK
[2026-08-23T10:02:13.363Z] tick · acquisition:food:Yogyakarta · zone=sleman-north · spawning
[2026-08-23T10:02:27.972Z] tick · acquisition:accommodation:Yogyakarta · exit=0 signal=- · OK
[2026-08-23T10:02:30.976Z] tick · acquisition:accommodation:Yogyakarta · zone=malioboro · spawning
[2026-08-23T10:02:40.689Z] tick · brain:cron-tick · fetching GET http://localhost:3008/api/nex/brain/cron-tick
[2026-08-23T10:02:40.691Z] tick · social:cron-tick · fetching GET http://localhost:3008/api/cron/comms-social-worker
[2026-08-23T10:02:40.916Z] tick · social:cron-tick · status=200 · OK
[2026-08-23T10:02:41.111Z] tick · brain:cron-tick · status=200 · OK
[2026-08-23T10:02:49.647Z] tick · acquisition:food:Yogyakarta · exit=0 signal=- · OK
[2026-08-23T10:02:52.648Z] tick · acquisition:food:Yogyakarta · zone=bantul-south · spawning
[2026-08-23T10:03:01.280Z] tick · acquisition:accommodation:Yogyakarta · exit=0 signal=- · OK
[2026-08-23T10:03:04.287Z] tick · acquisition:accommodation:Yogyakarta · zone=prawirotaman · spawning
[2026-08-23T10:03:22.992Z] tick · acquisition:food:Yogyakarta · exit=0 signal=- · OK
[2026-08-23T10:03:25.994Z] tick · acquisition:food:Yogyakarta · zone=klaten-east · spawning
[2026-08-23T10:03:34.624Z] tick · acquisition:accommodation:Yogyakarta · exit=0 signal=- · OK
[2026-08-23T10:03:37.633Z] tick · acquisition:accommodation:Yogyakarta · zone=kaliurang · spawning
[2026-08-23T10:03:40.694Z] tick · social:cron-tick · fetching GET http://localhost:3008/api/cron/comms-social-worker
[2026-08-23T10:03:40.863Z] tick · social:cron-tick · status=200 · OK
[2026-08-23T10:03:56.386Z] tick · acquisition:food:Yogyakarta · exit=0 signal=- · OK
[2026-08-23T10:03:59.393Z] tick · acquisition:food:Yogyakarta · zone=gamping-west · spawning
[2026-08-23T10:04:07.943Z] tick · acquisition:accommodation:Yogyakarta · exit=0 signal=- · OK
[2026-08-23T10:04:10.948Z] tick · acquisition:accommodation:Yogyakarta · zone=borobudur · spawning
[2026-08-23T10:04:29.718Z] tick · acquisition:food:Yogyakarta · exit=0 signal=- · OK
[2026-08-23T10:04:32.723Z] tick · acquisition:food:Yogyakarta · zone=prambanan · spawning
[2026-08-23T10:04:40.696Z] tick · social:cron-tick · fetching GET http://localhost:3008/api/cron/comms-social-worker
[2026-08-23T10:04:40.822Z] tick · social:cron-tick · status=200 · OK
[2026-08-23T10:04:41.345Z] tick · acquisition:accommodation:Yogyakarta · exit=0 signal=- · OK
[2026-08-23T10:04:44.356Z] tick · acquisition:accommodation:Yogyakarta · zone=yogya-wider · spawning
[2026-08-23T10:05:09.309Z] tick · acquisition:food:Yogyakarta · exit=0 signal=- · OK
[2026-08-23T10:05:12.322Z] tick · acquisition:food:Yogyakarta · zone=sleman-north · spawning
[2026-08-23T10:05:14.696Z] tick · acquisition:accommodation:Yogyakarta · exit=0 signal=- · OK
[2026-08-23T10:05:17.699Z] tick · acquisition:accommodation:Yogyakarta · zone=malioboro · spawning
[2026-08-23T10:05:40.694Z] tick · brain:cron-tick · fetching GET http://localhost:3008/api/nex/brain/cron-tick
[2026-08-23T10:05:40.694Z] tick · social:cron-tick · fetching GET http://localhost:3008/api/cron/comms-social-worker
[2026-08-23T10:05:40.946Z] tick · social:cron-tick · status=200 · OK
[2026-08-23T10:05:41.107Z] tick · brain:cron-tick · status=200 · OK
[2026-08-23T10:05:46.253Z] tick · acquisition:food:Yogyakarta · exit=0 signal=- · OK
[2026-08-23T10:05:48.157Z] tick · acquisition:accommodation:Yogyakarta · exit=0 signal=- · OK
[2026-08-23T10:05:49.259Z] tick · acquisition:food:Yogyakarta · zone=bantul-south · spawning
[2026-08-23T10:05:51.165Z] tick · acquisition:accommodation:Yogyakarta · zone=prawirotaman · spawning
[2026-08-23T10:06:19.607Z] tick · acquisition:food:Yogyakarta · exit=0 signal=- · OK
[2026-08-23T10:06:21.478Z] tick · acquisition:accommodation:Yogyakarta · exit=0 signal=- · OK
[2026-08-23T10:06:22.607Z] tick · acquisition:food:Yogyakarta · zone=klaten-east · spawning
[2026-08-23T10:06:24.484Z] tick · acquisition:accommodation:Yogyakarta · zone=kaliurang · spawning
[2026-08-23T10:06:40.699Z] tick · social:cron-tick · fetching GET http://localhost:3008/api/cron/comms-social-worker
[2026-08-23T10:06:40.854Z] tick · social:cron-tick · status=200 · OK
[2026-08-23T10:06:53.007Z] tick · acquisition:food:Yogyakarta · exit=0 signal=- · OK
[2026-08-23T10:06:54.816Z] tick · acquisition:accommodation:Yogyakarta · exit=0 signal=- · OK
[2026-08-23T10:06:56.018Z] tick · acquisition:food:Yogyakarta · zone=gamping-west · spawning
[2026-08-23T10:06:57.817Z] tick · acquisition:accommodation:Yogyakarta · zone=borobudur · spawning
[2026-08-23T10:07:26.372Z] tick · acquisition:food:Yogyakarta · exit=0 signal=- · OK
[2026-08-23T10:07:27.382Z] tick · promotion:food:Yogyakarta:quality-check · spawning
[2026-08-23T10:07:27.822Z] tick · promotion:food:Yogyakarta:quality-check · exit=0 signal=- · OK
[2026-08-23T10:07:28.124Z] tick · acquisition:accommodation:Yogyakarta · exit=0 signal=- · OK
[2026-08-23T10:07:29.377Z] tick · acquisition:food:Yogyakarta · zone=prambanan · spawning
[2026-08-23T10:07:31.130Z] tick · acquisition:accommodation:Yogyakarta · zone=yogya-wider · spawning
[2026-08-23T10:07:40.708Z] tick · social:cron-tick · fetching GET http://localhost:3008/api/cron/comms-social-worker
[2026-08-23T10:07:41.003Z] tick · social:cron-tick · status=200 · OK
[2026-08-23T10:08:01.488Z] tick · acquisition:accommodation:Yogyakarta · exit=0 signal=- · OK
[2026-08-23T10:08:04.489Z] tick · acquisition:accommodation:Yogyakarta · zone=malioboro · spawning
[2026-08-23T10:08:08.889Z] tick · acquisition:food:Yogyakarta · exit=0 signal=- · OK
[2026-08-23T10:08:11.892Z] tick · acquisition:food:Yogyakarta · zone=sleman-north · spawning
[2026-08-23T10:08:34.852Z] tick · acquisition:accommodation:Yogyakarta · exit=0 signal=- · OK
[2026-08-23T10:08:37.852Z] tick · acquisition:accommodation:Yogyakarta · zone=prawirotaman · spawning
[2026-08-23T10:08:40.696Z] tick · brain:cron-tick · fetching GET http://localhost:3008/api/nex/brain/cron-tick
[2026-08-23T10:08:40.716Z] tick · social:cron-tick · fetching GET http://localhost:3008/api/cron/comms-social-worker
[2026-08-23T10:08:41.248Z] tick · social:cron-tick · status=200 · OK
[2026-08-23T10:08:41.544Z] tick · brain:cron-tick · status=200 · OK
[2026-08-23T10:08:47.740Z] tick · acquisition:food:Yogyakarta · exit=0 signal=- · OK
[2026-08-23T10:08:50.751Z] tick · acquisition:food:Yogyakarta · zone=bantul-south · spawning
[2026-08-23T10:09:08.201Z] tick · acquisition:accommodation:Yogyakarta · exit=0 signal=- · OK
[2026-08-23T10:09:11.215Z] tick · acquisition:accommodation:Yogyakarta · zone=kaliurang · spawning
[2026-08-23T10:09:21.145Z] tick · acquisition:food:Yogyakarta · exit=0 signal=- · OK
[2026-08-23T10:09:24.147Z] tick · acquisition:food:Yogyakarta · zone=klaten-east · spawning
[2026-08-23T10:09:40.730Z] tick · cle:conversation · spawning
[2026-08-23T10:09:40.742Z] tick · social:cron-tick · fetching GET http://localhost:3008/api/cron/comms-social-worker
[2026-08-23T10:09:40.898Z] tick · social:cron-tick · status=200 · OK
[2026-08-23T10:09:41.003Z] tick · cle:conversation · exit=0 signal=- · OK
[2026-08-23T10:09:41.578Z] tick · acquisition:accommodation:Yogyakarta · exit=0 signal=- · OK
[2026-08-23T10:09:44.600Z] tick · acquisition:accommodation:Yogyakarta · zone=borobudur · spawning
[2026-08-23T10:09:54.494Z] tick · acquisition:food:Yogyakarta · exit=0 signal=- · OK
[2026-08-23T10:09:57.498Z] tick · acquisition:food:Yogyakarta · zone=gamping-west · spawning
[2026-08-23T10:10:14.856Z] tick · acquisition:accommodation:Yogyakarta · exit=0 signal=- · OK
[2026-08-23T10:10:17.860Z] tick · acquisition:accommodation:Yogyakarta · zone=yogya-wider · spawning
[2026-08-23T10:10:27.811Z] tick · acquisition:food:Yogyakarta · exit=0 signal=- · OK
[2026-08-23T10:10:30.822Z] tick · acquisition:food:Yogyakarta · zone=prambanan · spawning
[2026-08-23T10:10:40.754Z] tick · social:cron-tick · fetching GET http://localhost:3008/api/cron/comms-social-worker
[2026-08-23T10:10:41.062Z] tick · social:cron-tick · status=200 · OK
[2026-08-23T10:10:48.286Z] tick · acquisition:accommodation:Yogyakarta · exit=0 signal=- · OK
[2026-08-23T10:10:51.289Z] tick · acquisition:accommodation:Yogyakarta · zone=malioboro · spawning
[2026-08-23T10:11:04.611Z] tick · acquisition:food:Yogyakarta · exit=0 signal=- · OK
[2026-08-23T10:11:07.610Z] tick · acquisition:food:Yogyakarta · zone=sleman-north · spawning
[2026-08-23T10:11:21.662Z] tick · acquisition:accommodation:Yogyakarta · exit=0 signal=- · OK
[2026-08-23T10:11:24.669Z] tick · acquisition:accommodation:Yogyakarta · zone=prawirotaman · spawning
[2026-08-23T10:11:40.706Z] tick · brain:cron-tick · fetching GET http://localhost:3008/api/nex/brain/cron-tick
[2026-08-23T10:11:40.766Z] tick · social:cron-tick · fetching GET http://localhost:3008/api/cron/comms-social-worker
[2026-08-23T10:11:41.131Z] tick · social:cron-tick · status=200 · OK
[2026-08-23T10:11:41.258Z] tick · brain:cron-tick · status=200 · OK
[2026-08-23T10:11:46.232Z] tick · acquisition:food:Yogyakarta · exit=0 signal=- · OK
[2026-08-23T10:11:49.235Z] tick · acquisition:food:Yogyakarta · zone=bantul-south · spawning
[2026-08-23T10:11:55.013Z] tick · acquisition:accommodation:Yogyakarta · exit=0 signal=- · OK
[2026-08-23T10:11:58.019Z] tick · acquisition:accommodation:Yogyakarta · zone=kaliurang · spawning
[2026-08-23T10:12:19.599Z] tick · acquisition:food:Yogyakarta · exit=0 signal=- · OK
[2026-08-23T10:12:22.604Z] tick · acquisition:food:Yogyakarta · zone=klaten-east · spawning
[2026-08-23T10:12:28.425Z] tick · acquisition:accommodation:Yogyakarta · exit=0 signal=- · OK
[2026-08-23T10:12:31.433Z] tick · acquisition:accommodation:Yogyakarta · zone=borobudur · spawning
[2026-08-23T10:12:40.775Z] tick · social:cron-tick · fetching GET http://localhost:3008/api/cron/comms-social-worker
[2026-08-23T10:12:40.947Z] tick · social:cron-tick · status=200 · OK
[2026-08-23T10:12:52.923Z] tick · acquisition:food:Yogyakarta · exit=0 signal=- · OK
[2026-08-23T10:12:55.928Z] tick · acquisition:food:Yogyakarta · zone=gamping-west · spawning
[2026-08-23T10:13:01.732Z] tick · acquisition:accommodation:Yogyakarta · exit=0 signal=- · OK
[2026-08-23T10:13:04.746Z] tick · acquisition:accommodation:Yogyakarta · zone=yogya-wider · spawning
[2026-08-23T10:13:26.256Z] tick · acquisition:food:Yogyakarta · exit=0 signal=- · OK
[2026-08-23T10:13:29.269Z] tick · acquisition:food:Yogyakarta · zone=prambanan · spawning
[2026-08-23T10:13:35.050Z] tick · acquisition:accommodation:Yogyakarta · exit=0 signal=- · OK
[2026-08-23T10:13:38.056Z] tick · acquisition:accommodation:Yogyakarta · zone=malioboro · spawning
[2026-08-23T10:13:40.783Z] tick · social:cron-tick · fetching GET http://localhost:3008/api/cron/comms-social-worker
[2026-08-23T10:13:40.983Z] tick · social:cron-tick · status=200 · OK
[2026-08-23T10:14:06.261Z] tick · acquisition:food:Yogyakarta · exit=0 signal=- · OK
[2026-08-23T10:14:08.388Z] tick · acquisition:accommodation:Yogyakarta · exit=0 signal=- · OK
[2026-08-23T10:14:09.267Z] tick · acquisition:food:Yogyakarta · zone=sleman-north · spawning
[2026-08-23T10:14:11.398Z] tick · acquisition:accommodation:Yogyakarta · zone=prawirotaman · spawning
[2026-08-23T10:14:40.709Z] tick · brain:cron-tick · fetching GET http://localhost:3008/api/nex/brain/cron-tick
[2026-08-23T10:14:40.785Z] tick · social:cron-tick · fetching GET http://localhost:3008/api/cron/comms-social-worker
[2026-08-23T10:14:41.019Z] tick · social:cron-tick · status=200 · OK
[2026-08-23T10:14:41.149Z] tick · brain:cron-tick · status=200 · OK
[2026-08-23T10:14:41.677Z] tick · acquisition:accommodation:Yogyakarta · exit=0 signal=- · OK
[2026-08-23T10:14:43.946Z] tick · acquisition:food:Yogyakarta · exit=0 signal=- · OK
[2026-08-23T10:14:44.684Z] tick · acquisition:accommodation:Yogyakarta · zone=kaliurang · spawning
[2026-08-23T10:14:46.952Z] tick · acquisition:food:Yogyakarta · zone=bantul-south · spawning
[2026-08-23T10:15:14.964Z] tick · acquisition:accommodation:Yogyakarta · exit=0 signal=- · OK
[2026-08-23T10:15:17.251Z] tick · acquisition:food:Yogyakarta · exit=0 signal=- · OK
[2026-08-23T10:15:17.972Z] tick · acquisition:accommodation:Yogyakarta · zone=borobudur · spawning
[2026-08-23T10:15:20.255Z] tick · acquisition:food:Yogyakarta · zone=klaten-east · spawning
[2026-08-23T10:15:40.791Z] tick · social:cron-tick · fetching GET http://localhost:3008/api/cron/comms-social-worker
[2026-08-23T10:15:41.096Z] tick · social:cron-tick · status=200 · OK
[2026-08-23T10:15:48.261Z] tick · acquisition:accommodation:Yogyakarta · exit=0 signal=- · OK
[2026-08-23T10:15:50.594Z] tick · acquisition:food:Yogyakarta · exit=0 signal=- · OK
[2026-08-23T10:15:51.261Z] tick · acquisition:accommodation:Yogyakarta · zone=yogya-wider · spawning
[2026-08-23T10:15:53.595Z] tick · acquisition:food:Yogyakarta · zone=gamping-west · spawning
[2026-08-23T10:16:21.631Z] tick · acquisition:accommodation:Yogyakarta · exit=0 signal=- · OK
[2026-08-23T10:16:23.920Z] tick · acquisition:food:Yogyakarta · exit=0 signal=- · OK
[2026-08-23T10:16:24.634Z] tick · acquisition:accommodation:Yogyakarta · zone=malioboro · spawning
[2026-08-23T10:16:26.932Z] tick · acquisition:food:Yogyakarta · zone=prambanan · spawning
[2026-08-23T10:16:40.796Z] tick · social:cron-tick · fetching GET http://localhost:3008/api/cron/comms-social-worker
[2026-08-23T10:16:41.088Z] tick · social:cron-tick · status=200 · OK
[2026-08-23T10:16:55.016Z] tick · acquisition:accommodation:Yogyakarta · exit=0 signal=- · OK
[2026-08-23T10:16:58.025Z] tick · acquisition:accommodation:Yogyakarta · zone=prawirotaman · spawning
[2026-08-23T10:17:15.820Z] tick · acquisition:food:Yogyakarta · exit=0 signal=- · OK
[2026-08-23T10:17:18.835Z] tick · acquisition:food:Yogyakarta · zone=sleman-north · spawning
[2026-08-23T10:17:28.447Z] tick · acquisition:accommodation:Yogyakarta · exit=0 signal=- · OK
[2026-08-23T10:17:31.462Z] tick · acquisition:accommodation:Yogyakarta · zone=kaliurang · spawning
[2026-08-23T10:17:40.712Z] tick · brain:cron-tick · fetching GET http://localhost:3008/api/nex/brain/cron-tick
[2026-08-23T10:17:40.810Z] tick · social:cron-tick · fetching GET http://localhost:3008/api/cron/comms-social-worker
[2026-08-23T10:17:40.972Z] tick · social:cron-tick · status=200 · OK
[2026-08-23T10:17:41.044Z] tick · brain:cron-tick · status=200 · OK
[2026-08-23T10:17:53.231Z] tick · acquisition:food:Yogyakarta · exit=0 signal=- · OK
[2026-08-23T10:17:56.234Z] tick · acquisition:food:Yogyakarta · zone=bantul-south · spawning
[2026-08-23T10:18:01.739Z] tick · acquisition:accommodation:Yogyakarta · exit=0 signal=- · OK
[2026-08-23T10:18:04.751Z] tick · acquisition:accommodation:Yogyakarta · zone=borobudur · spawning
[2026-08-23T10:18:26.540Z] tick · acquisition:food:Yogyakarta · exit=0 signal=- · OK
[2026-08-23T10:18:29.544Z] tick · acquisition:food:Yogyakarta · zone=klaten-east · spawning
[2026-08-23T10:18:35.010Z] tick · acquisition:accommodation:Yogyakarta · exit=0 signal=- · OK
[2026-08-23T10:18:38.022Z] tick · acquisition:accommodation:Yogyakarta · zone=yogya-wider · spawning
[2026-08-23T10:18:42.210Z] tick · social:cron-tick · fetching GET http://localhost:3008/api/cron/comms-social-worker
[2026-08-23T10:18:42.363Z] tick · social:cron-tick · status=200 · OK
[2026-08-23T10:19:01.238Z] tick · acquisition:food:Yogyakarta · exit=0 signal=- · OK
[2026-08-23T10:19:04.242Z] tick · acquisition:food:Yogyakarta · zone=gamping-west · spawning
[2026-08-23T10:19:09.733Z] tick · acquisition:accommodation:Yogyakarta · exit=0 signal=- · OK
[2026-08-23T10:19:12.735Z] tick · acquisition:accommodation:Yogyakarta · zone=malioboro · spawning
[2026-08-23T10:19:34.602Z] tick · acquisition:food:Yogyakarta · exit=0 signal=- · OK
[2026-08-23T10:19:37.606Z] tick · acquisition:food:Yogyakarta · zone=prambanan · spawning
[2026-08-23T10:19:42.135Z] tick · cle:conversation · spawning
[2026-08-23T10:19:42.218Z] tick · social:cron-tick · fetching GET http://localhost:3008/api/cron/comms-social-worker
[2026-08-23T10:19:42.440Z] tick · social:cron-tick · status=200 · OK
[2026-08-23T10:19:42.539Z] tick · cle:conversation · exit=0 signal=- · OK
[2026-08-23T10:19:43.043Z] tick · acquisition:accommodation:Yogyakarta · exit=0 signal=- · OK
[2026-08-23T10:19:46.053Z] tick · acquisition:accommodation:Yogyakarta · zone=prawirotaman · spawning
[2026-08-23T10:20:16.203Z] tick · acquisition:food:Yogyakarta · exit=0 signal=- · OK
[2026-08-23T10:20:16.515Z] tick · acquisition:accommodation:Yogyakarta · exit=0 signal=- · OK
[2026-08-23T10:20:19.209Z] tick · acquisition:food:Yogyakarta · zone=sleman-north · spawning
[2026-08-23T10:20:19.520Z] tick · acquisition:accommodation:Yogyakarta · zone=kaliurang · spawning
[2026-08-23T10:20:42.113Z] tick · brain:cron-tick · fetching GET http://localhost:3008/api/nex/brain/cron-tick
[2026-08-23T10:20:42.218Z] tick · social:cron-tick · fetching GET http://localhost:3008/api/cron/comms-social-worker
[2026-08-23T10:20:44.430Z] tick · social:cron-tick · status=200 · OK
[2026-08-23T10:20:45.485Z] tick · brain:cron-tick · status=200 · OK
[2026-08-23T10:20:49.847Z] tick · acquisition:accommodation:Yogyakarta · exit=0 signal=- · OK
[2026-08-23T10:20:52.849Z] tick · acquisition:accommodation:Yogyakarta · zone=borobudur · spawning
[2026-08-23T10:20:55.153Z] tick · acquisition:food:Yogyakarta · exit=0 signal=- · OK
[2026-08-23T10:20:58.155Z] tick · acquisition:food:Yogyakarta · zone=bantul-south · spawning
[2026-08-23T10:21:23.347Z] tick · acquisition:accommodation:Yogyakarta · exit=0 signal=- · OK
[2026-08-23T10:21:26.348Z] tick · acquisition:accommodation:Yogyakarta · zone=yogya-wider · spawning
[2026-08-23T10:21:28.575Z] tick · acquisition:food:Yogyakarta · exit=0 signal=- · OK
[2026-08-23T10:21:31.579Z] tick · acquisition:food:Yogyakarta · zone=klaten-east · spawning
[2026-08-23T10:21:42.223Z] tick · social:cron-tick · fetching GET http://localhost:3008/api/cron/comms-social-worker
[2026-08-23T10:21:42.427Z] tick · social:cron-tick · status=200 · OK
[2026-08-23T10:21:56.824Z] tick · acquisition:accommodation:Yogyakarta · exit=0 signal=- · OK
[2026-08-23T10:21:59.832Z] tick · acquisition:accommodation:Yogyakarta · zone=malioboro · spawning
[2026-08-23T10:22:02.052Z] tick · acquisition:food:Yogyakarta · exit=0 signal=- · OK
[2026-08-23T10:22:05.062Z] tick · acquisition:food:Yogyakarta · zone=gamping-west · spawning
[2026-08-23T10:22:30.205Z] tick · acquisition:accommodation:Yogyakarta · exit=0 signal=- · OK
[2026-08-23T10:22:33.212Z] tick · acquisition:accommodation:Yogyakarta · zone=prawirotaman · spawning
[2026-08-23T10:22:35.420Z] tick · acquisition:food:Yogyakarta · exit=0 signal=- · OK
[2026-08-23T10:22:38.421Z] tick · acquisition:food:Yogyakarta · zone=prambanan · spawning
[2026-08-23T10:22:42.226Z] tick · social:cron-tick · fetching GET http://localhost:3008/api/cron/comms-social-worker
[2026-08-23T10:22:42.331Z] tick · social:cron-tick · status=200 · OK
[2026-08-23T10:23:03.526Z] tick · acquisition:accommodation:Yogyakarta · exit=0 signal=- · OK
[2026-08-23T10:23:06.526Z] tick · acquisition:accommodation:Yogyakarta · zone=kaliurang · spawning
[2026-08-23T10:23:16.546Z] tick · acquisition:food:Yogyakarta · exit=0 signal=- · OK
[2026-08-23T10:23:19.548Z] tick · acquisition:food:Yogyakarta · zone=sleman-north · spawning
[2026-08-23T10:23:36.892Z] tick · acquisition:accommodation:Yogyakarta · exit=0 signal=- · OK
[2026-08-23T10:23:39.905Z] tick · acquisition:accommodation:Yogyakarta · zone=borobudur · spawning
[2026-08-23T10:23:42.118Z] tick · brain:cron-tick · fetching GET http://localhost:3008/api/nex/brain/cron-tick
[2026-08-23T10:23:42.234Z] tick · social:cron-tick · fetching GET http://localhost:3008/api/cron/comms-social-worker
[2026-08-23T10:23:42.376Z] tick · social:cron-tick · status=200 · OK
[2026-08-23T10:23:42.515Z] tick · brain:cron-tick · status=200 · OK
[2026-08-23T10:23:53.133Z] tick · acquisition:food:Yogyakarta · exit=0 signal=- · OK
[2026-08-23T10:23:56.139Z] tick · acquisition:food:Yogyakarta · zone=bantul-south · spawning
[2026-08-23T10:24:10.246Z] tick · acquisition:accommodation:Yogyakarta · exit=0 signal=- · OK
[2026-08-23T10:24:13.254Z] tick · acquisition:accommodation:Yogyakarta · zone=yogya-wider · spawning
[2026-08-23T10:24:26.486Z] tick · acquisition:food:Yogyakarta · exit=0 signal=- · OK
[2026-08-23T10:24:29.498Z] tick · acquisition:food:Yogyakarta · zone=klaten-east · spawning
[2026-08-23T10:24:42.235Z] tick · social:cron-tick · fetching GET http://localhost:3008/api/cron/comms-social-worker
[2026-08-23T10:24:42.419Z] tick · social:cron-tick · status=200 · OK
[2026-08-23T10:24:43.628Z] tick · acquisition:accommodation:Yogyakarta · exit=0 signal=- · OK
[2026-08-23T10:24:46.637Z] tick · acquisition:accommodation:Yogyakarta · zone=malioboro · spawning
[2026-08-23T10:25:00.095Z] tick · acquisition:food:Yogyakarta · exit=0 signal=- · OK
[2026-08-23T10:25:03.102Z] tick · acquisition:food:Yogyakarta · zone=gamping-west · spawning
[2026-08-23T10:25:16.958Z] tick · acquisition:accommodation:Yogyakarta · exit=0 signal=- · OK
[2026-08-23T10:25:19.961Z] tick · acquisition:accommodation:Yogyakarta · zone=prawirotaman · spawning
[2026-08-23T10:25:33.594Z] tick · acquisition:food:Yogyakarta · exit=0 signal=- · OK
[2026-08-23T10:25:36.595Z] tick · acquisition:food:Yogyakarta · zone=prambanan · spawning
[2026-08-23T10:25:42.248Z] tick · social:cron-tick · fetching GET http://localhost:3008/api/cron/comms-social-worker
[2026-08-23T10:25:42.529Z] tick · social:cron-tick · status=200 · OK
[2026-08-23T10:25:50.332Z] tick · acquisition:accommodation:Yogyakarta · exit=0 signal=- · OK
[2026-08-23T10:25:53.346Z] tick · acquisition:accommodation:Yogyakarta · zone=kaliurang · spawning
[2026-08-23T10:26:16.274Z] tick · acquisition:food:Yogyakarta · exit=0 signal=- · OK
[2026-08-23T10:26:19.286Z] tick · acquisition:food:Yogyakarta · zone=sleman-north · spawning
[2026-08-23T10:26:23.696Z] tick · acquisition:accommodation:Yogyakarta · exit=0 signal=- · OK
[2026-08-23T10:26:26.702Z] tick · acquisition:accommodation:Yogyakarta · zone=borobudur · spawning
[2026-08-23T10:26:42.133Z] tick · brain:cron-tick · fetching GET http://localhost:3008/api/nex/brain/cron-tick
[2026-08-23T10:26:42.261Z] tick · social:cron-tick · fetching GET http://localhost:3008/api/cron/comms-social-worker
[2026-08-23T10:26:42.434Z] tick · social:cron-tick · status=200 · OK
[2026-08-23T10:26:42.531Z] tick · brain:cron-tick · status=200 · OK
[2026-08-23T10:26:57.094Z] tick · acquisition:accommodation:Yogyakarta · exit=0 signal=- · OK
[2026-08-23T10:26:58.384Z] tick · acquisition:food:Yogyakarta · exit=0 signal=- · OK
[2026-08-23T10:27:00.095Z] tick · acquisition:accommodation:Yogyakarta · zone=yogya-wider · spawning
[2026-08-23T10:27:01.389Z] tick · acquisition:food:Yogyakarta · zone=bantul-south · spawning
[2026-08-23T10:27:30.455Z] tick · acquisition:accommodation:Yogyakarta · exit=0 signal=- · OK
[2026-08-23T10:27:31.711Z] tick · acquisition:food:Yogyakarta · exit=0 signal=- · OK
[2026-08-23T10:27:33.467Z] tick · acquisition:accommodation:Yogyakarta · zone=malioboro · spawning
[2026-08-23T10:27:34.716Z] tick · acquisition:food:Yogyakarta · zone=klaten-east · spawning
[2026-08-23T10:27:42.272Z] tick · social:cron-tick · fetching GET http://localhost:3008/api/cron/comms-social-worker
[2026-08-23T10:27:42.424Z] tick · social:cron-tick · status=200 · OK
[2026-08-23T10:28:03.763Z] tick · acquisition:accommodation:Yogyakarta · exit=0 signal=- · OK
[2026-08-23T10:28:05.032Z] tick · acquisition:food:Yogyakarta · exit=0 signal=- · OK
[2026-08-23T10:28:06.775Z] tick · acquisition:accommodation:Yogyakarta · zone=prawirotaman · spawning
[2026-08-23T10:28:08.043Z] tick · acquisition:food:Yogyakarta · zone=gamping-west · spawning
[2026-08-23T10:28:37.126Z] tick · acquisition:accommodation:Yogyakarta · exit=0 signal=- · OK
[2026-08-23T10:28:38.431Z] tick · acquisition:food:Yogyakarta · exit=0 signal=- · OK
[2026-08-23T10:28:40.140Z] tick · acquisition:accommodation:Yogyakarta · zone=kaliurang · spawning
[2026-08-23T10:28:41.438Z] tick · acquisition:food:Yogyakarta · zone=prambanan · spawning
[2026-08-23T10:28:42.282Z] tick · social:cron-tick · fetching GET http://localhost:3008/api/cron/comms-social-worker
[2026-08-23T10:28:42.403Z] tick · social:cron-tick · status=200 · OK
[2026-08-23T10:29:10.406Z] tick · acquisition:accommodation:Yogyakarta · exit=0 signal=- · OK
[2026-08-23T10:29:13.422Z] tick · acquisition:accommodation:Yogyakarta · zone=borobudur · spawning
[2026-08-23T10:29:17.865Z] tick · acquisition:food:Yogyakarta · exit=0 signal=- · OK
[2026-08-23T10:29:20.869Z] tick · acquisition:food:Yogyakarta · zone=sleman-north · spawning
[2026-08-23T10:29:42.144Z] tick · brain:cron-tick · fetching GET http://localhost:3008/api/nex/brain/cron-tick
[2026-08-23T10:29:42.146Z] tick · cle:conversation · spawning
[2026-08-23T10:29:42.283Z] tick · social:cron-tick · fetching GET http://localhost:3008/api/cron/comms-social-worker
[2026-08-23T10:29:42.366Z] tick · social:cron-tick · status=200 · OK
[2026-08-23T10:29:42.446Z] tick · brain:cron-tick · status=200 · OK
[2026-08-23T10:29:42.495Z] tick · cle:conversation · exit=0 signal=- · OK
[2026-08-23T10:29:43.723Z] tick · acquisition:accommodation:Yogyakarta · exit=0 signal=- · OK
[2026-08-23T10:29:46.724Z] tick · acquisition:accommodation:Yogyakarta · zone=yogya-wider · spawning
[2026-08-23T10:29:55.001Z] tick · acquisition:food:Yogyakarta · exit=0 signal=- · OK
[2026-08-23T10:29:58.006Z] tick · acquisition:food:Yogyakarta · zone=bantul-south · spawning
[2026-08-23T10:30:17.101Z] tick · acquisition:accommodation:Yogyakarta · exit=0 signal=- · OK
[2026-08-23T10:30:20.102Z] tick · acquisition:accommodation:Yogyakarta · zone=malioboro · spawning
[2026-08-23T10:30:28.339Z] tick · acquisition:food:Yogyakarta · exit=0 signal=- · OK
[2026-08-23T10:30:31.340Z] tick · acquisition:food:Yogyakarta · zone=klaten-east · spawning
[2026-08-23T10:30:42.292Z] tick · social:cron-tick · fetching GET http://localhost:3008/api/cron/comms-social-worker
[2026-08-23T10:30:42.424Z] tick · social:cron-tick · status=200 · OK
[2026-08-23T10:30:50.513Z] tick · acquisition:accommodation:Yogyakarta · exit=0 signal=- · OK
[2026-08-23T10:30:53.525Z] tick · acquisition:accommodation:Yogyakarta · zone=prawirotaman · spawning
[2026-08-23T10:31:01.713Z] tick · acquisition:food:Yogyakarta · exit=0 signal=- · OK
[2026-08-23T10:31:04.716Z] tick · acquisition:food:Yogyakarta · zone=gamping-west · spawning
[2026-08-23T10:31:23.823Z] tick · acquisition:accommodation:Yogyakarta · exit=0 signal=- · OK
[2026-08-23T10:31:26.828Z] tick · acquisition:accommodation:Yogyakarta · zone=kaliurang · spawning
[2026-08-23T10:31:35.058Z] tick · acquisition:food:Yogyakarta · exit=0 signal=- · OK
[2026-08-23T10:31:38.065Z] tick · acquisition:food:Yogyakarta · zone=prambanan · spawning
[2026-08-23T10:31:42.296Z] tick · social:cron-tick · fetching GET http://localhost:3008/api/cron/comms-social-worker
[2026-08-23T10:31:42.385Z] tick · social:cron-tick · status=200 · OK
[2026-08-23T10:31:57.329Z] tick · acquisition:accommodation:Yogyakarta · exit=0 signal=- · OK
[2026-08-23T10:32:00.334Z] tick · acquisition:accommodation:Yogyakarta · zone=borobudur · spawning
[2026-08-23T10:32:16.786Z] tick · acquisition:food:Yogyakarta · exit=0 signal=- · OK
[2026-08-23T10:32:19.797Z] tick · acquisition:food:Yogyakarta · zone=sleman-north · spawning
[2026-08-23T10:32:30.699Z] tick · acquisition:accommodation:Yogyakarta · exit=0 signal=- · OK
[2026-08-23T10:32:33.701Z] tick · acquisition:accommodation:Yogyakarta · zone=yogya-wider · spawning
[2026-08-23T10:32:42.152Z] tick · brain:cron-tick · fetching GET http://localhost:3008/api/nex/brain/cron-tick
[2026-08-23T10:32:42.302Z] tick · social:cron-tick · fetching GET http://localhost:3008/api/cron/comms-social-worker
[2026-08-23T10:32:42.509Z] tick · social:cron-tick · status=200 · OK
[2026-08-23T10:32:42.609Z] tick · brain:cron-tick · status=200 · OK
[2026-08-23T10:32:56.495Z] tick · acquisition:food:Yogyakarta · exit=0 signal=- · OK
[2026-08-23T10:32:59.496Z] tick · acquisition:food:Yogyakarta · zone=bantul-south · spawning
[2026-08-23T10:33:04.107Z] tick · acquisition:accommodation:Yogyakarta · exit=0 signal=- · OK
[2026-08-23T10:33:07.117Z] tick · acquisition:accommodation:Yogyakarta · zone=malioboro · spawning
[2026-08-23T10:33:29.896Z] tick · acquisition:food:Yogyakarta · exit=0 signal=- · OK
[2026-08-23T10:33:32.899Z] tick · acquisition:food:Yogyakarta · zone=klaten-east · spawning
[2026-08-23T10:33:37.492Z] tick · acquisition:accommodation:Yogyakarta · exit=0 signal=- · OK
[2026-08-23T10:33:40.495Z] tick · acquisition:accommodation:Yogyakarta · zone=prawirotaman · spawning
[2026-08-23T10:33:42.318Z] tick · social:cron-tick · fetching GET http://localhost:3008/api/cron/comms-social-worker
[2026-08-23T10:33:42.463Z] tick · social:cron-tick · status=200 · OK
[2026-08-23T10:34:03.267Z] tick · acquisition:food:Yogyakarta · exit=0 signal=- · OK
[2026-08-23T10:34:06.268Z] tick · acquisition:food:Yogyakarta · zone=gamping-west · spawning
[2026-08-23T10:34:10.819Z] tick · acquisition:accommodation:Yogyakarta · exit=0 signal=- · OK
[2026-08-23T10:34:13.823Z] tick · acquisition:accommodation:Yogyakarta · zone=kaliurang · spawning
[2026-08-23T10:34:36.646Z] tick · acquisition:food:Yogyakarta · exit=0 signal=- · OK
[2026-08-23T10:34:39.654Z] tick · acquisition:food:Yogyakarta · zone=prambanan · spawning
[2026-08-23T10:34:42.324Z] tick · social:cron-tick · fetching GET http://localhost:3008/api/cron/comms-social-worker
[2026-08-23T10:34:43.677Z] tick · social:cron-tick · status=200 · OK
[2026-08-23T10:34:44.182Z] tick · acquisition:accommodation:Yogyakarta · exit=0 signal=- · OK
[2026-08-23T10:34:47.184Z] tick · acquisition:accommodation:Yogyakarta · zone=borobudur · spawning
[2026-08-23T10:35:14.121Z] tick · acquisition:food:Yogyakarta · exit=0 signal=- · OK
[2026-08-23T10:35:17.123Z] tick · acquisition:food:Yogyakarta · zone=sleman-north · spawning
[2026-08-23T10:35:17.553Z] tick · acquisition:accommodation:Yogyakarta · exit=0 signal=- · OK
[2026-08-23T10:35:20.553Z] tick · acquisition:accommodation:Yogyakarta · zone=yogya-wider · spawning
[2026-08-23T10:35:42.152Z] tick · brain:cron-tick · fetching GET http://localhost:3008/api/nex/brain/cron-tick
[2026-08-23T10:35:42.325Z] tick · social:cron-tick · fetching GET http://localhost:3008/api/cron/comms-social-worker
[2026-08-23T10:35:42.837Z] tick · social:cron-tick · status=200 · OK
[2026-08-23T10:35:42.983Z] tick · brain:cron-tick · status=200 · OK
[2026-08-23T10:35:50.888Z] tick · acquisition:accommodation:Yogyakarta · exit=0 signal=- · OK
[2026-08-23T10:35:51.662Z] tick · acquisition:food:Yogyakarta · exit=0 signal=- · OK
[2026-08-23T10:35:53.892Z] tick · acquisition:accommodation:Yogyakarta · zone=malioboro · spawning
[2026-08-23T10:35:54.678Z] tick · acquisition:food:Yogyakarta · zone=bantul-south · spawning
[2026-08-23T10:36:24.207Z] tick · acquisition:accommodation:Yogyakarta · exit=0 signal=- · OK
[2026-08-23T10:36:25.046Z] tick · acquisition:food:Yogyakarta · exit=0 signal=- · OK
[2026-08-23T10:36:27.222Z] tick · acquisition:accommodation:Yogyakarta · zone=prawirotaman · spawning
[2026-08-23T10:36:28.055Z] tick · acquisition:food:Yogyakarta · zone=klaten-east · spawning
[2026-08-23T10:36:42.329Z] tick · social:cron-tick · fetching GET http://localhost:3008/api/cron/comms-social-worker
[2026-08-23T10:36:42.496Z] tick · social:cron-tick · status=200 · OK
[2026-08-23T10:36:57.515Z] tick · acquisition:accommodation:Yogyakarta · exit=0 signal=- · OK
[2026-08-23T10:36:58.403Z] tick · acquisition:food:Yogyakarta · exit=0 signal=- · OK
[2026-08-23T10:37:00.516Z] tick · acquisition:accommodation:Yogyakarta · zone=kaliurang · spawning
[2026-08-23T10:37:01.409Z] tick · acquisition:food:Yogyakarta · zone=gamping-west · spawning
[2026-08-23T10:37:28.774Z] tick · promotion:food:Yogyakarta:quality-check · spawning
[2026-08-23T10:37:29.261Z] tick · promotion:food:Yogyakarta:quality-check · exit=0 signal=- · OK
[2026-08-23T10:37:30.930Z] tick · acquisition:accommodation:Yogyakarta · exit=0 signal=- · OK
[2026-08-23T10:37:31.931Z] tick · acquisition:food:Yogyakarta · exit=0 signal=- · OK
[2026-08-23T10:37:33.940Z] tick · acquisition:accommodation:Yogyakarta · zone=borobudur · spawning
[2026-08-23T10:37:34.933Z] tick · acquisition:food:Yogyakarta · zone=prambanan · spawning
[2026-08-23T10:37:42.331Z] tick · social:cron-tick · fetching GET http://localhost:3008/api/cron/comms-social-worker
[2026-08-23T10:37:42.604Z] tick · social:cron-tick · status=200 · OK
[2026-08-23T10:38:04.354Z] tick · acquisition:accommodation:Yogyakarta · exit=0 signal=- · OK
[2026-08-23T10:38:07.355Z] tick · acquisition:accommodation:Yogyakarta · zone=yogya-wider · spawning
[2026-08-23T10:38:12.291Z] tick · acquisition:food:Yogyakarta · exit=0 signal=- · OK
[2026-08-23T10:38:15.294Z] tick · acquisition:food:Yogyakarta · zone=sleman-north · spawning
[2026-08-23T10:38:37.820Z] tick · acquisition:accommodation:Yogyakarta · exit=0 signal=- · OK
[2026-08-23T10:38:40.828Z] tick · acquisition:accommodation:Yogyakarta · zone=malioboro · spawning
[2026-08-23T10:38:42.154Z] tick · brain:cron-tick · fetching GET http://localhost:3008/api/nex/brain/cron-tick
[2026-08-23T10:38:42.335Z] tick · social:cron-tick · fetching GET http://localhost:3008/api/cron/comms-social-worker
[2026-08-23T10:38:42.519Z] tick · social:cron-tick · status=200 · OK
[2026-08-23T10:38:42.681Z] tick · brain:cron-tick · status=200 · OK
[2026-08-23T10:38:53.216Z] tick · acquisition:food:Yogyakarta · exit=0 signal=- · OK
[2026-08-23T10:38:56.216Z] tick · acquisition:food:Yogyakarta · zone=bantul-south · spawning
[2026-08-23T10:39:11.331Z] tick · acquisition:accommodation:Yogyakarta · exit=0 signal=- · OK
[2026-08-23T10:39:14.339Z] tick · acquisition:accommodation:Yogyakarta · zone=prawirotaman · spawning
[2026-08-23T10:39:26.577Z] tick · acquisition:food:Yogyakarta · exit=0 signal=- · OK
[2026-08-23T10:39:29.594Z] tick · acquisition:food:Yogyakarta · zone=klaten-east · spawning
[2026-08-23T10:39:42.152Z] tick · cle:conversation · spawning
[2026-08-23T10:39:42.342Z] tick · social:cron-tick · fetching GET http://localhost:3008/api/cron/comms-social-worker
[2026-08-23T10:39:42.484Z] tick · social:cron-tick · status=200 · OK
[2026-08-23T10:39:42.561Z] tick · cle:conversation · exit=0 signal=- · OK
[2026-08-23T10:39:44.656Z] tick · acquisition:accommodation:Yogyakarta · exit=0 signal=- · OK
[2026-08-23T10:39:47.666Z] tick · acquisition:accommodation:Yogyakarta · zone=kaliurang · spawning
[2026-08-23T10:39:59.949Z] tick · acquisition:food:Yogyakarta · exit=0 signal=- · OK
[2026-08-23T10:40:02.962Z] tick · acquisition:food:Yogyakarta · zone=gamping-west · spawning
[2026-08-23T10:40:17.989Z] tick · acquisition:accommodation:Yogyakarta · exit=0 signal=- · OK
[2026-08-23T10:40:20.988Z] tick · acquisition:accommodation:Yogyakarta · zone=borobudur · spawning
[2026-08-23T10:40:33.347Z] tick · acquisition:food:Yogyakarta · exit=0 signal=- · OK
[2026-08-23T10:40:36.350Z] tick · acquisition:food:Yogyakarta · zone=prambanan · spawning
[2026-08-23T10:40:42.354Z] tick · social:cron-tick · fetching GET http://localhost:3008/api/cron/comms-social-worker
[2026-08-23T10:40:42.481Z] tick · social:cron-tick · status=200 · OK
[2026-08-23T10:40:51.316Z] tick · acquisition:accommodation:Yogyakarta · exit=0 signal=- · OK
[2026-08-23T10:40:54.323Z] tick · acquisition:accommodation:Yogyakarta · zone=yogya-wider · spawning
[2026-08-23T10:41:10.396Z] tick · acquisition:food:Yogyakarta · exit=0 signal=- · OK
[2026-08-23T10:41:13.397Z] tick · acquisition:food:Yogyakarta · zone=sleman-north · spawning
[2026-08-23T10:41:24.673Z] tick · acquisition:accommodation:Yogyakarta · exit=0 signal=- · OK
[2026-08-23T10:41:27.680Z] tick · acquisition:accommodation:Yogyakarta · zone=malioboro · spawning
[2026-08-23T10:41:42.162Z] tick · brain:cron-tick · fetching GET http://localhost:3008/api/nex/brain/cron-tick
[2026-08-23T10:41:42.365Z] tick · social:cron-tick · fetching GET http://localhost:3008/api/cron/comms-social-worker
[2026-08-23T10:41:42.483Z] tick · social:cron-tick · status=200 · OK
[2026-08-23T10:41:42.556Z] tick · brain:cron-tick · status=200 · OK
[2026-08-23T10:41:47.721Z] tick · acquisition:food:Yogyakarta · exit=0 signal=- · OK
[2026-08-23T10:41:50.721Z] tick · acquisition:food:Yogyakarta · zone=bantul-south · spawning
[2026-08-23T10:41:58.029Z] tick · acquisition:accommodation:Yogyakarta · exit=0 signal=- · OK
[2026-08-23T10:42:01.031Z] tick · acquisition:accommodation:Yogyakarta · zone=prawirotaman · spawning
[2026-08-23T10:42:21.084Z] tick · acquisition:food:Yogyakarta · exit=0 signal=- · OK
[2026-08-23T10:42:24.095Z] tick · acquisition:food:Yogyakarta · zone=klaten-east · spawning
[2026-08-23T10:42:31.360Z] tick · acquisition:accommodation:Yogyakarta · exit=0 signal=- · OK
[2026-08-23T10:42:34.371Z] tick · acquisition:accommodation:Yogyakarta · zone=kaliurang · spawning
[2026-08-23T10:42:42.366Z] tick · social:cron-tick · fetching GET http://localhost:3008/api/cron/comms-social-worker
[2026-08-23T10:42:42.540Z] tick · social:cron-tick · status=200 · OK
[2026-08-23T10:42:54.420Z] tick · acquisition:food:Yogyakarta · exit=0 signal=- · OK
[2026-08-23T10:42:57.422Z] tick · acquisition:food:Yogyakarta · zone=gamping-west · spawning
[2026-08-23T10:43:04.683Z] tick · acquisition:accommodation:Yogyakarta · exit=0 signal=- · OK
[2026-08-23T10:43:07.685Z] tick · acquisition:accommodation:Yogyakarta · zone=borobudur · spawning
[2026-08-23T10:43:27.752Z] tick · acquisition:food:Yogyakarta · exit=0 signal=- · OK
[2026-08-23T10:43:30.763Z] tick · acquisition:food:Yogyakarta · zone=prambanan · spawning
[2026-08-23T10:43:38.058Z] tick · acquisition:accommodation:Yogyakarta · exit=0 signal=- · OK
[2026-08-23T10:43:41.060Z] tick · acquisition:accommodation:Yogyakarta · zone=yogya-wider · spawning
[2026-08-23T10:43:42.369Z] tick · social:cron-tick · fetching GET http://localhost:3008/api/cron/comms-social-worker
[2026-08-23T10:43:42.539Z] tick · social:cron-tick · status=200 · OK
[2026-08-23T10:44:06.797Z] tick · acquisition:food:Yogyakarta · exit=0 signal=- · OK
[2026-08-23T10:44:09.808Z] tick · acquisition:food:Yogyakarta · zone=sleman-north · spawning
[2026-08-23T10:44:11.382Z] tick · acquisition:accommodation:Yogyakarta · exit=0 signal=- · OK
[2026-08-23T10:44:14.389Z] tick · acquisition:accommodation:Yogyakarta · zone=malioboro · spawning
[2026-08-23T10:44:42.172Z] tick · brain:cron-tick · fetching GET http://localhost:3008/api/nex/brain/cron-tick
[2026-08-23T10:44:42.382Z] tick · social:cron-tick · fetching GET http://localhost:3008/api/cron/comms-social-worker
[2026-08-23T10:44:42.427Z] tick · social:cron-tick · status=200 · OK
[2026-08-23T10:44:42.460Z] tick · brain:cron-tick · status=200 · OK
[2026-08-23T10:44:44.696Z] tick · acquisition:accommodation:Yogyakarta · exit=0 signal=- · OK
[2026-08-23T10:44:46.052Z] tick · acquisition:food:Yogyakarta · exit=0 signal=- · OK
[2026-08-23T10:44:47.708Z] tick · acquisition:accommodation:Yogyakarta · zone=prawirotaman · spawning
[2026-08-23T10:44:49.053Z] tick · acquisition:food:Yogyakarta · zone=bantul-south · spawning
[2026-08-23T10:45:17.995Z] tick · acquisition:accommodation:Yogyakarta · exit=0 signal=- · OK
[2026-08-23T10:45:19.367Z] tick · acquisition:food:Yogyakarta · exit=0 signal=- · OK
[2026-08-23T10:45:20.999Z] tick · acquisition:accommodation:Yogyakarta · zone=kaliurang · spawning
[2026-08-23T10:45:22.377Z] tick · acquisition:food:Yogyakarta · zone=klaten-east · spawning
[2026-08-23T10:45:42.383Z] tick · social:cron-tick · fetching GET http://localhost:3008/api/cron/comms-social-worker
[2026-08-23T10:45:42.545Z] tick · social:cron-tick · status=200 · OK
[2026-08-23T10:45:51.286Z] tick · acquisition:accommodation:Yogyakarta · exit=0 signal=- · OK
[2026-08-23T10:45:52.841Z] tick · acquisition:food:Yogyakarta · exit=0 signal=- · OK
[2026-08-23T10:45:54.293Z] tick · acquisition:accommodation:Yogyakarta · zone=borobudur · spawning
[2026-08-23T10:45:55.849Z] tick · acquisition:food:Yogyakarta · zone=gamping-west · spawning
[2026-08-23T10:46:24.594Z] tick · acquisition:accommodation:Yogyakarta · exit=0 signal=- · OK
[2026-08-23T10:46:26.154Z] tick · acquisition:food:Yogyakarta · exit=0 signal=- · OK
[2026-08-23T10:46:27.608Z] tick · acquisition:accommodation:Yogyakarta · zone=yogya-wider · spawning
[2026-08-23T10:46:29.170Z] tick · acquisition:food:Yogyakarta · zone=prambanan · spawning
[2026-08-23T10:46:42.395Z] tick · social:cron-tick · fetching GET http://localhost:3008/api/cron/comms-social-worker
[2026-08-23T10:46:42.664Z] tick · social:cron-tick · status=200 · OK
[2026-08-23T10:46:57.912Z] tick · acquisition:accommodation:Yogyakarta · exit=0 signal=- · OK
[2026-08-23T10:47:00.921Z] tick · acquisition:accommodation:Yogyakarta · zone=malioboro · spawning
[2026-08-23T10:47:04.462Z] tick · acquisition:food:Yogyakarta · exit=0 signal=- · OK
[2026-08-23T10:47:07.465Z] tick · acquisition:food:Yogyakarta · zone=sleman-north · spawning
[2026-08-23T10:47:31.333Z] tick · acquisition:accommodation:Yogyakarta · exit=0 signal=- · OK
[2026-08-23T10:47:34.337Z] tick · acquisition:accommodation:Yogyakarta · zone=prawirotaman · spawning
[2026-08-23T10:47:42.187Z] tick · brain:cron-tick · fetching GET http://localhost:3008/api/nex/brain/cron-tick
[2026-08-23T10:47:42.401Z] tick · social:cron-tick · fetching GET http://localhost:3008/api/cron/comms-social-worker
[2026-08-23T10:47:42.619Z] tick · social:cron-tick · status=200 · OK
[2026-08-23T10:47:42.769Z] tick · brain:cron-tick · status=200 · OK
[2026-08-23T10:47:43.973Z] tick · acquisition:food:Yogyakarta · exit=0 signal=- · OK
[2026-08-23T10:47:46.976Z] tick · acquisition:food:Yogyakarta · zone=bantul-south · spawning
[2026-08-23T10:48:04.674Z] tick · acquisition:accommodation:Yogyakarta · exit=0 signal=- · OK
[2026-08-23T10:48:07.680Z] tick · acquisition:accommodation:Yogyakarta · zone=kaliurang · spawning
[2026-08-23T10:48:17.396Z] tick · acquisition:food:Yogyakarta · exit=0 signal=- · OK
[2026-08-23T10:48:20.401Z] tick · acquisition:food:Yogyakarta · zone=klaten-east · spawning
[2026-08-23T10:48:37.980Z] tick · acquisition:accommodation:Yogyakarta · exit=0 signal=- · OK
[2026-08-23T10:48:40.980Z] tick · acquisition:accommodation:Yogyakarta · zone=borobudur · spawning
[2026-08-23T10:48:42.413Z] tick · social:cron-tick · fetching GET http://localhost:3008/api/cron/comms-social-worker
[2026-08-23T10:48:42.582Z] tick · social:cron-tick · status=200 · OK
[2026-08-23T10:48:50.719Z] tick · acquisition:food:Yogyakarta · exit=0 signal=- · OK
[2026-08-23T10:48:53.731Z] tick · acquisition:food:Yogyakarta · zone=gamping-west · spawning
[2026-08-23T10:49:11.335Z] tick · acquisition:accommodation:Yogyakarta · exit=0 signal=- · OK
[2026-08-23T10:49:14.350Z] tick · acquisition:accommodation:Yogyakarta · zone=yogya-wider · spawning
[2026-08-23T10:49:24.110Z] tick · acquisition:food:Yogyakarta · exit=0 signal=- · OK
[2026-08-23T10:49:27.113Z] tick · acquisition:food:Yogyakarta · zone=prambanan · spawning
[2026-08-23T10:49:42.164Z] tick · cle:conversation · spawning
[2026-08-23T10:49:42.419Z] tick · social:cron-tick · fetching GET http://localhost:3008/api/cron/comms-social-worker
[2026-08-23T10:49:42.508Z] tick · cle:conversation · exit=0 signal=- · OK
[2026-08-23T10:49:42.544Z] tick · social:cron-tick · status=200 · OK
[2026-08-23T10:49:44.691Z] tick · acquisition:accommodation:Yogyakarta · exit=0 signal=- · OK
[2026-08-23T10:49:47.698Z] tick · acquisition:accommodation:Yogyakarta · zone=malioboro · spawning
[2026-08-23T10:50:04.045Z] tick · acquisition:food:Yogyakarta · exit=0 signal=- · OK
[2026-08-23T10:50:07.052Z] tick · acquisition:food:Yogyakarta · zone=sleman-north · spawning
[2026-08-23T10:50:18.065Z] tick · acquisition:accommodation:Yogyakarta · exit=0 signal=- · OK
[2026-08-23T10:50:21.069Z] tick · acquisition:accommodation:Yogyakarta · zone=prawirotaman · spawning
[2026-08-23T10:50:42.190Z] tick · brain:cron-tick · fetching GET http://localhost:3008/api/nex/brain/cron-tick
[2026-08-23T10:50:42.419Z] tick · social:cron-tick · fetching GET http://localhost:3008/api/cron/comms-social-worker
[2026-08-23T10:50:42.556Z] tick · social:cron-tick · status=200 · OK
[2026-08-23T10:50:42.665Z] tick · brain:cron-tick · status=200 · OK
[2026-08-23T10:50:46.620Z] tick · acquisition:food:Yogyakarta · exit=0 signal=- · OK
[2026-08-23T10:50:49.627Z] tick · acquisition:food:Yogyakarta · zone=bantul-south · spawning
[2026-08-23T10:50:51.510Z] tick · acquisition:accommodation:Yogyakarta · exit=0 signal=- · OK
[2026-08-23T10:50:54.515Z] tick · acquisition:accommodation:Yogyakarta · zone=kaliurang · spawning
[2026-08-23T10:51:20.007Z] tick · acquisition:food:Yogyakarta · exit=0 signal=- · OK
[2026-08-23T10:51:23.009Z] tick · acquisition:food:Yogyakarta · zone=klaten-east · spawning
[2026-08-23T10:51:24.884Z] tick · acquisition:accommodation:Yogyakarta · exit=0 signal=- · OK
[2026-08-23T10:51:27.890Z] tick · acquisition:accommodation:Yogyakarta · zone=borobudur · spawning
[2026-08-23T10:51:42.418Z] tick · social:cron-tick · fetching GET http://localhost:3008/api/cron/comms-social-worker
[2026-08-23T10:51:42.569Z] tick · social:cron-tick · status=200 · OK
[2026-08-23T10:51:53.514Z] tick · acquisition:food:Yogyakarta · exit=0 signal=- · OK
[2026-08-23T10:51:56.523Z] tick · acquisition:food:Yogyakarta · zone=gamping-west · spawning
[2026-08-23T10:51:58.258Z] tick · acquisition:accommodation:Yogyakarta · exit=0 signal=- · OK
[2026-08-23T10:52:01.267Z] tick · acquisition:accommodation:Yogyakarta · zone=yogya-wider · spawning
[2026-08-23T10:52:26.937Z] tick · acquisition:food:Yogyakarta · exit=0 signal=- · OK
[2026-08-23T10:52:29.950Z] tick · acquisition:food:Yogyakarta · zone=prambanan · spawning
[2026-08-23T10:52:31.647Z] tick · acquisition:accommodation:Yogyakarta · exit=0 signal=- · OK
[2026-08-23T10:52:34.659Z] tick · acquisition:accommodation:Yogyakarta · zone=malioboro · spawning
[2026-08-23T10:52:42.421Z] tick · social:cron-tick · fetching GET http://localhost:3008/api/cron/comms-social-worker
[2026-08-23T10:52:42.637Z] tick · social:cron-tick · status=200 · OK
[2026-08-23T10:53:04.546Z] tick · acquisition:food:Yogyakarta · exit=0 signal=- · OK
[2026-08-23T10:53:05.101Z] tick · acquisition:accommodation:Yogyakarta · exit=0 signal=- · OK
[2026-08-23T10:53:07.548Z] tick · acquisition:food:Yogyakarta · zone=sleman-north · spawning
[2026-08-23T10:53:08.104Z] tick · acquisition:accommodation:Yogyakarta · zone=prawirotaman · spawning
[2026-08-23T10:53:38.516Z] tick · acquisition:accommodation:Yogyakarta · exit=0 signal=- · OK
[2026-08-23T10:53:41.517Z] tick · acquisition:accommodation:Yogyakarta · zone=kaliurang · spawning
[2026-08-23T10:53:41.955Z] tick · acquisition:food:Yogyakarta · exit=0 signal=- · OK
[2026-08-23T10:53:42.199Z] tick · brain:cron-tick · fetching GET http://localhost:3008/api/nex/brain/cron-tick
[2026-08-23T10:53:42.425Z] tick · social:cron-tick · fetching GET http://localhost:3008/api/cron/comms-social-worker
[2026-08-23T10:53:42.713Z] tick · social:cron-tick · status=200 · OK
[2026-08-23T10:53:42.885Z] tick · brain:cron-tick · status=200 · OK
[2026-08-23T10:53:44.971Z] tick · acquisition:food:Yogyakarta · zone=bantul-south · spawning
[2026-08-23T10:54:11.869Z] tick · acquisition:accommodation:Yogyakarta · exit=0 signal=- · OK
[2026-08-23T10:54:14.878Z] tick · acquisition:accommodation:Yogyakarta · zone=borobudur · spawning
[2026-08-23T10:54:15.349Z] tick · acquisition:food:Yogyakarta · exit=0 signal=- · OK
[2026-08-23T10:54:18.353Z] tick · acquisition:food:Yogyakarta · zone=klaten-east · spawning
[2026-08-23T10:54:42.431Z] tick · social:cron-tick · fetching GET http://localhost:3008/api/cron/comms-social-worker
[2026-08-23T10:54:42.632Z] tick · social:cron-tick · status=200 · OK
[2026-08-23T10:54:45.307Z] tick · acquisition:accommodation:Yogyakarta · exit=0 signal=- · OK
[2026-08-23T10:54:48.313Z] tick · acquisition:accommodation:Yogyakarta · zone=yogya-wider · spawning
[2026-08-23T10:54:48.660Z] tick · acquisition:food:Yogyakarta · exit=0 signal=- · OK
[2026-08-23T10:54:51.664Z] tick · acquisition:food:Yogyakarta · zone=gamping-west · spawning
[2026-08-23T10:55:18.642Z] tick · acquisition:accommodation:Yogyakarta · exit=0 signal=- · OK
[2026-08-23T10:55:21.644Z] tick · acquisition:accommodation:Yogyakarta · zone=malioboro · spawning
[2026-08-23T10:55:22.022Z] tick · acquisition:food:Yogyakarta · exit=0 signal=- · OK
[2026-08-23T10:55:25.025Z] tick · acquisition:food:Yogyakarta · zone=prambanan · spawning
[2026-08-23T10:55:42.433Z] tick · social:cron-tick · fetching GET http://localhost:3008/api/cron/comms-social-worker
[2026-08-23T10:55:48.180Z] tick · social:cron-tick · status=200 · OK
[2026-08-23T10:55:52.057Z] tick · acquisition:accommodation:Yogyakarta · exit=0 signal=- · OK
[2026-08-23T10:55:55.068Z] tick · acquisition:accommodation:Yogyakarta · zone=prawirotaman · spawning
[2026-08-23T10:56:01.188Z] tick · acquisition:food:Yogyakarta · exit=0 signal=- · OK
[2026-08-23T10:56:04.191Z] tick · acquisition:food:Yogyakarta · zone=sleman-north · spawning
[2026-08-23T10:56:25.467Z] tick · acquisition:accommodation:Yogyakarta · exit=0 signal=- · OK
[2026-08-23T10:56:28.473Z] tick · acquisition:accommodation:Yogyakarta · zone=kaliurang · spawning
[2026-08-23T10:56:41.394Z] tick · acquisition:food:Yogyakarta · exit=0 signal=- · OK
[2026-08-23T10:56:42.206Z] tick · brain:cron-tick · fetching GET http://localhost:3008/api/nex/brain/cron-tick
[2026-08-23T10:56:42.441Z] tick · social:cron-tick · fetching GET http://localhost:3008/api/cron/comms-social-worker
[2026-08-23T10:56:42.894Z] tick · social:cron-tick · status=200 · OK
[2026-08-23T10:56:43.026Z] tick · brain:cron-tick · status=200 · OK
[2026-08-23T10:56:44.408Z] tick · acquisition:food:Yogyakarta · zone=bantul-south · spawning
[2026-08-23T10:56:58.855Z] tick · acquisition:accommodation:Yogyakarta · exit=0 signal=- · OK
[2026-08-23T10:57:01.857Z] tick · acquisition:accommodation:Yogyakarta · zone=borobudur · spawning
[2026-08-23T10:57:14.839Z] tick · acquisition:food:Yogyakarta · exit=0 signal=- · OK
[2026-08-23T10:57:17.840Z] tick · acquisition:food:Yogyakarta · zone=klaten-east · spawning
[2026-08-23T10:57:32.226Z] tick · acquisition:accommodation:Yogyakarta · exit=0 signal=- · OK
[2026-08-23T10:57:35.229Z] tick · acquisition:accommodation:Yogyakarta · zone=yogya-wider · spawning
[2026-08-23T10:57:42.446Z] tick · social:cron-tick · fetching GET http://localhost:3008/api/cron/comms-social-worker
[2026-08-23T10:57:42.661Z] tick · social:cron-tick · status=200 · OK
[2026-08-23T10:57:48.333Z] tick · acquisition:food:Yogyakarta · exit=0 signal=- · OK
[2026-08-23T10:57:51.340Z] tick · acquisition:food:Yogyakarta · zone=gamping-west · spawning
[2026-08-23T10:58:05.695Z] tick · acquisition:accommodation:Yogyakarta · exit=0 signal=- · OK
[2026-08-23T10:58:08.707Z] tick · acquisition:accommodation:Yogyakarta · zone=malioboro · spawning
[2026-08-23T10:58:21.739Z] tick · acquisition:food:Yogyakarta · exit=0 signal=- · OK
[2026-08-23T10:58:24.740Z] tick · acquisition:food:Yogyakarta · zone=prambanan · spawning
[2026-08-23T10:58:39.088Z] tick · acquisition:accommodation:Yogyakarta · exit=0 signal=- · OK
[2026-08-23T10:58:42.091Z] tick · acquisition:accommodation:Yogyakarta · zone=prawirotaman · spawning
[2026-08-23T10:58:42.449Z] tick · social:cron-tick · fetching GET http://localhost:3008/api/cron/comms-social-worker
[2026-08-23T10:58:42.583Z] tick · social:cron-tick · status=200 · OK
[2026-08-23T10:59:12.416Z] tick · acquisition:accommodation:Yogyakarta · exit=0 signal=- · OK
[2026-08-23T10:59:12.849Z] tick · acquisition:food:Yogyakarta · exit=0 signal=- · OK
[2026-08-23T10:59:15.416Z] tick · acquisition:accommodation:Yogyakarta · zone=kaliurang · spawning
[2026-08-23T10:59:15.854Z] tick · acquisition:food:Yogyakarta · zone=sleman-north · spawning
[2026-08-23T10:59:42.169Z] tick · cle:conversation · spawning
[2026-08-23T10:59:42.208Z] tick · brain:cron-tick · fetching GET http://localhost:3008/api/nex/brain/cron-tick
[2026-08-23T10:59:42.456Z] tick · social:cron-tick · fetching GET http://localhost:3008/api/cron/comms-social-worker
[2026-08-23T10:59:42.567Z] tick · cle:conversation · exit=0 signal=- · OK
[2026-08-23T10:59:42.601Z] tick · social:cron-tick · status=200 · OK
[2026-08-23T10:59:42.663Z] tick · brain:cron-tick · status=200 · OK
[2026-08-23T10:59:45.701Z] tick · acquisition:accommodation:Yogyakarta · exit=0 signal=- · OK
[2026-08-23T10:59:48.701Z] tick · acquisition:accommodation:Yogyakarta · zone=borobudur · spawning
[2026-08-23T10:59:50.859Z] tick · acquisition:food:Yogyakarta · exit=0 signal=- · OK
[2026-08-23T10:59:53.861Z] tick · acquisition:food:Yogyakarta · zone=bantul-south · spawning
[2026-08-23T11:00:19.004Z] tick · acquisition:accommodation:Yogyakarta · exit=0 signal=- · OK
[2026-08-23T11:00:22.005Z] tick · acquisition:accommodation:Yogyakarta · zone=yogya-wider · spawning
[2026-08-23T11:00:24.193Z] tick · acquisition:food:Yogyakarta · exit=0 signal=- · OK
[2026-08-23T11:00:27.198Z] tick · acquisition:food:Yogyakarta · zone=klaten-east · spawning
[2026-08-23T11:00:42.470Z] tick · social:cron-tick · fetching GET http://localhost:3008/api/cron/comms-social-worker
[2026-08-23T11:00:42.645Z] tick · social:cron-tick · status=200 · OK
[2026-08-23T11:00:52.311Z] tick · acquisition:accommodation:Yogyakarta · exit=0 signal=- · OK
[2026-08-23T11:00:55.315Z] tick · acquisition:accommodation:Yogyakarta · zone=malioboro · spawning
[2026-08-23T11:00:57.582Z] tick · acquisition:food:Yogyakarta · exit=0 signal=- · OK
[2026-08-23T11:01:00.582Z] tick · acquisition:food:Yogyakarta · zone=gamping-west · spawning
[2026-08-23T11:01:25.682Z] tick · acquisition:accommodation:Yogyakarta · exit=0 signal=- · OK
[2026-08-23T11:01:28.684Z] tick · acquisition:accommodation:Yogyakarta · zone=prawirotaman · spawning
[2026-08-23T11:01:31.047Z] tick · acquisition:food:Yogyakarta · exit=0 signal=- · OK
[2026-08-23T11:01:34.049Z] tick · acquisition:food:Yogyakarta · zone=prambanan · spawning
[2026-08-23T11:01:42.473Z] tick · social:cron-tick · fetching GET http://localhost:3008/api/cron/comms-social-worker
[2026-08-23T11:01:42.606Z] tick · social:cron-tick · status=200 · OK
[2026-08-23T11:01:58.998Z] tick · acquisition:accommodation:Yogyakarta · exit=0 signal=- · OK
[2026-08-23T11:02:02.013Z] tick · acquisition:accommodation:Yogyakarta · zone=kaliurang · spawning
[2026-08-23T11:02:09.212Z] tick · acquisition:food:Yogyakarta · exit=0 signal=- · OK
[2026-08-23T11:02:12.215Z] tick · acquisition:food:Yogyakarta · zone=sleman-north · spawning
[2026-08-23T11:02:32.406Z] tick · acquisition:accommodation:Yogyakarta · exit=0 signal=- · OK
[2026-08-23T11:02:35.407Z] tick · acquisition:accommodation:Yogyakarta · zone=borobudur · spawning
[2026-08-23T11:02:42.209Z] tick · brain:cron-tick · fetching GET http://localhost:3008/api/nex/brain/cron-tick
[2026-08-23T11:02:42.477Z] tick · social:cron-tick · fetching GET http://localhost:3008/api/cron/comms-social-worker
[2026-08-23T11:02:42.567Z] tick · social:cron-tick · status=200 · OK
[2026-08-23T11:02:42.674Z] tick · brain:cron-tick · status=200 · OK
[2026-08-23T11:02:46.823Z] tick · acquisition:food:Yogyakarta · exit=0 signal=- · OK
[2026-08-23T11:02:49.826Z] tick · acquisition:food:Yogyakarta · zone=bantul-south · spawning
[2026-08-23T11:03:05.726Z] tick · acquisition:accommodation:Yogyakarta · exit=0 signal=- · OK
[2026-08-23T11:03:08.736Z] tick · acquisition:accommodation:Yogyakarta · zone=yogya-wider · spawning
[2026-08-23T11:03:20.185Z] tick · acquisition:food:Yogyakarta · exit=0 signal=- · OK
[2026-08-23T11:03:23.196Z] tick · acquisition:food:Yogyakarta · zone=klaten-east · spawning
[2026-08-23T11:03:39.069Z] tick · acquisition:accommodation:Yogyakarta · exit=0 signal=- · OK
[2026-08-23T11:03:42.070Z] tick · acquisition:accommodation:Yogyakarta · zone=malioboro · spawning
[2026-08-23T11:03:42.489Z] tick · social:cron-tick · fetching GET http://localhost:3008/api/cron/comms-social-worker
[2026-08-23T11:03:42.631Z] tick · social:cron-tick · status=200 · OK
[2026-08-23T11:03:53.586Z] tick · acquisition:food:Yogyakarta · exit=0 signal=- · OK
[2026-08-23T11:03:56.588Z] tick · acquisition:food:Yogyakarta · zone=gamping-west · spawning
[2026-08-23T11:04:12.452Z] tick · acquisition:accommodation:Yogyakarta · exit=0 signal=- · OK
[2026-08-23T11:04:15.452Z] tick · acquisition:accommodation:Yogyakarta · zone=prawirotaman · spawning
[2026-08-23T11:04:26.949Z] tick · acquisition:food:Yogyakarta · exit=0 signal=- · OK
[2026-08-23T11:04:29.955Z] tick · acquisition:food:Yogyakarta · zone=prambanan · spawning
[2026-08-23T11:04:42.491Z] tick · social:cron-tick · fetching GET http://localhost:3008/api/cron/comms-social-worker
[2026-08-23T11:04:42.685Z] tick · social:cron-tick · status=200 · OK
[2026-08-23T11:04:45.850Z] tick · acquisition:accommodation:Yogyakarta · exit=0 signal=- · OK
[2026-08-23T11:04:48.856Z] tick · acquisition:accommodation:Yogyakarta · zone=kaliurang · spawning
[2026-08-23T11:05:04.211Z] tick · acquisition:food:Yogyakarta · exit=0 signal=- · OK
[2026-08-23T11:05:07.215Z] tick · acquisition:food:Yogyakarta · zone=sleman-north · spawning
[2026-08-23T11:05:19.201Z] tick · acquisition:accommodation:Yogyakarta · exit=0 signal=- · OK
[2026-08-23T11:05:22.207Z] tick · acquisition:accommodation:Yogyakarta · zone=borobudur · spawning
[2026-08-23T11:05:41.800Z] tick · acquisition:food:Yogyakarta · exit=0 signal=- · OK
[2026-08-23T11:05:42.213Z] tick · brain:cron-tick · fetching GET http://localhost:3008/api/nex/brain/cron-tick
[2026-08-23T11:05:42.508Z] tick · social:cron-tick · fetching GET http://localhost:3008/api/cron/comms-social-worker
[2026-08-23T11:05:42.630Z] tick · social:cron-tick · status=200 · OK
[2026-08-23T11:05:42.699Z] tick · brain:cron-tick · status=200 · OK
[2026-08-23T11:05:44.805Z] tick · acquisition:food:Yogyakarta · zone=bantul-south · spawning
[2026-08-23T11:05:52.619Z] tick · acquisition:accommodation:Yogyakarta · exit=0 signal=- · OK
[2026-08-23T11:05:55.622Z] tick · acquisition:accommodation:Yogyakarta · zone=yogya-wider · spawning
[2026-08-23T11:06:15.243Z] tick · acquisition:food:Yogyakarta · exit=0 signal=- · OK
[2026-08-23T11:06:18.245Z] tick · acquisition:food:Yogyakarta · zone=klaten-east · spawning
[2026-08-23T11:06:26.080Z] tick · acquisition:accommodation:Yogyakarta · exit=0 signal=- · OK
[2026-08-23T11:06:29.089Z] tick · acquisition:accommodation:Yogyakarta · zone=malioboro · spawning
[2026-08-23T11:06:42.519Z] tick · social:cron-tick · fetching GET http://localhost:3008/api/cron/comms-social-worker
[2026-08-23T11:06:42.786Z] tick · social:cron-tick · status=200 · OK
[2026-08-23T11:06:48.632Z] tick · acquisition:food:Yogyakarta · exit=0 signal=- · OK
[2026-08-23T11:06:51.636Z] tick · acquisition:food:Yogyakarta · zone=gamping-west · spawning
[2026-08-23T11:06:59.512Z] tick · acquisition:accommodation:Yogyakarta · exit=0 signal=- · OK
[2026-08-23T11:07:02.523Z] tick · acquisition:accommodation:Yogyakarta · zone=prawirotaman · spawning
[2026-08-23T11:07:22.024Z] tick · acquisition:food:Yogyakarta · exit=0 signal=- · OK
[2026-08-23T11:07:25.026Z] tick · acquisition:food:Yogyakarta · zone=prambanan · spawning
[2026-08-23T11:07:28.775Z] tick · promotion:food:Yogyakarta:quality-check · spawning
[2026-08-23T11:07:29.241Z] tick · promotion:food:Yogyakarta:quality-check · exit=0 signal=- · OK
[2026-08-23T11:07:32.919Z] tick · acquisition:accommodation:Yogyakarta · exit=0 signal=- · OK
[2026-08-23T11:07:35.922Z] tick · acquisition:accommodation:Yogyakarta · zone=kaliurang · spawning
[2026-08-23T11:07:42.531Z] tick · social:cron-tick · fetching GET http://localhost:3008/api/cron/comms-social-worker
[2026-08-23T11:07:42.743Z] tick · social:cron-tick · status=200 · OK
[2026-08-23T11:08:03.296Z] tick · acquisition:food:Yogyakarta · exit=0 signal=- · OK
[2026-08-23T11:08:06.262Z] tick · acquisition:accommodation:Yogyakarta · exit=0 signal=- · OK
[2026-08-23T11:08:06.304Z] tick · acquisition:food:Yogyakarta · zone=sleman-north · spawning
[2026-08-23T11:08:09.268Z] tick · acquisition:accommodation:Yogyakarta · zone=borobudur · spawning
[2026-08-23T11:08:39.596Z] tick · acquisition:accommodation:Yogyakarta · exit=0 signal=- · OK
[2026-08-23T11:08:42.107Z] tick · acquisition:food:Yogyakarta · exit=0 signal=- · OK
[2026-08-23T11:08:42.220Z] tick · brain:cron-tick · fetching GET http://localhost:3008/api/nex/brain/cron-tick
[2026-08-23T11:08:42.541Z] tick · social:cron-tick · fetching GET http://localhost:3008/api/cron/comms-social-worker
[2026-08-23T11:08:42.609Z] tick · acquisition:accommodation:Yogyakarta · zone=yogya-wider · spawning
[2026-08-23T11:08:42.657Z] tick · social:cron-tick · status=200 · OK
[2026-08-23T11:08:42.762Z] tick · brain:cron-tick · status=200 · OK
[2026-08-23T11:08:45.107Z] tick · acquisition:food:Yogyakarta · zone=bantul-south · spawning
[2026-08-23T11:09:12.967Z] tick · acquisition:accommodation:Yogyakarta · exit=0 signal=- · OK
[2026-08-23T11:09:15.400Z] tick · acquisition:food:Yogyakarta · exit=0 signal=- · OK
[2026-08-23T11:09:15.969Z] tick · acquisition:accommodation:Yogyakarta · zone=malioboro · spawning
[2026-08-23T11:09:18.409Z] tick · acquisition:food:Yogyakarta · zone=klaten-east · spawning
[2026-08-23T11:09:42.174Z] tick · cle:conversation · spawning
[2026-08-23T11:09:42.451Z] tick · cle:conversation · exit=0 signal=- · OK
[2026-08-23T11:09:42.545Z] tick · social:cron-tick · fetching GET http://localhost:3008/api/cron/comms-social-worker
[2026-08-23T11:09:42.693Z] tick · social:cron-tick · status=200 · OK
[2026-08-23T11:09:46.300Z] tick · acquisition:accommodation:Yogyakarta · exit=0 signal=- · OK
[2026-08-23T11:09:48.711Z] tick · acquisition:food:Yogyakarta · exit=0 signal=- · OK
[2026-08-23T11:09:49.303Z] tick · acquisition:accommodation:Yogyakarta · zone=prawirotaman · spawning
[2026-08-23T11:09:51.725Z] tick · acquisition:food:Yogyakarta · zone=gamping-west · spawning
[2026-08-23T11:10:19.577Z] tick · acquisition:accommodation:Yogyakarta · exit=0 signal=- · OK
[2026-08-23T11:10:22.033Z] tick · acquisition:food:Yogyakarta · exit=0 signal=- · OK
[2026-08-23T11:10:22.589Z] tick · acquisition:accommodation:Yogyakarta · zone=kaliurang · spawning
[2026-08-23T11:10:25.043Z] tick · acquisition:food:Yogyakarta · zone=prambanan · spawning
[2026-08-23T11:10:42.556Z] tick · social:cron-tick · fetching GET http://localhost:3008/api/cron/comms-social-worker
[2026-08-23T11:10:42.713Z] tick · social:cron-tick · status=200 · OK
[2026-08-23T11:10:52.885Z] tick · acquisition:accommodation:Yogyakarta · exit=0 signal=- · OK
[2026-08-23T11:10:55.898Z] tick · acquisition:accommodation:Yogyakarta · zone=borobudur · spawning
[2026-08-23T11:11:03.018Z] tick · acquisition:food:Yogyakarta · exit=0 signal=- · OK
[2026-08-23T11:11:06.018Z] tick · acquisition:food:Yogyakarta · zone=sleman-north · spawning
[2026-08-23T11:11:26.247Z] tick · acquisition:accommodation:Yogyakarta · exit=0 signal=- · OK
[2026-08-23T11:11:29.256Z] tick · acquisition:accommodation:Yogyakarta · zone=yogya-wider · spawning
[2026-08-23T11:11:40.975Z] tick · acquisition:food:Yogyakarta · exit=0 signal=- · OK
[2026-08-23T11:11:42.222Z] tick · brain:cron-tick · fetching GET http://localhost:3008/api/nex/brain/cron-tick
[2026-08-23T11:11:42.556Z] tick · social:cron-tick · fetching GET http://localhost:3008/api/cron/comms-social-worker
[2026-08-23T11:11:42.631Z] tick · social:cron-tick · status=200 · OK
[2026-08-23T11:11:42.689Z] tick · brain:cron-tick · status=200 · OK
[2026-08-23T11:11:43.978Z] tick · acquisition:food:Yogyakarta · zone=bantul-south · spawning
[2026-08-23T11:11:59.636Z] tick · acquisition:accommodation:Yogyakarta · exit=0 signal=- · OK
[2026-08-23T11:12:02.640Z] tick · acquisition:accommodation:Yogyakarta · zone=malioboro · spawning
[2026-08-23T11:12:14.405Z] tick · acquisition:food:Yogyakarta · exit=0 signal=- · OK
[2026-08-23T11:12:17.421Z] tick · acquisition:food:Yogyakarta · zone=klaten-east · spawning
[2026-08-23T11:12:33.008Z] tick · acquisition:accommodation:Yogyakarta · exit=0 signal=- · OK
[2026-08-23T11:12:36.011Z] tick · acquisition:accommodation:Yogyakarta · zone=prawirotaman · spawning
[2026-08-23T11:12:42.566Z] tick · social:cron-tick · fetching GET http://localhost:3008/api/cron/comms-social-worker
[2026-08-23T11:12:42.764Z] tick · social:cron-tick · status=200 · OK
[2026-08-23T11:12:47.770Z] tick · acquisition:food:Yogyakarta · exit=0 signal=- · OK
[2026-08-23T11:12:50.782Z] tick · acquisition:food:Yogyakarta · zone=gamping-west · spawning
[2026-08-23T11:13:06.399Z] tick · acquisition:accommodation:Yogyakarta · exit=0 signal=- · OK
[2026-08-23T11:13:09.404Z] tick · acquisition:accommodation:Yogyakarta · zone=kaliurang · spawning
[2026-08-23T11:13:21.085Z] tick · acquisition:food:Yogyakarta · exit=0 signal=- · OK
[2026-08-23T11:13:24.088Z] tick · acquisition:food:Yogyakarta · zone=prambanan · spawning
[2026-08-23T11:13:39.692Z] tick · acquisition:accommodation:Yogyakarta · exit=0 signal=- · OK
[2026-08-23T11:13:42.571Z] tick · social:cron-tick · fetching GET http://localhost:3008/api/cron/comms-social-worker
[2026-08-23T11:13:42.695Z] tick · acquisition:accommodation:Yogyakarta · zone=borobudur · spawning
[2026-08-23T11:13:42.736Z] tick · social:cron-tick · status=200 · OK
[2026-08-23T11:14:01.882Z] tick · acquisition:food:Yogyakarta · exit=0 signal=- · OK
[2026-08-23T11:14:04.884Z] tick · acquisition:food:Yogyakarta · zone=sleman-north · spawning
[2026-08-23T11:14:12.978Z] tick · acquisition:accommodation:Yogyakarta · exit=0 signal=- · OK
[2026-08-23T11:14:15.982Z] tick · acquisition:accommodation:Yogyakarta · zone=yogya-wider · spawning
[2026-08-23T11:14:42.224Z] tick · brain:cron-tick · fetching GET http://localhost:3008/api/nex/brain/cron-tick
[2026-08-23T11:14:42.493Z] tick · brain:cron-tick · status=200 · OK
[2026-08-23T11:14:42.577Z] tick · social:cron-tick · fetching GET http://localhost:3008/api/cron/comms-social-worker
[2026-08-23T11:14:42.653Z] tick · social:cron-tick · status=200 · OK
[2026-08-23T11:14:44.044Z] tick · acquisition:food:Yogyakarta · exit=0 signal=- · OK
[2026-08-23T11:14:46.275Z] tick · acquisition:accommodation:Yogyakarta · exit=0 signal=- · OK
[2026-08-23T11:14:47.049Z] tick · acquisition:food:Yogyakarta · zone=bantul-south · spawning
[2026-08-23T11:14:49.281Z] tick · acquisition:accommodation:Yogyakarta · zone=malioboro · spawning
[2026-08-23T11:15:17.372Z] tick · acquisition:food:Yogyakarta · exit=0 signal=- · OK
[2026-08-23T11:15:19.551Z] tick · acquisition:accommodation:Yogyakarta · exit=0 signal=- · OK
[2026-08-23T11:15:20.374Z] tick · acquisition:food:Yogyakarta · zone=klaten-east · spawning
[2026-08-23T11:15:22.553Z] tick · acquisition:accommodation:Yogyakarta · zone=prawirotaman · spawning
[2026-08-23T11:15:42.589Z] tick · social:cron-tick · fetching GET http://localhost:3008/api/cron/comms-social-worker
[2026-08-23T11:15:43.448Z] tick · social:cron-tick · status=200 · OK
[2026-08-23T11:15:50.854Z] tick · acquisition:food:Yogyakarta · exit=0 signal=- · OK
[2026-08-23T11:15:53.196Z] tick · acquisition:accommodation:Yogyakarta · exit=0 signal=- · OK
[2026-08-23T11:15:53.870Z] tick · acquisition:food:Yogyakarta · zone=gamping-west · spawning
[2026-08-23T11:15:56.204Z] tick · acquisition:accommodation:Yogyakarta · zone=kaliurang · spawning
[2026-08-23T11:16:24.971Z] tick · acquisition:food:Yogyakarta · exit=0 signal=- · OK
[2026-08-23T11:16:26.554Z] tick · acquisition:accommodation:Yogyakarta · exit=0 signal=- · OK
[2026-08-23T11:16:27.973Z] tick · acquisition:food:Yogyakarta · zone=prambanan · spawning
[2026-08-23T11:16:29.569Z] tick · acquisition:accommodation:Yogyakarta · zone=borobudur · spawning
[2026-08-23T11:16:42.592Z] tick · social:cron-tick · fetching GET http://localhost:3008/api/cron/comms-social-worker
[2026-08-23T11:16:43.167Z] tick · social:cron-tick · status=200 · OK
[2026-08-23T11:16:59.871Z] tick · acquisition:accommodation:Yogyakarta · exit=0 signal=- · OK
[2026-08-23T11:17:02.881Z] tick · acquisition:accommodation:Yogyakarta · zone=yogya-wider · spawning
[2026-08-23T11:17:03.259Z] tick · acquisition:food:Yogyakarta · exit=0 signal=- · OK
[2026-08-23T11:17:06.261Z] tick · acquisition:food:Yogyakarta · zone=sleman-north · spawning
[2026-08-23T11:17:33.347Z] tick · acquisition:accommodation:Yogyakarta · exit=0 signal=- · OK
[2026-08-23T11:17:36.350Z] tick · acquisition:accommodation:Yogyakarta · zone=malioboro · spawning
[2026-08-23T11:17:41.018Z] tick · acquisition:food:Yogyakarta · exit=0 signal=- · OK
[2026-08-23T11:17:42.226Z] tick · brain:cron-tick · fetching GET http://localhost:3008/api/nex/brain/cron-tick
[2026-08-23T11:17:42.599Z] tick · social:cron-tick · fetching GET http://localhost:3008/api/cron/comms-social-worker
[2026-08-23T11:17:42.781Z] tick · social:cron-tick · status=200 · OK
[2026-08-23T11:17:42.996Z] tick · brain:cron-tick · status=200 · OK
[2026-08-23T11:17:44.021Z] tick · acquisition:food:Yogyakarta · zone=bantul-south · spawning
[2026-08-23T11:18:06.974Z] tick · acquisition:accommodation:Yogyakarta · exit=0 signal=- · OK
[2026-08-23T11:18:09.975Z] tick · acquisition:accommodation:Yogyakarta · zone=prawirotaman · spawning
[2026-08-23T11:18:14.414Z] tick · acquisition:food:Yogyakarta · exit=0 signal=- · OK
[2026-08-23T11:18:17.419Z] tick · acquisition:food:Yogyakarta · zone=klaten-east · spawning
[2026-08-23T11:18:40.302Z] tick · acquisition:accommodation:Yogyakarta · exit=0 signal=- · OK
[2026-08-23T11:18:42.614Z] tick · social:cron-tick · fetching GET http://localhost:3008/api/cron/comms-social-worker
[2026-08-23T11:18:42.757Z] tick · social:cron-tick · status=200 · OK
[2026-08-23T11:18:43.302Z] tick · acquisition:accommodation:Yogyakarta · zone=kaliurang · spawning
[2026-08-23T11:18:47.767Z] tick · acquisition:food:Yogyakarta · exit=0 signal=- · OK
[2026-08-23T11:18:50.770Z] tick · acquisition:food:Yogyakarta · zone=gamping-west · spawning
[2026-08-23T11:19:13.694Z] tick · acquisition:accommodation:Yogyakarta · exit=0 signal=- · OK
[2026-08-23T11:19:16.697Z] tick · acquisition:accommodation:Yogyakarta · zone=borobudur · spawning
[2026-08-23T11:19:21.200Z] tick · acquisition:food:Yogyakarta · exit=0 signal=- · OK
[2026-08-23T11:19:24.210Z] tick · acquisition:food:Yogyakarta · zone=prambanan · spawning
[2026-08-23T11:19:42.181Z] tick · cle:conversation · spawning
[2026-08-23T11:19:42.544Z] tick · cle:conversation · exit=0 signal=- · OK
[2026-08-23T11:19:42.619Z] tick · social:cron-tick · fetching GET http://localhost:3008/api/cron/comms-social-worker
[2026-08-23T11:19:42.960Z] tick · social:cron-tick · status=200 · OK
[2026-08-23T11:19:47.314Z] tick · acquisition:accommodation:Yogyakarta · exit=0 signal=- · OK
[2026-08-23T11:19:50.321Z] tick · acquisition:accommodation:Yogyakarta · zone=yogya-wider · spawning
[2026-08-23T11:20:00.967Z] tick · acquisition:food:Yogyakarta · exit=0 signal=- · OK
[2026-08-23T11:20:03.966Z] tick · acquisition:food:Yogyakarta · zone=sleman-north · spawning
[2026-08-23T11:20:20.710Z] tick · acquisition:accommodation:Yogyakarta · exit=0 signal=- · OK
[2026-08-23T11:20:23.719Z] tick · acquisition:accommodation:Yogyakarta · zone=malioboro · spawning
[2026-08-23T11:20:42.240Z] tick · brain:cron-tick · fetching GET http://localhost:3008/api/nex/brain/cron-tick
[2026-08-23T11:20:42.269Z] tick · acquisition:food:Yogyakarta · exit=0 signal=- · OK
[2026-08-23T11:20:42.621Z] tick · social:cron-tick · fetching GET http://localhost:3008/api/cron/comms-social-worker
[2026-08-23T11:20:43.254Z] tick · social:cron-tick · status=200 · OK
[2026-08-23T11:20:43.382Z] tick · brain:cron-tick · status=200 · OK
[2026-08-23T11:20:45.275Z] tick · acquisition:food:Yogyakarta · zone=bantul-south · spawning
[2026-08-23T11:20:54.107Z] tick · acquisition:accommodation:Yogyakarta · exit=0 signal=- · OK
[2026-08-23T11:20:57.116Z] tick · acquisition:accommodation:Yogyakarta · zone=prawirotaman · spawning
[2026-08-23T11:21:15.679Z] tick · acquisition:food:Yogyakarta · exit=0 signal=- · OK
[2026-08-23T11:21:18.685Z] tick · acquisition:food:Yogyakarta · zone=klaten-east · spawning
[2026-08-23T11:21:27.523Z] tick · acquisition:accommodation:Yogyakarta · exit=0 signal=- · OK
[2026-08-23T11:21:30.530Z] tick · acquisition:accommodation:Yogyakarta · zone=kaliurang · spawning
[2026-08-23T11:21:42.625Z] tick · social:cron-tick · fetching GET http://localhost:3008/api/cron/comms-social-worker
[2026-08-23T11:21:43.382Z] tick · social:cron-tick · status=200 · OK
[2026-08-23T11:21:49.169Z] tick · acquisition:food:Yogyakarta · exit=0 signal=- · OK
[2026-08-23T11:21:52.178Z] tick · acquisition:food:Yogyakarta · zone=gamping-west · spawning
[2026-08-23T11:22:01.075Z] tick · acquisition:accommodation:Yogyakarta · exit=0 signal=- · OK
[2026-08-23T11:22:04.079Z] tick · acquisition:accommodation:Yogyakarta · zone=borobudur · spawning
[2026-08-23T11:22:22.555Z] tick · acquisition:food:Yogyakarta · exit=0 signal=- · OK
[2026-08-23T11:22:25.557Z] tick · acquisition:food:Yogyakarta · zone=prambanan · spawning
[2026-08-23T11:22:34.555Z] tick · acquisition:accommodation:Yogyakarta · exit=0 signal=- · OK
[2026-08-23T11:22:37.559Z] tick · acquisition:accommodation:Yogyakarta · zone=yogya-wider · spawning
[2026-08-23T11:22:42.627Z] tick · social:cron-tick · fetching GET http://localhost:3008/api/cron/comms-social-worker
[2026-08-23T11:22:42.853Z] tick · social:cron-tick · status=200 · OK
[2026-08-23T11:23:01.248Z] tick · acquisition:food:Yogyakarta · exit=0 signal=- · OK
[2026-08-23T11:23:04.248Z] tick · acquisition:food:Yogyakarta · zone=sleman-north · spawning
[2026-08-23T11:23:08.077Z] tick · acquisition:accommodation:Yogyakarta · exit=0 signal=- · OK
[2026-08-23T11:23:11.093Z] tick · acquisition:accommodation:Yogyakarta · zone=malioboro · spawning
[2026-08-23T11:23:38.629Z] tick · acquisition:food:Yogyakarta · exit=0 signal=- · OK
[2026-08-23T11:23:41.580Z] tick · acquisition:accommodation:Yogyakarta · exit=0 signal=- · OK
[2026-08-23T11:23:41.644Z] tick · acquisition:food:Yogyakarta · zone=bantul-south · spawning
[2026-08-23T11:23:42.254Z] tick · brain:cron-tick · fetching GET http://localhost:3008/api/nex/brain/cron-tick
[2026-08-23T11:23:42.642Z] tick · social:cron-tick · fetching GET http://localhost:3008/api/cron/comms-social-worker
[2026-08-23T11:23:42.824Z] tick · brain:cron-tick · status=200 · OK
[2026-08-23T11:23:42.832Z] tick · social:cron-tick · status=200 · OK
[2026-08-23T11:23:44.588Z] tick · acquisition:accommodation:Yogyakarta · zone=prawirotaman · spawning
[2026-08-23T11:24:11.949Z] tick · acquisition:food:Yogyakarta · exit=0 signal=- · OK
[2026-08-23T11:24:14.873Z] tick · acquisition:accommodation:Yogyakarta · exit=0 signal=- · OK
[2026-08-23T11:24:14.959Z] tick · acquisition:food:Yogyakarta · zone=klaten-east · spawning
[2026-08-23T11:24:17.884Z] tick · acquisition:accommodation:Yogyakarta · zone=kaliurang · spawning
[2026-08-23T11:24:42.653Z] tick · social:cron-tick · fetching GET http://localhost:3008/api/cron/comms-social-worker
[2026-08-23T11:24:42.781Z] tick · social:cron-tick · status=200 · OK
[2026-08-23T11:24:45.272Z] tick · acquisition:food:Yogyakarta · exit=0 signal=- · OK
[2026-08-23T11:24:48.276Z] tick · acquisition:food:Yogyakarta · zone=gamping-west · spawning
[2026-08-23T11:24:48.287Z] tick · acquisition:accommodation:Yogyakarta · exit=0 signal=- · OK
[2026-08-23T11:24:51.301Z] tick · acquisition:accommodation:Yogyakarta · zone=borobudur · spawning
[2026-08-23T11:25:18.601Z] tick · acquisition:food:Yogyakarta · exit=0 signal=- · OK
[2026-08-23T11:25:21.608Z] tick · acquisition:food:Yogyakarta · zone=prambanan · spawning
[2026-08-23T11:25:21.631Z] tick · acquisition:accommodation:Yogyakarta · exit=0 signal=- · OK
[2026-08-23T11:25:24.632Z] tick · acquisition:accommodation:Yogyakarta · zone=yogya-wider · spawning
[2026-08-23T11:25:42.659Z] tick · social:cron-tick · fetching GET http://localhost:3008/api/cron/comms-social-worker
[2026-08-23T11:25:42.780Z] tick · social:cron-tick · status=200 · OK
[2026-08-23T11:25:55.135Z] tick · acquisition:accommodation:Yogyakarta · exit=0 signal=- · OK
[2026-08-23T11:25:58.136Z] tick · acquisition:accommodation:Yogyakarta · zone=malioboro · spawning
[2026-08-23T11:26:00.558Z] tick · acquisition:food:Yogyakarta · exit=0 signal=- · OK
[2026-08-23T11:26:03.562Z] tick · acquisition:food:Yogyakarta · zone=sleman-north · spawning
[2026-08-23T11:26:28.478Z] tick · acquisition:accommodation:Yogyakarta · exit=0 signal=- · OK
[2026-08-23T11:26:31.484Z] tick · acquisition:accommodation:Yogyakarta · zone=prawirotaman · spawning
[2026-08-23T11:26:38.914Z] tick · acquisition:food:Yogyakarta · exit=0 signal=- · OK
[2026-08-23T11:26:41.921Z] tick · acquisition:food:Yogyakarta · zone=bantul-south · spawning
[2026-08-23T11:26:42.265Z] tick · brain:cron-tick · fetching GET http://localhost:3008/api/nex/brain/cron-tick
[2026-08-23T11:26:42.572Z] tick · brain:cron-tick · status=200 · OK
[2026-08-23T11:26:42.672Z] tick · social:cron-tick · fetching GET http://localhost:3008/api/cron/comms-social-worker
[2026-08-23T11:26:42.734Z] tick · social:cron-tick · status=200 · OK
[2026-08-23T11:27:01.791Z] tick · acquisition:accommodation:Yogyakarta · exit=0 signal=- · OK
[2026-08-23T11:27:04.795Z] tick · acquisition:accommodation:Yogyakarta · zone=kaliurang · spawning
[2026-08-23T11:27:12.228Z] tick · acquisition:food:Yogyakarta · exit=0 signal=- · OK
[2026-08-23T11:27:15.229Z] tick · acquisition:food:Yogyakarta · zone=klaten-east · spawning
[2026-08-23T11:27:35.151Z] tick · acquisition:accommodation:Yogyakarta · exit=0 signal=- · OK
[2026-08-23T11:27:38.156Z] tick · acquisition:accommodation:Yogyakarta · zone=borobudur · spawning
[2026-08-23T11:27:42.673Z] tick · social:cron-tick · fetching GET http://localhost:3008/api/cron/comms-social-worker
[2026-08-23T11:27:42.857Z] tick · social:cron-tick · status=200 · OK
[2026-08-23T11:27:45.532Z] tick · acquisition:food:Yogyakarta · exit=0 signal=- · OK
[2026-08-23T11:27:48.534Z] tick · acquisition:food:Yogyakarta · zone=gamping-west · spawning
[2026-08-23T11:28:08.580Z] tick · acquisition:accommodation:Yogyakarta · exit=0 signal=- · OK
[2026-08-23T11:28:11.585Z] tick · acquisition:accommodation:Yogyakarta · zone=yogya-wider · spawning
[2026-08-23T11:28:18.931Z] tick · acquisition:food:Yogyakarta · exit=0 signal=- · OK
[2026-08-23T11:28:21.932Z] tick · acquisition:food:Yogyakarta · zone=prambanan · spawning
[2026-08-23T11:28:42.008Z] tick · acquisition:accommodation:Yogyakarta · exit=0 signal=- · OK
[2026-08-23T11:28:42.681Z] tick · social:cron-tick · fetching GET http://localhost:3008/api/cron/comms-social-worker
[2026-08-23T11:28:42.831Z] tick · social:cron-tick · status=200 · OK
[2026-08-23T11:28:45.010Z] tick · acquisition:accommodation:Yogyakarta · zone=malioboro · spawning
[2026-08-23T11:28:58.884Z] tick · acquisition:food:Yogyakarta · exit=0 signal=- · OK
[2026-08-23T11:29:01.886Z] tick · acquisition:food:Yogyakarta · zone=sleman-north · spawning
[2026-08-23T11:29:15.457Z] tick · acquisition:accommodation:Yogyakarta · exit=0 signal=- · OK
[2026-08-23T11:29:18.460Z] tick · acquisition:accommodation:Yogyakarta · zone=prawirotaman · spawning
[2026-08-23T11:29:38.220Z] tick · acquisition:food:Yogyakarta · exit=0 signal=- · OK
[2026-08-23T11:29:41.221Z] tick · acquisition:food:Yogyakarta · zone=bantul-south · spawning
[2026-08-23T11:29:42.184Z] tick · cle:conversation · spawning
[2026-08-23T11:29:42.274Z] tick · brain:cron-tick · fetching GET http://localhost:3008/api/nex/brain/cron-tick
[2026-08-23T11:29:42.483Z] tick · cle:conversation · exit=0 signal=- · OK
[2026-08-23T11:29:42.545Z] tick · brain:cron-tick · status=200 · OK
[2026-08-23T11:29:42.696Z] tick · social:cron-tick · fetching GET http://localhost:3008/api/cron/comms-social-worker
[2026-08-23T11:29:42.789Z] tick · social:cron-tick · status=200 · OK
[2026-08-23T11:29:48.894Z] tick · acquisition:accommodation:Yogyakarta · exit=0 signal=- · OK
[2026-08-23T11:29:51.901Z] tick · acquisition:accommodation:Yogyakarta · zone=kaliurang · spawning
[2026-08-23T11:30:11.523Z] tick · acquisition:food:Yogyakarta · exit=0 signal=- · OK
[2026-08-23T11:30:14.524Z] tick · acquisition:food:Yogyakarta · zone=klaten-east · spawning
[2026-08-23T11:30:22.240Z] tick · acquisition:accommodation:Yogyakarta · exit=0 signal=- · OK
[2026-08-23T11:30:25.243Z] tick · acquisition:accommodation:Yogyakarta · zone=borobudur · spawning
[2026-08-23T11:30:42.700Z] tick · social:cron-tick · fetching GET http://localhost:3008/api/cron/comms-social-worker
[2026-08-23T11:30:42.907Z] tick · social:cron-tick · status=200 · OK
[2026-08-23T11:30:44.849Z] tick · acquisition:food:Yogyakarta · exit=0 signal=- · OK
[2026-08-23T11:30:47.850Z] tick · acquisition:food:Yogyakarta · zone=gamping-west · spawning
[2026-08-23T11:30:55.586Z] tick · acquisition:accommodation:Yogyakarta · exit=0 signal=- · OK
[2026-08-23T11:30:58.600Z] tick · acquisition:accommodation:Yogyakarta · zone=yogya-wider · spawning
[2026-08-23T11:31:18.285Z] tick · acquisition:food:Yogyakarta · exit=0 signal=- · OK
[2026-08-23T11:31:21.291Z] tick · acquisition:food:Yogyakarta · zone=prambanan · spawning
[2026-08-23T11:31:28.939Z] tick · acquisition:accommodation:Yogyakarta · exit=0 signal=- · OK
[2026-08-23T11:31:31.951Z] tick · acquisition:accommodation:Yogyakarta · zone=malioboro · spawning
[2026-08-23T11:31:42.715Z] tick · social:cron-tick · fetching GET http://localhost:3008/api/cron/comms-social-worker
[2026-08-23T11:31:43.018Z] tick · social:cron-tick · status=200 · OK
[2026-08-23T11:31:59.132Z] tick · acquisition:food:Yogyakarta · exit=0 signal=- · OK
[2026-08-23T11:32:02.144Z] tick · acquisition:food:Yogyakarta · zone=sleman-north · spawning
[2026-08-23T11:32:02.283Z] tick · acquisition:accommodation:Yogyakarta · exit=0 signal=- · OK
[2026-08-23T11:32:05.285Z] tick · acquisition:accommodation:Yogyakarta · zone=prawirotaman · spawning
[2026-08-23T11:32:35.725Z] tick · acquisition:accommodation:Yogyakarta · exit=0 signal=- · OK
[2026-08-23T11:32:38.737Z] tick · acquisition:accommodation:Yogyakarta · zone=kaliurang · spawning
[2026-08-23T11:32:39.865Z] tick · acquisition:food:Yogyakarta · exit=0 signal=- · OK
[2026-08-23T11:32:42.285Z] tick · brain:cron-tick · fetching GET http://localhost:3008/api/nex/brain/cron-tick
[2026-08-23T11:32:42.726Z] tick · social:cron-tick · fetching GET http://localhost:3008/api/cron/comms-social-worker
[2026-08-23T11:32:42.835Z] tick · social:cron-tick · status=200 · OK
[2026-08-23T11:32:42.870Z] tick · acquisition:food:Yogyakarta · zone=bantul-south · spawning
[2026-08-23T11:32:42.913Z] tick · brain:cron-tick · status=200 · OK
[2026-08-23T11:33:09.119Z] tick · acquisition:accommodation:Yogyakarta · exit=0 signal=- · OK
[2026-08-23T11:33:12.123Z] tick · acquisition:accommodation:Yogyakarta · zone=borobudur · spawning
[2026-08-23T11:33:13.293Z] tick · acquisition:food:Yogyakarta · exit=0 signal=- · OK
[2026-08-23T11:33:16.301Z] tick · acquisition:food:Yogyakarta · zone=klaten-east · spawning
[2026-08-23T11:33:42.572Z] tick · acquisition:accommodation:Yogyakarta · exit=0 signal=- · OK
[2026-08-23T11:33:42.731Z] tick · social:cron-tick · fetching GET http://localhost:3008/api/cron/comms-social-worker
[2026-08-23T11:33:42.930Z] tick · social:cron-tick · status=200 · OK
[2026-08-23T11:33:45.576Z] tick · acquisition:accommodation:Yogyakarta · zone=yogya-wider · spawning
[2026-08-23T11:33:46.747Z] tick · acquisition:food:Yogyakarta · exit=0 signal=- · OK
[2026-08-23T11:33:49.757Z] tick · acquisition:food:Yogyakarta · zone=gamping-west · spawning
[2026-08-23T11:34:16.002Z] tick · acquisition:accommodation:Yogyakarta · exit=0 signal=- · OK
[2026-08-23T11:34:19.009Z] tick · acquisition:accommodation:Yogyakarta · zone=malioboro · spawning
[2026-08-23T11:34:42.732Z] tick · social:cron-tick · fetching GET http://localhost:3008/api/cron/comms-social-worker
[2026-08-23T11:34:42.911Z] tick · social:cron-tick · status=200 · OK
[2026-08-23T11:34:49.471Z] tick · acquisition:accommodation:Yogyakarta · exit=0 signal=- · OK
[2026-08-23T11:34:52.474Z] tick · acquisition:accommodation:Yogyakarta · zone=prawirotaman · spawning
[2026-08-23T11:35:17.853Z] tick · acquisition:food:Yogyakarta · exit=0 signal=- · OK
[2026-08-23T11:35:20.854Z] tick · acquisition:food:Yogyakarta · zone=prambanan · spawning
[2026-08-23T11:35:22.787Z] tick · acquisition:accommodation:Yogyakarta · exit=0 signal=- · OK
[2026-08-23T11:35:25.795Z] tick · acquisition:accommodation:Yogyakarta · zone=kaliurang · spawning
[2026-08-23T11:35:42.292Z] tick · brain:cron-tick · fetching GET http://localhost:3008/api/nex/brain/cron-tick
[2026-08-23T11:35:42.734Z] tick · social:cron-tick · fetching GET http://localhost:3008/api/cron/comms-social-worker
[2026-08-23T11:35:42.787Z] tick · brain:cron-tick · status=200 · OK
[2026-08-23T11:35:42.860Z] tick · social:cron-tick · status=200 · OK
[2026-08-23T11:35:56.190Z] tick · acquisition:accommodation:Yogyakarta · exit=0 signal=- · OK
[2026-08-23T11:35:59.190Z] tick · acquisition:accommodation:Yogyakarta · zone=borobudur · spawning
[2026-08-23T11:36:08.763Z] tick · acquisition:food:Yogyakarta · exit=0 signal=- · OK
[2026-08-23T11:36:11.774Z] tick · acquisition:food:Yogyakarta · zone=sleman-north · spawning
[2026-08-23T11:36:29.490Z] tick · acquisition:accommodation:Yogyakarta · exit=0 signal=- · OK
[2026-08-23T11:36:32.496Z] tick · acquisition:accommodation:Yogyakarta · zone=yogya-wider · spawning
[2026-08-23T11:36:42.734Z] tick · social:cron-tick · fetching GET http://localhost:3008/api/cron/comms-social-worker
[2026-08-23T11:36:42.887Z] tick · social:cron-tick · status=200 · OK
[2026-08-23T11:36:48.503Z] tick · acquisition:food:Yogyakarta · exit=0 signal=- · OK
[2026-08-23T11:36:51.508Z] tick · acquisition:food:Yogyakarta · zone=bantul-south · spawning
[2026-08-23T11:37:02.801Z] tick · acquisition:accommodation:Yogyakarta · exit=0 signal=- · OK
[2026-08-23T11:37:05.803Z] tick · acquisition:accommodation:Yogyakarta · zone=malioboro · spawning
[2026-08-23T11:37:21.822Z] tick · acquisition:food:Yogyakarta · exit=0 signal=- · OK
[2026-08-23T11:37:24.833Z] tick · acquisition:food:Yogyakarta · zone=klaten-east · spawning
[2026-08-23T11:37:28.778Z] tick · promotion:food:Yogyakarta:quality-check · spawning
[2026-08-23T11:37:29.169Z] tick · promotion:food:Yogyakarta:quality-check · exit=0 signal=- · OK
[2026-08-23T11:37:36.125Z] tick · acquisition:accommodation:Yogyakarta · exit=0 signal=- · OK
[2026-08-23T11:37:39.126Z] tick · acquisition:accommodation:Yogyakarta · zone=prawirotaman · spawning
[2026-08-23T11:37:42.740Z] tick · social:cron-tick · fetching GET http://localhost:3008/api/cron/comms-social-worker
[2026-08-23T11:37:42.971Z] tick · social:cron-tick · status=200 · OK
[2026-08-23T11:37:55.192Z] tick · acquisition:food:Yogyakarta · exit=0 signal=- · OK
[2026-08-23T11:37:58.194Z] tick · acquisition:food:Yogyakarta · zone=gamping-west · spawning
[2026-08-23T11:38:09.580Z] tick · acquisition:accommodation:Yogyakarta · exit=0 signal=- · OK
[2026-08-23T11:38:12.592Z] tick · acquisition:accommodation:Yogyakarta · zone=kaliurang · spawning
[2026-08-23T11:38:42.295Z] tick · brain:cron-tick · fetching GET http://localhost:3008/api/nex/brain/cron-tick
[2026-08-23T11:38:42.750Z] tick · social:cron-tick · fetching GET http://localhost:3008/api/cron/comms-social-worker
[2026-08-23T11:38:42.753Z] tick · brain:cron-tick · status=200 · OK
[2026-08-23T11:38:42.848Z] tick · social:cron-tick · status=200 · OK
[2026-08-23T11:38:42.972Z] tick · acquisition:accommodation:Yogyakarta · exit=0 signal=- · OK
[2026-08-23T11:38:45.975Z] tick · acquisition:accommodation:Yogyakarta · zone=borobudur · spawning
[2026-08-23T11:39:16.427Z] tick · acquisition:accommodation:Yogyakarta · exit=0 signal=- · OK
[2026-08-23T11:39:19.427Z] tick · acquisition:accommodation:Yogyakarta · zone=yogya-wider · spawning
[2026-08-23T11:39:27.366Z] tick · acquisition:food:Yogyakarta · exit=0 signal=- · OK
[2026-08-23T11:39:30.372Z] tick · acquisition:food:Yogyakarta · zone=prambanan · spawning
[2026-08-23T11:39:42.190Z] tick · cle:conversation · spawning
[2026-08-23T11:39:42.520Z] tick · cle:conversation · exit=0 signal=- · OK
[2026-08-23T11:39:42.759Z] tick · social:cron-tick · fetching GET http://localhost:3008/api/cron/comms-social-worker
[2026-08-23T11:39:42.991Z] tick · social:cron-tick · status=200 · OK
[2026-08-23T11:39:49.811Z] tick · acquisition:accommodation:Yogyakarta · exit=0 signal=- · OK
[2026-08-23T11:39:52.825Z] tick · acquisition:accommodation:Yogyakarta · zone=malioboro · spawning
[2026-08-23T11:40:10.030Z] tick · acquisition:food:Yogyakarta · exit=0 signal=- · OK
[2026-08-23T11:40:13.030Z] tick · acquisition:food:Yogyakarta · zone=sleman-north · spawning
[2026-08-23T11:40:23.230Z] tick · acquisition:accommodation:Yogyakarta · exit=0 signal=- · OK
[2026-08-23T11:40:26.233Z] tick · acquisition:accommodation:Yogyakarta · zone=prawirotaman · spawning
[2026-08-23T11:40:42.765Z] tick · social:cron-tick · fetching GET http://localhost:3008/api/cron/comms-social-worker
[2026-08-23T11:40:43.056Z] tick · social:cron-tick · status=200 · OK
[2026-08-23T11:40:49.671Z] tick · acquisition:food:Yogyakarta · exit=0 signal=- · OK
[2026-08-23T11:40:52.674Z] tick · acquisition:food:Yogyakarta · zone=bantul-south · spawning
[2026-08-23T11:40:56.676Z] tick · acquisition:accommodation:Yogyakarta · exit=0 signal=- · OK
[2026-08-23T11:40:59.677Z] tick · acquisition:accommodation:Yogyakarta · zone=kaliurang · spawning
[2026-08-23T11:41:23.170Z] tick · acquisition:food:Yogyakarta · exit=0 signal=- · OK
[2026-08-23T11:41:26.183Z] tick · acquisition:food:Yogyakarta · zone=klaten-east · spawning
[2026-08-23T11:41:30.032Z] tick · acquisition:accommodation:Yogyakarta · exit=0 signal=- · OK
[2026-08-23T11:41:33.035Z] tick · acquisition:accommodation:Yogyakarta · zone=borobudur · spawning
[2026-08-23T11:41:42.302Z] tick · brain:cron-tick · fetching GET http://localhost:3008/api/nex/brain/cron-tick
[2026-08-23T11:41:42.627Z] tick · brain:cron-tick · status=200 · OK
[2026-08-23T11:41:42.771Z] tick · social:cron-tick · fetching GET http://localhost:3008/api/cron/comms-social-worker
[2026-08-23T11:41:42.857Z] tick · social:cron-tick · status=200 · OK
[2026-08-23T11:41:56.519Z] tick · acquisition:food:Yogyakarta · exit=0 signal=- · OK
[2026-08-23T11:41:59.533Z] tick · acquisition:food:Yogyakarta · zone=gamping-west · spawning
[2026-08-23T11:42:03.344Z] tick · acquisition:accommodation:Yogyakarta · exit=0 signal=- · OK
[2026-08-23T11:42:06.347Z] tick · acquisition:accommodation:Yogyakarta · zone=yogya-wider · spawning
[2026-08-23T11:42:36.779Z] tick · acquisition:accommodation:Yogyakarta · exit=0 signal=- · OK
[2026-08-23T11:42:39.786Z] tick · acquisition:accommodation:Yogyakarta · zone=malioboro · spawning
[2026-08-23T11:42:42.780Z] tick · social:cron-tick · fetching GET http://localhost:3008/api/cron/comms-social-worker
[2026-08-23T11:42:42.945Z] tick · social:cron-tick · status=200 · OK
[2026-08-23T11:43:10.112Z] tick · acquisition:accommodation:Yogyakarta · exit=0 signal=- · OK
[2026-08-23T11:43:13.116Z] tick · acquisition:accommodation:Yogyakarta · zone=prawirotaman · spawning
[2026-08-23T11:43:16.714Z] tick · acquisition:food:Yogyakarta · exit=0 signal=- · OK
[2026-08-23T11:43:19.713Z] tick · acquisition:food:Yogyakarta · zone=prambanan · spawning
[2026-08-23T11:43:42.793Z] tick · social:cron-tick · fetching GET http://localhost:3008/api/cron/comms-social-worker
[2026-08-23T11:43:42.990Z] tick · social:cron-tick · status=200 · OK
[2026-08-23T11:43:43.430Z] tick · acquisition:accommodation:Yogyakarta · exit=0 signal=- · OK
[2026-08-23T11:43:46.431Z] tick · acquisition:accommodation:Yogyakarta · zone=kaliurang · spawning
[2026-08-23T11:43:55.300Z] tick · acquisition:food:Yogyakarta · exit=0 signal=- · OK
[2026-08-23T11:43:58.302Z] tick · acquisition:food:Yogyakarta · zone=sleman-north · spawning
[2026-08-23T11:44:16.779Z] tick · acquisition:accommodation:Yogyakarta · exit=0 signal=- · OK
[2026-08-23T11:44:19.784Z] tick · acquisition:accommodation:Yogyakarta · zone=borobudur · spawning
[2026-08-23T11:44:32.660Z] tick · acquisition:food:Yogyakarta · exit=0 signal=- · OK
[2026-08-23T11:44:35.667Z] tick · acquisition:food:Yogyakarta · zone=bantul-south · spawning
[2026-08-23T11:44:42.310Z] tick · brain:cron-tick · fetching GET http://localhost:3008/api/nex/brain/cron-tick
[2026-08-23T11:44:42.741Z] tick · brain:cron-tick · status=200 · OK
[2026-08-23T11:44:42.798Z] tick · social:cron-tick · fetching GET http://localhost:3008/api/cron/comms-social-worker
[2026-08-23T11:44:42.885Z] tick · social:cron-tick · status=200 · OK
[2026-08-23T11:44:50.112Z] tick · acquisition:accommodation:Yogyakarta · exit=0 signal=- · OK
[2026-08-23T11:44:53.119Z] tick · acquisition:accommodation:Yogyakarta · zone=yogya-wider · spawning
[2026-08-23T11:45:06.022Z] tick · acquisition:food:Yogyakarta · exit=0 signal=- · OK
[2026-08-23T11:45:09.026Z] tick · acquisition:food:Yogyakarta · zone=klaten-east · spawning
[2026-08-23T11:45:23.573Z] tick · acquisition:accommodation:Yogyakarta · exit=0 signal=- · OK
[2026-08-23T11:45:26.583Z] tick · acquisition:accommodation:Yogyakarta · zone=malioboro · spawning
[2026-08-23T11:45:39.441Z] tick · acquisition:food:Yogyakarta · exit=0 signal=- · OK
[2026-08-23T11:45:42.446Z] tick · acquisition:food:Yogyakarta · zone=gamping-west · spawning
[2026-08-23T11:45:42.803Z] tick · social:cron-tick · fetching GET http://localhost:3008/api/cron/comms-social-worker
[2026-08-23T11:45:43.054Z] tick · social:cron-tick · status=200 · OK
[2026-08-23T11:45:56.888Z] tick · acquisition:accommodation:Yogyakarta · exit=0 signal=- · OK
[2026-08-23T11:45:59.891Z] tick · acquisition:accommodation:Yogyakarta · zone=prawirotaman · spawning
[2026-08-23T11:46:27.248Z] tick · acquisition:food:Yogyakarta · exit=0 signal=- · OK
[2026-08-23T11:46:30.204Z] tick · acquisition:accommodation:Yogyakarta · exit=0 signal=- · OK
[2026-08-23T11:46:30.256Z] tick · acquisition:food:Yogyakarta · zone=prambanan · spawning
[2026-08-23T11:46:33.208Z] tick · acquisition:accommodation:Yogyakarta · zone=kaliurang · spawning
[2026-08-23T11:46:42.812Z] tick · social:cron-tick · fetching GET http://localhost:3008/api/cron/comms-social-worker
[2026-08-23T11:46:42.984Z] tick · social:cron-tick · status=200 · OK
[2026-08-23T11:47:03.529Z] tick · acquisition:accommodation:Yogyakarta · exit=0 signal=- · OK
[2026-08-23T11:47:06.529Z] tick · acquisition:accommodation:Yogyakarta · zone=borobudur · spawning
[2026-08-23T11:47:36.807Z] tick · acquisition:accommodation:Yogyakarta · exit=0 signal=- · OK
[2026-08-23T11:47:39.814Z] tick · acquisition:accommodation:Yogyakarta · zone=yogya-wider · spawning
[2026-08-23T11:47:42.321Z] tick · brain:cron-tick · fetching GET http://localhost:3008/api/nex/brain/cron-tick
[2026-08-23T11:47:42.675Z] tick · brain:cron-tick · status=200 · OK
[2026-08-23T11:47:42.819Z] tick · social:cron-tick · fetching GET http://localhost:3008/api/cron/comms-social-worker
[2026-08-23T11:47:42.881Z] tick · social:cron-tick · status=200 · OK
[2026-08-23T11:48:10.175Z] tick · acquisition:accommodation:Yogyakarta · exit=0 signal=- · OK
[2026-08-23T11:48:13.180Z] tick · acquisition:accommodation:Yogyakarta · zone=malioboro · spawning
[2026-08-23T11:48:42.825Z] tick · social:cron-tick · fetching GET http://localhost:3008/api/cron/comms-social-worker
[2026-08-23T11:48:43.129Z] tick · social:cron-tick · status=200 · OK
[2026-08-23T11:48:43.558Z] tick · acquisition:accommodation:Yogyakarta · exit=0 signal=- · OK
[2026-08-23T11:48:46.565Z] tick · acquisition:accommodation:Yogyakarta · zone=prawirotaman · spawning
[2026-08-23T11:49:16.861Z] tick · acquisition:accommodation:Yogyakarta · exit=0 signal=- · OK
[2026-08-23T11:49:19.865Z] tick · acquisition:accommodation:Yogyakarta · zone=kaliurang · spawning
[2026-08-23T11:49:42.207Z] tick · cle:conversation · spawning
[2026-08-23T11:49:42.717Z] tick · cle:conversation · exit=0 signal=- · OK
[2026-08-23T11:49:42.830Z] tick · social:cron-tick · fetching GET http://localhost:3008/api/cron/comms-social-worker
[2026-08-23T11:49:43.048Z] tick · social:cron-tick · status=200 · OK
[2026-08-23T11:49:50.289Z] tick · acquisition:accommodation:Yogyakarta · exit=0 signal=- · OK
[2026-08-23T11:49:53.289Z] tick · acquisition:accommodation:Yogyakarta · zone=borobudur · spawning
[2026-08-23T11:50:01.003Z] tick · acquisition:food:Yogyakarta · exit=0 signal=- · OK
[2026-08-23T11:50:04.011Z] tick · acquisition:food:Yogyakarta · zone=sleman-north · spawning
[2026-08-23T11:50:23.764Z] tick · acquisition:accommodation:Yogyakarta · exit=0 signal=- · OK
[2026-08-23T11:50:26.767Z] tick · acquisition:accommodation:Yogyakarta · zone=yogya-wider · spawning
[2026-08-23T11:50:37.715Z] tick · acquisition:food:Yogyakarta · exit=0 signal=- · OK
[2026-08-23T11:50:40.719Z] tick · acquisition:food:Yogyakarta · zone=bantul-south · spawning
[2026-08-23T11:50:42.322Z] tick · brain:cron-tick · fetching GET http://localhost:3008/api/nex/brain/cron-tick
[2026-08-23T11:50:42.836Z] tick · social:cron-tick · fetching GET http://localhost:3008/api/cron/comms-social-worker
[2026-08-23T11:50:42.896Z] tick · brain:cron-tick · status=200 · OK
[2026-08-23T11:50:42.930Z] tick · social:cron-tick · status=200 · OK
[2026-08-23T11:50:57.326Z] tick · acquisition:accommodation:Yogyakarta · exit=0 signal=- · OK
[2026-08-23T11:51:00.332Z] tick · acquisition:accommodation:Yogyakarta · zone=malioboro · spawning
[2026-08-23T11:51:11.121Z] tick · acquisition:food:Yogyakarta · exit=0 signal=- · OK
[2026-08-23T11:51:14.121Z] tick · acquisition:food:Yogyakarta · zone=klaten-east · spawning
[2026-08-23T11:51:30.667Z] tick · acquisition:accommodation:Yogyakarta · exit=0 signal=- · OK
[2026-08-23T11:51:33.677Z] tick · acquisition:accommodation:Yogyakarta · zone=prawirotaman · spawning
[2026-08-23T11:51:42.845Z] tick · social:cron-tick · fetching GET http://localhost:3008/api/cron/comms-social-worker
[2026-08-23T11:51:42.980Z] tick · social:cron-tick · status=200 · OK
[2026-08-23T11:51:44.467Z] tick · acquisition:food:Yogyakarta · exit=0 signal=- · OK
[2026-08-23T11:51:47.473Z] tick · acquisition:food:Yogyakarta · zone=gamping-west · spawning
[2026-08-23T11:52:03.976Z] tick · acquisition:accommodation:Yogyakarta · exit=0 signal=- · OK
[2026-08-23T11:52:06.978Z] tick · acquisition:accommodation:Yogyakarta · zone=kaliurang · spawning
[2026-08-23T11:52:17.831Z] tick · acquisition:food:Yogyakarta · exit=0 signal=- · OK
[2026-08-23T11:52:20.834Z] tick · acquisition:food:Yogyakarta · zone=prambanan · spawning
[2026-08-23T11:52:37.332Z] tick · acquisition:accommodation:Yogyakarta · exit=0 signal=- · OK
[2026-08-23T11:52:40.341Z] tick · acquisition:accommodation:Yogyakarta · zone=borobudur · spawning
[2026-08-23T11:52:42.853Z] tick · social:cron-tick · fetching GET http://localhost:3008/api/cron/comms-social-worker
[2026-08-23T11:52:43.154Z] tick · social:cron-tick · status=200 · OK
[2026-08-23T11:53:10.842Z] tick · acquisition:accommodation:Yogyakarta · exit=0 signal=- · OK
[2026-08-23T11:53:10.935Z] tick · acquisition:food:Yogyakarta · exit=0 signal=- · OK
[2026-08-23T11:53:13.846Z] tick · acquisition:accommodation:Yogyakarta · zone=yogya-wider · spawning
[2026-08-23T11:53:13.939Z] tick · acquisition:food:Yogyakarta · zone=sleman-north · spawning
[2026-08-23T11:53:42.331Z] tick · brain:cron-tick · fetching GET http://localhost:3008/api/nex/brain/cron-tick
[2026-08-23T11:53:42.635Z] tick · brain:cron-tick · status=200 · OK
[2026-08-23T11:53:42.861Z] tick · social:cron-tick · fetching GET http://localhost:3008/api/cron/comms-social-worker
[2026-08-23T11:53:42.944Z] tick · social:cron-tick · status=200 · OK
[2026-08-23T11:53:44.454Z] tick · acquisition:accommodation:Yogyakarta · exit=0 signal=- · OK
[2026-08-23T11:53:47.456Z] tick · acquisition:accommodation:Yogyakarta · zone=malioboro · spawning
[2026-08-23T11:53:48.775Z] tick · acquisition:food:Yogyakarta · exit=0 signal=- · OK
[2026-08-23T11:53:51.787Z] tick · acquisition:food:Yogyakarta · zone=bantul-south · spawning
[2026-08-23T11:54:17.771Z] tick · acquisition:accommodation:Yogyakarta · exit=0 signal=- · OK
[2026-08-23T11:54:20.776Z] tick · acquisition:accommodation:Yogyakarta · zone=prawirotaman · spawning
[2026-08-23T11:54:22.105Z] tick · acquisition:food:Yogyakarta · exit=0 signal=- · OK
[2026-08-23T11:54:25.111Z] tick · acquisition:food:Yogyakarta · zone=klaten-east · spawning
[2026-08-23T11:54:42.865Z] tick · social:cron-tick · fetching GET http://localhost:3008/api/cron/comms-social-worker
[2026-08-23T11:54:43.154Z] tick · social:cron-tick · status=200 · OK
[2026-08-23T11:54:51.076Z] tick · acquisition:accommodation:Yogyakarta · exit=0 signal=- · OK
[2026-08-23T11:54:54.076Z] tick · acquisition:accommodation:Yogyakarta · zone=kaliurang · spawning
[2026-08-23T11:54:55.538Z] tick · acquisition:food:Yogyakarta · exit=0 signal=- · OK
[2026-08-23T11:54:58.548Z] tick · acquisition:food:Yogyakarta · zone=gamping-west · spawning
[2026-08-23T11:55:24.466Z] tick · acquisition:accommodation:Yogyakarta · exit=0 signal=- · OK
[2026-08-23T11:55:27.468Z] tick · acquisition:accommodation:Yogyakarta · zone=borobudur · spawning
[2026-08-23T11:55:28.968Z] tick · acquisition:food:Yogyakarta · exit=0 signal=- · OK
[2026-08-23T11:55:31.975Z] tick · acquisition:food:Yogyakarta · zone=prambanan · spawning
[2026-08-23T11:55:42.869Z] tick · social:cron-tick · fetching GET http://localhost:3008/api/cron/comms-social-worker
[2026-08-23T11:55:43.019Z] tick · social:cron-tick · status=200 · OK
[2026-08-23T11:55:57.770Z] tick · acquisition:accommodation:Yogyakarta · exit=0 signal=- · OK
[2026-08-23T11:56:00.780Z] tick · acquisition:accommodation:Yogyakarta · zone=yogya-wider · spawning
[2026-08-23T11:56:08.606Z] tick · acquisition:food:Yogyakarta · exit=0 signal=- · OK
[2026-08-23T11:56:11.608Z] tick · acquisition:food:Yogyakarta · zone=sleman-north · spawning
[2026-08-23T11:56:31.118Z] tick · acquisition:accommodation:Yogyakarta · exit=0 signal=- · OK
[2026-08-23T11:56:34.127Z] tick · acquisition:accommodation:Yogyakarta · zone=malioboro · spawning
[2026-08-23T11:56:42.335Z] tick · brain:cron-tick · fetching GET http://localhost:3008/api/nex/brain/cron-tick
[2026-08-23T11:56:42.586Z] tick · brain:cron-tick · status=200 · OK
[2026-08-23T11:56:42.881Z] tick · social:cron-tick · fetching GET http://localhost:3008/api/cron/comms-social-worker
[2026-08-23T11:56:42.957Z] tick · social:cron-tick · status=200 · OK
[2026-08-23T11:56:47.523Z] tick · acquisition:food:Yogyakarta · exit=0 signal=- · OK
[2026-08-23T11:56:50.523Z] tick · acquisition:food:Yogyakarta · zone=bantul-south · spawning
[2026-08-23T11:57:04.431Z] tick · acquisition:accommodation:Yogyakarta · exit=0 signal=- · OK
[2026-08-23T11:57:07.432Z] tick · acquisition:accommodation:Yogyakarta · zone=prawirotaman · spawning
[2026-08-23T11:57:20.887Z] tick · acquisition:food:Yogyakarta · exit=0 signal=- · OK
[2026-08-23T11:57:23.898Z] tick · acquisition:food:Yogyakarta · zone=klaten-east · spawning
[2026-08-23T11:57:37.716Z] tick · acquisition:accommodation:Yogyakarta · exit=0 signal=- · OK
[2026-08-23T11:57:40.719Z] tick · acquisition:accommodation:Yogyakarta · zone=kaliurang · spawning
[2026-08-23T11:57:42.882Z] tick · social:cron-tick · fetching GET http://localhost:3008/api/cron/comms-social-worker
[2026-08-23T11:57:43.050Z] tick · social:cron-tick · status=200 · OK
[2026-08-23T11:57:54.376Z] tick · acquisition:food:Yogyakarta · exit=0 signal=- · OK
[2026-08-23T11:57:57.391Z] tick · acquisition:food:Yogyakarta · zone=gamping-west · spawning
[2026-08-23T11:58:11.097Z] tick · acquisition:accommodation:Yogyakarta · exit=0 signal=- · OK
[2026-08-23T11:58:14.101Z] tick · acquisition:accommodation:Yogyakarta · zone=borobudur · spawning
[2026-08-23T11:58:27.812Z] tick · acquisition:food:Yogyakarta · exit=0 signal=- · OK
[2026-08-23T11:58:30.816Z] tick · acquisition:food:Yogyakarta · zone=prambanan · spawning
[2026-08-23T11:58:42.884Z] tick · social:cron-tick · fetching GET http://localhost:3008/api/cron/comms-social-worker
[2026-08-23T11:58:43.047Z] tick · social:cron-tick · status=200 · OK
[2026-08-23T11:58:44.407Z] tick · acquisition:accommodation:Yogyakarta · exit=0 signal=- · OK
[2026-08-23T11:58:47.412Z] tick · acquisition:accommodation:Yogyakarta · zone=yogya-wider · spawning
[2026-08-23T11:59:09.321Z] tick · acquisition:food:Yogyakarta · exit=0 signal=- · OK
[2026-08-23T11:59:12.326Z] tick · acquisition:food:Yogyakarta · zone=sleman-north · spawning
[2026-08-23T11:59:17.708Z] tick · acquisition:accommodation:Yogyakarta · exit=0 signal=- · OK
[2026-08-23T11:59:20.713Z] tick · acquisition:accommodation:Yogyakarta · zone=malioboro · spawning
[2026-08-23T11:59:42.210Z] tick · cle:conversation · spawning
[2026-08-23T11:59:42.340Z] tick · brain:cron-tick · fetching GET http://localhost:3008/api/nex/brain/cron-tick
[2026-08-23T11:59:42.538Z] tick · cle:conversation · exit=0 signal=- · OK
[2026-08-23T11:59:42.898Z] tick · social:cron-tick · fetching GET http://localhost:3008/api/cron/comms-social-worker
[2026-08-23T11:59:42.978Z] tick · brain:cron-tick · status=200 · OK
[2026-08-23T11:59:43.004Z] tick · social:cron-tick · status=200 · OK
[2026-08-23T11:59:46.463Z] tick · acquisition:food:Yogyakarta · exit=0 signal=- · OK
[2026-08-23T11:59:49.474Z] tick · acquisition:food:Yogyakarta · zone=bantul-south · spawning
[2026-08-23T11:59:51.125Z] tick · acquisition:accommodation:Yogyakarta · exit=0 signal=- · OK
[2026-08-23T11:59:54.126Z] tick · acquisition:accommodation:Yogyakarta · zone=prawirotaman · spawning
[2026-08-23T12:00:19.869Z] tick · acquisition:food:Yogyakarta · exit=0 signal=- · OK
[2026-08-23T12:00:22.871Z] tick · acquisition:food:Yogyakarta · zone=klaten-east · spawning
[2026-08-23T12:00:24.456Z] tick · acquisition:accommodation:Yogyakarta · exit=0 signal=- · OK
[2026-08-23T12:00:27.460Z] tick · acquisition:accommodation:Yogyakarta · zone=kaliurang · spawning
[2026-08-23T12:00:42.908Z] tick · social:cron-tick · fetching GET http://localhost:3008/api/cron/comms-social-worker
[2026-08-23T12:00:43.183Z] tick · social:cron-tick · status=200 · OK
[2026-08-23T12:00:53.170Z] tick · acquisition:food:Yogyakarta · exit=0 signal=- · OK
[2026-08-23T12:00:56.178Z] tick · acquisition:food:Yogyakarta · zone=gamping-west · spawning
[2026-08-23T12:00:57.817Z] tick · acquisition:accommodation:Yogyakarta · exit=0 signal=- · OK
[2026-08-23T12:01:00.828Z] tick · acquisition:accommodation:Yogyakarta · zone=borobudur · spawning
[2026-08-23T12:01:26.573Z] tick · acquisition:food:Yogyakarta · exit=0 signal=- · OK
[2026-08-23T12:01:29.589Z] tick · acquisition:food:Yogyakarta · zone=prambanan · spawning
[2026-08-23T12:01:31.145Z] tick · acquisition:accommodation:Yogyakarta · exit=0 signal=- · OK
[2026-08-23T12:01:34.146Z] tick · acquisition:accommodation:Yogyakarta · zone=yogya-wider · spawning
[2026-08-23T12:01:42.920Z] tick · social:cron-tick · fetching GET http://localhost:3008/api/cron/comms-social-worker
[2026-08-23T12:01:43.029Z] tick · social:cron-tick · status=200 · OK
[2026-08-23T12:02:04.538Z] tick · acquisition:accommodation:Yogyakarta · exit=0 signal=- · OK
[2026-08-23T12:02:07.541Z] tick · acquisition:accommodation:Yogyakarta · zone=malioboro · spawning
[2026-08-23T12:02:09.157Z] tick · acquisition:food:Yogyakarta · exit=0 signal=- · OK
[2026-08-23T12:02:12.157Z] tick · acquisition:food:Yogyakarta · zone=sleman-north · spawning
[2026-08-23T12:02:37.866Z] tick · acquisition:accommodation:Yogyakarta · exit=0 signal=- · OK
[2026-08-23T12:02:40.874Z] tick · acquisition:accommodation:Yogyakarta · zone=prawirotaman · spawning
[2026-08-23T12:02:42.342Z] tick · brain:cron-tick · fetching GET http://localhost:3008/api/nex/brain/cron-tick
[2026-08-23T12:02:42.584Z] tick · brain:cron-tick · status=200 · OK
[2026-08-23T12:02:42.926Z] tick · social:cron-tick · fetching GET http://localhost:3008/api/cron/comms-social-worker
[2026-08-23T12:02:43.009Z] tick · social:cron-tick · status=200 · OK
[2026-08-23T12:02:50.532Z] tick · acquisition:food:Yogyakarta · exit=0 signal=- · OK
[2026-08-23T12:02:53.537Z] tick · acquisition:food:Yogyakarta · zone=bantul-south · spawning
[2026-08-23T12:03:11.208Z] tick · acquisition:accommodation:Yogyakarta · exit=0 signal=- · OK
[2026-08-23T12:03:14.212Z] tick · acquisition:accommodation:Yogyakarta · zone=kaliurang · spawning
[2026-08-23T12:03:23.913Z] tick · acquisition:food:Yogyakarta · exit=0 signal=- · OK
[2026-08-23T12:03:26.914Z] tick · acquisition:food:Yogyakarta · zone=klaten-east · spawning
[2026-08-23T12:03:42.933Z] tick · social:cron-tick · fetching GET http://localhost:3008/api/cron/comms-social-worker
[2026-08-23T12:03:43.230Z] tick · social:cron-tick · status=200 · OK
[2026-08-23T12:03:44.575Z] tick · acquisition:accommodation:Yogyakarta · exit=0 signal=- · OK
[2026-08-23T12:03:47.575Z] tick · acquisition:accommodation:Yogyakarta · zone=borobudur · spawning
[2026-08-23T12:03:57.237Z] tick · acquisition:food:Yogyakarta · exit=0 signal=- · OK
[2026-08-23T12:04:00.239Z] tick · acquisition:food:Yogyakarta · zone=gamping-west · spawning
[2026-08-23T12:04:18.010Z] tick · acquisition:accommodation:Yogyakarta · exit=0 signal=- · OK
[2026-08-23T12:04:21.011Z] tick · acquisition:accommodation:Yogyakarta · zone=yogya-wider · spawning
[2026-08-23T12:04:30.645Z] tick · acquisition:food:Yogyakarta · exit=0 signal=- · OK
[2026-08-23T12:04:33.646Z] tick · acquisition:food:Yogyakarta · zone=prambanan · spawning
[2026-08-23T12:04:42.946Z] tick · social:cron-tick · fetching GET http://localhost:3008/api/cron/comms-social-worker
[2026-08-23T12:04:43.108Z] tick · social:cron-tick · status=200 · OK
[2026-08-23T12:04:51.568Z] tick · acquisition:accommodation:Yogyakarta · exit=0 signal=- · OK
[2026-08-23T12:04:54.575Z] tick · acquisition:accommodation:Yogyakarta · zone=malioboro · spawning
[2026-08-23T12:05:09.996Z] tick · acquisition:food:Yogyakarta · exit=0 signal=- · OK
[2026-08-23T12:05:12.998Z] tick · acquisition:food:Yogyakarta · zone=sleman-north · spawning
[2026-08-23T12:05:25.042Z] tick · acquisition:accommodation:Yogyakarta · exit=0 signal=- · OK
[2026-08-23T12:05:28.045Z] tick · acquisition:accommodation:Yogyakarta · zone=prawirotaman · spawning
[2026-08-23T12:05:42.354Z] tick · brain:cron-tick · fetching GET http://localhost:3008/api/nex/brain/cron-tick
[2026-08-23T12:05:42.809Z] tick · brain:cron-tick · status=200 · OK
[2026-08-23T12:05:42.952Z] tick · social:cron-tick · fetching GET http://localhost:3008/api/cron/comms-social-worker
[2026-08-23T12:05:43.131Z] tick · social:cron-tick · status=200 · OK
[2026-08-23T12:05:48.208Z] tick · acquisition:food:Yogyakarta · exit=0 signal=- · OK
[2026-08-23T12:05:51.210Z] tick · acquisition:food:Yogyakarta · zone=bantul-south · spawning
[2026-08-23T12:05:58.430Z] tick · acquisition:accommodation:Yogyakarta · exit=0 signal=- · OK
[2026-08-23T12:06:01.443Z] tick · acquisition:accommodation:Yogyakarta · zone=kaliurang · spawning
[2026-08-23T12:06:21.609Z] tick · acquisition:food:Yogyakarta · exit=0 signal=- · OK
[2026-08-23T12:06:24.622Z] tick · acquisition:food:Yogyakarta · zone=klaten-east · spawning
[2026-08-23T12:06:31.772Z] tick · acquisition:accommodation:Yogyakarta · exit=0 signal=- · OK
[2026-08-23T12:06:34.780Z] tick · acquisition:accommodation:Yogyakarta · zone=borobudur · spawning
[2026-08-23T12:06:42.961Z] tick · social:cron-tick · fetching GET http://localhost:3008/api/cron/comms-social-worker
[2026-08-23T12:06:43.177Z] tick · social:cron-tick · status=200 · OK
[2026-08-23T12:06:54.986Z] tick · acquisition:food:Yogyakarta · exit=0 signal=- · OK
[2026-08-23T12:06:57.996Z] tick · acquisition:food:Yogyakarta · zone=gamping-west · spawning
[2026-08-23T12:07:05.070Z] tick · acquisition:accommodation:Yogyakarta · exit=0 signal=- · OK
[2026-08-23T12:07:08.085Z] tick · acquisition:accommodation:Yogyakarta · zone=yogya-wider · spawning
[2026-08-23T12:07:28.338Z] tick · acquisition:food:Yogyakarta · exit=0 signal=- · OK
[2026-08-23T12:07:28.784Z] tick · promotion:food:Yogyakarta:quality-check · spawning
[2026-08-23T12:07:29.157Z] tick · promotion:food:Yogyakarta:quality-check · exit=0 signal=- · OK
[2026-08-23T12:07:31.345Z] tick · acquisition:food:Yogyakarta · zone=prambanan · spawning
[2026-08-23T12:07:38.544Z] tick · acquisition:accommodation:Yogyakarta · exit=0 signal=- · OK
[2026-08-23T12:07:41.557Z] tick · acquisition:accommodation:Yogyakarta · zone=malioboro · spawning
[2026-08-23T12:07:42.967Z] tick · social:cron-tick · fetching GET http://localhost:3008/api/cron/comms-social-worker
[2026-08-23T12:07:43.114Z] tick · social:cron-tick · status=200 · OK
[2026-08-23T12:08:08.574Z] tick · acquisition:food:Yogyakarta · exit=0 signal=- · OK
[2026-08-23T12:08:11.577Z] tick · acquisition:food:Yogyakarta · zone=sleman-north · spawning
[2026-08-23T12:08:11.825Z] tick · acquisition:accommodation:Yogyakarta · exit=0 signal=- · OK
[2026-08-23T12:08:14.831Z] tick · acquisition:accommodation:Yogyakarta · zone=prawirotaman · spawning
[2026-08-23T12:08:42.361Z] tick · brain:cron-tick · fetching GET http://localhost:3008/api/nex/brain/cron-tick
[2026-08-23T12:08:42.729Z] tick · brain:cron-tick · status=200 · OK
[2026-08-23T12:08:42.972Z] tick · social:cron-tick · fetching GET http://localhost:3008/api/cron/comms-social-worker
[2026-08-23T12:08:43.067Z] tick · social:cron-tick · status=200 · OK
[2026-08-23T12:08:45.090Z] tick · acquisition:accommodation:Yogyakarta · exit=0 signal=- · OK
[2026-08-23T12:08:46.515Z] tick · acquisition:food:Yogyakarta · exit=0 signal=- · OK
[2026-08-23T12:08:48.097Z] tick · acquisition:accommodation:Yogyakarta · zone=kaliurang · spawning
[2026-08-23T12:08:49.524Z] tick · acquisition:food:Yogyakarta · zone=bantul-south · spawning
[2026-08-23T12:09:18.399Z] tick · acquisition:accommodation:Yogyakarta · exit=0 signal=- · OK
[2026-08-23T12:09:19.830Z] tick · acquisition:food:Yogyakarta · exit=0 signal=- · OK
[2026-08-23T12:09:21.410Z] tick · acquisition:accommodation:Yogyakarta · zone=borobudur · spawning
[2026-08-23T12:09:22.831Z] tick · acquisition:food:Yogyakarta · zone=klaten-east · spawning
[2026-08-23T12:09:42.217Z] tick · cle:conversation · spawning
[2026-08-23T12:09:42.610Z] tick · cle:conversation · exit=0 signal=- · OK
[2026-08-23T12:09:42.972Z] tick · social:cron-tick · fetching GET http://localhost:3008/api/cron/comms-social-worker
[2026-08-23T12:09:43.218Z] tick · social:cron-tick · status=200 · OK
[2026-08-23T12:09:51.682Z] tick · acquisition:accommodation:Yogyakarta · exit=0 signal=- · OK
[2026-08-23T12:09:53.173Z] tick · acquisition:food:Yogyakarta · exit=0 signal=- · OK
[2026-08-23T12:09:54.683Z] tick · acquisition:accommodation:Yogyakarta · zone=yogya-wider · spawning
[2026-08-23T12:09:56.180Z] tick · acquisition:food:Yogyakarta · zone=gamping-west · spawning
[2026-08-23T12:10:24.983Z] tick · acquisition:accommodation:Yogyakarta · exit=0 signal=- · OK
[2026-08-23T12:10:26.496Z] tick · acquisition:food:Yogyakarta · exit=0 signal=- · OK
[2026-08-23T12:10:27.987Z] tick · acquisition:accommodation:Yogyakarta · zone=malioboro · spawning
[2026-08-23T12:10:29.507Z] tick · acquisition:food:Yogyakarta · zone=prambanan · spawning
[2026-08-23T12:10:42.975Z] tick · social:cron-tick · fetching GET http://localhost:3008/api/cron/comms-social-worker
[2026-08-23T12:10:43.098Z] tick · social:cron-tick · status=200 · OK
[2026-08-23T12:10:58.252Z] tick · acquisition:accommodation:Yogyakarta · exit=0 signal=- · OK
[2026-08-23T12:11:01.254Z] tick · acquisition:accommodation:Yogyakarta · zone=prawirotaman · spawning
[2026-08-23T12:11:08.112Z] tick · acquisition:food:Yogyakarta · exit=0 signal=- · OK
[2026-08-23T12:11:11.117Z] tick · acquisition:food:Yogyakarta · zone=sleman-north · spawning
[2026-08-23T12:11:31.635Z] tick · acquisition:accommodation:Yogyakarta · exit=0 signal=- · OK
[2026-08-23T12:11:34.647Z] tick · acquisition:accommodation:Yogyakarta · zone=kaliurang · spawning
[2026-08-23T12:11:42.366Z] tick · brain:cron-tick · fetching GET http://localhost:3008/api/nex/brain/cron-tick
[2026-08-23T12:11:42.661Z] tick · brain:cron-tick · status=200 · OK
[2026-08-23T12:11:42.987Z] tick · social:cron-tick · fetching GET http://localhost:3008/api/cron/comms-social-worker
[2026-08-23T12:11:43.048Z] tick · social:cron-tick · status=200 · OK
[2026-08-23T12:11:47.736Z] tick · acquisition:food:Yogyakarta · exit=0 signal=- · OK
[2026-08-23T12:11:50.742Z] tick · acquisition:food:Yogyakarta · zone=bantul-south · spawning
[2026-08-23T12:12:04.935Z] tick · acquisition:accommodation:Yogyakarta · exit=0 signal=- · OK
[2026-08-23T12:12:07.937Z] tick · acquisition:accommodation:Yogyakarta · zone=borobudur · spawning
[2026-08-23T12:12:21.093Z] tick · acquisition:food:Yogyakarta · exit=0 signal=- · OK
[2026-08-23T12:12:24.097Z] tick · acquisition:food:Yogyakarta · zone=klaten-east · spawning
[2026-08-23T12:12:38.254Z] tick · acquisition:accommodation:Yogyakarta · exit=0 signal=- · OK
[2026-08-23T12:12:41.254Z] tick · acquisition:accommodation:Yogyakarta · zone=yogya-wider · spawning
[2026-08-23T12:12:42.993Z] tick · social:cron-tick · fetching GET http://localhost:3008/api/cron/comms-social-worker
[2026-08-23T12:12:43.166Z] tick · social:cron-tick · status=200 · OK
[2026-08-23T12:12:54.434Z] tick · acquisition:food:Yogyakarta · exit=0 signal=- · OK
[2026-08-23T12:12:57.437Z] tick · acquisition:food:Yogyakarta · zone=gamping-west · spawning
[2026-08-23T12:13:11.629Z] tick · acquisition:accommodation:Yogyakarta · exit=0 signal=- · OK
[2026-08-23T12:13:14.629Z] tick · acquisition:accommodation:Yogyakarta · zone=malioboro · spawning
[2026-08-23T12:13:27.789Z] tick · acquisition:food:Yogyakarta · exit=0 signal=- · OK
[2026-08-23T12:13:30.795Z] tick · acquisition:food:Yogyakarta · zone=prambanan · spawning
[2026-08-23T12:13:42.998Z] tick · social:cron-tick · fetching GET http://localhost:3008/api/cron/comms-social-worker
[2026-08-23T12:13:43.248Z] tick · social:cron-tick · status=200 · OK
[2026-08-23T12:13:45.151Z] tick · acquisition:accommodation:Yogyakarta · exit=0 signal=- · OK
[2026-08-23T12:13:48.157Z] tick · acquisition:accommodation:Yogyakarta · zone=prawirotaman · spawning
[2026-08-23T12:14:10.385Z] tick · acquisition:food:Yogyakarta · exit=0 signal=- · OK
[2026-08-23T12:14:13.387Z] tick · acquisition:food:Yogyakarta · zone=sleman-north · spawning
[2026-08-23T12:14:18.510Z] tick · acquisition:accommodation:Yogyakarta · exit=0 signal=- · OK
[2026-08-23T12:14:21.512Z] tick · acquisition:accommodation:Yogyakarta · zone=kaliurang · spawning
[2026-08-23T12:14:42.371Z] tick · brain:cron-tick · fetching GET http://localhost:3008/api/nex/brain/cron-tick
[2026-08-23T12:14:43.004Z] tick · social:cron-tick · fetching GET http://localhost:3008/api/cron/comms-social-worker
[2026-08-23T12:14:43.092Z] tick · brain:cron-tick · status=200 · OK
[2026-08-23T12:14:43.099Z] tick · social:cron-tick · status=200 · OK
[2026-08-23T12:14:51.446Z] tick · acquisition:food:Yogyakarta · exit=0 signal=- · OK
[2026-08-23T12:14:51.851Z] tick · acquisition:accommodation:Yogyakarta · exit=0 signal=- · OK
[2026-08-23T12:14:54.451Z] tick · acquisition:food:Yogyakarta · zone=bantul-south · spawning
[2026-08-23T12:14:54.851Z] tick · acquisition:accommodation:Yogyakarta · zone=borobudur · spawning
[2026-08-23T12:15:24.792Z] tick · acquisition:food:Yogyakarta · exit=0 signal=- · OK
[2026-08-23T12:15:25.185Z] tick · acquisition:accommodation:Yogyakarta · exit=0 signal=- · OK
[2026-08-23T12:15:27.802Z] tick · acquisition:food:Yogyakarta · zone=klaten-east · spawning
[2026-08-23T12:15:28.192Z] tick · acquisition:accommodation:Yogyakarta · zone=yogya-wider · spawning
[2026-08-23T12:15:43.009Z] tick · social:cron-tick · fetching GET http://localhost:3008/api/cron/comms-social-worker
[2026-08-23T12:15:43.164Z] tick · social:cron-tick · status=200 · OK
[2026-08-23T12:15:58.212Z] tick · acquisition:food:Yogyakarta · exit=0 signal=- · OK
[2026-08-23T12:15:58.530Z] tick · acquisition:accommodation:Yogyakarta · exit=0 signal=- · OK
[2026-08-23T12:16:01.212Z] tick · acquisition:food:Yogyakarta · zone=gamping-west · spawning
[2026-08-23T12:16:01.533Z] tick · acquisition:accommodation:Yogyakarta · zone=malioboro · spawning
[2026-08-23T12:16:31.618Z] tick · acquisition:food:Yogyakarta · exit=0 signal=- · OK
[2026-08-23T12:16:31.863Z] tick · acquisition:accommodation:Yogyakarta · exit=0 signal=- · OK
[2026-08-23T12:16:34.624Z] tick · acquisition:food:Yogyakarta · zone=prambanan · spawning
[2026-08-23T12:16:34.867Z] tick · acquisition:accommodation:Yogyakarta · zone=prawirotaman · spawning
[2026-08-23T12:16:43.012Z] tick · social:cron-tick · fetching GET http://localhost:3008/api/cron/comms-social-worker
[2026-08-23T12:16:43.233Z] tick · social:cron-tick · status=200 · OK
[2026-08-23T12:17:05.256Z] tick · acquisition:accommodation:Yogyakarta · exit=0 signal=- · OK
[2026-08-23T12:17:08.261Z] tick · acquisition:accommodation:Yogyakarta · zone=kaliurang · spawning
[2026-08-23T12:17:13.270Z] tick · acquisition:food:Yogyakarta · exit=0 signal=- · OK
[2026-08-23T12:17:16.275Z] tick · acquisition:food:Yogyakarta · zone=sleman-north · spawning
[2026-08-23T12:17:38.845Z] tick · acquisition:accommodation:Yogyakarta · exit=0 signal=- · OK
[2026-08-23T12:17:41.851Z] tick · acquisition:accommodation:Yogyakarta · zone=borobudur · spawning
[2026-08-23T12:17:42.372Z] tick · brain:cron-tick · fetching GET http://localhost:3008/api/nex/brain/cron-tick
[2026-08-23T12:17:43.018Z] tick · social:cron-tick · fetching GET http://localhost:3008/api/cron/comms-social-worker
[2026-08-23T12:17:43.270Z] tick · social:cron-tick · status=200 · OK
[2026-08-23T12:17:43.477Z] tick · brain:cron-tick · status=200 · OK
[2026-08-23T12:17:50.062Z] tick · acquisition:food:Yogyakarta · exit=0 signal=- · OK
[2026-08-23T12:17:53.068Z] tick · acquisition:food:Yogyakarta · zone=bantul-south · spawning
[2026-08-23T12:18:12.308Z] tick · acquisition:accommodation:Yogyakarta · exit=0 signal=- · OK
[2026-08-23T12:18:15.311Z] tick · acquisition:accommodation:Yogyakarta · zone=yogya-wider · spawning
[2026-08-23T12:18:23.693Z] tick · acquisition:food:Yogyakarta · exit=0 signal=- · OK
[2026-08-23T12:18:26.698Z] tick · acquisition:food:Yogyakarta · zone=klaten-east · spawning
[2026-08-23T12:18:43.019Z] tick · social:cron-tick · fetching GET http://localhost:3008/api/cron/comms-social-worker
[2026-08-23T12:18:43.315Z] tick · social:cron-tick · status=200 · OK
[2026-08-23T12:18:45.701Z] tick · acquisition:accommodation:Yogyakarta · exit=0 signal=- · OK
[2026-08-23T12:18:48.703Z] tick · acquisition:accommodation:Yogyakarta · zone=malioboro · spawning
[2026-08-23T12:18:57.141Z] tick · acquisition:food:Yogyakarta · exit=0 signal=- · OK
[2026-08-23T12:19:00.148Z] tick · acquisition:food:Yogyakarta · zone=gamping-west · spawning
[2026-08-23T12:19:19.115Z] tick · acquisition:accommodation:Yogyakarta · exit=0 signal=- · OK
[2026-08-23T12:19:22.115Z] tick · acquisition:accommodation:Yogyakarta · zone=prawirotaman · spawning
[2026-08-23T12:19:30.524Z] tick · acquisition:food:Yogyakarta · exit=0 signal=- · OK
[2026-08-23T12:19:33.528Z] tick · acquisition:food:Yogyakarta · zone=prambanan · spawning
[2026-08-23T12:19:42.217Z] tick · cle:conversation · spawning
[2026-08-23T12:19:42.801Z] tick · cle:conversation · exit=0 signal=- · OK
[2026-08-23T12:19:43.021Z] tick · social:cron-tick · fetching GET http://localhost:3008/api/cron/comms-social-worker
[2026-08-23T12:19:43.169Z] tick · social:cron-tick · status=200 · OK
[2026-08-23T12:19:52.505Z] tick · acquisition:accommodation:Yogyakarta · exit=0 signal=- · OK
[2026-08-23T12:19:55.508Z] tick · acquisition:accommodation:Yogyakarta · zone=kaliurang · spawning
[2026-08-23T12:20:08.809Z] tick · acquisition:food:Yogyakarta · exit=0 signal=- · OK
[2026-08-23T12:20:11.815Z] tick · acquisition:food:Yogyakarta · zone=sleman-north · spawning
[2026-08-23T12:20:25.999Z] tick · acquisition:accommodation:Yogyakarta · exit=0 signal=- · OK
[2026-08-23T12:20:28.999Z] tick · acquisition:accommodation:Yogyakarta · zone=borobudur · spawning
[2026-08-23T12:20:42.374Z] tick · brain:cron-tick · fetching GET http://localhost:3008/api/nex/brain/cron-tick
[2026-08-23T12:20:42.835Z] tick · brain:cron-tick · status=200 · OK
[2026-08-23T12:20:43.028Z] tick · social:cron-tick · fetching GET http://localhost:3008/api/cron/comms-social-worker
[2026-08-23T12:20:43.103Z] tick · social:cron-tick · status=200 · OK
[2026-08-23T12:20:49.420Z] tick · acquisition:food:Yogyakarta · exit=0 signal=- · OK
[2026-08-23T12:20:52.426Z] tick · acquisition:food:Yogyakarta · zone=bantul-south · spawning
[2026-08-23T12:20:59.460Z] tick · acquisition:accommodation:Yogyakarta · exit=0 signal=- · OK
[2026-08-23T12:21:02.466Z] tick · acquisition:accommodation:Yogyakarta · zone=yogya-wider · spawning
[2026-08-23T12:21:23.187Z] tick · acquisition:food:Yogyakarta · exit=0 signal=- · OK
[2026-08-23T12:21:26.194Z] tick · acquisition:food:Yogyakarta · zone=klaten-east · spawning
[2026-08-23T12:21:32.878Z] tick · acquisition:accommodation:Yogyakarta · exit=0 signal=- · OK
[2026-08-23T12:21:35.881Z] tick · acquisition:accommodation:Yogyakarta · zone=malioboro · spawning
[2026-08-23T12:21:43.034Z] tick · social:cron-tick · fetching GET http://localhost:3008/api/cron/comms-social-worker
[2026-08-23T12:21:43.328Z] tick · social:cron-tick · status=200 · OK
[2026-08-23T12:21:56.654Z] tick · acquisition:food:Yogyakarta · exit=0 signal=- · OK
[2026-08-23T12:21:59.665Z] tick · acquisition:food:Yogyakarta · zone=gamping-west · spawning
[2026-08-23T12:22:06.476Z] tick · acquisition:accommodation:Yogyakarta · exit=0 signal=- · OK
[2026-08-23T12:22:09.478Z] tick · acquisition:accommodation:Yogyakarta · zone=prawirotaman · spawning
[2026-08-23T12:22:30.356Z] tick · acquisition:food:Yogyakarta · exit=0 signal=- · OK
[2026-08-23T12:22:33.359Z] tick · acquisition:food:Yogyakarta · zone=prambanan · spawning
[2026-08-23T12:22:39.842Z] tick · acquisition:accommodation:Yogyakarta · exit=0 signal=- · OK
[2026-08-23T12:22:42.847Z] tick · acquisition:accommodation:Yogyakarta · zone=kaliurang · spawning
[2026-08-23T12:22:43.035Z] tick · social:cron-tick · fetching GET http://localhost:3008/api/cron/comms-social-worker
[2026-08-23T12:22:43.273Z] tick · social:cron-tick · status=200 · OK
[2026-08-23T12:23:13.241Z] tick · acquisition:food:Yogyakarta · exit=0 signal=- · OK
[2026-08-23T12:23:13.272Z] tick · acquisition:accommodation:Yogyakarta · exit=0 signal=- · OK
[2026-08-23T12:23:16.248Z] tick · acquisition:food:Yogyakarta · zone=sleman-north · spawning
[2026-08-23T12:23:16.275Z] tick · acquisition:accommodation:Yogyakarta · zone=borobudur · spawning
[2026-08-23T12:23:42.380Z] tick · brain:cron-tick · fetching GET http://localhost:3008/api/nex/brain/cron-tick
[2026-08-23T12:23:42.673Z] tick · brain:cron-tick · status=200 · OK
[2026-08-23T12:23:43.038Z] tick · social:cron-tick · fetching GET http://localhost:3008/api/cron/comms-social-worker
[2026-08-23T12:23:43.125Z] tick · social:cron-tick · status=200 · OK
[2026-08-23T12:23:46.633Z] tick · acquisition:accommodation:Yogyakarta · exit=0 signal=- · OK
[2026-08-23T12:23:49.637Z] tick · acquisition:accommodation:Yogyakarta · zone=yogya-wider · spawning
[2026-08-23T12:23:50.568Z] tick · acquisition:food:Yogyakarta · exit=0 signal=- · OK
[2026-08-23T12:23:53.574Z] tick · acquisition:food:Yogyakarta · zone=bantul-south · spawning
[2026-08-23T12:24:20.185Z] tick · acquisition:accommodation:Yogyakarta · exit=0 signal=- · OK
[2026-08-23T12:24:23.190Z] tick · acquisition:accommodation:Yogyakarta · zone=malioboro · spawning
[2026-08-23T12:24:23.915Z] tick · acquisition:food:Yogyakarta · exit=0 signal=- · OK
[2026-08-23T12:24:26.917Z] tick · acquisition:food:Yogyakarta · zone=klaten-east · spawning
[2026-08-23T12:24:43.050Z] tick · social:cron-tick · fetching GET http://localhost:3008/api/cron/comms-social-worker
[2026-08-23T12:24:43.190Z] tick · social:cron-tick · status=200 · OK
[2026-08-23T12:24:53.565Z] tick · acquisition:accommodation:Yogyakarta · exit=0 signal=- · OK
[2026-08-23T12:24:56.575Z] tick · acquisition:accommodation:Yogyakarta · zone=prawirotaman · spawning
[2026-08-23T12:24:57.338Z] tick · acquisition:food:Yogyakarta · exit=0 signal=- · OK
[2026-08-23T12:25:00.345Z] tick · acquisition:food:Yogyakarta · zone=gamping-west · spawning
[2026-08-23T12:25:26.944Z] tick · acquisition:accommodation:Yogyakarta · exit=0 signal=- · OK
[2026-08-23T12:25:29.949Z] tick · acquisition:accommodation:Yogyakarta · zone=kaliurang · spawning
[2026-08-23T12:25:30.728Z] tick · acquisition:food:Yogyakarta · exit=0 signal=- · OK
[2026-08-23T12:25:33.736Z] tick · acquisition:food:Yogyakarta · zone=prambanan · spawning
[2026-08-23T12:25:43.050Z] tick · social:cron-tick · fetching GET http://localhost:3008/api/cron/comms-social-worker
[2026-08-23T12:25:43.271Z] tick · social:cron-tick · status=200 · OK
[2026-08-23T12:26:00.384Z] tick · acquisition:accommodation:Yogyakarta · exit=0 signal=- · OK
[2026-08-23T12:26:03.392Z] tick · acquisition:accommodation:Yogyakarta · zone=borobudur · spawning
[2026-08-23T12:26:08.189Z] tick · acquisition:food:Yogyakarta · exit=0 signal=- · OK
[2026-08-23T12:26:11.190Z] tick · acquisition:food:Yogyakarta · zone=sleman-north · spawning
[2026-08-23T12:26:33.747Z] tick · acquisition:accommodation:Yogyakarta · exit=0 signal=- · OK
[2026-08-23T12:26:36.749Z] tick · acquisition:accommodation:Yogyakarta · zone=yogya-wider · spawning
[2026-08-23T12:26:42.382Z] tick · brain:cron-tick · fetching GET http://localhost:3008/api/nex/brain/cron-tick
[2026-08-23T12:26:42.809Z] tick · brain:cron-tick · status=200 · OK
[2026-08-23T12:26:43.055Z] tick · social:cron-tick · fetching GET http://localhost:3008/api/cron/comms-social-worker
[2026-08-23T12:26:43.127Z] tick · social:cron-tick · status=200 · OK
[2026-08-23T12:26:45.742Z] tick · acquisition:food:Yogyakarta · exit=0 signal=- · OK
[2026-08-23T12:26:48.743Z] tick · acquisition:food:Yogyakarta · zone=bantul-south · spawning
[2026-08-23T12:27:07.138Z] tick · acquisition:accommodation:Yogyakarta · exit=0 signal=- · OK
[2026-08-23T12:27:10.145Z] tick · acquisition:accommodation:Yogyakarta · zone=malioboro · spawning
[2026-08-23T12:27:19.101Z] tick · acquisition:food:Yogyakarta · exit=0 signal=- · OK
[2026-08-23T12:27:22.111Z] tick · acquisition:food:Yogyakarta · zone=klaten-east · spawning
[2026-08-23T12:27:40.510Z] tick · acquisition:accommodation:Yogyakarta · exit=0 signal=- · OK
[2026-08-23T12:27:43.067Z] tick · social:cron-tick · fetching GET http://localhost:3008/api/cron/comms-social-worker
[2026-08-23T12:27:43.205Z] tick · social:cron-tick · status=200 · OK
[2026-08-23T12:27:43.512Z] tick · acquisition:accommodation:Yogyakarta · zone=prawirotaman · spawning
[2026-08-23T12:27:52.424Z] tick · acquisition:food:Yogyakarta · exit=0 signal=- · OK
[2026-08-23T12:27:55.428Z] tick · acquisition:food:Yogyakarta · zone=gamping-west · spawning
[2026-08-23T12:28:13.843Z] tick · acquisition:accommodation:Yogyakarta · exit=0 signal=- · OK
[2026-08-23T12:28:16.844Z] tick · acquisition:accommodation:Yogyakarta · zone=kaliurang · spawning
[2026-08-23T12:28:25.815Z] tick · acquisition:food:Yogyakarta · exit=0 signal=- · OK
[2026-08-23T12:28:28.816Z] tick · acquisition:food:Yogyakarta · zone=prambanan · spawning
[2026-08-23T12:28:43.076Z] tick · social:cron-tick · fetching GET http://localhost:3008/api/cron/comms-social-worker
[2026-08-23T12:28:43.235Z] tick · social:cron-tick · status=200 · OK
[2026-08-23T12:28:47.169Z] tick · acquisition:accommodation:Yogyakarta · exit=0 signal=- · OK
[2026-08-23T12:28:50.170Z] tick · acquisition:accommodation:Yogyakarta · zone=borobudur · spawning
[2026-08-23T12:29:08.841Z] tick · acquisition:food:Yogyakarta · exit=0 signal=- · OK
[2026-08-23T12:29:11.848Z] tick · acquisition:food:Yogyakarta · zone=sleman-north · spawning
[2026-08-23T12:29:20.496Z] tick · acquisition:accommodation:Yogyakarta · exit=0 signal=- · OK
[2026-08-23T12:29:23.497Z] tick · acquisition:accommodation:Yogyakarta · zone=yogya-wider · spawning
[2026-08-23T12:29:42.218Z] tick · cle:conversation · spawning
[2026-08-23T12:29:42.384Z] tick · brain:cron-tick · fetching GET http://localhost:3008/api/nex/brain/cron-tick
[2026-08-23T12:29:42.563Z] tick · cle:conversation · exit=0 signal=- · OK
[2026-08-23T12:29:42.692Z] tick · brain:cron-tick · status=200 · OK
[2026-08-23T12:29:43.078Z] tick · social:cron-tick · fetching GET http://localhost:3008/api/cron/comms-social-worker
[2026-08-23T12:29:43.194Z] tick · social:cron-tick · status=200 · OK
[2026-08-23T12:29:46.967Z] tick · acquisition:food:Yogyakarta · exit=0 signal=- · OK
[2026-08-23T12:29:49.968Z] tick · acquisition:food:Yogyakarta · zone=bantul-south · spawning
[2026-08-23T12:29:53.860Z] tick · acquisition:accommodation:Yogyakarta · exit=0 signal=- · OK
[2026-08-23T12:29:56.863Z] tick · acquisition:accommodation:Yogyakarta · zone=malioboro · spawning
[2026-08-23T12:30:20.350Z] tick · acquisition:food:Yogyakarta · exit=0 signal=- · OK
[2026-08-23T12:30:23.357Z] tick · acquisition:food:Yogyakarta · zone=klaten-east · spawning
[2026-08-23T12:30:27.183Z] tick · acquisition:accommodation:Yogyakarta · exit=0 signal=- · OK
[2026-08-23T12:30:30.199Z] tick · acquisition:accommodation:Yogyakarta · zone=prawirotaman · spawning
[2026-08-23T12:30:43.092Z] tick · social:cron-tick · fetching GET http://localhost:3008/api/cron/comms-social-worker
[2026-08-23T12:30:43.335Z] tick · social:cron-tick · status=200 · OK
[2026-08-23T12:31:00.688Z] tick · acquisition:accommodation:Yogyakarta · exit=0 signal=- · OK
[2026-08-23T12:31:03.701Z] tick · acquisition:accommodation:Yogyakarta · zone=kaliurang · spawning
[2026-08-23T12:31:34.137Z] tick · acquisition:accommodation:Yogyakarta · exit=0 signal=- · OK
[2026-08-23T12:31:37.139Z] tick · acquisition:accommodation:Yogyakarta · zone=borobudur · spawning
[2026-08-23T12:31:43.107Z] tick · social:cron-tick · fetching GET http://localhost:3008/api/cron/comms-social-worker
[2026-08-23T12:31:43.227Z] tick · social:cron-tick · status=200 · OK
[2026-08-23T12:32:07.577Z] tick · acquisition:accommodation:Yogyakarta · exit=0 signal=- · OK
[2026-08-23T12:32:10.588Z] tick · acquisition:accommodation:Yogyakarta · zone=yogya-wider · spawning
[2026-08-23T12:32:34.087Z] tick · acquisition:food:Yogyakarta · exit=0 signal=- · OK
[2026-08-23T12:32:37.091Z] tick · acquisition:food:Yogyakarta · zone=gamping-west · spawning
[2026-08-23T12:32:40.934Z] tick · acquisition:accommodation:Yogyakarta · exit=0 signal=- · OK
[2026-08-23T12:32:42.396Z] tick · brain:cron-tick · fetching GET http://localhost:3008/api/nex/brain/cron-tick
[2026-08-23T12:32:42.660Z] tick · brain:cron-tick · status=200 · OK
[2026-08-23T12:32:43.109Z] tick · social:cron-tick · fetching GET http://localhost:3008/api/cron/comms-social-worker
[2026-08-23T12:32:43.182Z] tick · social:cron-tick · status=200 · OK
[2026-08-23T12:32:43.937Z] tick · acquisition:accommodation:Yogyakarta · zone=malioboro · spawning
[2026-08-23T12:33:07.560Z] tick · acquisition:food:Yogyakarta · exit=0 signal=- · OK
[2026-08-23T12:33:10.571Z] tick · acquisition:food:Yogyakarta · zone=prambanan · spawning
[2026-08-23T12:33:14.250Z] tick · acquisition:accommodation:Yogyakarta · exit=0 signal=- · OK
[2026-08-23T12:33:17.256Z] tick · acquisition:accommodation:Yogyakarta · zone=prawirotaman · spawning
[2026-08-23T12:33:43.111Z] tick · social:cron-tick · fetching GET http://localhost:3008/api/cron/comms-social-worker
[2026-08-23T12:33:43.691Z] tick · social:cron-tick · status=200 · OK
[2026-08-23T12:33:46.357Z] tick · acquisition:food:Yogyakarta · exit=0 signal=- · OK
[2026-08-23T12:33:47.604Z] tick · acquisition:accommodation:Yogyakarta · exit=0 signal=- · OK
[2026-08-23T12:33:49.359Z] tick · acquisition:food:Yogyakarta · zone=sleman-north · spawning
[2026-08-23T12:33:50.610Z] tick · acquisition:accommodation:Yogyakarta · zone=kaliurang · spawning
[2026-08-23T12:34:21.058Z] tick · acquisition:accommodation:Yogyakarta · exit=0 signal=- · OK
[2026-08-23T12:34:24.060Z] tick · acquisition:accommodation:Yogyakarta · zone=borobudur · spawning
[2026-08-23T12:34:25.229Z] tick · acquisition:food:Yogyakarta · exit=0 signal=- · OK
[2026-08-23T12:34:28.232Z] tick · acquisition:food:Yogyakarta · zone=bantul-south · spawning
[2026-08-23T12:34:43.116Z] tick · social:cron-tick · fetching GET http://localhost:3008/api/cron/comms-social-worker
[2026-08-23T12:34:43.483Z] tick · social:cron-tick · status=200 · OK
[2026-08-23T12:34:54.672Z] tick · acquisition:accommodation:Yogyakarta · exit=0 signal=- · OK
[2026-08-23T12:34:57.676Z] tick · acquisition:accommodation:Yogyakarta · zone=yogya-wider · spawning
[2026-08-23T12:34:58.645Z] tick · acquisition:food:Yogyakarta · exit=0 signal=- · OK
[2026-08-23T12:35:01.651Z] tick · acquisition:food:Yogyakarta · zone=klaten-east · spawning
[2026-08-23T12:35:28.274Z] tick · acquisition:accommodation:Yogyakarta · exit=0 signal=- · OK
[2026-08-23T12:35:31.276Z] tick · acquisition:accommodation:Yogyakarta · zone=malioboro · spawning
[2026-08-23T12:35:42.410Z] tick · brain:cron-tick · fetching GET http://localhost:3008/api/nex/brain/cron-tick
[2026-08-23T12:35:42.984Z] tick · brain:cron-tick · status=200 · OK
[2026-08-23T12:35:43.126Z] tick · social:cron-tick · fetching GET http://localhost:3008/api/cron/comms-social-worker
[2026-08-23T12:35:43.271Z] tick · social:cron-tick · status=200 · OK
[2026-08-23T12:36:01.729Z] tick · acquisition:accommodation:Yogyakarta · exit=0 signal=- · OK
[2026-08-23T12:36:04.730Z] tick · acquisition:accommodation:Yogyakarta · zone=prawirotaman · spawning
[2026-08-23T12:36:35.047Z] tick · acquisition:accommodation:Yogyakarta · exit=0 signal=- · OK
[2026-08-23T12:36:38.049Z] tick · acquisition:accommodation:Yogyakarta · zone=kaliurang · spawning
[2026-08-23T12:36:43.133Z] tick · social:cron-tick · fetching GET http://localhost:3008/api/cron/comms-social-worker
[2026-08-23T12:36:43.323Z] tick · social:cron-tick · status=200 · OK
[2026-08-23T12:37:08.382Z] tick · acquisition:accommodation:Yogyakarta · exit=0 signal=- · OK
[2026-08-23T12:37:11.404Z] tick · acquisition:accommodation:Yogyakarta · zone=borobudur · spawning
[2026-08-23T12:37:28.792Z] tick · promotion:food:Yogyakarta:quality-check · spawning
[2026-08-23T12:37:29.461Z] tick · promotion:food:Yogyakarta:quality-check · exit=0 signal=- · OK
[2026-08-23T12:37:41.777Z] tick · acquisition:accommodation:Yogyakarta · exit=0 signal=- · OK
[2026-08-23T12:37:43.147Z] tick · social:cron-tick · fetching GET http://localhost:3008/api/cron/comms-social-worker
[2026-08-23T12:37:43.319Z] tick · social:cron-tick · status=200 · OK
[2026-08-23T12:37:44.801Z] tick · acquisition:accommodation:Yogyakarta · zone=yogya-wider · spawning
[2026-08-23T12:38:15.183Z] tick · acquisition:accommodation:Yogyakarta · exit=0 signal=- · OK
[2026-08-23T12:38:18.111Z] tick · acquisition:food:Yogyakarta · exit=0 signal=- · OK
[2026-08-23T12:38:18.187Z] tick · acquisition:accommodation:Yogyakarta · zone=malioboro · spawning
[2026-08-23T12:38:21.114Z] tick · acquisition:food:Yogyakarta · zone=gamping-west · spawning
[2026-08-23T12:38:42.424Z] tick · brain:cron-tick · fetching GET http://localhost:3008/api/nex/brain/cron-tick
[2026-08-23T12:38:42.776Z] tick · brain:cron-tick · status=200 · OK
[2026-08-23T12:38:43.162Z] tick · social:cron-tick · fetching GET http://localhost:3008/api/cron/comms-social-worker
[2026-08-23T12:38:43.252Z] tick · social:cron-tick · status=200 · OK
[2026-08-23T12:38:48.510Z] tick · acquisition:accommodation:Yogyakarta · exit=0 signal=- · OK
[2026-08-23T12:38:51.514Z] tick · acquisition:accommodation:Yogyakarta · zone=prawirotaman · spawning
[2026-08-23T12:38:51.528Z] tick · acquisition:food:Yogyakarta · exit=0 signal=- · OK
[2026-08-23T12:38:54.529Z] tick · acquisition:food:Yogyakarta · zone=prambanan · spawning
[2026-08-23T12:39:21.877Z] tick · acquisition:accommodation:Yogyakarta · exit=0 signal=- · OK
[2026-08-23T12:39:24.876Z] tick · acquisition:accommodation:Yogyakarta · zone=kaliurang · spawning
[2026-08-23T12:39:32.784Z] tick · acquisition:food:Yogyakarta · exit=0 signal=- · OK
[2026-08-23T12:39:35.790Z] tick · acquisition:food:Yogyakarta · zone=sleman-north · spawning
[2026-08-23T12:39:42.220Z] tick · cle:conversation · spawning
[2026-08-23T12:39:42.538Z] tick · cle:conversation · exit=0 signal=- · OK
[2026-08-23T12:39:43.170Z] tick · social:cron-tick · fetching GET http://localhost:3008/api/cron/comms-social-worker
[2026-08-23T12:39:43.480Z] tick · social:cron-tick · status=200 · OK
[2026-08-23T12:39:55.187Z] tick · acquisition:accommodation:Yogyakarta · exit=0 signal=- · OK
[2026-08-23T12:39:58.203Z] tick · acquisition:accommodation:Yogyakarta · zone=borobudur · spawning
[2026-08-23T12:40:13.004Z] tick · acquisition:food:Yogyakarta · exit=0 signal=- · OK
[2026-08-23T12:40:16.006Z] tick · acquisition:food:Yogyakarta · zone=bantul-south · spawning
[2026-08-23T12:40:28.520Z] tick · acquisition:accommodation:Yogyakarta · exit=0 signal=- · OK
[2026-08-23T12:40:31.531Z] tick · acquisition:accommodation:Yogyakarta · zone=yogya-wider · spawning
[2026-08-23T12:40:43.174Z] tick · social:cron-tick · fetching GET http://localhost:3008/api/cron/comms-social-worker
[2026-08-23T12:40:43.348Z] tick · social:cron-tick · status=200 · OK
[2026-08-23T12:40:46.350Z] tick · acquisition:food:Yogyakarta · exit=0 signal=- · OK
[2026-08-23T12:40:49.351Z] tick · acquisition:food:Yogyakarta · zone=klaten-east · spawning
[2026-08-23T12:41:01.923Z] tick · acquisition:accommodation:Yogyakarta · exit=0 signal=- · OK
[2026-08-23T12:41:04.926Z] tick · acquisition:accommodation:Yogyakarta · zone=malioboro · spawning
[2026-08-23T12:41:35.374Z] tick · acquisition:accommodation:Yogyakarta · exit=0 signal=- · OK
[2026-08-23T12:41:38.376Z] tick · acquisition:accommodation:Yogyakarta · zone=prawirotaman · spawning
[2026-08-23T12:41:41.133Z] tick · acquisition:food:Yogyakarta · exit=0 signal=- · OK
[2026-08-23T12:41:42.436Z] tick · brain:cron-tick · fetching GET http://localhost:3008/api/nex/brain/cron-tick
[2026-08-23T12:41:42.854Z] tick · brain:cron-tick · status=200 · OK
[2026-08-23T12:41:43.198Z] tick · social:cron-tick · fetching GET http://localhost:3008/api/cron/comms-social-worker
[2026-08-23T12:41:43.305Z] tick · social:cron-tick · status=200 · OK
[2026-08-23T12:41:44.135Z] tick · acquisition:food:Yogyakarta · zone=gamping-west · spawning
[2026-08-23T12:42:08.727Z] tick · acquisition:accommodation:Yogyakarta · exit=0 signal=- · OK
[2026-08-23T12:42:11.744Z] tick · acquisition:accommodation:Yogyakarta · zone=kaliurang · spawning
[2026-08-23T12:42:14.489Z] tick · acquisition:food:Yogyakarta · exit=0 signal=- · OK
[2026-08-23T12:42:17.494Z] tick · acquisition:food:Yogyakarta · zone=prambanan · spawning
[2026-08-23T12:42:42.265Z] tick · acquisition:accommodation:Yogyakarta · exit=0 signal=- · OK
[2026-08-23T12:42:43.204Z] tick · social:cron-tick · fetching GET http://localhost:3008/api/cron/comms-social-worker
[2026-08-23T12:42:43.381Z] tick · social:cron-tick · status=200 · OK
[2026-08-23T12:42:45.271Z] tick · acquisition:accommodation:Yogyakarta · zone=borobudur · spawning
[2026-08-23T12:42:53.317Z] tick · acquisition:food:Yogyakarta · exit=0 signal=- · OK
[2026-08-23T12:42:56.318Z] tick · acquisition:food:Yogyakarta · zone=sleman-north · spawning
[2026-08-23T12:43:15.622Z] tick · acquisition:accommodation:Yogyakarta · exit=0 signal=- · OK
[2026-08-23T12:43:18.623Z] tick · acquisition:accommodation:Yogyakarta · zone=yogya-wider · spawning
[2026-08-23T12:43:31.846Z] tick · acquisition:food:Yogyakarta · exit=0 signal=- · OK
[2026-08-23T12:43:34.853Z] tick · acquisition:food:Yogyakarta · zone=bantul-south · spawning
[2026-08-23T12:43:43.207Z] tick · social:cron-tick · fetching GET http://localhost:3008/api/cron/comms-social-worker
[2026-08-23T12:43:43.530Z] tick · social:cron-tick · status=200 · OK
[2026-08-23T12:43:49.028Z] tick · acquisition:accommodation:Yogyakarta · exit=0 signal=- · OK
[2026-08-23T12:43:52.041Z] tick · acquisition:accommodation:Yogyakarta · zone=malioboro · spawning
[2026-08-23T12:44:05.351Z] tick · acquisition:food:Yogyakarta · exit=0 signal=- · OK
[2026-08-23T12:44:08.353Z] tick · acquisition:food:Yogyakarta · zone=klaten-east · spawning
[2026-08-23T12:44:22.450Z] tick · acquisition:accommodation:Yogyakarta · exit=0 signal=- · OK
[2026-08-23T12:44:25.452Z] tick · acquisition:accommodation:Yogyakarta · zone=prawirotaman · spawning
[2026-08-23T12:44:42.442Z] tick · brain:cron-tick · fetching GET http://localhost:3008/api/nex/brain/cron-tick
[2026-08-23T12:44:43.142Z] tick · brain:cron-tick · status=200 · OK
[2026-08-23T12:44:43.215Z] tick · social:cron-tick · fetching GET http://localhost:3008/api/cron/comms-social-worker
[2026-08-23T12:44:43.372Z] tick · social:cron-tick · status=200 · OK
[2026-08-23T12:44:52.037Z] tick · acquisition:food:Yogyakarta · exit=0 signal=- · OK
[2026-08-23T12:44:55.047Z] tick · acquisition:food:Yogyakarta · zone=gamping-west · spawning
[2026-08-23T12:44:55.799Z] tick · acquisition:accommodation:Yogyakarta · exit=0 signal=- · OK
[2026-08-23T12:44:58.820Z] tick · acquisition:accommodation:Yogyakarta · zone=kaliurang · spawning
[2026-08-23T12:45:25.473Z] tick · acquisition:food:Yogyakarta · exit=0 signal=- · OK
[2026-08-23T12:45:28.479Z] tick · acquisition:food:Yogyakarta · zone=prambanan · spawning
[2026-08-23T12:45:29.237Z] tick · acquisition:accommodation:Yogyakarta · exit=0 signal=- · OK
[2026-08-23T12:45:32.249Z] tick · acquisition:accommodation:Yogyakarta · zone=borobudur · spawning
[2026-08-23T12:45:43.218Z] tick · social:cron-tick · fetching GET http://localhost:3008/api/cron/comms-social-worker
[2026-08-23T12:45:43.398Z] tick · social:cron-tick · status=200 · OK
[2026-08-23T12:46:02.793Z] tick · acquisition:accommodation:Yogyakarta · exit=0 signal=- · OK
[2026-08-23T12:46:05.795Z] tick · acquisition:accommodation:Yogyakarta · zone=yogya-wider · spawning
[2026-08-23T12:46:08.473Z] tick · acquisition:food:Yogyakarta · exit=0 signal=- · OK
[2026-08-23T12:46:11.475Z] tick · acquisition:food:Yogyakarta · zone=sleman-north · spawning
[2026-08-23T12:46:36.515Z] tick · acquisition:accommodation:Yogyakarta · exit=0 signal=- · OK
[2026-08-23T12:46:39.516Z] tick · acquisition:accommodation:Yogyakarta · zone=malioboro · spawning
[2026-08-23T12:46:43.225Z] tick · social:cron-tick · fetching GET http://localhost:3008/api/cron/comms-social-worker
[2026-08-23T12:46:43.418Z] tick · social:cron-tick · status=200 · OK
[2026-08-23T12:46:49.431Z] tick · acquisition:food:Yogyakarta · exit=0 signal=- · OK
[2026-08-23T12:46:52.446Z] tick · acquisition:food:Yogyakarta · zone=bantul-south · spawning
[2026-08-23T12:47:10.118Z] tick · acquisition:accommodation:Yogyakarta · exit=0 signal=- · OK
[2026-08-23T12:47:13.129Z] tick · acquisition:accommodation:Yogyakarta · zone=prawirotaman · spawning
[2026-08-23T12:47:22.889Z] tick · acquisition:food:Yogyakarta · exit=0 signal=- · OK
[2026-08-23T12:47:25.894Z] tick · acquisition:food:Yogyakarta · zone=klaten-east · spawning
[2026-08-23T12:47:42.449Z] tick · brain:cron-tick · fetching GET http://localhost:3008/api/nex/brain/cron-tick
[2026-08-23T12:47:42.982Z] tick · brain:cron-tick · status=200 · OK
[2026-08-23T12:47:43.230Z] tick · social:cron-tick · fetching GET http://localhost:3008/api/cron/comms-social-worker
[2026-08-23T12:47:43.361Z] tick · social:cron-tick · status=200 · OK
[2026-08-23T12:47:43.508Z] tick · acquisition:accommodation:Yogyakarta · exit=0 signal=- · OK
[2026-08-23T12:47:46.514Z] tick · acquisition:accommodation:Yogyakarta · zone=kaliurang · spawning
[2026-08-23T12:48:16.910Z] tick · acquisition:accommodation:Yogyakarta · exit=0 signal=- · OK
[2026-08-23T12:48:19.923Z] tick · acquisition:accommodation:Yogyakarta · zone=borobudur · spawning
[2026-08-23T12:48:43.238Z] tick · social:cron-tick · fetching GET http://localhost:3008/api/cron/comms-social-worker
[2026-08-23T12:48:43.401Z] tick · social:cron-tick · status=200 · OK
[2026-08-23T12:48:50.338Z] tick · acquisition:accommodation:Yogyakarta · exit=0 signal=- · OK
[2026-08-23T12:48:53.347Z] tick · acquisition:accommodation:Yogyakarta · zone=yogya-wider · spawning
[2026-08-23T12:49:20.450Z] tick · acquisition:food:Yogyakarta · exit=0 signal=- · OK
[2026-08-23T12:49:23.455Z] tick · acquisition:food:Yogyakarta · zone=gamping-west · spawning
[2026-08-23T12:49:23.776Z] tick · acquisition:accommodation:Yogyakarta · exit=0 signal=- · OK
[2026-08-23T12:49:26.783Z] tick · acquisition:accommodation:Yogyakarta · zone=malioboro · spawning
[2026-08-23T12:49:42.227Z] tick · cle:conversation · spawning
[2026-08-23T12:49:42.604Z] tick · cle:conversation · exit=0 signal=- · OK
[2026-08-23T12:49:43.249Z] tick · social:cron-tick · fetching GET http://localhost:3008/api/cron/comms-social-worker
[2026-08-23T12:49:43.466Z] tick · social:cron-tick · status=200 · OK
[2026-08-23T12:49:53.929Z] tick · acquisition:food:Yogyakarta · exit=0 signal=- · OK
[2026-08-23T12:49:56.929Z] tick · acquisition:food:Yogyakarta · zone=prambanan · spawning
[2026-08-23T12:49:57.170Z] tick · acquisition:accommodation:Yogyakarta · exit=0 signal=- · OK
[2026-08-23T12:50:00.184Z] tick · acquisition:accommodation:Yogyakarta · zone=prawirotaman · spawning
[2026-08-23T12:50:30.721Z] tick · acquisition:accommodation:Yogyakarta · exit=0 signal=- · OK
[2026-08-23T12:50:33.523Z] tick · acquisition:food:Yogyakarta · exit=0 signal=- · OK
[2026-08-23T12:50:33.744Z] tick · acquisition:accommodation:Yogyakarta · zone=kaliurang · spawning
[2026-08-23T12:50:36.527Z] tick · acquisition:food:Yogyakarta · zone=sleman-north · spawning
[2026-08-23T12:50:42.456Z] tick · brain:cron-tick · fetching GET http://localhost:3008/api/nex/brain/cron-tick
[2026-08-23T12:50:43.257Z] tick · social:cron-tick · fetching GET http://localhost:3008/api/cron/comms-social-worker
[2026-08-23T12:50:43.636Z] tick · social:cron-tick · status=200 · OK
[2026-08-23T12:50:43.866Z] tick · brain:cron-tick · status=200 · OK
[2026-08-23T12:51:04.718Z] tick · acquisition:accommodation:Yogyakarta · exit=0 signal=- · OK
[2026-08-23T12:51:07.735Z] tick · acquisition:accommodation:Yogyakarta · zone=borobudur · spawning
[2026-08-23T12:51:13.036Z] tick · acquisition:food:Yogyakarta · exit=0 signal=- · OK
[2026-08-23T12:51:16.045Z] tick · acquisition:food:Yogyakarta · zone=bantul-south · spawning
[2026-08-23T12:51:38.454Z] tick · acquisition:accommodation:Yogyakarta · exit=0 signal=- · OK
[2026-08-23T12:51:41.462Z] tick · acquisition:accommodation:Yogyakarta · zone=yogya-wider · spawning
[2026-08-23T12:51:43.261Z] tick · social:cron-tick · fetching GET http://localhost:3008/api/cron/comms-social-worker
[2026-08-23T12:51:43.496Z] tick · social:cron-tick · status=200 · OK
[2026-08-23T12:51:46.443Z] tick · acquisition:food:Yogyakarta · exit=0 signal=- · OK
[2026-08-23T12:51:49.454Z] tick · acquisition:food:Yogyakarta · zone=klaten-east · spawning
[2026-08-23T12:52:12.023Z] tick · acquisition:accommodation:Yogyakarta · exit=0 signal=- · OK
[2026-08-23T12:52:15.034Z] tick · acquisition:accommodation:Yogyakarta · zone=malioboro · spawning
[2026-08-23T12:52:43.267Z] tick · social:cron-tick · fetching GET http://localhost:3008/api/cron/comms-social-worker
[2026-08-23T12:52:43.460Z] tick · social:cron-tick · status=200 · OK
[2026-08-23T12:52:45.409Z] tick · acquisition:accommodation:Yogyakarta · exit=0 signal=- · OK
[2026-08-23T12:52:48.410Z] tick · acquisition:accommodation:Yogyakarta · zone=prawirotaman · spawning
[2026-08-23T12:53:18.729Z] tick · acquisition:accommodation:Yogyakarta · exit=0 signal=- · OK
[2026-08-23T12:53:21.730Z] tick · acquisition:accommodation:Yogyakarta · zone=kaliurang · spawning
[2026-08-23T12:53:23.797Z] tick · acquisition:food:Yogyakarta · exit=0 signal=- · OK
[2026-08-23T12:53:26.796Z] tick · acquisition:food:Yogyakarta · zone=gamping-west · spawning
[2026-08-23T12:53:42.459Z] tick · brain:cron-tick · fetching GET http://localhost:3008/api/nex/brain/cron-tick
[2026-08-23T12:53:43.283Z] tick · social:cron-tick · fetching GET http://localhost:3008/api/cron/comms-social-worker
[2026-08-23T12:53:46.054Z] tick · social:cron-tick · status=200 · OK
[2026-08-23T12:53:46.329Z] tick · brain:cron-tick · status=200 · OK
[2026-08-23T12:53:52.224Z] tick · acquisition:accommodation:Yogyakarta · exit=0 signal=- · OK
[2026-08-23T12:53:55.236Z] tick · acquisition:accommodation:Yogyakarta · zone=borobudur · spawning
[2026-08-23T12:53:57.234Z] tick · acquisition:food:Yogyakarta · exit=0 signal=- · OK
[2026-08-23T12:54:00.238Z] tick · acquisition:food:Yogyakarta · zone=prambanan · spawning
[2026-08-23T12:54:25.699Z] tick · acquisition:accommodation:Yogyakarta · exit=0 signal=- · OK
[2026-08-23T12:54:28.706Z] tick · acquisition:accommodation:Yogyakarta · zone=yogya-wider · spawning
[2026-08-23T12:54:38.192Z] tick · acquisition:food:Yogyakarta · exit=0 signal=- · OK
[2026-08-23T12:54:41.200Z] tick · acquisition:food:Yogyakarta · zone=sleman-north · spawning
[2026-08-23T12:54:43.288Z] tick · social:cron-tick · fetching GET http://localhost:3008/api/cron/comms-social-worker
[2026-08-23T12:54:43.611Z] tick · social:cron-tick · status=200 · OK
[2026-08-23T12:54:59.156Z] tick · acquisition:accommodation:Yogyakarta · exit=0 signal=- · OK
[2026-08-23T12:55:02.170Z] tick · acquisition:accommodation:Yogyakarta · zone=malioboro · spawning
[2026-08-23T12:55:16.515Z] tick · acquisition:food:Yogyakarta · exit=0 signal=- · OK
[2026-08-23T12:55:19.523Z] tick · acquisition:food:Yogyakarta · zone=bantul-south · spawning
[2026-08-23T12:55:32.471Z] tick · acquisition:accommodation:Yogyakarta · exit=0 signal=- · OK
[2026-08-23T12:55:35.474Z] tick · acquisition:accommodation:Yogyakarta · zone=prawirotaman · spawning
[2026-08-23T12:55:43.288Z] tick · social:cron-tick · fetching GET http://localhost:3008/api/cron/comms-social-worker
[2026-08-23T12:55:43.798Z] tick · social:cron-tick · status=200 · OK
[2026-08-23T12:55:49.909Z] tick · acquisition:food:Yogyakarta · exit=0 signal=- · OK
[2026-08-23T12:55:52.918Z] tick · acquisition:food:Yogyakarta · zone=klaten-east · spawning
[2026-08-23T12:56:05.800Z] tick · acquisition:accommodation:Yogyakarta · exit=0 signal=- · OK
[2026-08-23T12:56:08.811Z] tick · acquisition:accommodation:Yogyakarta · zone=kaliurang · spawning
[2026-08-23T12:56:39.283Z] tick · acquisition:accommodation:Yogyakarta · exit=0 signal=- · OK
[2026-08-23T12:56:42.287Z] tick · acquisition:accommodation:Yogyakarta · zone=borobudur · spawning
[2026-08-23T12:56:42.462Z] tick · brain:cron-tick · fetching GET http://localhost:3008/api/nex/brain/cron-tick
[2026-08-23T12:56:43.138Z] tick · brain:cron-tick · status=200 · OK
[2026-08-23T12:56:43.290Z] tick · social:cron-tick · fetching GET http://localhost:3008/api/cron/comms-social-worker
[2026-08-23T12:56:43.396Z] tick · social:cron-tick · status=200 · OK
[2026-08-23T12:57:12.626Z] tick · acquisition:accommodation:Yogyakarta · exit=0 signal=- · OK
[2026-08-23T12:57:15.630Z] tick · acquisition:accommodation:Yogyakarta · zone=yogya-wider · spawning
[2026-08-23T12:57:43.290Z] tick · social:cron-tick · fetching GET http://localhost:3008/api/cron/comms-social-worker
[2026-08-23T12:57:43.572Z] tick · social:cron-tick · status=200 · OK
[2026-08-23T12:57:46.018Z] tick · acquisition:accommodation:Yogyakarta · exit=0 signal=- · OK
[2026-08-23T12:57:49.033Z] tick · acquisition:accommodation:Yogyakarta · zone=malioboro · spawning
[2026-08-23T12:58:02.314Z] tick · acquisition:food:Yogyakarta · exit=0 signal=- · OK
[2026-08-23T12:58:05.319Z] tick · acquisition:food:Yogyakarta · zone=gamping-west · spawning
[2026-08-23T12:58:19.388Z] tick · acquisition:accommodation:Yogyakarta · exit=0 signal=- · OK
[2026-08-23T12:58:22.401Z] tick · acquisition:accommodation:Yogyakarta · zone=prawirotaman · spawning
[2026-08-23T12:58:35.708Z] tick · acquisition:food:Yogyakarta · exit=0 signal=- · OK
[2026-08-23T12:58:38.714Z] tick · acquisition:food:Yogyakarta · zone=prambanan · spawning
[2026-08-23T12:58:43.294Z] tick · social:cron-tick · fetching GET http://localhost:3008/api/cron/comms-social-worker
[2026-08-23T12:58:43.459Z] tick · social:cron-tick · status=200 · OK
[2026-08-23T12:58:52.768Z] tick · acquisition:accommodation:Yogyakarta · exit=0 signal=- · OK
[2026-08-23T12:58:55.778Z] tick · acquisition:accommodation:Yogyakarta · zone=kaliurang · spawning
[2026-08-23T12:59:14.439Z] tick · acquisition:food:Yogyakarta · exit=0 signal=- · OK
[2026-08-23T12:59:17.445Z] tick · acquisition:food:Yogyakarta · zone=sleman-north · spawning
[2026-08-23T12:59:26.151Z] tick · acquisition:accommodation:Yogyakarta · exit=0 signal=- · OK
[2026-08-23T12:59:29.155Z] tick · acquisition:accommodation:Yogyakarta · zone=borobudur · spawning
[2026-08-23T12:59:42.236Z] tick · cle:conversation · spawning
[2026-08-23T12:59:42.465Z] tick · brain:cron-tick · fetching GET http://localhost:3008/api/nex/brain/cron-tick
[2026-08-23T12:59:42.728Z] tick · cle:conversation · exit=0 signal=- · OK
[2026-08-23T12:59:43.147Z] tick · brain:cron-tick · status=200 · OK
[2026-08-23T12:59:43.297Z] tick · social:cron-tick · fetching GET http://localhost:3008/api/cron/comms-social-worker
[2026-08-23T12:59:43.432Z] tick · social:cron-tick · status=200 · OK
[2026-08-23T12:59:51.558Z] tick · acquisition:food:Yogyakarta · exit=0 signal=- · OK
[2026-08-23T12:59:54.564Z] tick · acquisition:food:Yogyakarta · zone=bantul-south · spawning
[2026-08-23T12:59:59.590Z] tick · acquisition:accommodation:Yogyakarta · exit=0 signal=- · OK
[2026-08-23T13:00:02.598Z] tick · acquisition:accommodation:Yogyakarta · zone=yogya-wider · spawning
[2026-08-23T13:00:24.975Z] tick · acquisition:food:Yogyakarta · exit=0 signal=- · OK
[2026-08-23T13:00:27.978Z] tick · acquisition:food:Yogyakarta · zone=klaten-east · spawning
[2026-08-23T13:00:32.924Z] tick · acquisition:accommodation:Yogyakarta · exit=0 signal=- · OK
[2026-08-23T13:00:35.935Z] tick · acquisition:accommodation:Yogyakarta · zone=malioboro · spawning
[2026-08-23T13:00:43.301Z] tick · social:cron-tick · fetching GET http://localhost:3008/api/cron/comms-social-worker
[2026-08-23T13:00:43.777Z] tick · social:cron-tick · status=200 · OK
[2026-08-23T13:01:06.289Z] tick · acquisition:accommodation:Yogyakarta · exit=0 signal=- · OK
[2026-08-23T13:01:09.290Z] tick · acquisition:accommodation:Yogyakarta · zone=prawirotaman · spawning
[2026-08-23T13:01:39.620Z] tick · acquisition:accommodation:Yogyakarta · exit=0 signal=- · OK
[2026-08-23T13:01:42.636Z] tick · acquisition:accommodation:Yogyakarta · zone=kaliurang · spawning
[2026-08-23T13:01:43.302Z] tick · social:cron-tick · fetching GET http://localhost:3008/api/cron/comms-social-worker
[2026-08-23T13:01:43.695Z] tick · social:cron-tick · status=200 · OK
[2026-08-23T13:02:04.035Z] tick · acquisition:food:Yogyakarta · exit=0 signal=- · OK
[2026-08-23T13:02:07.041Z] tick · acquisition:food:Yogyakarta · zone=gamping-west · spawning
[2026-08-23T13:02:13.349Z] tick · acquisition:accommodation:Yogyakarta · exit=0 signal=- · OK
[2026-08-23T13:02:16.353Z] tick · acquisition:accommodation:Yogyakarta · zone=borobudur · spawning
[2026-08-23T13:02:38.047Z] tick · acquisition:food:Yogyakarta · exit=0 signal=- · OK
[2026-08-23T13:02:41.060Z] tick · acquisition:food:Yogyakarta · zone=prambanan · spawning
[2026-08-23T13:02:42.480Z] tick · brain:cron-tick · fetching GET http://localhost:3008/api/nex/brain/cron-tick
[2026-08-23T13:02:43.294Z] tick · brain:cron-tick · status=200 · OK
[2026-08-23T13:02:43.312Z] tick · social:cron-tick · fetching GET http://localhost:3008/api/cron/comms-social-worker
[2026-08-23T13:02:43.415Z] tick · social:cron-tick · status=200 · OK
[2026-08-23T13:02:46.854Z] tick · acquisition:accommodation:Yogyakarta · exit=0 signal=- · OK
[2026-08-23T13:02:49.855Z] tick · acquisition:accommodation:Yogyakarta · zone=yogya-wider · spawning
[2026-08-23T13:03:20.251Z] tick · acquisition:accommodation:Yogyakarta · exit=0 signal=- · OK
[2026-08-23T13:03:21.336Z] tick · acquisition:food:Yogyakarta · exit=0 signal=- · OK
[2026-08-23T13:03:23.258Z] tick · acquisition:accommodation:Yogyakarta · zone=malioboro · spawning
[2026-08-23T13:03:24.347Z] tick · acquisition:food:Yogyakarta · zone=sleman-north · spawning
[2026-08-23T13:03:43.314Z] tick · social:cron-tick · fetching GET http://localhost:3008/api/cron/comms-social-worker
[2026-08-23T13:03:43.539Z] tick · social:cron-tick · status=200 · OK
[2026-08-23T13:03:53.654Z] tick · acquisition:accommodation:Yogyakarta · exit=0 signal=- · OK
[2026-08-23T13:03:56.655Z] tick · acquisition:accommodation:Yogyakarta · zone=prawirotaman · spawning
[2026-08-23T13:04:03.102Z] tick · acquisition:food:Yogyakarta · exit=0 signal=- · OK
[2026-08-23T13:04:06.106Z] tick · acquisition:food:Yogyakarta · zone=bantul-south · spawning
[2026-08-23T13:04:27.123Z] tick · acquisition:accommodation:Yogyakarta · exit=0 signal=- · OK
[2026-08-23T13:04:30.126Z] tick · acquisition:accommodation:Yogyakarta · zone=kaliurang · spawning
[2026-08-23T13:04:36.485Z] tick · acquisition:food:Yogyakarta · exit=0 signal=- · OK
[2026-08-23T13:04:39.491Z] tick · acquisition:food:Yogyakarta · zone=klaten-east · spawning
[2026-08-23T13:04:43.323Z] tick · social:cron-tick · fetching GET http://localhost:3008/api/cron/comms-social-worker
[2026-08-23T13:04:43.457Z] tick · social:cron-tick · status=200 · OK
[2026-08-23T13:05:00.544Z] tick · acquisition:accommodation:Yogyakarta · exit=0 signal=- · OK
[2026-08-23T13:05:03.546Z] tick · acquisition:accommodation:Yogyakarta · zone=borobudur · spawning
[2026-08-23T13:05:33.889Z] tick · acquisition:accommodation:Yogyakarta · exit=0 signal=- · OK
[2026-08-23T13:05:36.892Z] tick · acquisition:accommodation:Yogyakarta · zone=yogya-wider · spawning
[2026-08-23T13:05:42.491Z] tick · brain:cron-tick · fetching GET http://localhost:3008/api/nex/brain/cron-tick
[2026-08-23T13:05:42.939Z] tick · brain:cron-tick · status=200 · OK
[2026-08-23T13:05:43.326Z] tick · social:cron-tick · fetching GET http://localhost:3008/api/cron/comms-social-worker
[2026-08-23T13:05:43.411Z] tick · social:cron-tick · status=200 · OK
[2026-08-23T13:06:07.300Z] tick · acquisition:accommodation:Yogyakarta · exit=0 signal=- · OK
[2026-08-23T13:06:10.304Z] tick · acquisition:accommodation:Yogyakarta · zone=malioboro · spawning
[2026-08-23T13:06:40.733Z] tick · acquisition:accommodation:Yogyakarta · exit=0 signal=- · OK
[2026-08-23T13:06:43.328Z] tick · social:cron-tick · fetching GET http://localhost:3008/api/cron/comms-social-worker
[2026-08-23T13:06:43.572Z] tick · social:cron-tick · status=200 · OK
[2026-08-23T13:06:43.735Z] tick · acquisition:accommodation:Yogyakarta · zone=prawirotaman · spawning
[2026-08-23T13:06:51.305Z] tick · acquisition:food:Yogyakarta · exit=0 signal=- · OK
[2026-08-23T13:06:54.308Z] tick · acquisition:food:Yogyakarta · zone=gamping-west · spawning
[2026-08-23T13:07:14.146Z] tick · acquisition:accommodation:Yogyakarta · exit=0 signal=- · OK
[2026-08-23T13:07:17.148Z] tick · acquisition:accommodation:Yogyakarta · zone=kaliurang · spawning
[2026-08-23T13:07:24.818Z] tick · acquisition:food:Yogyakarta · exit=0 signal=- · OK
[2026-08-23T13:07:27.821Z] tick · acquisition:food:Yogyakarta · zone=prambanan · spawning
[2026-08-23T13:07:28.789Z] tick · promotion:food:Yogyakarta:quality-check · spawning
[2026-08-23T13:07:29.273Z] tick · promotion:food:Yogyakarta:quality-check · exit=0 signal=- · OK
[2026-08-23T13:07:43.334Z] tick · social:cron-tick · fetching GET http://localhost:3008/api/cron/comms-social-worker
[2026-08-23T13:07:43.488Z] tick · social:cron-tick · status=200 · OK
[2026-08-23T13:07:47.525Z] tick · acquisition:accommodation:Yogyakarta · exit=0 signal=- · OK
[2026-08-23T13:07:50.527Z] tick · acquisition:accommodation:Yogyakarta · zone=borobudur · spawning
[2026-08-23T13:08:02.448Z] tick · acquisition:food:Yogyakarta · exit=0 signal=- · OK
[2026-08-23T13:08:05.455Z] tick · acquisition:food:Yogyakarta · zone=sleman-north · spawning
[2026-08-23T13:08:20.978Z] tick · acquisition:accommodation:Yogyakarta · exit=0 signal=- · OK
[2026-08-23T13:08:23.988Z] tick · acquisition:accommodation:Yogyakarta · zone=yogya-wider · spawning
[2026-08-23T13:08:39.841Z] tick · acquisition:food:Yogyakarta · exit=0 signal=- · OK
[2026-08-23T13:08:42.492Z] tick · brain:cron-tick · fetching GET http://localhost:3008/api/nex/brain/cron-tick
[2026-08-23T13:08:42.843Z] tick · acquisition:food:Yogyakarta · zone=bantul-south · spawning
[2026-08-23T13:08:43.177Z] tick · brain:cron-tick · status=200 · OK
[2026-08-23T13:08:43.336Z] tick · social:cron-tick · fetching GET http://localhost:3008/api/cron/comms-social-worker
[2026-08-23T13:08:43.460Z] tick · social:cron-tick · status=200 · OK
[2026-08-23T13:08:54.429Z] tick · acquisition:accommodation:Yogyakarta · exit=0 signal=- · OK
[2026-08-23T13:08:57.433Z] tick · acquisition:accommodation:Yogyakarta · zone=malioboro · spawning
[2026-08-23T13:09:13.313Z] tick · acquisition:food:Yogyakarta · exit=0 signal=- · OK
[2026-08-23T13:09:16.314Z] tick · acquisition:food:Yogyakarta · zone=klaten-east · spawning
[2026-08-23T13:09:27.861Z] tick · acquisition:accommodation:Yogyakarta · exit=0 signal=- · OK
[2026-08-23T13:09:30.865Z] tick · acquisition:accommodation:Yogyakarta · zone=prawirotaman · spawning
[2026-08-23T13:09:42.240Z] tick · cle:conversation · spawning
[2026-08-23T13:09:42.599Z] tick · cle:conversation · exit=0 signal=- · OK
[2026-08-23T13:09:43.342Z] tick · social:cron-tick · fetching GET http://localhost:3008/api/cron/comms-social-worker
[2026-08-23T13:09:43.507Z] tick · social:cron-tick · status=200 · OK
[2026-08-23T13:10:01.407Z] tick · acquisition:accommodation:Yogyakarta · exit=0 signal=- · OK
[2026-08-23T13:10:04.409Z] tick · acquisition:accommodation:Yogyakarta · zone=kaliurang · spawning
[2026-08-23T13:10:34.766Z] tick · acquisition:accommodation:Yogyakarta · exit=0 signal=- · OK
[2026-08-23T13:10:37.772Z] tick · acquisition:accommodation:Yogyakarta · zone=borobudur · spawning
[2026-08-23T13:10:43.345Z] tick · social:cron-tick · fetching GET http://localhost:3008/api/cron/comms-social-worker
[2026-08-23T13:10:43.503Z] tick · social:cron-tick · status=200 · OK
[2026-08-23T13:11:08.434Z] tick · acquisition:accommodation:Yogyakarta · exit=0 signal=- · OK
[2026-08-23T13:11:11.441Z] tick · acquisition:accommodation:Yogyakarta · zone=yogya-wider · spawning
[2026-08-23T13:11:26.094Z] tick · acquisition:food:Yogyakarta · exit=0 signal=- · OK
[2026-08-23T13:11:29.110Z] tick · acquisition:food:Yogyakarta · zone=gamping-west · spawning
[2026-08-23T13:11:41.813Z] tick · acquisition:accommodation:Yogyakarta · exit=0 signal=- · OK
[2026-08-23T13:11:42.505Z] tick · brain:cron-tick · fetching GET http://localhost:3008/api/nex/brain/cron-tick
[2026-08-23T13:11:43.026Z] tick · brain:cron-tick · status=200 · OK
[2026-08-23T13:11:43.355Z] tick · social:cron-tick · fetching GET http://localhost:3008/api/cron/comms-social-worker
[2026-08-23T13:11:43.483Z] tick · social:cron-tick · status=200 · OK
[2026-08-23T13:11:44.822Z] tick · acquisition:accommodation:Yogyakarta · zone=malioboro · spawning
[2026-08-23T13:11:59.596Z] tick · acquisition:food:Yogyakarta · exit=0 signal=- · OK
[2026-08-23T13:12:02.600Z] tick · acquisition:food:Yogyakarta · zone=prambanan · spawning
[2026-08-23T13:12:15.258Z] tick · acquisition:accommodation:Yogyakarta · exit=0 signal=- · OK
[2026-08-23T13:12:18.258Z] tick · acquisition:accommodation:Yogyakarta · zone=prawirotaman · spawning
[2026-08-23T13:12:41.527Z] tick · acquisition:food:Yogyakarta · exit=0 signal=- · OK
[2026-08-23T13:12:43.359Z] tick · social:cron-tick · fetching GET http://localhost:3008/api/cron/comms-social-worker
[2026-08-23T13:12:44.466Z] tick · social:cron-tick · status=200 · OK
[2026-08-23T13:12:44.533Z] tick · acquisition:food:Yogyakarta · zone=sleman-north · spawning
[2026-08-23T13:12:48.937Z] tick · acquisition:accommodation:Yogyakarta · exit=0 signal=- · OK
[2026-08-23T13:12:51.951Z] tick · acquisition:accommodation:Yogyakarta · zone=kaliurang · spawning
[2026-08-23T13:13:20.231Z] tick · acquisition:food:Yogyakarta · exit=0 signal=- · OK
[2026-08-23T13:13:22.431Z] tick · acquisition:accommodation:Yogyakarta · exit=0 signal=- · OK
[2026-08-23T13:13:23.239Z] tick · acquisition:food:Yogyakarta · zone=bantul-south · spawning
[2026-08-23T13:13:25.436Z] tick · acquisition:accommodation:Yogyakarta · zone=borobudur · spawning
[2026-08-23T13:13:43.361Z] tick · social:cron-tick · fetching GET http://localhost:3008/api/cron/comms-social-worker
[2026-08-23T13:13:43.651Z] tick · social:cron-tick · status=200 · OK
[2026-08-23T13:13:53.563Z] tick · acquisition:food:Yogyakarta · exit=0 signal=- · OK
[2026-08-23T13:13:55.814Z] tick · acquisition:accommodation:Yogyakarta · exit=0 signal=- · OK
[2026-08-23T13:13:56.574Z] tick · acquisition:food:Yogyakarta · zone=klaten-east · spawning
[2026-08-23T13:13:58.816Z] tick · acquisition:accommodation:Yogyakarta · zone=yogya-wider · spawning
[2026-08-23T13:14:29.202Z] tick · acquisition:accommodation:Yogyakarta · exit=0 signal=- · OK
[2026-08-23T13:14:32.205Z] tick · acquisition:accommodation:Yogyakarta · zone=malioboro · spawning
[2026-08-23T13:14:42.509Z] tick · brain:cron-tick · fetching GET http://localhost:3008/api/nex/brain/cron-tick
[2026-08-23T13:14:42.963Z] tick · brain:cron-tick · status=200 · OK
[2026-08-23T13:14:43.373Z] tick · social:cron-tick · fetching GET http://localhost:3008/api/cron/comms-social-worker
[2026-08-23T13:14:43.533Z] tick · social:cron-tick · status=200 · OK
[2026-08-23T13:14:48.710Z] tick · acquisition:food:Yogyakarta · exit=0 signal=- · OK
[2026-08-23T13:14:51.714Z] tick · acquisition:food:Yogyakarta · zone=gamping-west · spawning
[2026-08-23T13:15:02.546Z] tick · acquisition:accommodation:Yogyakarta · exit=0 signal=- · OK
[2026-08-23T13:15:05.556Z] tick · acquisition:accommodation:Yogyakarta · zone=prawirotaman · spawning
[2026-08-23T13:15:22.065Z] tick · acquisition:food:Yogyakarta · exit=0 signal=- · OK
[2026-08-23T13:15:25.078Z] tick · acquisition:food:Yogyakarta · zone=prambanan · spawning
[2026-08-23T13:15:35.890Z] tick · acquisition:accommodation:Yogyakarta · exit=0 signal=- · OK
[2026-08-23T13:15:38.891Z] tick · acquisition:accommodation:Yogyakarta · zone=kaliurang · spawning
[2026-08-23T13:15:43.383Z] tick · social:cron-tick · fetching GET http://localhost:3008/api/cron/comms-social-worker
[2026-08-23T13:15:43.579Z] tick · social:cron-tick · status=200 · OK
[2026-08-23T13:16:00.989Z] tick · acquisition:food:Yogyakarta · exit=0 signal=- · OK
[2026-08-23T13:16:04.000Z] tick · acquisition:food:Yogyakarta · zone=sleman-north · spawning
[2026-08-23T13:16:09.288Z] tick · acquisition:accommodation:Yogyakarta · exit=0 signal=- · OK
[2026-08-23T13:16:12.290Z] tick · acquisition:accommodation:Yogyakarta · zone=borobudur · spawning
[2026-08-23T13:16:39.760Z] tick · acquisition:food:Yogyakarta · exit=0 signal=- · OK
[2026-08-23T13:16:42.655Z] tick · acquisition:accommodation:Yogyakarta · exit=0 signal=- · OK
[2026-08-23T13:16:42.764Z] tick · acquisition:food:Yogyakarta · zone=bantul-south · spawning
[2026-08-23T13:16:43.390Z] tick · social:cron-tick · fetching GET http://localhost:3008/api/cron/comms-social-worker
[2026-08-23T13:16:44.168Z] tick · social:cron-tick · status=200 · OK
[2026-08-23T13:16:45.660Z] tick · acquisition:accommodation:Yogyakarta · zone=yogya-wider · spawning
[2026-08-23T13:17:13.296Z] tick · acquisition:food:Yogyakarta · exit=0 signal=- · OK
[2026-08-23T13:17:16.224Z] tick · acquisition:accommodation:Yogyakarta · exit=0 signal=- · OK
[2026-08-23T13:17:16.295Z] tick · acquisition:food:Yogyakarta · zone=klaten-east · spawning
[2026-08-23T13:17:19.242Z] tick · acquisition:accommodation:Yogyakarta · zone=malioboro · spawning
[2026-08-23T13:17:42.511Z] tick · brain:cron-tick · fetching GET http://localhost:3008/api/nex/brain/cron-tick
[2026-08-23T13:17:43.130Z] tick · brain:cron-tick · status=200 · OK
[2026-08-23T13:17:43.393Z] tick · social:cron-tick · fetching GET http://localhost:3008/api/cron/comms-social-worker
[2026-08-23T13:17:43.514Z] tick · social:cron-tick · status=200 · OK
[2026-08-23T13:17:49.589Z] tick · acquisition:accommodation:Yogyakarta · exit=0 signal=- · OK
[2026-08-23T13:17:52.600Z] tick · acquisition:accommodation:Yogyakarta · zone=prawirotaman · spawning
[2026-08-23T13:18:22.955Z] tick · acquisition:accommodation:Yogyakarta · exit=0 signal=- · OK
[2026-08-23T13:18:25.958Z] tick · acquisition:accommodation:Yogyakarta · zone=kaliurang · spawning
[2026-08-23T13:18:43.407Z] tick · social:cron-tick · fetching GET http://localhost:3008/api/cron/comms-social-worker
[2026-08-23T13:18:43.527Z] tick · social:cron-tick · status=200 · OK
[2026-08-23T13:18:56.317Z] tick · acquisition:accommodation:Yogyakarta · exit=0 signal=- · OK
[2026-08-23T13:18:59.319Z] tick · acquisition:accommodation:Yogyakarta · zone=borobudur · spawning
[2026-08-23T13:19:29.650Z] tick · acquisition:accommodation:Yogyakarta · exit=0 signal=- · OK
[2026-08-23T13:19:32.653Z] tick · acquisition:accommodation:Yogyakarta · zone=yogya-wider · spawning
[2026-08-23T13:19:42.246Z] tick · cle:conversation · spawning
[2026-08-23T13:19:42.828Z] tick · cle:conversation · exit=0 signal=- · OK
[2026-08-23T13:19:43.408Z] tick · social:cron-tick · fetching GET http://localhost:3008/api/cron/comms-social-worker
[2026-08-23T13:19:44.075Z] tick · social:cron-tick · status=200 · OK
[2026-08-23T13:19:52.430Z] tick · acquisition:food:Yogyakarta · exit=0 signal=- · OK
[2026-08-23T13:19:55.440Z] tick · acquisition:food:Yogyakarta · zone=gamping-west · spawning
[2026-08-23T13:20:03.021Z] tick · acquisition:accommodation:Yogyakarta · exit=0 signal=- · OK
[2026-08-23T13:20:06.031Z] tick · acquisition:accommodation:Yogyakarta · zone=malioboro · spawning
[2026-08-23T13:20:26.100Z] tick · acquisition:food:Yogyakarta · exit=0 signal=- · OK
[2026-08-23T13:20:29.108Z] tick · acquisition:food:Yogyakarta · zone=prambanan · spawning
[2026-08-23T13:20:36.459Z] tick · acquisition:accommodation:Yogyakarta · exit=0 signal=- · OK
[2026-08-23T13:20:39.460Z] tick · acquisition:accommodation:Yogyakarta · zone=prawirotaman · spawning
[2026-08-23T13:20:42.511Z] tick · brain:cron-tick · fetching GET http://localhost:3008/api/nex/brain/cron-tick
[2026-08-23T13:20:43.410Z] tick · social:cron-tick · fetching GET http://localhost:3008/api/cron/comms-social-worker
[2026-08-23T13:20:43.790Z] tick · brain:cron-tick · status=200 · OK
[2026-08-23T13:20:43.844Z] tick · social:cron-tick · status=200 · OK
[2026-08-23T13:21:09.965Z] tick · acquisition:accommodation:Yogyakarta · exit=0 signal=- · OK
[2026-08-23T13:21:11.301Z] tick · acquisition:food:Yogyakarta · exit=0 signal=- · OK
[2026-08-23T13:21:12.968Z] tick · acquisition:accommodation:Yogyakarta · zone=kaliurang · spawning
[2026-08-23T13:21:14.303Z] tick · acquisition:food:Yogyakarta · zone=sleman-north · spawning
[2026-08-23T13:21:43.418Z] tick · social:cron-tick · fetching GET http://localhost:3008/api/cron/comms-social-worker
[2026-08-23T13:21:43.469Z] tick · acquisition:accommodation:Yogyakarta · exit=0 signal=- · OK
[2026-08-23T13:21:43.597Z] tick · social:cron-tick · status=200 · OK
[2026-08-23T13:21:46.473Z] tick · acquisition:accommodation:Yogyakarta · zone=borobudur · spawning
[2026-08-23T13:22:16.769Z] tick · acquisition:accommodation:Yogyakarta · exit=0 signal=- · OK
[2026-08-23T13:22:19.779Z] tick · acquisition:accommodation:Yogyakarta · zone=yogya-wider · spawning
[2026-08-23T13:22:43.423Z] tick · social:cron-tick · fetching GET http://localhost:3008/api/cron/comms-social-worker
[2026-08-23T13:22:43.672Z] tick · social:cron-tick · status=200 · OK
[2026-08-23T13:22:50.192Z] tick · acquisition:accommodation:Yogyakarta · exit=0 signal=- · OK
[2026-08-23T13:22:53.200Z] tick · acquisition:accommodation:Yogyakarta · zone=malioboro · spawning
[2026-08-23T13:23:24.009Z] tick · acquisition:accommodation:Yogyakarta · exit=0 signal=- · OK
[2026-08-23T13:23:25.581Z] tick · acquisition:food:Yogyakarta · exit=0 signal=- · OK
[2026-08-23T13:23:27.021Z] tick · acquisition:accommodation:Yogyakarta · zone=prawirotaman · spawning
[2026-08-23T13:23:28.590Z] tick · acquisition:food:Yogyakarta · zone=bantul-south · spawning
[2026-08-23T13:23:42.527Z] tick · brain:cron-tick · fetching GET http://localhost:3008/api/nex/brain/cron-tick
[2026-08-23T13:23:43.418Z] tick · brain:cron-tick · status=200 · OK
[2026-08-23T13:23:43.424Z] tick · social:cron-tick · fetching GET http://localhost:3008/api/cron/comms-social-worker
[2026-08-23T13:23:43.585Z] tick · social:cron-tick · status=200 · OK
[2026-08-23T13:23:57.929Z] tick · acquisition:accommodation:Yogyakarta · exit=0 signal=- · OK
[2026-08-23T13:23:59.186Z] tick · acquisition:food:Yogyakarta · exit=0 signal=- · OK
[2026-08-23T13:24:00.935Z] tick · acquisition:accommodation:Yogyakarta · zone=kaliurang · spawning
[2026-08-23T13:24:02.198Z] tick · acquisition:food:Yogyakarta · zone=klaten-east · spawning
[2026-08-23T13:24:31.673Z] tick · acquisition:accommodation:Yogyakarta · exit=0 signal=- · OK
[2026-08-23T13:24:34.675Z] tick · acquisition:accommodation:Yogyakarta · zone=borobudur · spawning
[2026-08-23T13:24:43.432Z] tick · social:cron-tick · fetching GET http://localhost:3008/api/cron/comms-social-worker
[2026-08-23T13:24:43.737Z] tick · social:cron-tick · status=200 · OK
[2026-08-23T13:25:05.198Z] tick · acquisition:accommodation:Yogyakarta · exit=0 signal=- · OK
[2026-08-23T13:25:08.201Z] tick · acquisition:accommodation:Yogyakarta · zone=yogya-wider · spawning
[2026-08-23T13:25:38.686Z] tick · acquisition:accommodation:Yogyakarta · exit=0 signal=- · OK
[2026-08-23T13:25:41.691Z] tick · acquisition:accommodation:Yogyakarta · zone=malioboro · spawning
[2026-08-23T13:25:43.444Z] tick · social:cron-tick · fetching GET http://localhost:3008/api/cron/comms-social-worker
[2026-08-23T13:25:43.666Z] tick · social:cron-tick · status=200 · OK
[2026-08-23T13:25:53.699Z] tick · acquisition:food:Yogyakarta · exit=0 signal=- · OK
[2026-08-23T13:25:56.704Z] tick · acquisition:food:Yogyakarta · zone=gamping-west · spawning
[2026-08-23T13:26:12.276Z] tick · acquisition:accommodation:Yogyakarta · exit=0 signal=- · OK
[2026-08-23T13:26:15.288Z] tick · acquisition:accommodation:Yogyakarta · zone=prawirotaman · spawning
[2026-08-23T13:26:27.193Z] tick · acquisition:food:Yogyakarta · exit=0 signal=- · OK
[2026-08-23T13:26:30.202Z] tick · acquisition:food:Yogyakarta · zone=prambanan · spawning
[2026-08-23T13:26:42.541Z] tick · brain:cron-tick · fetching GET http://localhost:3008/api/nex/brain/cron-tick
[2026-08-23T13:26:43.091Z] tick · brain:cron-tick · status=200 · OK
[2026-08-23T13:26:43.446Z] tick · social:cron-tick · fetching GET http://localhost:3008/api/cron/comms-social-worker
[2026-08-23T13:26:43.590Z] tick · social:cron-tick · status=200 · OK
[2026-08-23T13:26:45.886Z] tick · acquisition:accommodation:Yogyakarta · exit=0 signal=- · OK
[2026-08-23T13:26:48.889Z] tick · acquisition:accommodation:Yogyakarta · zone=kaliurang · spawning
[2026-08-23T13:27:06.232Z] tick · acquisition:food:Yogyakarta · exit=0 signal=- · OK
[2026-08-23T13:27:09.247Z] tick · acquisition:food:Yogyakarta · zone=sleman-north · spawning
[2026-08-23T13:27:19.226Z] tick · acquisition:accommodation:Yogyakarta · exit=0 signal=- · OK
[2026-08-23T13:27:22.234Z] tick · acquisition:accommodation:Yogyakarta · zone=borobudur · spawning
[2026-08-23T13:27:43.446Z] tick · social:cron-tick · fetching GET http://localhost:3008/api/cron/comms-social-worker
[2026-08-23T13:27:43.580Z] tick · social:cron-tick · status=200 · OK
[2026-08-23T13:27:52.597Z] tick · acquisition:accommodation:Yogyakarta · exit=0 signal=- · OK
[2026-08-23T13:27:55.602Z] tick · acquisition:accommodation:Yogyakarta · zone=yogya-wider · spawning
[2026-08-23T13:28:26.012Z] tick · acquisition:accommodation:Yogyakarta · exit=0 signal=- · OK
[2026-08-23T13:28:29.012Z] tick · acquisition:accommodation:Yogyakarta · zone=malioboro · spawning
[2026-08-23T13:28:43.451Z] tick · social:cron-tick · fetching GET http://localhost:3008/api/cron/comms-social-worker
[2026-08-23T13:28:43.613Z] tick · social:cron-tick · status=200 · OK
[2026-08-23T13:28:57.173Z] tick · acquisition:food:Yogyakarta · exit=0 signal=- · OK
[2026-08-23T13:28:59.415Z] tick · acquisition:accommodation:Yogyakarta · exit=0 signal=- · OK
[2026-08-23T13:29:00.180Z] tick · acquisition:food:Yogyakarta · zone=bantul-south · spawning
[2026-08-23T13:29:02.423Z] tick · acquisition:accommodation:Yogyakarta · zone=prawirotaman · spawning
[2026-08-23T13:29:30.563Z] tick · acquisition:food:Yogyakarta · exit=0 signal=- · OK
[2026-08-23T13:29:32.848Z] tick · acquisition:accommodation:Yogyakarta · exit=0 signal=- · OK
[2026-08-23T13:29:33.568Z] tick · acquisition:food:Yogyakarta · zone=klaten-east · spawning
[2026-08-23T13:29:35.856Z] tick · acquisition:accommodation:Yogyakarta · zone=kaliurang · spawning
[2026-08-23T13:29:42.249Z] tick · cle:conversation · spawning
[2026-08-23T13:29:42.550Z] tick · brain:cron-tick · fetching GET http://localhost:3008/api/nex/brain/cron-tick
[2026-08-23T13:29:42.595Z] tick · cle:conversation · exit=0 signal=- · OK
[2026-08-23T13:29:43.042Z] tick · brain:cron-tick · status=200 · OK
[2026-08-23T13:29:43.463Z] tick · social:cron-tick · fetching GET http://localhost:3008/api/cron/comms-social-worker
[2026-08-23T13:29:43.569Z] tick · social:cron-tick · status=200 · OK
[2026-08-23T13:30:06.211Z] tick · acquisition:accommodation:Yogyakarta · exit=0 signal=- · OK
[2026-08-23T13:30:09.212Z] tick · acquisition:accommodation:Yogyakarta · zone=borobudur · spawning
[2026-08-23T13:30:39.572Z] tick · acquisition:accommodation:Yogyakarta · exit=0 signal=- · OK
[2026-08-23T13:30:42.575Z] tick · acquisition:accommodation:Yogyakarta · zone=yogya-wider · spawning
[2026-08-23T13:30:43.469Z] tick · social:cron-tick · fetching GET http://localhost:3008/api/cron/comms-social-worker
[2026-08-23T13:30:43.849Z] tick · social:cron-tick · status=200 · OK
[2026-08-23T13:31:13.512Z] tick · acquisition:accommodation:Yogyakarta · exit=0 signal=- · OK
[2026-08-23T13:31:16.513Z] tick · acquisition:accommodation:Yogyakarta · zone=malioboro · spawning
[2026-08-23T13:31:43.474Z] tick · social:cron-tick · fetching GET http://localhost:3008/api/cron/comms-social-worker
[2026-08-23T13:31:45.702Z] tick · social:cron-tick · status=200 · OK
[2026-08-23T13:31:47.086Z] tick · acquisition:accommodation:Yogyakarta · exit=0 signal=- · OK
[2026-08-23T13:31:50.095Z] tick · acquisition:accommodation:Yogyakarta · zone=prawirotaman · spawning
[2026-08-23T13:32:21.329Z] tick · acquisition:accommodation:Yogyakarta · exit=0 signal=- · OK
[2026-08-23T13:32:24.359Z] tick · acquisition:accommodation:Yogyakarta · zone=kaliurang · spawning
[2026-08-23T13:32:42.555Z] tick · brain:cron-tick · fetching GET http://localhost:3008/api/nex/brain/cron-tick
[2026-08-23T13:32:43.491Z] tick · social:cron-tick · fetching GET http://localhost:3008/api/cron/comms-social-worker
[2026-08-23T13:32:46.294Z] tick · social:cron-tick · status=200 · OK
[2026-08-23T13:32:46.865Z] tick · brain:cron-tick · status=200 · OK
[2026-08-23T13:32:55.694Z] tick · acquisition:accommodation:Yogyakarta · exit=0 signal=- · OK
[2026-08-23T13:32:58.708Z] tick · acquisition:accommodation:Yogyakarta · zone=borobudur · spawning
[2026-08-23T13:33:29.253Z] tick · acquisition:accommodation:Yogyakarta · exit=0 signal=- · OK
[2026-08-23T13:33:32.264Z] tick · acquisition:accommodation:Yogyakarta · zone=yogya-wider · spawning
[2026-08-23T13:33:43.492Z] tick · social:cron-tick · fetching GET http://localhost:3008/api/cron/comms-social-worker
[2026-08-23T13:33:43.775Z] tick · social:cron-tick · status=200 · OK
[2026-08-23T13:34:02.664Z] tick · acquisition:accommodation:Yogyakarta · exit=0 signal=- · OK
[2026-08-23T13:34:05.670Z] tick · acquisition:accommodation:Yogyakarta · zone=malioboro · spawning
[2026-08-23T13:34:21.730Z] tick · acquisition:food:Yogyakarta · exit=0 signal=- · OK
[2026-08-23T13:34:24.731Z] tick · acquisition:food:Yogyakarta · zone=gamping-west · spawning
[2026-08-23T13:34:35.964Z] tick · acquisition:accommodation:Yogyakarta · exit=0 signal=- · OK
[2026-08-23T13:34:38.967Z] tick · acquisition:accommodation:Yogyakarta · zone=prawirotaman · spawning
[2026-08-23T13:34:43.497Z] tick · social:cron-tick · fetching GET http://localhost:3008/api/cron/comms-social-worker
[2026-08-23T13:34:43.671Z] tick · social:cron-tick · status=200 · OK
[2026-08-23T13:34:55.201Z] tick · acquisition:food:Yogyakarta · exit=0 signal=- · OK
[2026-08-23T13:34:58.201Z] tick · acquisition:food:Yogyakarta · zone=prambanan · spawning
[2026-08-23T13:35:09.399Z] tick · acquisition:accommodation:Yogyakarta · exit=0 signal=- · OK
[2026-08-23T13:35:12.403Z] tick · acquisition:accommodation:Yogyakarta · zone=kaliurang · spawning
[2026-08-23T13:35:38.720Z] tick · acquisition:food:Yogyakarta · exit=0 signal=- · OK
[2026-08-23T13:35:41.733Z] tick · acquisition:food:Yogyakarta · zone=sleman-north · spawning
[2026-08-23T13:35:42.561Z] tick · brain:cron-tick · fetching GET http://localhost:3008/api/nex/brain/cron-tick
[2026-08-23T13:35:42.771Z] tick · acquisition:accommodation:Yogyakarta · exit=0 signal=- · OK
[2026-08-23T13:35:42.906Z] tick · brain:cron-tick · status=200 · OK
[2026-08-23T13:35:43.500Z] tick · social:cron-tick · fetching GET http://localhost:3008/api/cron/comms-social-worker
[2026-08-23T13:35:43.623Z] tick · social:cron-tick · status=200 · OK
[2026-08-23T13:35:45.780Z] tick · acquisition:accommodation:Yogyakarta · zone=borobudur · spawning
[2026-08-23T13:36:16.080Z] tick · acquisition:accommodation:Yogyakarta · exit=0 signal=- · OK
[2026-08-23T13:36:19.088Z] tick · acquisition:accommodation:Yogyakarta · zone=yogya-wider · spawning
[2026-08-23T13:36:43.500Z] tick · social:cron-tick · fetching GET http://localhost:3008/api/cron/comms-social-worker
[2026-08-23T13:36:43.665Z] tick · social:cron-tick · status=200 · OK
[2026-08-23T13:36:49.500Z] tick · acquisition:accommodation:Yogyakarta · exit=0 signal=- · OK
[2026-08-23T13:36:52.511Z] tick · acquisition:accommodation:Yogyakarta · zone=malioboro · spawning
[2026-08-23T13:37:22.858Z] tick · acquisition:accommodation:Yogyakarta · exit=0 signal=- · OK
[2026-08-23T13:37:25.862Z] tick · acquisition:accommodation:Yogyakarta · zone=prawirotaman · spawning
[2026-08-23T13:37:28.794Z] tick · promotion:food:Yogyakarta:quality-check · spawning
[2026-08-23T13:37:29.259Z] tick · promotion:food:Yogyakarta:quality-check · exit=0 signal=- · OK
[2026-08-23T13:37:43.511Z] tick · social:cron-tick · fetching GET http://localhost:3008/api/cron/comms-social-worker
[2026-08-23T13:37:43.726Z] tick · social:cron-tick · status=200 · OK
[2026-08-23T13:37:56.287Z] tick · acquisition:accommodation:Yogyakarta · exit=0 signal=- · OK
[2026-08-23T13:37:59.295Z] tick · acquisition:accommodation:Yogyakarta · zone=kaliurang · spawning
[2026-08-23T13:38:05.790Z] tick · acquisition:food:Yogyakarta · exit=0 signal=- · OK
[2026-08-23T13:38:08.797Z] tick · acquisition:food:Yogyakarta · zone=bantul-south · spawning
[2026-08-23T13:38:29.652Z] tick · acquisition:accommodation:Yogyakarta · exit=0 signal=- · OK
[2026-08-23T13:38:32.653Z] tick · acquisition:accommodation:Yogyakarta · zone=borobudur · spawning
[2026-08-23T13:38:42.563Z] tick · brain:cron-tick · fetching GET http://localhost:3008/api/nex/brain/cron-tick
[2026-08-23T13:38:43.365Z] tick · brain:cron-tick · status=200 · OK
[2026-08-23T13:38:43.516Z] tick · social:cron-tick · fetching GET http://localhost:3008/api/cron/comms-social-worker
[2026-08-23T13:38:43.683Z] tick · social:cron-tick · status=200 · OK
[2026-08-23T13:39:03.063Z] tick · acquisition:accommodation:Yogyakarta · exit=0 signal=- · OK
[2026-08-23T13:39:06.074Z] tick · acquisition:accommodation:Yogyakarta · zone=yogya-wider · spawning
[2026-08-23T13:39:36.446Z] tick · acquisition:accommodation:Yogyakarta · exit=0 signal=- · OK
[2026-08-23T13:39:39.449Z] tick · acquisition:accommodation:Yogyakarta · zone=malioboro · spawning
[2026-08-23T13:39:42.257Z] tick · cle:conversation · spawning
[2026-08-23T13:39:42.613Z] tick · cle:conversation · exit=0 signal=- · OK
[2026-08-23T13:39:43.520Z] tick · social:cron-tick · fetching GET http://localhost:3008/api/cron/comms-social-worker
[2026-08-23T13:39:43.778Z] tick · social:cron-tick · status=200 · OK
[2026-08-23T13:40:00.767Z] tick · acquisition:food:Yogyakarta · exit=0 signal=- · OK
[2026-08-23T13:40:03.769Z] tick · acquisition:food:Yogyakarta · zone=klaten-east · spawning
[2026-08-23T13:40:09.906Z] tick · acquisition:accommodation:Yogyakarta · exit=0 signal=- · OK
[2026-08-23T13:40:12.914Z] tick · acquisition:accommodation:Yogyakarta · zone=prawirotaman · spawning
[2026-08-23T13:40:43.443Z] tick · acquisition:accommodation:Yogyakarta · exit=0 signal=- · OK
[2026-08-23T13:40:43.532Z] tick · social:cron-tick · fetching GET http://localhost:3008/api/cron/comms-social-worker
[2026-08-23T13:40:43.832Z] tick · social:cron-tick · status=200 · OK
[2026-08-23T13:40:46.449Z] tick · acquisition:accommodation:Yogyakarta · zone=kaliurang · spawning
[2026-08-23T13:40:47.670Z] tick · acquisition:food:Yogyakarta · exit=0 signal=- · OK
[2026-08-23T13:40:50.674Z] tick · acquisition:food:Yogyakarta · zone=gamping-west · spawning
[2026-08-23T13:41:16.769Z] tick · acquisition:accommodation:Yogyakarta · exit=0 signal=- · OK
[2026-08-23T13:41:19.783Z] tick · acquisition:accommodation:Yogyakarta · zone=borobudur · spawning
[2026-08-23T13:41:21.040Z] tick · acquisition:food:Yogyakarta · exit=0 signal=- · OK
[2026-08-23T13:41:24.054Z] tick · acquisition:food:Yogyakarta · zone=prambanan · spawning
[2026-08-23T13:41:42.564Z] tick · brain:cron-tick · fetching GET http://localhost:3008/api/nex/brain/cron-tick
[2026-08-23T13:41:43.492Z] tick · brain:cron-tick · status=200 · OK
[2026-08-23T13:41:43.533Z] tick · social:cron-tick · fetching GET http://localhost:3008/api/cron/comms-social-worker
[2026-08-23T13:41:43.651Z] tick · social:cron-tick · status=200 · OK
[2026-08-23T13:41:50.183Z] tick · acquisition:accommodation:Yogyakarta · exit=0 signal=- · OK
[2026-08-23T13:41:53.191Z] tick · acquisition:accommodation:Yogyakarta · zone=yogya-wider · spawning
[2026-08-23T13:42:02.243Z] tick · acquisition:food:Yogyakarta · exit=0 signal=- · OK
[2026-08-23T13:42:05.243Z] tick · acquisition:food:Yogyakarta · zone=sleman-north · spawning
[2026-08-23T13:42:23.647Z] tick · acquisition:accommodation:Yogyakarta · exit=0 signal=- · OK
[2026-08-23T13:42:26.653Z] tick · acquisition:accommodation:Yogyakarta · zone=malioboro · spawning
[2026-08-23T13:42:43.541Z] tick · social:cron-tick · fetching GET http://localhost:3008/api/cron/comms-social-worker
[2026-08-23T13:42:43.829Z] tick · social:cron-tick · status=200 · OK
[2026-08-23T13:42:57.105Z] tick · acquisition:accommodation:Yogyakarta · exit=0 signal=- · OK
[2026-08-23T13:43:00.112Z] tick · acquisition:accommodation:Yogyakarta · zone=prawirotaman · spawning
[2026-08-23T13:43:30.546Z] tick · acquisition:accommodation:Yogyakarta · exit=0 signal=- · OK
[2026-08-23T13:43:33.548Z] tick · acquisition:accommodation:Yogyakarta · zone=kaliurang · spawning
[2026-08-23T13:43:43.544Z] tick · social:cron-tick · fetching GET http://localhost:3008/api/cron/comms-social-worker
[2026-08-23T13:43:43.857Z] tick · social:cron-tick · status=200 · OK
[2026-08-23T13:44:04.091Z] tick · acquisition:accommodation:Yogyakarta · exit=0 signal=- · OK
[2026-08-23T13:44:07.101Z] tick · acquisition:accommodation:Yogyakarta · zone=borobudur · spawning
[2026-08-23T13:44:26.894Z] tick · acquisition:food:Yogyakarta · exit=0 signal=- · OK
[2026-08-23T13:44:29.901Z] tick · acquisition:food:Yogyakarta · zone=bantul-south · spawning
[2026-08-23T13:44:37.528Z] tick · acquisition:accommodation:Yogyakarta · exit=0 signal=- · OK
[2026-08-23T13:44:40.538Z] tick · acquisition:accommodation:Yogyakarta · zone=yogya-wider · spawning
[2026-08-23T13:44:42.568Z] tick · brain:cron-tick · fetching GET http://localhost:3008/api/nex/brain/cron-tick
[2026-08-23T13:44:43.557Z] tick · social:cron-tick · fetching GET http://localhost:3008/api/cron/comms-social-worker
[2026-08-23T13:44:44.291Z] tick · social:cron-tick · status=200 · OK
[2026-08-23T13:44:44.708Z] tick · brain:cron-tick · status=200 · OK
[2026-08-23T13:45:11.099Z] tick · acquisition:accommodation:Yogyakarta · exit=0 signal=- · OK
[2026-08-23T13:45:14.100Z] tick · acquisition:accommodation:Yogyakarta · zone=malioboro · spawning
[2026-08-23T13:45:43.590Z] tick · social:cron-tick · fetching GET http://localhost:3008/api/cron/comms-social-worker
[2026-08-23T13:45:45.390Z] tick · acquisition:accommodation:Yogyakarta · exit=0 signal=- · OK
[2026-08-23T13:45:46.508Z] tick · social:cron-tick · status=200 · OK
[2026-08-23T13:45:48.394Z] tick · acquisition:accommodation:Yogyakarta · zone=prawirotaman · spawning
[2026-08-23T13:46:19.250Z] tick · acquisition:accommodation:Yogyakarta · exit=0 signal=- · OK
[2026-08-23T13:46:22.266Z] tick · acquisition:accommodation:Yogyakarta · zone=kaliurang · spawning
[2026-08-23T13:46:43.642Z] tick · social:cron-tick · fetching GET http://localhost:3008/api/cron/comms-social-worker
[2026-08-23T13:46:43.900Z] tick · social:cron-tick · status=200 · OK
[2026-08-23T13:46:52.630Z] tick · acquisition:accommodation:Yogyakarta · exit=0 signal=- · OK
[2026-08-23T13:46:55.645Z] tick · acquisition:accommodation:Yogyakarta · zone=borobudur · spawning
[2026-08-23T13:47:18.934Z] tick · acquisition:food:Yogyakarta · exit=0 signal=- · OK
[2026-08-23T13:47:21.940Z] tick · acquisition:food:Yogyakarta · zone=klaten-east · spawning
[2026-08-23T13:47:25.945Z] tick · acquisition:accommodation:Yogyakarta · exit=0 signal=- · OK
[2026-08-23T13:47:28.945Z] tick · acquisition:accommodation:Yogyakarta · zone=yogya-wider · spawning
[2026-08-23T13:47:42.571Z] tick · brain:cron-tick · fetching GET http://localhost:3008/api/nex/brain/cron-tick
[2026-08-23T13:47:43.165Z] tick · brain:cron-tick · status=200 · OK
[2026-08-23T13:47:43.649Z] tick · social:cron-tick · fetching GET http://localhost:3008/api/cron/comms-social-worker
[2026-08-23T13:47:43.764Z] tick · social:cron-tick · status=200 · OK
[2026-08-23T13:47:59.338Z] tick · acquisition:accommodation:Yogyakarta · exit=0 signal=- · OK
[2026-08-23T13:48:02.338Z] tick · acquisition:accommodation:Yogyakarta · zone=malioboro · spawning
[2026-08-23T13:48:32.637Z] tick · acquisition:accommodation:Yogyakarta · exit=0 signal=- · OK
[2026-08-23T13:48:35.648Z] tick · acquisition:accommodation:Yogyakarta · zone=prawirotaman · spawning
[2026-08-23T13:48:43.654Z] tick · social:cron-tick · fetching GET http://localhost:3008/api/cron/comms-social-worker
[2026-08-23T13:48:43.894Z] tick · social:cron-tick · status=200 · OK
[2026-08-23T13:49:06.008Z] tick · acquisition:accommodation:Yogyakarta · exit=0 signal=- · OK
[2026-08-23T13:49:09.008Z] tick · acquisition:accommodation:Yogyakarta · zone=kaliurang · spawning
[2026-08-23T13:49:39.352Z] tick · acquisition:accommodation:Yogyakarta · exit=0 signal=- · OK
[2026-08-23T13:49:42.266Z] tick · cle:conversation · spawning
[2026-08-23T13:49:42.369Z] tick · acquisition:accommodation:Yogyakarta · zone=borobudur · spawning
[2026-08-23T13:49:42.609Z] tick · cle:conversation · exit=0 signal=- · OK
[2026-08-23T13:49:43.655Z] tick · social:cron-tick · fetching GET http://localhost:3008/api/cron/comms-social-worker
[2026-08-23T13:49:43.960Z] tick · social:cron-tick · status=200 · OK
[2026-08-23T13:50:12.676Z] tick · acquisition:accommodation:Yogyakarta · exit=0 signal=- · OK
[2026-08-23T13:50:15.482Z] tick · acquisition:food:Yogyakarta · exit=0 signal=- · OK
[2026-08-23T13:50:15.688Z] tick · acquisition:accommodation:Yogyakarta · zone=yogya-wider · spawning
[2026-08-23T13:50:18.490Z] tick · acquisition:food:Yogyakarta · zone=gamping-west · spawning
[2026-08-23T13:50:42.580Z] tick · brain:cron-tick · fetching GET http://localhost:3008/api/nex/brain/cron-tick
[2026-08-23T13:50:43.062Z] tick · brain:cron-tick · status=200 · OK
[2026-08-23T13:50:43.666Z] tick · social:cron-tick · fetching GET http://localhost:3008/api/cron/comms-social-worker
[2026-08-23T13:50:43.856Z] tick · social:cron-tick · status=200 · OK
[2026-08-23T13:50:46.096Z] tick · acquisition:accommodation:Yogyakarta · exit=0 signal=- · OK
[2026-08-23T13:50:48.945Z] tick · acquisition:food:Yogyakarta · exit=0 signal=- · OK
[2026-08-23T13:50:49.105Z] tick · acquisition:accommodation:Yogyakarta · zone=malioboro · spawning
[2026-08-23T13:50:51.952Z] tick · acquisition:food:Yogyakarta · zone=prambanan · spawning
[2026-08-23T13:51:19.481Z] tick · acquisition:accommodation:Yogyakarta · exit=0 signal=- · OK
[2026-08-23T13:51:22.482Z] tick · acquisition:accommodation:Yogyakarta · zone=prawirotaman · spawning
[2026-08-23T13:51:34.293Z] tick · acquisition:food:Yogyakarta · exit=0 signal=- · OK
[2026-08-23T13:51:37.307Z] tick · acquisition:food:Yogyakarta · zone=sleman-north · spawning
[2026-08-23T13:51:43.672Z] tick · social:cron-tick · fetching GET http://localhost:3008/api/cron/comms-social-worker
[2026-08-23T13:51:43.876Z] tick · social:cron-tick · status=200 · OK
[2026-08-23T13:51:52.789Z] tick · acquisition:accommodation:Yogyakarta · exit=0 signal=- · OK
[2026-08-23T13:51:55.794Z] tick · acquisition:accommodation:Yogyakarta · zone=kaliurang · spawning
[2026-08-23T13:52:26.155Z] tick · acquisition:accommodation:Yogyakarta · exit=0 signal=- · OK
[2026-08-23T13:52:29.161Z] tick · acquisition:accommodation:Yogyakarta · zone=borobudur · spawning
[2026-08-23T13:52:43.673Z] tick · social:cron-tick · fetching GET http://localhost:3008/api/cron/comms-social-worker
[2026-08-23T13:52:43.884Z] tick · social:cron-tick · status=200 · OK
[2026-08-23T13:52:59.461Z] tick · acquisition:accommodation:Yogyakarta · exit=0 signal=- · OK
[2026-08-23T13:53:02.471Z] tick · acquisition:accommodation:Yogyakarta · zone=yogya-wider · spawning
[2026-08-23T13:53:32.783Z] tick · acquisition:accommodation:Yogyakarta · exit=0 signal=- · OK
[2026-08-23T13:53:35.783Z] tick · acquisition:accommodation:Yogyakarta · zone=malioboro · spawning
[2026-08-23T13:53:42.591Z] tick · brain:cron-tick · fetching GET http://localhost:3008/api/nex/brain/cron-tick
[2026-08-23T13:53:43.125Z] tick · brain:cron-tick · status=200 · OK
[2026-08-23T13:53:43.676Z] tick · social:cron-tick · fetching GET http://localhost:3008/api/cron/comms-social-worker
[2026-08-23T13:53:43.831Z] tick · social:cron-tick · status=200 · OK
[2026-08-23T13:54:06.190Z] tick · acquisition:accommodation:Yogyakarta · exit=0 signal=- · OK
[2026-08-23T13:54:09.201Z] tick · acquisition:accommodation:Yogyakarta · zone=prawirotaman · spawning
[2026-08-23T13:54:35.040Z] tick · acquisition:food:Yogyakarta · exit=0 signal=- · OK
[2026-08-23T13:54:38.041Z] tick · acquisition:food:Yogyakarta · zone=bantul-south · spawning
[2026-08-23T13:54:39.486Z] tick · acquisition:accommodation:Yogyakarta · exit=0 signal=- · OK
[2026-08-23T13:54:42.489Z] tick · acquisition:accommodation:Yogyakarta · zone=kaliurang · spawning
[2026-08-23T13:54:43.677Z] tick · social:cron-tick · fetching GET http://localhost:3008/api/cron/comms-social-worker
[2026-08-23T13:54:43.906Z] tick · social:cron-tick · status=200 · OK
[2026-08-23T13:55:12.838Z] tick · acquisition:accommodation:Yogyakarta · exit=0 signal=- · OK
[2026-08-23T13:55:15.851Z] tick · acquisition:accommodation:Yogyakarta · zone=borobudur · spawning
[2026-08-23T13:55:30.776Z] tick · acquisition:food:Yogyakarta · exit=0 signal=- · OK
[2026-08-23T13:55:33.780Z] tick · acquisition:food:Yogyakarta · zone=klaten-east · spawning
[2026-08-23T13:55:43.680Z] tick · social:cron-tick · fetching GET http://localhost:3008/api/cron/comms-social-worker
[2026-08-23T13:55:44.541Z] tick · social:cron-tick · status=200 · OK
[2026-08-23T13:55:46.943Z] tick · acquisition:accommodation:Yogyakarta · exit=0 signal=- · OK
[2026-08-23T13:55:49.943Z] tick · acquisition:accommodation:Yogyakarta · zone=yogya-wider · spawning
[2026-08-23T13:56:20.434Z] tick · acquisition:accommodation:Yogyakarta · exit=0 signal=- · OK
[2026-08-23T13:56:23.454Z] tick · acquisition:accommodation:Yogyakarta · zone=malioboro · spawning
[2026-08-23T13:56:42.605Z] tick · brain:cron-tick · fetching GET http://localhost:3008/api/nex/brain/cron-tick
[2026-08-23T13:56:43.681Z] tick · social:cron-tick · fetching GET http://localhost:3008/api/cron/comms-social-worker
[2026-08-23T13:56:44.780Z] tick · social:cron-tick · status=200 · OK
[2026-08-23T13:56:45.446Z] tick · brain:cron-tick · status=200 · OK
[2026-08-23T13:56:54.508Z] tick · acquisition:accommodation:Yogyakarta · exit=0 signal=- · OK
[2026-08-23T13:56:57.510Z] tick · acquisition:accommodation:Yogyakarta · zone=prawirotaman · spawning
[2026-08-23T13:57:28.176Z] tick · acquisition:accommodation:Yogyakarta · exit=0 signal=- · OK
[2026-08-23T13:57:31.180Z] tick · acquisition:accommodation:Yogyakarta · zone=kaliurang · spawning
[2026-08-23T13:57:43.695Z] tick · social:cron-tick · fetching GET http://localhost:3008/api/cron/comms-social-worker
[2026-08-23T13:57:44.393Z] tick · social:cron-tick · status=200 · OK
[2026-08-23T13:58:01.754Z] tick · acquisition:accommodation:Yogyakarta · exit=0 signal=- · OK
[2026-08-23T13:58:04.758Z] tick · acquisition:accommodation:Yogyakarta · zone=borobudur · spawning
[2026-08-23T13:58:35.050Z] tick · acquisition:accommodation:Yogyakarta · exit=0 signal=- · OK
[2026-08-23T13:58:38.062Z] tick · acquisition:accommodation:Yogyakarta · zone=yogya-wider · spawning
[2026-08-23T13:58:43.698Z] tick · social:cron-tick · fetching GET http://localhost:3008/api/cron/comms-social-worker
[2026-08-23T13:58:43.928Z] tick · social:cron-tick · status=200 · OK
[2026-08-23T13:58:51.062Z] tick · acquisition:food:Yogyakarta · exit=0 signal=- · OK
[2026-08-23T13:58:54.069Z] tick · acquisition:food:Yogyakarta · zone=gamping-west · spawning
[2026-08-23T13:59:08.388Z] tick · acquisition:accommodation:Yogyakarta · exit=0 signal=- · OK
[2026-08-23T13:59:11.394Z] tick · acquisition:accommodation:Yogyakarta · zone=malioboro · spawning
[2026-08-23T13:59:24.385Z] tick · acquisition:food:Yogyakarta · exit=0 signal=- · OK
[2026-08-23T13:59:27.391Z] tick · acquisition:food:Yogyakarta · zone=prambanan · spawning
[2026-08-23T13:59:41.704Z] tick · acquisition:accommodation:Yogyakarta · exit=0 signal=- · OK
[2026-08-23T13:59:42.279Z] tick · cle:conversation · spawning
[2026-08-23T13:59:42.586Z] tick · cle:conversation · exit=0 signal=- · OK
[2026-08-23T13:59:42.613Z] tick · brain:cron-tick · fetching GET http://localhost:3008/api/nex/brain/cron-tick
[2026-08-23T13:59:43.113Z] tick · brain:cron-tick · status=200 · OK
[2026-08-23T13:59:43.713Z] tick · social:cron-tick · fetching GET http://localhost:3008/api/cron/comms-social-worker
[2026-08-23T13:59:43.862Z] tick · social:cron-tick · status=200 · OK
[2026-08-23T13:59:44.711Z] tick · acquisition:accommodation:Yogyakarta · zone=prawirotaman · spawning
[2026-08-23T14:00:05.226Z] tick · acquisition:food:Yogyakarta · exit=0 signal=- · OK
[2026-08-23T14:00:08.238Z] tick · acquisition:food:Yogyakarta · zone=sleman-north · spawning
[2026-08-23T14:00:15.004Z] tick · acquisition:accommodation:Yogyakarta · exit=0 signal=- · OK
[2026-08-23T14:00:18.009Z] tick · acquisition:accommodation:Yogyakarta · zone=kaliurang · spawning
[2026-08-23T14:00:43.715Z] tick · social:cron-tick · fetching GET http://localhost:3008/api/cron/comms-social-worker
[2026-08-23T14:00:43.917Z] tick · social:cron-tick · status=200 · OK
[2026-08-23T14:00:48.310Z] tick · acquisition:accommodation:Yogyakarta · exit=0 signal=- · OK
[2026-08-23T14:00:51.324Z] tick · acquisition:accommodation:Yogyakarta · zone=borobudur · spawning
[2026-08-23T14:01:21.620Z] tick · acquisition:accommodation:Yogyakarta · exit=0 signal=- · OK
[2026-08-23T14:01:24.628Z] tick · acquisition:accommodation:Yogyakarta · zone=yogya-wider · spawning
[2026-08-23T14:01:43.727Z] tick · social:cron-tick · fetching GET http://localhost:3008/api/cron/comms-social-worker
[2026-08-23T14:01:43.956Z] tick · social:cron-tick · status=200 · OK
[2026-08-23T14:01:55.066Z] tick · acquisition:accommodation:Yogyakarta · exit=0 signal=- · OK
[2026-08-23T14:01:58.079Z] tick · acquisition:accommodation:Yogyakarta · zone=malioboro · spawning
[2026-08-23T14:02:22.105Z] tick · acquisition:food:Yogyakarta · exit=0 signal=- · OK
[2026-08-23T14:02:25.120Z] tick · acquisition:food:Yogyakarta · zone=bantul-south · spawning
[2026-08-23T14:02:28.483Z] tick · acquisition:accommodation:Yogyakarta · exit=0 signal=- · OK
[2026-08-23T14:02:31.491Z] tick · acquisition:accommodation:Yogyakarta · zone=prawirotaman · spawning
[2026-08-23T14:02:42.625Z] tick · brain:cron-tick · fetching GET http://localhost:3008/api/nex/brain/cron-tick
[2026-08-23T14:02:43.153Z] tick · brain:cron-tick · status=200 · OK
[2026-08-23T14:02:43.727Z] tick · social:cron-tick · fetching GET http://localhost:3008/api/cron/comms-social-worker
[2026-08-23T14:02:43.861Z] tick · social:cron-tick · status=200 · OK
[2026-08-23T14:03:01.870Z] tick · acquisition:accommodation:Yogyakarta · exit=0 signal=- · OK
[2026-08-23T14:03:04.887Z] tick · acquisition:accommodation:Yogyakarta · zone=kaliurang · spawning
[2026-08-23T14:03:35.396Z] tick · acquisition:accommodation:Yogyakarta · exit=0 signal=- · OK
[2026-08-23T14:03:38.400Z] tick · acquisition:accommodation:Yogyakarta · zone=borobudur · spawning
[2026-08-23T14:03:43.728Z] tick · social:cron-tick · fetching GET http://localhost:3008/api/cron/comms-social-worker
[2026-08-23T14:03:43.937Z] tick · social:cron-tick · status=200 · OK
[2026-08-23T14:04:08.740Z] tick · acquisition:accommodation:Yogyakarta · exit=0 signal=- · OK
[2026-08-23T14:04:11.744Z] tick · acquisition:accommodation:Yogyakarta · zone=yogya-wider · spawning
[2026-08-23T14:04:42.442Z] tick · acquisition:accommodation:Yogyakarta · exit=0 signal=- · OK
[2026-08-23T14:04:43.731Z] tick · social:cron-tick · fetching GET http://localhost:3008/api/cron/comms-social-worker
[2026-08-23T14:04:43.911Z] tick · social:cron-tick · status=200 · OK
[2026-08-23T14:04:45.444Z] tick · acquisition:accommodation:Yogyakarta · zone=malioboro · spawning
[2026-08-23T14:05:15.863Z] tick · acquisition:accommodation:Yogyakarta · exit=0 signal=- · OK
[2026-08-23T14:05:18.871Z] tick · acquisition:accommodation:Yogyakarta · zone=prawirotaman · spawning
[2026-08-23T14:05:42.627Z] tick · brain:cron-tick · fetching GET http://localhost:3008/api/nex/brain/cron-tick
[2026-08-23T14:05:43.121Z] tick · brain:cron-tick · status=200 · OK
[2026-08-23T14:05:43.737Z] tick · social:cron-tick · fetching GET http://localhost:3008/api/cron/comms-social-worker
[2026-08-23T14:05:43.858Z] tick · social:cron-tick · status=200 · OK
[2026-08-23T14:05:49.229Z] tick · acquisition:accommodation:Yogyakarta · exit=0 signal=- · OK
[2026-08-23T14:05:52.231Z] tick · acquisition:accommodation:Yogyakarta · zone=kaliurang · spawning
[2026-08-23T14:06:16.421Z] tick · acquisition:food:Yogyakarta · exit=0 signal=- · OK
[2026-08-23T14:06:19.431Z] tick · acquisition:food:Yogyakarta · zone=klaten-east · spawning
[2026-08-23T14:06:22.546Z] tick · acquisition:accommodation:Yogyakarta · exit=0 signal=- · OK
[2026-08-23T14:06:25.546Z] tick · acquisition:accommodation:Yogyakarta · zone=borobudur · spawning
[2026-08-23T14:06:43.739Z] tick · social:cron-tick · fetching GET http://localhost:3008/api/cron/comms-social-worker
[2026-08-23T14:06:43.931Z] tick · social:cron-tick · status=200 · OK
[2026-08-23T14:06:55.836Z] tick · acquisition:accommodation:Yogyakarta · exit=0 signal=- · OK
[2026-08-23T14:06:58.838Z] tick · acquisition:accommodation:Yogyakarta · zone=yogya-wider · spawning
[2026-08-23T14:07:28.795Z] tick · promotion:food:Yogyakarta:quality-check · spawning
[2026-08-23T14:07:29.234Z] tick · acquisition:accommodation:Yogyakarta · exit=0 signal=- · OK
[2026-08-23T14:07:29.269Z] tick · promotion:food:Yogyakarta:quality-check · exit=0 signal=- · OK
[2026-08-23T14:07:32.245Z] tick · acquisition:accommodation:Yogyakarta · zone=malioboro · spawning
[2026-08-23T14:07:43.753Z] tick · social:cron-tick · fetching GET http://localhost:3008/api/cron/comms-social-worker
[2026-08-23T14:07:45.175Z] tick · social:cron-tick · status=200 · OK
[2026-08-23T14:08:02.594Z] tick · acquisition:accommodation:Yogyakarta · exit=0 signal=- · OK
[2026-08-23T14:08:05.596Z] tick · acquisition:accommodation:Yogyakarta · zone=prawirotaman · spawning
[2026-08-23T14:08:16.579Z] tick · acquisition:food:Yogyakarta · exit=0 signal=- · OK
[2026-08-23T14:08:19.582Z] tick · acquisition:food:Yogyakarta · zone=gamping-west · spawning
[2026-08-23T14:08:35.950Z] tick · acquisition:accommodation:Yogyakarta · exit=0 signal=- · OK
[2026-08-23T14:08:38.955Z] tick · acquisition:accommodation:Yogyakarta · zone=kaliurang · spawning
[2026-08-23T14:08:42.628Z] tick · brain:cron-tick · fetching GET http://localhost:3008/api/nex/brain/cron-tick
[2026-08-23T14:08:43.449Z] tick · brain:cron-tick · status=200 · OK
[2026-08-23T14:08:43.756Z] tick · social:cron-tick · fetching GET http://localhost:3008/api/cron/comms-social-worker
[2026-08-23T14:08:43.915Z] tick · social:cron-tick · status=200 · OK
[2026-08-23T14:08:49.933Z] tick · acquisition:food:Yogyakarta · exit=0 signal=- · OK
[2026-08-23T14:08:52.938Z] tick · acquisition:food:Yogyakarta · zone=prambanan · spawning
[2026-08-23T14:09:09.412Z] tick · acquisition:accommodation:Yogyakarta · exit=0 signal=- · OK
[2026-08-23T14:09:12.414Z] tick · acquisition:accommodation:Yogyakarta · zone=borobudur · spawning
[2026-08-23T14:09:37.070Z] tick · acquisition:food:Yogyakarta · exit=0 signal=- · OK
[2026-08-23T14:09:40.073Z] tick · acquisition:food:Yogyakarta · zone=sleman-north · spawning
[2026-08-23T14:09:42.289Z] tick · cle:conversation · spawning
[2026-08-23T14:09:42.646Z] tick · cle:conversation · exit=0 signal=- · OK
[2026-08-23T14:09:42.754Z] tick · acquisition:accommodation:Yogyakarta · exit=0 signal=- · OK
[2026-08-23T14:09:43.762Z] tick · social:cron-tick · fetching GET http://localhost:3008/api/cron/comms-social-worker
[2026-08-23T14:09:43.976Z] tick · social:cron-tick · status=200 · OK
[2026-08-23T14:09:45.754Z] tick · acquisition:accommodation:Yogyakarta · zone=yogya-wider · spawning
[2026-08-23T14:10:16.043Z] tick · acquisition:accommodation:Yogyakarta · exit=0 signal=- · OK
[2026-08-23T14:10:19.055Z] tick · acquisition:accommodation:Yogyakarta · zone=malioboro · spawning
[2026-08-23T14:10:43.766Z] tick · social:cron-tick · fetching GET http://localhost:3008/api/cron/comms-social-worker
[2026-08-23T14:10:44.092Z] tick · social:cron-tick · status=200 · OK
[2026-08-23T14:10:49.359Z] tick · acquisition:accommodation:Yogyakarta · exit=0 signal=- · OK
[2026-08-23T14:10:52.367Z] tick · acquisition:accommodation:Yogyakarta · zone=prawirotaman · spawning
[2026-08-23T14:11:22.797Z] tick · acquisition:accommodation:Yogyakarta · exit=0 signal=- · OK
[2026-08-23T14:11:25.800Z] tick · acquisition:accommodation:Yogyakarta · zone=kaliurang · spawning
[2026-08-23T14:11:42.631Z] tick · brain:cron-tick · fetching GET http://localhost:3008/api/nex/brain/cron-tick
[2026-08-23T14:11:42.807Z] tick · acquisition:food:Yogyakarta · exit=0 signal=- · OK
[2026-08-23T14:11:43.259Z] tick · brain:cron-tick · status=200 · OK
[2026-08-23T14:11:43.775Z] tick · social:cron-tick · fetching GET http://localhost:3008/api/cron/comms-social-worker
[2026-08-23T14:11:43.942Z] tick · social:cron-tick · status=200 · OK
[2026-08-23T14:11:45.821Z] tick · acquisition:food:Yogyakarta · zone=bantul-south · spawning
[2026-08-23T14:11:56.226Z] tick · acquisition:accommodation:Yogyakarta · exit=0 signal=- · OK
[2026-08-23T14:11:59.232Z] tick · acquisition:accommodation:Yogyakarta · zone=borobudur · spawning
[2026-08-23T14:12:29.628Z] tick · acquisition:accommodation:Yogyakarta · exit=0 signal=- · OK
[2026-08-23T14:12:32.640Z] tick · acquisition:accommodation:Yogyakarta · zone=yogya-wider · spawning
[2026-08-23T14:12:43.784Z] tick · social:cron-tick · fetching GET http://localhost:3008/api/cron/comms-social-worker
[2026-08-23T14:12:43.991Z] tick · social:cron-tick · status=200 · OK
[2026-08-23T14:13:03.116Z] tick · acquisition:accommodation:Yogyakarta · exit=0 signal=- · OK
[2026-08-23T14:13:06.121Z] tick · acquisition:accommodation:Yogyakarta · zone=malioboro · spawning
[2026-08-23T14:13:43.798Z] tick · social:cron-tick · fetching GET http://localhost:3008/api/cron/comms-social-worker
[2026-08-23T14:13:43.958Z] tick · social:cron-tick · status=200 · OK
[2026-08-23T14:14:42.641Z] tick · brain:cron-tick · fetching GET http://localhost:3008/api/nex/brain/cron-tick
[2026-08-23T14:14:43.195Z] tick · brain:cron-tick · status=200 · OK
[2026-08-23T14:14:43.812Z] tick · social:cron-tick · fetching GET http://localhost:3008/api/cron/comms-social-worker
[2026-08-23T14:14:43.909Z] tick · social:cron-tick · status=200 · OK
[2026-08-23T14:14:48.244Z] tick · acquisition:food:Yogyakarta · exit=0 signal=- · OK
[2026-08-23T14:14:51.246Z] tick · acquisition:food:Yogyakarta · zone=klaten-east · spawning
[2026-08-23T14:15:43.829Z] tick · social:cron-tick · fetching GET http://localhost:3008/api/cron/comms-social-worker
[2026-08-23T14:15:44.025Z] tick · social:cron-tick · status=200 · OK
[2026-08-23T14:15:54.403Z] tick · acquisition:accommodation:Yogyakarta · exit=0 signal=- · OK
[2026-08-23T14:15:57.418Z] tick · acquisition:accommodation:Yogyakarta · zone=prawirotaman · spawning
[2026-08-23T14:16:26.738Z] tick · acquisition:food:Yogyakarta · exit=0 signal=- · OK
[2026-08-23T14:16:27.714Z] tick · acquisition:accommodation:Yogyakarta · exit=0 signal=- · OK
[2026-08-23T14:16:29.746Z] tick · acquisition:food:Yogyakarta · zone=gamping-west · spawning
[2026-08-23T14:16:30.717Z] tick · acquisition:accommodation:Yogyakarta · zone=kaliurang · spawning
[2026-08-23T14:16:43.836Z] tick · social:cron-tick · fetching GET http://localhost:3008/api/cron/comms-social-worker
[2026-08-23T14:16:44.156Z] tick · social:cron-tick · status=200 · OK
[2026-08-23T14:17:00.200Z] tick · acquisition:food:Yogyakarta · exit=0 signal=- · OK
[2026-08-23T14:17:01.108Z] tick · acquisition:accommodation:Yogyakarta · exit=0 signal=- · OK
[2026-08-23T14:17:03.202Z] tick · acquisition:food:Yogyakarta · zone=prambanan · spawning
[2026-08-23T14:17:04.118Z] tick · acquisition:accommodation:Yogyakarta · zone=borobudur · spawning
[2026-08-23T14:17:34.440Z] tick · acquisition:accommodation:Yogyakarta · exit=0 signal=- · OK
[2026-08-23T14:17:37.450Z] tick · acquisition:accommodation:Yogyakarta · zone=yogya-wider · spawning
[2026-08-23T14:17:42.649Z] tick · brain:cron-tick · fetching GET http://localhost:3008/api/nex/brain/cron-tick
[2026-08-23T14:17:43.081Z] tick · brain:cron-tick · status=200 · OK
[2026-08-23T14:17:43.845Z] tick · social:cron-tick · fetching GET http://localhost:3008/api/cron/comms-social-worker
[2026-08-23T14:17:43.978Z] tick · social:cron-tick · status=200 · OK
[2026-08-23T14:17:44.995Z] tick · acquisition:food:Yogyakarta · exit=0 signal=- · OK
[2026-08-23T14:17:47.996Z] tick · acquisition:food:Yogyakarta · zone=sleman-north · spawning
[2026-08-23T14:18:07.896Z] tick · acquisition:accommodation:Yogyakarta · exit=0 signal=- · OK
[2026-08-23T14:18:10.898Z] tick · acquisition:accommodation:Yogyakarta · zone=malioboro · spawning
[2026-08-23T14:18:43.853Z] tick · social:cron-tick · fetching GET http://localhost:3008/api/cron/comms-social-worker
[2026-08-23T14:18:44.078Z] tick · social:cron-tick · status=200 · OK
[2026-08-23T14:19:28.840Z] tick · acquisition:food:Yogyakarta · exit=0 signal=- · OK
[2026-08-23T14:19:31.850Z] tick · acquisition:food:Yogyakarta · zone=bantul-south · spawning
[2026-08-23T14:19:42.289Z] tick · cle:conversation · spawning
[2026-08-23T14:19:42.637Z] tick · cle:conversation · exit=0 signal=- · OK
[2026-08-23T14:19:43.860Z] tick · social:cron-tick · fetching GET http://localhost:3008/api/cron/comms-social-worker
[2026-08-23T14:19:44.059Z] tick · social:cron-tick · status=200 · OK
[2026-08-23T14:19:50.632Z] tick · acquisition:accommodation:Yogyakarta · exit=0 signal=- · OK
[2026-08-23T14:19:53.634Z] tick · acquisition:accommodation:Yogyakarta · zone=prawirotaman · spawning
[2026-08-23T14:20:23.991Z] tick · acquisition:accommodation:Yogyakarta · exit=0 signal=- · OK
[2026-08-23T14:20:27.004Z] tick · acquisition:accommodation:Yogyakarta · zone=kaliurang · spawning
[2026-08-23T14:20:42.663Z] tick · brain:cron-tick · fetching GET http://localhost:3008/api/nex/brain/cron-tick
[2026-08-23T14:20:43.096Z] tick · brain:cron-tick · status=200 · OK
[2026-08-23T14:20:43.866Z] tick · social:cron-tick · fetching GET http://localhost:3008/api/cron/comms-social-worker
[2026-08-23T14:20:43.957Z] tick · social:cron-tick · status=200 · OK
[2026-08-23T14:20:57.365Z] tick · acquisition:accommodation:Yogyakarta · exit=0 signal=- · OK
[2026-08-23T14:21:00.379Z] tick · acquisition:accommodation:Yogyakarta · zone=borobudur · spawning
[2026-08-23T14:21:15.700Z] tick · acquisition:food:Yogyakarta · exit=0 signal=- · OK
[2026-08-23T14:21:18.712Z] tick · acquisition:food:Yogyakarta · zone=klaten-east · spawning
[2026-08-23T14:21:30.861Z] tick · acquisition:accommodation:Yogyakarta · exit=0 signal=- · OK
[2026-08-23T14:21:33.862Z] tick · acquisition:accommodation:Yogyakarta · zone=yogya-wider · spawning
[2026-08-23T14:21:43.878Z] tick · social:cron-tick · fetching GET http://localhost:3008/api/cron/comms-social-worker
[2026-08-23T14:21:44.105Z] tick · social:cron-tick · status=200 · OK
[2026-08-23T14:22:04.202Z] tick · acquisition:accommodation:Yogyakarta · exit=0 signal=- · OK
[2026-08-23T14:22:07.204Z] tick · acquisition:accommodation:Yogyakarta · zone=malioboro · spawning
[2026-08-23T14:22:43.888Z] tick · social:cron-tick · fetching GET http://localhost:3008/api/cron/comms-social-worker
[2026-08-23T14:22:44.139Z] tick · social:cron-tick · status=200 · OK
[2026-08-23T14:23:42.666Z] tick · brain:cron-tick · fetching GET http://localhost:3008/api/nex/brain/cron-tick
[2026-08-23T14:23:43.127Z] tick · brain:cron-tick · status=200 · OK
[2026-08-23T14:23:43.900Z] tick · social:cron-tick · fetching GET http://localhost:3008/api/cron/comms-social-worker
[2026-08-23T14:23:44.013Z] tick · social:cron-tick · status=200 · OK
[2026-08-23T14:23:56.430Z] tick · acquisition:accommodation:Yogyakarta · exit=0 signal=- · OK
[2026-08-23T14:23:59.437Z] tick · acquisition:accommodation:Yogyakarta · zone=prawirotaman · spawning
[2026-08-23T14:24:13.928Z] tick · acquisition:food:Yogyakarta · exit=0 signal=- · OK
[2026-08-23T14:24:16.931Z] tick · acquisition:food:Yogyakarta · zone=gamping-west · spawning
[2026-08-23T14:24:43.903Z] tick · social:cron-tick · fetching GET http://localhost:3008/api/cron/comms-social-worker
[2026-08-23T14:24:44.248Z] tick · social:cron-tick · status=200 · OK
[2026-08-23T14:24:47.953Z] tick · acquisition:food:Yogyakarta · exit=0 signal=- · OK
[2026-08-23T14:24:50.960Z] tick · acquisition:food:Yogyakarta · zone=prambanan · spawning
[2026-08-23T14:25:31.377Z] tick · acquisition:food:Yogyakarta · exit=0 signal=- · OK
[2026-08-23T14:25:34.412Z] tick · acquisition:food:Yogyakarta · zone=sleman-north · spawning
[2026-08-23T14:25:43.919Z] tick · social:cron-tick · fetching GET http://localhost:3008/api/cron/comms-social-worker
[2026-08-23T14:25:44.341Z] tick · social:cron-tick · status=200 · OK
[2026-08-23T14:26:42.677Z] tick · brain:cron-tick · fetching GET http://localhost:3008/api/nex/brain/cron-tick
[2026-08-23T14:26:43.410Z] tick · brain:cron-tick · status=200 · OK
[2026-08-23T14:26:43.938Z] tick · social:cron-tick · fetching GET http://localhost:3008/api/cron/comms-social-worker
[2026-08-23T14:26:44.050Z] tick · social:cron-tick · status=200 · OK
[2026-08-23T14:26:47.059Z] tick · acquisition:accommodation:Yogyakarta · exit=0 signal=- · OK
[2026-08-23T14:26:50.074Z] tick · acquisition:accommodation:Yogyakarta · zone=kaliurang · spawning
[2026-08-23T14:27:42.466Z] tick · acquisition:accommodation:Yogyakarta · exit=0 signal=- · OK
[2026-08-23T14:27:43.952Z] tick · social:cron-tick · fetching GET http://localhost:3008/api/cron/comms-social-worker
[2026-08-23T14:27:44.322Z] tick · social:cron-tick · status=200 · OK
[2026-08-23T14:27:45.474Z] tick · acquisition:accommodation:Yogyakarta · zone=borobudur · spawning
[2026-08-23T14:28:17.267Z] tick · acquisition:food:Yogyakarta · exit=0 signal=- · OK
[2026-08-23T14:28:20.273Z] tick · acquisition:food:Yogyakarta · zone=bantul-south · spawning
[2026-08-23T14:28:43.967Z] tick · social:cron-tick · fetching GET http://localhost:3008/api/cron/comms-social-worker
[2026-08-23T14:28:44.078Z] tick · social:cron-tick · status=200 · OK
[2026-08-23T14:29:42.296Z] tick · cle:conversation · spawning
[2026-08-23T14:29:42.615Z] tick · cle:conversation · exit=0 signal=- · OK
[2026-08-23T14:29:42.689Z] tick · brain:cron-tick · fetching GET http://localhost:3008/api/nex/brain/cron-tick
[2026-08-23T14:29:43.015Z] tick · brain:cron-tick · status=200 · OK
[2026-08-23T14:29:43.970Z] tick · social:cron-tick · fetching GET http://localhost:3008/api/cron/comms-social-worker
[2026-08-23T14:29:44.058Z] tick · social:cron-tick · status=200 · OK
[2026-08-23T14:30:43.975Z] tick · social:cron-tick · fetching GET http://localhost:3008/api/cron/comms-social-worker
[2026-08-23T14:30:44.159Z] tick · social:cron-tick · status=200 · OK
[2026-08-23T14:30:45.161Z] tick · acquisition:food:Yogyakarta · exit=0 signal=- · OK
[2026-08-23T14:30:46.162Z] tick · acquisition:accommodation:Yogyakarta · exit=0 signal=- · OK
[2026-08-23T14:30:48.163Z] tick · acquisition:food:Yogyakarta · zone=klaten-east · spawning
[2026-08-23T14:30:49.162Z] tick · acquisition:accommodation:Yogyakarta · zone=yogya-wider · spawning
[2026-08-23T14:31:43.981Z] tick · social:cron-tick · fetching GET http://localhost:3008/api/cron/comms-social-worker
[2026-08-23T14:31:44.143Z] tick · social:cron-tick · status=200 · OK
[2026-08-23T14:32:42.694Z] tick · brain:cron-tick · fetching GET http://localhost:3008/api/nex/brain/cron-tick
[2026-08-23T14:32:43.023Z] tick · brain:cron-tick · status=200 · OK
[2026-08-23T14:32:43.985Z] tick · social:cron-tick · fetching GET http://localhost:3008/api/cron/comms-social-worker
[2026-08-23T14:32:44.088Z] tick · social:cron-tick · status=200 · OK
[2026-08-23T14:33:44.004Z] tick · social:cron-tick · fetching GET http://localhost:3008/api/cron/comms-social-worker
[2026-08-23T14:33:44.170Z] tick · social:cron-tick · status=200 · OK
[2026-08-23T14:34:16.715Z] tick · acquisition:accommodation:Yogyakarta · exit=0 signal=- · OK
[2026-08-23T14:34:19.723Z] tick · acquisition:accommodation:Yogyakarta · zone=malioboro · spawning
[2026-08-23T14:34:36.426Z] tick · acquisition:food:Yogyakarta · exit=0 signal=- · OK
[2026-08-23T14:34:39.437Z] tick · acquisition:food:Yogyakarta · zone=gamping-west · spawning
[2026-08-23T14:34:44.010Z] tick · social:cron-tick · fetching GET http://localhost:3008/api/cron/comms-social-worker
[2026-08-23T14:34:44.179Z] tick · social:cron-tick · status=200 · OK
[2026-08-23T14:35:09.936Z] tick · acquisition:food:Yogyakarta · exit=0 signal=- · OK
[2026-08-23T14:35:12.943Z] tick · acquisition:food:Yogyakarta · zone=prambanan · spawning
[2026-08-23T14:35:42.695Z] tick · brain:cron-tick · fetching GET http://localhost:3008/api/nex/brain/cron-tick
[2026-08-23T14:35:43.144Z] tick · brain:cron-tick · status=200 · OK
[2026-08-23T14:35:44.022Z] tick · social:cron-tick · fetching GET http://localhost:3008/api/cron/comms-social-worker
[2026-08-23T14:35:44.188Z] tick · social:cron-tick · status=200 · OK
[2026-08-23T14:35:52.267Z] tick · acquisition:food:Yogyakarta · exit=0 signal=- · OK
[2026-08-23T14:35:55.271Z] tick · acquisition:food:Yogyakarta · zone=sleman-north · spawning
[2026-08-23T14:36:29.667Z] tick · acquisition:accommodation:Yogyakarta · exit=0 signal=- · OK
[2026-08-23T14:36:32.675Z] tick · acquisition:accommodation:Yogyakarta · zone=prawirotaman · spawning
[2026-08-23T14:36:44.027Z] tick · social:cron-tick · fetching GET http://localhost:3008/api/cron/comms-social-worker
[2026-08-23T14:36:44.253Z] tick · social:cron-tick · status=200 · OK
[2026-08-23T14:37:28.804Z] tick · promotion:food:Yogyakarta:quality-check · spawning
[2026-08-23T14:37:29.186Z] tick · promotion:food:Yogyakarta:quality-check · exit=0 signal=- · OK
[2026-08-23T14:37:44.037Z] tick · social:cron-tick · fetching GET http://localhost:3008/api/cron/comms-social-worker
[2026-08-23T14:37:44.198Z] tick · social:cron-tick · status=200 · OK
[2026-08-23T14:38:20.694Z] tick · acquisition:accommodation:Yogyakarta · exit=0 signal=- · OK
[2026-08-23T14:38:23.709Z] tick · acquisition:accommodation:Yogyakarta · zone=kaliurang · spawning
[2026-08-23T14:38:38.402Z] tick · acquisition:food:Yogyakarta · exit=0 signal=- · OK
[2026-08-23T14:38:41.411Z] tick · acquisition:food:Yogyakarta · zone=bantul-south · spawning
[2026-08-23T14:38:42.697Z] tick · brain:cron-tick · fetching GET http://localhost:3008/api/nex/brain/cron-tick
[2026-08-23T14:38:44.044Z] tick · social:cron-tick · fetching GET http://localhost:3008/api/cron/comms-social-worker
[2026-08-23T14:38:48.964Z] tick · social:cron-tick · status=200 · OK
[2026-08-23T14:38:49.473Z] tick · brain:cron-tick · status=200 · OK
[2026-08-23T14:39:42.300Z] tick · cle:conversation · spawning
[2026-08-23T14:39:42.719Z] tick · cle:conversation · exit=0 signal=- · OK
[2026-08-23T14:39:44.047Z] tick · social:cron-tick · fetching GET http://localhost:3008/api/cron/comms-social-worker
[2026-08-23T14:39:44.247Z] tick · social:cron-tick · status=200 · OK
[2026-08-23T14:40:18.909Z] tick · acquisition:accommodation:Yogyakarta · exit=0 signal=- · OK
[2026-08-23T14:40:21.911Z] tick · acquisition:accommodation:Yogyakarta · zone=borobudur · spawning
[2026-08-23T14:40:44.053Z] tick · social:cron-tick · fetching GET http://localhost:3008/api/cron/comms-social-worker
[2026-08-23T14:40:44.230Z] tick · social:cron-tick · status=200 · OK
[2026-08-23T14:41:16.236Z] tick · acquisition:accommodation:Yogyakarta · exit=0 signal=- · OK
[2026-08-23T14:41:19.238Z] tick · acquisition:accommodation:Yogyakarta · zone=yogya-wider · spawning
[2026-08-23T14:41:42.697Z] tick · brain:cron-tick · fetching GET http://localhost:3008/api/nex/brain/cron-tick
[2026-08-23T14:41:43.156Z] tick · brain:cron-tick · status=200 · OK
[2026-08-23T14:41:44.058Z] tick · social:cron-tick · fetching GET http://localhost:3008/api/cron/comms-social-worker
[2026-08-23T14:41:44.135Z] tick · social:cron-tick · status=200 · OK
[2026-08-23T14:41:52.637Z] tick · acquisition:food:Yogyakarta · exit=0 signal=- · OK
[2026-08-23T14:41:55.638Z] tick · acquisition:food:Yogyakarta · zone=klaten-east · spawning
[2026-08-23T14:42:44.069Z] tick · social:cron-tick · fetching GET http://localhost:3008/api/cron/comms-social-worker
[2026-08-23T14:42:44.363Z] tick · social:cron-tick · status=200 · OK
[2026-08-23T14:42:52.494Z] tick · acquisition:food:Yogyakarta · exit=0 signal=- · OK
[2026-08-23T14:42:55.508Z] tick · acquisition:food:Yogyakarta · zone=gamping-west · spawning
[2026-08-23T14:43:26.159Z] tick · acquisition:food:Yogyakarta · exit=0 signal=- · OK
[2026-08-23T14:43:29.171Z] tick · acquisition:food:Yogyakarta · zone=prambanan · spawning
[2026-08-23T14:43:44.075Z] tick · social:cron-tick · fetching GET http://localhost:3008/api/cron/comms-social-worker
[2026-08-23T14:43:44.256Z] tick · social:cron-tick · status=200 · OK
[2026-08-23T14:44:11.316Z] tick · acquisition:food:Yogyakarta · exit=0 signal=- · OK
[2026-08-23T14:44:14.330Z] tick · acquisition:food:Yogyakarta · zone=sleman-north · spawning
[2026-08-23T14:44:34.551Z] tick · acquisition:accommodation:Yogyakarta · exit=0 signal=- · OK
[2026-08-23T14:44:37.555Z] tick · acquisition:accommodation:Yogyakarta · zone=malioboro · spawning
[2026-08-23T14:44:42.699Z] tick · brain:cron-tick · fetching GET http://localhost:3008/api/nex/brain/cron-tick
[2026-08-23T14:44:43.797Z] tick · brain:cron-tick · status=200 · OK
[2026-08-23T14:44:44.086Z] tick · social:cron-tick · fetching GET http://localhost:3008/api/cron/comms-social-worker
[2026-08-23T14:44:44.219Z] tick · social:cron-tick · status=200 · OK
[2026-08-23T14:44:57.421Z] tick · acquisition:food:Yogyakarta · exit=0 signal=- · OK
[2026-08-23T14:45:00.426Z] tick · acquisition:food:Yogyakarta · zone=bantul-south · spawning
[2026-08-23T14:45:44.100Z] tick · social:cron-tick · fetching GET http://localhost:3008/api/cron/comms-social-worker
[2026-08-23T14:45:44.242Z] tick · social:cron-tick · status=200 · OK
[2026-08-23T14:46:38.852Z] tick · acquisition:food:Yogyakarta · exit=0 signal=- · OK
[2026-08-23T14:46:41.860Z] tick · acquisition:food:Yogyakarta · zone=klaten-east · spawning
[2026-08-23T14:46:44.105Z] tick · social:cron-tick · fetching GET http://localhost:3008/api/cron/comms-social-worker
[2026-08-23T14:46:44.401Z] tick · social:cron-tick · status=200 · OK
[2026-08-23T14:47:42.710Z] tick · brain:cron-tick · fetching GET http://localhost:3008/api/nex/brain/cron-tick
[2026-08-23T14:47:43.056Z] tick · brain:cron-tick · status=200 · OK
[2026-08-23T14:47:44.113Z] tick · social:cron-tick · fetching GET http://localhost:3008/api/cron/comms-social-worker
[2026-08-23T14:47:44.230Z] tick · social:cron-tick · status=200 · OK
[2026-08-23T14:48:00.813Z] tick · acquisition:accommodation:Yogyakarta · exit=0 signal=- · OK
[2026-08-23T14:48:02.913Z] tick · acquisition:food:Yogyakarta · exit=0 signal=- · OK
[2026-08-23T14:48:03.815Z] tick · acquisition:accommodation:Yogyakarta · zone=prawirotaman · spawning
[2026-08-23T14:48:05.916Z] tick · acquisition:food:Yogyakarta · zone=gamping-west · spawning
[2026-08-23T14:48:36.268Z] tick · acquisition:food:Yogyakarta · exit=0 signal=- · OK
[2026-08-23T14:48:39.270Z] tick · acquisition:food:Yogyakarta · zone=prambanan · spawning
[2026-08-23T14:48:44.128Z] tick · social:cron-tick · fetching GET http://localhost:3008/api/cron/comms-social-worker
[2026-08-23T14:48:44.283Z] tick · social:cron-tick · status=200 · OK
[2026-08-23T14:49:20.459Z] tick · acquisition:food:Yogyakarta · exit=0 signal=- · OK
[2026-08-23T14:49:23.463Z] tick · acquisition:food:Yogyakarta · zone=sleman-north · spawning
[2026-08-23T14:49:42.302Z] tick · cle:conversation · spawning
[2026-08-23T14:49:42.695Z] tick · cle:conversation · exit=0 signal=- · OK
[2026-08-23T14:49:44.135Z] tick · social:cron-tick · fetching GET http://localhost:3008/api/cron/comms-social-worker
[2026-08-23T14:49:44.294Z] tick · social:cron-tick · status=200 · OK
[2026-08-23T14:49:49.957Z] tick · acquisition:accommodation:Yogyakarta · exit=0 signal=- · OK
[2026-08-23T14:49:52.962Z] tick · acquisition:accommodation:Yogyakarta · zone=kaliurang · spawning
[2026-08-23T14:50:42.722Z] tick · brain:cron-tick · fetching GET http://localhost:3008/api/nex/brain/cron-tick
[2026-08-23T14:50:43.023Z] tick · brain:cron-tick · status=200 · OK
[2026-08-23T14:50:44.148Z] tick · social:cron-tick · fetching GET http://localhost:3008/api/cron/comms-social-worker
[2026-08-23T14:50:44.228Z] tick · social:cron-tick · status=200 · OK
[2026-08-23T14:51:13.552Z] tick · acquisition:food:Yogyakarta · exit=0 signal=- · OK
[2026-08-23T14:51:16.567Z] tick · acquisition:food:Yogyakarta · zone=bantul-south · spawning
[2026-08-23T14:51:37.831Z] tick · acquisition:accommodation:Yogyakarta · exit=0 signal=- · OK
[2026-08-23T14:51:40.845Z] tick · acquisition:accommodation:Yogyakarta · zone=borobudur · spawning
[2026-08-23T14:51:44.161Z] tick · social:cron-tick · fetching GET http://localhost:3008/api/cron/comms-social-worker
[2026-08-23T14:51:44.372Z] tick · social:cron-tick · status=200 · OK
[2026-08-23T14:52:29.980Z] tick · acquisition:food:Yogyakarta · exit=0 signal=- · OK
[2026-08-23T14:52:32.984Z] tick · acquisition:food:Yogyakarta · zone=klaten-east · spawning
[2026-08-23T14:52:44.162Z] tick · social:cron-tick · fetching GET http://localhost:3008/api/cron/comms-social-worker
[2026-08-23T14:52:44.350Z] tick · social:cron-tick · status=200 · OK
[2026-08-23T14:53:42.727Z] tick · brain:cron-tick · fetching GET http://localhost:3008/api/nex/brain/cron-tick
[2026-08-23T14:53:43.077Z] tick · brain:cron-tick · status=200 · OK
[2026-08-23T14:53:44.177Z] tick · social:cron-tick · fetching GET http://localhost:3008/api/cron/comms-social-worker
[2026-08-23T14:53:44.293Z] tick · social:cron-tick · status=200 · OK
[2026-08-23T14:53:56.051Z] tick · acquisition:accommodation:Yogyakarta · exit=0 signal=- · OK
[2026-08-23T14:53:56.656Z] tick · acquisition:food:Yogyakarta · exit=0 signal=- · OK
[2026-08-23T14:53:59.062Z] tick · acquisition:accommodation:Yogyakarta · zone=yogya-wider · spawning
[2026-08-23T14:53:59.668Z] tick · acquisition:food:Yogyakarta · zone=gamping-west · spawning
[2026-08-23T14:54:30.003Z] tick · acquisition:food:Yogyakarta · exit=0 signal=- · OK
[2026-08-23T14:54:33.020Z] tick · acquisition:food:Yogyakarta · zone=prambanan · spawning
[2026-08-23T14:54:44.180Z] tick · social:cron-tick · fetching GET http://localhost:3008/api/cron/comms-social-worker
[2026-08-23T14:54:44.374Z] tick · social:cron-tick · status=200 · OK
[2026-08-23T14:55:12.951Z] tick · acquisition:food:Yogyakarta · exit=0 signal=- · OK
[2026-08-23T14:55:15.961Z] tick · acquisition:food:Yogyakarta · zone=sleman-north · spawning
[2026-08-23T14:55:40.330Z] tick · acquisition:accommodation:Yogyakarta · exit=0 signal=- · OK
[2026-08-23T14:55:43.334Z] tick · acquisition:accommodation:Yogyakarta · zone=malioboro · spawning
[2026-08-23T14:55:44.181Z] tick · social:cron-tick · fetching GET http://localhost:3008/api/cron/comms-social-worker
[2026-08-23T14:55:44.424Z] tick · social:cron-tick · status=200 · OK
[2026-08-23T14:56:42.733Z] tick · brain:cron-tick · fetching GET http://localhost:3008/api/nex/brain/cron-tick
[2026-08-23T14:56:43.131Z] tick · brain:cron-tick · status=200 · OK
[2026-08-23T14:56:44.183Z] tick · social:cron-tick · fetching GET http://localhost:3008/api/cron/comms-social-worker
[2026-08-23T14:56:44.254Z] tick · social:cron-tick · status=200 · OK
[2026-08-23T14:57:41.173Z] tick · acquisition:food:Yogyakarta · exit=0 signal=- · OK
[2026-08-23T14:57:44.188Z] tick · acquisition:food:Yogyakarta · zone=bantul-south · spawning
[2026-08-23T14:57:44.205Z] tick · social:cron-tick · fetching GET http://localhost:3008/api/cron/comms-social-worker
[2026-08-23T14:57:44.366Z] tick · social:cron-tick · status=200 · OK
[2026-08-23T14:57:59.784Z] tick · acquisition:accommodation:Yogyakarta · exit=0 signal=- · OK
[2026-08-23T14:58:02.791Z] tick · acquisition:accommodation:Yogyakarta · zone=prawirotaman · spawning
[2026-08-23T14:58:44.221Z] tick · social:cron-tick · fetching GET http://localhost:3008/api/cron/comms-social-worker
[2026-08-23T14:58:44.426Z] tick · social:cron-tick · status=200 · OK
[2026-08-23T14:58:48.860Z] tick · acquisition:accommodation:Yogyakarta · exit=0 signal=- · OK
[2026-08-23T14:58:51.861Z] tick · acquisition:accommodation:Yogyakarta · zone=kaliurang · spawning
[2026-08-23T14:59:42.310Z] tick · cle:conversation · spawning
[2026-08-23T14:59:42.628Z] tick · cle:conversation · exit=0 signal=- · OK
[2026-08-23T14:59:42.737Z] tick · brain:cron-tick · fetching GET http://localhost:3008/api/nex/brain/cron-tick
[2026-08-23T14:59:43.085Z] tick · brain:cron-tick · status=200 · OK
[2026-08-23T14:59:44.224Z] tick · social:cron-tick · fetching GET http://localhost:3008/api/cron/comms-social-worker
[2026-08-23T14:59:44.322Z] tick · social:cron-tick · status=200 · OK
[2026-08-23T14:59:45.615Z] tick · acquisition:food:Yogyakarta · exit=0 signal=- · OK
[2026-08-23T14:59:48.627Z] tick · acquisition:food:Yogyakarta · zone=klaten-east · spawning
[2026-08-23T15:00:44.232Z] tick · social:cron-tick · fetching GET http://localhost:3008/api/cron/comms-social-worker
[2026-08-23T15:00:46.050Z] tick · social:cron-tick · status=200 · OK
[2026-08-23T15:01:02.630Z] tick · acquisition:accommodation:Yogyakarta · exit=0 signal=- · OK
[2026-08-23T15:01:05.643Z] tick · acquisition:accommodation:Yogyakarta · zone=borobudur · spawning
[2026-08-23T15:01:44.248Z] tick · social:cron-tick · fetching GET http://localhost:3008/api/cron/comms-social-worker
[2026-08-23T15:01:44.545Z] tick · social:cron-tick · status=200 · OK
[2026-08-23T15:01:57.538Z] tick · acquisition:food:Yogyakarta · exit=0 signal=- · OK
[2026-08-23T15:02:00.547Z] tick · acquisition:food:Yogyakarta · zone=gamping-west · spawning
[2026-08-23T15:02:30.952Z] tick · acquisition:food:Yogyakarta · exit=0 signal=- · OK
[2026-08-23T15:02:33.963Z] tick · acquisition:food:Yogyakarta · zone=prambanan · spawning
[2026-08-23T15:02:42.745Z] tick · brain:cron-tick · fetching GET http://localhost:3008/api/nex/brain/cron-tick
[2026-08-23T15:02:44.254Z] tick · social:cron-tick · fetching GET http://localhost:3008/api/cron/comms-social-worker
[2026-08-23T15:02:44.319Z] tick · social:cron-tick · status=200 · OK
[2026-08-23T15:02:44.374Z] tick · brain:cron-tick · status=200 · OK
[2026-08-23T15:02:56.708Z] tick · acquisition:accommodation:Yogyakarta · exit=0 signal=- · OK
[2026-08-23T15:02:59.710Z] tick · acquisition:accommodation:Yogyakarta · zone=yogya-wider · spawning
[2026-08-23T15:03:15.603Z] tick · acquisition:food:Yogyakarta · exit=0 signal=- · OK
[2026-08-23T15:03:18.605Z] tick · acquisition:food:Yogyakarta · zone=sleman-north · spawning
[2026-08-23T15:03:44.257Z] tick · social:cron-tick · fetching GET http://localhost:3008/api/cron/comms-social-worker
[2026-08-23T15:03:44.524Z] tick · social:cron-tick · status=200 · OK
[2026-08-23T15:04:24.128Z] tick · acquisition:accommodation:Yogyakarta · exit=0 signal=- · OK
[2026-08-23T15:04:27.131Z] tick · acquisition:accommodation:Yogyakarta · zone=malioboro · spawning
[2026-08-23T15:04:44.263Z] tick · social:cron-tick · fetching GET http://localhost:3008/api/cron/comms-social-worker
[2026-08-23T15:04:44.403Z] tick · social:cron-tick · status=200 · OK
[2026-08-23T15:04:44.997Z] tick · acquisition:food:Yogyakarta · exit=0 signal=- · OK
[2026-08-23T15:04:48.005Z] tick · acquisition:food:Yogyakarta · zone=bantul-south · spawning
[2026-08-23T15:05:42.755Z] tick · brain:cron-tick · fetching GET http://localhost:3008/api/nex/brain/cron-tick
[2026-08-23T15:05:43.774Z] tick · brain:cron-tick · status=200 · OK
[2026-08-23T15:05:44.275Z] tick · social:cron-tick · fetching GET http://localhost:3008/api/cron/comms-social-worker
[2026-08-23T15:05:44.436Z] tick · social:cron-tick · status=200 · OK
[2026-08-23T15:06:22.438Z] tick · acquisition:food:Yogyakarta · exit=0 signal=- · OK
[2026-08-23T15:06:25.444Z] tick · acquisition:food:Yogyakarta · zone=klaten-east · spawning
[2026-08-23T15:06:44.282Z] tick · social:cron-tick · fetching GET http://localhost:3008/api/cron/comms-social-worker
[2026-08-23T15:06:44.450Z] tick · social:cron-tick · status=200 · OK
[2026-08-23T15:06:52.789Z] tick · acquisition:accommodation:Yogyakarta · exit=0 signal=- · OK
[2026-08-23T15:06:55.794Z] tick · acquisition:accommodation:Yogyakarta · zone=prawirotaman · spawning
[2026-08-23T15:07:28.804Z] tick · promotion:food:Yogyakarta:quality-check · spawning
[2026-08-23T15:07:29.084Z] tick · promotion:food:Yogyakarta:quality-check · exit=0 signal=- · OK
[2026-08-23T15:07:44.288Z] tick · social:cron-tick · fetching GET http://localhost:3008/api/cron/comms-social-worker
[2026-08-23T15:07:44.472Z] tick · social:cron-tick · status=200 · OK
[2026-08-23T15:07:58.827Z] tick · acquisition:food:Yogyakarta · exit=0 signal=- · OK
[2026-08-23T15:08:01.839Z] tick · acquisition:food:Yogyakarta · zone=gamping-west · spawning
[2026-08-23T15:08:32.181Z] tick · acquisition:food:Yogyakarta · exit=0 signal=- · OK
[2026-08-23T15:08:35.193Z] tick · acquisition:food:Yogyakarta · zone=prambanan · spawning
[2026-08-23T15:08:42.764Z] tick · brain:cron-tick · fetching GET http://localhost:3008/api/nex/brain/cron-tick
[2026-08-23T15:08:43.180Z] tick · brain:cron-tick · status=200 · OK
[2026-08-23T15:08:44.297Z] tick · social:cron-tick · fetching GET http://localhost:3008/api/cron/comms-social-worker
[2026-08-23T15:08:44.407Z] tick · social:cron-tick · status=200 · OK
[2026-08-23T15:09:14.851Z] tick · acquisition:accommodation:Yogyakarta · exit=0 signal=- · OK
[2026-08-23T15:09:15.497Z] tick · acquisition:food:Yogyakarta · exit=0 signal=- · OK
[2026-08-23T15:09:17.853Z] tick · acquisition:accommodation:Yogyakarta · zone=kaliurang · spawning
[2026-08-23T15:09:18.526Z] tick · acquisition:food:Yogyakarta · zone=sleman-north · spawning
[2026-08-23T15:09:42.326Z] tick · cle:conversation · spawning
[2026-08-23T15:09:42.691Z] tick · cle:conversation · exit=0 signal=- · OK
[2026-08-23T15:09:44.313Z] tick · social:cron-tick · fetching GET http://localhost:3008/api/cron/comms-social-worker
[2026-08-23T15:09:44.552Z] tick · social:cron-tick · status=200 · OK
[2026-08-23T15:10:44.328Z] tick · social:cron-tick · fetching GET http://localhost:3008/api/cron/comms-social-worker
[2026-08-23T15:10:44.648Z] tick · social:cron-tick · status=200 · OK
[2026-08-23T15:11:32.392Z] tick · acquisition:accommodation:Yogyakarta · exit=0 signal=- · OK
[2026-08-23T15:11:35.394Z] tick · acquisition:accommodation:Yogyakarta · zone=borobudur · spawning
[2026-08-23T15:11:42.772Z] tick · brain:cron-tick · fetching GET http://localhost:3008/api/nex/brain/cron-tick
[2026-08-23T15:11:43.651Z] tick · brain:cron-tick · status=200 · OK
[2026-08-23T15:11:44.329Z] tick · social:cron-tick · fetching GET http://localhost:3008/api/cron/comms-social-worker
[2026-08-23T15:11:44.502Z] tick · social:cron-tick · status=200 · OK
[2026-08-23T15:12:44.074Z] tick · acquisition:food:Yogyakarta · exit=0 signal=- · OK
[2026-08-23T15:12:44.340Z] tick · social:cron-tick · fetching GET http://localhost:3008/api/cron/comms-social-worker
[2026-08-23T15:12:45.149Z] tick · social:cron-tick · status=200 · OK
[2026-08-23T15:12:47.088Z] tick · acquisition:food:Yogyakarta · zone=bantul-south · spawning
[2026-08-23T15:13:03.652Z] tick · acquisition:accommodation:Yogyakarta · exit=0 signal=- · OK
[2026-08-23T15:13:06.667Z] tick · acquisition:accommodation:Yogyakarta · zone=yogya-wider · spawning
[2026-08-23T15:13:44.342Z] tick · social:cron-tick · fetching GET http://localhost:3008/api/cron/comms-social-worker
[2026-08-23T15:13:44.523Z] tick · social:cron-tick · status=200 · OK
[2026-08-23T15:14:41.820Z] tick · acquisition:accommodation:Yogyakarta · exit=0 signal=- · OK
[2026-08-23T15:14:42.780Z] tick · brain:cron-tick · fetching GET http://localhost:3008/api/nex/brain/cron-tick
[2026-08-23T15:14:43.351Z] tick · brain:cron-tick · status=200 · OK
[2026-08-23T15:14:44.345Z] tick · social:cron-tick · fetching GET http://localhost:3008/api/cron/comms-social-worker
[2026-08-23T15:14:44.511Z] tick · social:cron-tick · status=200 · OK
[2026-08-23T15:14:44.821Z] tick · acquisition:accommodation:Yogyakarta · zone=malioboro · spawning
[2026-08-23T15:15:07.153Z] tick · acquisition:food:Yogyakarta · exit=0 signal=- · OK
[2026-08-23T15:15:10.157Z] tick · acquisition:food:Yogyakarta · zone=klaten-east · spawning
[2026-08-23T15:15:44.349Z] tick · social:cron-tick · fetching GET http://localhost:3008/api/cron/comms-social-worker
[2026-08-23T15:15:45.132Z] tick · social:cron-tick · status=200 · OK
[2026-08-23T15:15:53.116Z] tick · acquisition:food:Yogyakarta · exit=0 signal=- · OK
[2026-08-23T15:15:56.119Z] tick · acquisition:food:Yogyakarta · zone=gamping-west · spawning
[2026-08-23T15:16:26.646Z] tick · acquisition:food:Yogyakarta · exit=0 signal=- · OK
[2026-08-23T15:16:29.660Z] tick · acquisition:food:Yogyakarta · zone=prambanan · spawning
[2026-08-23T15:16:44.365Z] tick · social:cron-tick · fetching GET http://localhost:3008/api/cron/comms-social-worker
[2026-08-23T15:16:46.465Z] tick · social:cron-tick · status=200 · OK
[2026-08-23T15:16:46.509Z] tick · acquisition:accommodation:Yogyakarta · exit=0 signal=- · OK
[2026-08-23T15:16:49.517Z] tick · acquisition:accommodation:Yogyakarta · zone=prawirotaman · spawning
[2026-08-23T15:17:12.721Z] tick · acquisition:food:Yogyakarta · exit=0 signal=- · OK
[2026-08-23T15:17:15.730Z] tick · acquisition:food:Yogyakarta · zone=sleman-north · spawning
[2026-08-23T15:17:42.783Z] tick · brain:cron-tick · fetching GET http://localhost:3008/api/nex/brain/cron-tick
[2026-08-23T15:17:44.366Z] tick · social:cron-tick · fetching GET http://localhost:3008/api/cron/comms-social-worker
[2026-08-23T15:17:44.741Z] tick · social:cron-tick · status=200 · OK
[2026-08-23T15:17:45.000Z] tick · brain:cron-tick · status=200 · OK
[2026-08-23T15:18:09.099Z] tick · acquisition:accommodation:Yogyakarta · exit=0 signal=- · OK
[2026-08-23T15:18:12.105Z] tick · acquisition:accommodation:Yogyakarta · zone=kaliurang · spawning
[2026-08-23T15:18:40.369Z] tick · acquisition:food:Yogyakarta · exit=0 signal=- · OK
[2026-08-23T15:18:43.404Z] tick · acquisition:food:Yogyakarta · zone=bantul-south · spawning
[2026-08-23T15:18:44.368Z] tick · social:cron-tick · fetching GET http://localhost:3008/api/cron/comms-social-worker
[2026-08-23T15:18:45.823Z] tick · social:cron-tick · status=200 · OK
[2026-08-23T15:19:42.327Z] tick · cle:conversation · spawning
[2026-08-23T15:19:42.623Z] tick · cle:conversation · exit=0 signal=- · OK
[2026-08-23T15:19:44.374Z] tick · social:cron-tick · fetching GET http://localhost:3008/api/cron/comms-social-worker
[2026-08-23T15:19:44.552Z] tick · social:cron-tick · status=200 · OK
[2026-08-23T15:19:47.042Z] tick · acquisition:accommodation:Yogyakarta · exit=0 signal=- · OK
[2026-08-23T15:19:50.048Z] tick · acquisition:accommodation:Yogyakarta · zone=borobudur · spawning
[2026-08-23T15:20:42.786Z] tick · brain:cron-tick · fetching GET http://localhost:3008/api/nex/brain/cron-tick
[2026-08-23T15:20:43.492Z] tick · brain:cron-tick · status=200 · OK
[2026-08-23T15:20:44.376Z] tick · social:cron-tick · fetching GET http://localhost:3008/api/cron/comms-social-worker
[2026-08-23T15:20:44.545Z] tick · social:cron-tick · status=200 · OK
[2026-08-23T15:20:48.842Z] tick · acquisition:accommodation:Yogyakarta · exit=0 signal=- · OK
[2026-08-23T15:20:51.846Z] tick · acquisition:accommodation:Yogyakarta · zone=yogya-wider · spawning
[2026-08-23T15:21:21.545Z] tick · acquisition:food:Yogyakarta · exit=0 signal=- · OK
[2026-08-23T15:21:24.550Z] tick · acquisition:food:Yogyakarta · zone=klaten-east · spawning
[2026-08-23T15:21:44.391Z] tick · social:cron-tick · fetching GET http://localhost:3008/api/cron/comms-social-worker
[2026-08-23T15:21:44.704Z] tick · social:cron-tick · status=200 · OK
[2026-08-23T15:22:44.395Z] tick · social:cron-tick · fetching GET http://localhost:3008/api/cron/comms-social-worker
[2026-08-23T15:22:51.317Z] tick · acquisition:food:Yogyakarta · exit=0 signal=- · OK
[2026-08-23T15:22:54.320Z] tick · acquisition:food:Yogyakarta · zone=gamping-west · spawning
[2026-08-23T15:22:56.856Z] tick · social:cron-tick · status=200 · OK
[2026-08-23T15:22:59.352Z] tick · acquisition:accommodation:Yogyakarta · exit=0 signal=- · OK
[2026-08-23T15:23:02.354Z] tick · acquisition:accommodation:Yogyakarta · zone=malioboro · spawning
[2026-08-23T15:23:25.275Z] tick · acquisition:food:Yogyakarta · exit=0 signal=- · OK
[2026-08-23T15:23:28.299Z] tick · acquisition:food:Yogyakarta · zone=prambanan · spawning
[2026-08-23T15:23:42.786Z] tick · brain:cron-tick · fetching GET http://localhost:3008/api/nex/brain/cron-tick
[2026-08-23T15:23:43.845Z] tick · brain:cron-tick · status=200 · OK
[2026-08-23T15:23:44.403Z] tick · social:cron-tick · fetching GET http://localhost:3008/api/cron/comms-social-worker
[2026-08-23T15:23:44.677Z] tick · social:cron-tick · status=200 · OK
[2026-08-23T15:23:54.684Z] tick · acquisition:accommodation:Yogyakarta · exit=0 signal=- · OK
[2026-08-23T15:23:57.696Z] tick · acquisition:accommodation:Yogyakarta · zone=prawirotaman · spawning
[2026-08-23T15:24:08.244Z] tick · acquisition:food:Yogyakarta · exit=0 signal=- · OK
[2026-08-23T15:24:11.256Z] tick · acquisition:food:Yogyakarta · zone=sleman-north · spawning
[2026-08-23T15:24:44.418Z] tick · social:cron-tick · fetching GET http://localhost:3008/api/cron/comms-social-worker
[2026-08-23T15:24:44.642Z] tick · social:cron-tick · status=200 · OK
[2026-08-23T15:25:24.527Z] tick · acquisition:accommodation:Yogyakarta · exit=0 signal=- · OK
[2026-08-23T15:25:27.540Z] tick · acquisition:accommodation:Yogyakarta · zone=kaliurang · spawning
[2026-08-23T15:25:40.670Z] tick · acquisition:food:Yogyakarta · exit=0 signal=- · OK
[2026-08-23T15:25:43.678Z] tick · acquisition:food:Yogyakarta · zone=bantul-south · spawning
[2026-08-23T15:25:44.422Z] tick · social:cron-tick · fetching GET http://localhost:3008/api/cron/comms-social-worker
[2026-08-23T15:25:45.590Z] tick · social:cron-tick · status=200 · OK
[2026-08-23T15:26:31.670Z] tick · acquisition:food:Yogyakarta · exit=0 signal=- · OK
[2026-08-23T15:26:34.681Z] tick · acquisition:food:Yogyakarta · zone=klaten-east · spawning
[2026-08-23T15:26:42.787Z] tick · brain:cron-tick · fetching GET http://localhost:3008/api/nex/brain/cron-tick
[2026-08-23T15:26:44.425Z] tick · social:cron-tick · fetching GET http://localhost:3008/api/cron/comms-social-worker
[2026-08-23T15:26:44.912Z] tick · social:cron-tick · status=200 · OK
[2026-08-23T15:26:45.346Z] tick · brain:cron-tick · status=200 · OK
[2026-08-23T15:27:01.785Z] tick · acquisition:accommodation:Yogyakarta · exit=0 signal=- · OK
[2026-08-23T15:27:04.787Z] tick · acquisition:accommodation:Yogyakarta · zone=borobudur · spawning
[2026-08-23T15:27:44.432Z] tick · social:cron-tick · fetching GET http://localhost:3008/api/cron/comms-social-worker
[2026-08-23T15:27:44.635Z] tick · social:cron-tick · status=200 · OK
[2026-08-23T15:28:07.345Z] tick · acquisition:food:Yogyakarta · exit=0 signal=- · OK
[2026-08-23T15:28:10.355Z] tick · acquisition:food:Yogyakarta · zone=gamping-west · spawning
[2026-08-23T15:28:41.090Z] tick · acquisition:food:Yogyakarta · exit=0 signal=- · OK
[2026-08-23T15:28:41.784Z] tick · acquisition:accommodation:Yogyakarta · exit=0 signal=- · OK
[2026-08-23T15:28:44.107Z] tick · acquisition:food:Yogyakarta · zone=prambanan · spawning
[2026-08-23T15:28:44.445Z] tick · social:cron-tick · fetching GET http://localhost:3008/api/cron/comms-social-worker
[2026-08-23T15:28:44.792Z] tick · acquisition:accommodation:Yogyakarta · zone=yogya-wider · spawning
[2026-08-23T15:28:55.815Z] tick · social:cron-tick · status=200 · OK
[2026-08-23T15:29:25.448Z] tick · acquisition:food:Yogyakarta · exit=0 signal=- · OK
[2026-08-23T15:29:28.465Z] tick · acquisition:food:Yogyakarta · zone=sleman-north · spawning
[2026-08-23T15:29:42.333Z] tick · cle:conversation · spawning
[2026-08-23T15:29:42.797Z] tick · brain:cron-tick · fetching GET http://localhost:3008/api/nex/brain/cron-tick
[2026-08-23T15:29:43.364Z] tick · cle:conversation · exit=0 signal=- · OK
[2026-08-23T15:29:44.458Z] tick · social:cron-tick · fetching GET http://localhost:3008/api/cron/comms-social-worker
[2026-08-23T15:29:59.535Z] tick · social:cron-tick · status=200 · OK
[2026-08-23T15:29:59.711Z] tick · brain:cron-tick · status=200 · OK
[2026-08-23T15:30:18.439Z] tick · acquisition:accommodation:Yogyakarta · exit=0 signal=- · OK
[2026-08-23T15:30:21.458Z] tick · acquisition:accommodation:Yogyakarta · zone=malioboro · spawning
[2026-08-23T15:30:44.478Z] tick · social:cron-tick · fetching GET http://localhost:3008/api/cron/comms-social-worker
[2026-08-23T15:30:46.344Z] tick · social:cron-tick · status=200 · OK
[2026-08-23T15:31:44.517Z] tick · social:cron-tick · fetching GET http://localhost:3008/api/cron/comms-social-worker
[2026-08-23T15:31:46.488Z] tick · social:cron-tick · status=200 · OK
[2026-08-23T15:32:00.447Z] tick · acquisition:food:Yogyakarta · exit=0 signal=- · OK
[2026-08-23T15:32:03.462Z] tick · acquisition:food:Yogyakarta · zone=bantul-south · spawning
[2026-08-23T15:32:27.007Z] tick · acquisition:accommodation:Yogyakarta · exit=0 signal=- · OK
[2026-08-23T15:32:30.043Z] tick · acquisition:accommodation:Yogyakarta · zone=prawirotaman · spawning
[2026-08-23T15:32:42.804Z] tick · brain:cron-tick · fetching GET http://localhost:3008/api/nex/brain/cron-tick
[2026-08-23T15:32:44.558Z] tick · social:cron-tick · fetching GET http://localhost:3008/api/cron/comms-social-worker
[2026-08-23T15:33:05.344Z] tick · social:cron-tick · status=200 · OK
[2026-08-23T15:33:10.515Z] tick · brain:cron-tick · status=200 · OK
[2026-08-23T15:33:44.678Z] tick · social:cron-tick · fetching GET http://localhost:3008/api/cron/comms-social-worker
[2026-08-23T15:33:44.812Z] tick · social:cron-tick · fetch error · fetch failed
[2026-08-23T15:34:01.570Z] tick · acquisition:accommodation:Yogyakarta · exit=0 signal=- · OK
[2026-08-23T15:34:04.577Z] tick · acquisition:accommodation:Yogyakarta · zone=kaliurang · spawning
[2026-08-23T15:34:19.044Z] tick · acquisition:food:Yogyakarta · exit=0 signal=- · OK
[2026-08-23T15:34:22.058Z] tick · acquisition:food:Yogyakarta · zone=klaten-east · spawning
[2026-08-23T15:34:44.694Z] tick · social:cron-tick · fetching GET http://localhost:3008/api/cron/comms-social-worker
[2026-08-23T15:34:47.680Z] tick · social:cron-tick · status=200 · OK
[2026-08-23T15:35:42.803Z] tick · brain:cron-tick · fetching GET http://localhost:3008/api/nex/brain/cron-tick
[2026-08-23T15:35:43.616Z] tick · brain:cron-tick · status=200 · OK
[2026-08-23T15:35:44.698Z] tick · social:cron-tick · fetching GET http://localhost:3008/api/cron/comms-social-worker
[2026-08-23T15:35:44.782Z] tick · social:cron-tick · status=200 · OK
[2026-08-23T15:36:03.762Z] tick · acquisition:accommodation:Yogyakarta · exit=0 signal=- · OK
[2026-08-23T15:36:06.775Z] tick · acquisition:accommodation:Yogyakarta · zone=borobudur · spawning
[2026-08-23T15:36:44.701Z] tick · social:cron-tick · fetching GET http://localhost:3008/api/cron/comms-social-worker
[2026-08-23T15:36:44.872Z] tick · social:cron-tick · status=200 · OK
[2026-08-23T15:37:28.813Z] tick · promotion:food:Yogyakarta:quality-check · spawning
[2026-08-23T15:37:29.350Z] tick · promotion:food:Yogyakarta:quality-check · exit=0 signal=- · OK
[2026-08-23T15:37:44.711Z] tick · social:cron-tick · fetching GET http://localhost:3008/api/cron/comms-social-worker
[2026-08-23T15:37:44.878Z] tick · social:cron-tick · status=200 · OK
[2026-08-23T15:38:42.807Z] tick · brain:cron-tick · fetching GET http://localhost:3008/api/nex/brain/cron-tick
[2026-08-23T15:38:43.396Z] tick · brain:cron-tick · status=200 · OK
[2026-08-23T15:38:44.723Z] tick · social:cron-tick · fetching GET http://localhost:3008/api/cron/comms-social-worker
[2026-08-23T15:38:44.853Z] tick · social:cron-tick · status=200 · OK
[2026-08-23T15:38:44.977Z] tick · acquisition:food:Yogyakarta · exit=0 signal=- · OK
[2026-08-23T15:38:47.980Z] tick · acquisition:food:Yogyakarta · zone=gamping-west · spawning
[2026-08-23T15:39:15.027Z] tick · acquisition:accommodation:Yogyakarta · exit=0 signal=- · OK
[2026-08-23T15:39:18.028Z] tick · acquisition:accommodation:Yogyakarta · zone=yogya-wider · spawning
[2026-08-23T15:39:18.448Z] tick · acquisition:food:Yogyakarta · exit=0 signal=- · OK
[2026-08-23T15:39:21.454Z] tick · acquisition:food:Yogyakarta · zone=prambanan · spawning
[2026-08-23T15:39:42.334Z] tick · cle:conversation · spawning
[2026-08-23T15:39:42.887Z] tick · cle:conversation · exit=0 signal=- · OK
[2026-08-23T15:39:44.727Z] tick · social:cron-tick · fetching GET http://localhost:3008/api/cron/comms-social-worker
[2026-08-23T15:39:44.936Z] tick · social:cron-tick · status=200 · OK
[2026-08-23T15:40:02.215Z] tick · acquisition:food:Yogyakarta · exit=0 signal=- · OK
[2026-08-23T15:40:05.221Z] tick · acquisition:food:Yogyakarta · zone=sleman-north · spawning
[2026-08-23T15:40:44.731Z] tick · social:cron-tick · fetching GET http://localhost:3008/api/cron/comms-social-worker
[2026-08-23T15:40:44.892Z] tick · social:cron-tick · status=200 · OK
[2026-08-23T15:40:49.904Z] tick · acquisition:accommodation:Yogyakarta · exit=0 signal=- · OK
[2026-08-23T15:40:52.909Z] tick · acquisition:accommodation:Yogyakarta · zone=malioboro · spawning
[2026-08-23T15:41:42.808Z] tick · brain:cron-tick · fetching GET http://localhost:3008/api/nex/brain/cron-tick
[2026-08-23T15:41:43.440Z] tick · brain:cron-tick · status=200 · OK
[2026-08-23T15:41:44.734Z] tick · social:cron-tick · fetching GET http://localhost:3008/api/cron/comms-social-worker
[2026-08-23T15:41:44.792Z] tick · social:cron-tick · status=200 · OK
[2026-08-23T15:42:44.739Z] tick · social:cron-tick · fetching GET http://localhost:3008/api/cron/comms-social-worker
[2026-08-23T15:42:45.084Z] tick · social:cron-tick · status=200 · OK
[2026-08-23T15:43:19.908Z] tick · acquisition:accommodation:Yogyakarta · exit=0 signal=- · OK
[2026-08-23T15:43:19.930Z] tick · acquisition:food:Yogyakarta · exit=0 signal=- · OK
[2026-08-23T15:43:22.919Z] tick · acquisition:accommodation:Yogyakarta · zone=prawirotaman · spawning
[2026-08-23T15:43:22.966Z] tick · acquisition:food:Yogyakarta · zone=bantul-south · spawning
[2026-08-23T15:43:44.748Z] tick · social:cron-tick · fetching GET http://localhost:3008/api/cron/comms-social-worker
[2026-08-23T15:43:44.914Z] tick · social:cron-tick · status=200 · OK
[2026-08-23T15:44:42.818Z] tick · brain:cron-tick · fetching GET http://localhost:3008/api/nex/brain/cron-tick
[2026-08-23T15:44:43.431Z] tick · brain:cron-tick · status=200 · OK
[2026-08-23T15:44:44.761Z] tick · social:cron-tick · fetching GET http://localhost:3008/api/cron/comms-social-worker
[2026-08-23T15:44:44.847Z] tick · social:cron-tick · status=200 · OK
[2026-08-23T15:45:28.978Z] tick · acquisition:accommodation:Yogyakarta · exit=0 signal=- · OK
[2026-08-23T15:45:31.979Z] tick · acquisition:accommodation:Yogyakarta · zone=kaliurang · spawning
[2026-08-23T15:45:44.762Z] tick · social:cron-tick · fetching GET http://localhost:3008/api/cron/comms-social-worker
[2026-08-23T15:45:45.461Z] tick · social:cron-tick · status=200 · OK
[2026-08-23T15:46:37.763Z] tick · acquisition:food:Yogyakarta · exit=0 signal=- · OK
[2026-08-23T15:46:40.766Z] tick · acquisition:food:Yogyakarta · zone=klaten-east · spawning
[2026-08-23T15:46:44.766Z] tick · social:cron-tick · fetching GET http://localhost:3008/api/cron/comms-social-worker
[2026-08-23T15:46:44.972Z] tick · social:cron-tick · status=200 · OK
[2026-08-23T15:47:35.256Z] tick · acquisition:accommodation:Yogyakarta · exit=0 signal=- · OK
[2026-08-23T15:47:35.928Z] tick · acquisition:food:Yogyakarta · exit=0 signal=- · OK
[2026-08-23T15:47:38.262Z] tick · acquisition:accommodation:Yogyakarta · zone=borobudur · spawning
[2026-08-23T15:47:38.936Z] tick · acquisition:food:Yogyakarta · zone=gamping-west · spawning
[2026-08-23T15:47:42.820Z] tick · brain:cron-tick · fetching GET http://localhost:3008/api/nex/brain/cron-tick
[2026-08-23T15:47:43.411Z] tick · brain:cron-tick · status=200 · OK
[2026-08-23T15:47:44.770Z] tick · social:cron-tick · fetching GET http://localhost:3008/api/cron/comms-social-worker
[2026-08-23T15:47:44.893Z] tick · social:cron-tick · status=200 · OK
[2026-08-23T15:48:09.247Z] tick · acquisition:food:Yogyakarta · exit=0 signal=- · OK
[2026-08-23T15:48:12.248Z] tick · acquisition:food:Yogyakarta · zone=prambanan · spawning
[2026-08-23T15:48:44.776Z] tick · social:cron-tick · fetching GET http://localhost:3008/api/cron/comms-social-worker
[2026-08-23T15:48:45.054Z] tick · social:cron-tick · status=200 · OK
[2026-08-23T15:48:55.425Z] tick · acquisition:food:Yogyakarta · exit=0 signal=- · OK
[2026-08-23T15:48:58.426Z] tick · acquisition:food:Yogyakarta · zone=sleman-north · spawning
[2026-08-23T15:48:59.071Z] tick · acquisition:accommodation:Yogyakarta · exit=0 signal=- · OK
[2026-08-23T15:49:02.081Z] tick · acquisition:accommodation:Yogyakarta · zone=yogya-wider · spawning
[2026-08-23T15:49:42.345Z] tick · cle:conversation · spawning
[2026-08-23T15:49:43.005Z] tick · cle:conversation · exit=0 signal=- · OK
[2026-08-23T15:49:44.788Z] tick · social:cron-tick · fetching GET http://localhost:3008/api/cron/comms-social-worker
[2026-08-23T15:49:44.909Z] tick · social:cron-tick · status=200 · OK
[2026-08-23T15:50:42.820Z] tick · brain:cron-tick · fetching GET http://localhost:3008/api/nex/brain/cron-tick
[2026-08-23T15:50:43.197Z] tick · brain:cron-tick · status=200 · OK
[2026-08-23T15:50:44.789Z] tick · social:cron-tick · fetching GET http://localhost:3008/api/cron/comms-social-worker
[2026-08-23T15:50:44.872Z] tick · social:cron-tick · status=200 · OK
[2026-08-23T15:51:07.358Z] tick · acquisition:food:Yogyakarta · exit=0 signal=- · OK
[2026-08-23T15:51:10.363Z] tick · acquisition:food:Yogyakarta · zone=bantul-south · spawning
[2026-08-23T15:51:18.670Z] tick · acquisition:accommodation:Yogyakarta · exit=0 signal=- · OK
[2026-08-23T15:51:21.676Z] tick · acquisition:accommodation:Yogyakarta · zone=malioboro · spawning
[2026-08-23T15:51:44.791Z] tick · social:cron-tick · fetching GET http://localhost:3008/api/cron/comms-social-worker
[2026-08-23T15:51:44.904Z] tick · social:cron-tick · status=200 · OK
[2026-08-23T15:52:44.795Z] tick · social:cron-tick · fetching GET http://localhost:3008/api/cron/comms-social-worker
[2026-08-23T15:52:44.924Z] tick · social:cron-tick · status=200 · OK
[2026-08-23T15:53:00.936Z] tick · acquisition:food:Yogyakarta · exit=0 signal=- · OK
[2026-08-23T15:53:03.944Z] tick · acquisition:food:Yogyakarta · zone=klaten-east · spawning
[2026-08-23T15:53:42.822Z] tick · brain:cron-tick · fetching GET http://localhost:3008/api/nex/brain/cron-tick
[2026-08-23T15:53:43.172Z] tick · brain:cron-tick · status=200 · OK
[2026-08-23T15:53:44.811Z] tick · social:cron-tick · fetching GET http://localhost:3008/api/cron/comms-social-worker
[2026-08-23T15:53:44.883Z] tick · social:cron-tick · status=200 · OK
[2026-08-23T15:53:59.919Z] tick · acquisition:accommodation:Yogyakarta · exit=0 signal=- · OK
[2026-08-23T15:54:02.927Z] tick · acquisition:accommodation:Yogyakarta · zone=prawirotaman · spawning
[2026-08-23T15:54:44.826Z] tick · social:cron-tick · fetching GET http://localhost:3008/api/cron/comms-social-worker
[2026-08-23T15:54:44.969Z] tick · social:cron-tick · status=200 · OK
[2026-08-23T15:55:10.865Z] tick · acquisition:food:Yogyakarta · exit=0 signal=- · OK
[2026-08-23T15:55:13.870Z] tick · acquisition:food:Yogyakarta · zone=gamping-west · spawning
[2026-08-23T15:55:22.141Z] tick · acquisition:accommodation:Yogyakarta · exit=0 signal=- · OK
[2026-08-23T15:55:25.146Z] tick · acquisition:accommodation:Yogyakarta · zone=kaliurang · spawning
[2026-08-23T15:55:44.516Z] tick · acquisition:food:Yogyakarta · exit=0 signal=- · OK
[2026-08-23T15:55:44.829Z] tick · social:cron-tick · fetching GET http://localhost:3008/api/cron/comms-social-worker
[2026-08-23T15:55:45.122Z] tick · social:cron-tick · status=200 · OK
[2026-08-23T15:55:47.528Z] tick · acquisition:food:Yogyakarta · zone=prambanan · spawning
[2026-08-23T15:56:30.145Z] tick · acquisition:food:Yogyakarta · exit=0 signal=- · OK
[2026-08-23T15:56:33.155Z] tick · acquisition:food:Yogyakarta · zone=sleman-north · spawning
[2026-08-23T15:56:42.828Z] tick · brain:cron-tick · fetching GET http://localhost:3008/api/nex/brain/cron-tick
[2026-08-23T15:56:43.498Z] tick · brain:cron-tick · status=200 · OK
[2026-08-23T15:56:44.830Z] tick · social:cron-tick · fetching GET http://localhost:3008/api/cron/comms-social-worker
[2026-08-23T15:56:44.972Z] tick · social:cron-tick · status=200 · OK
[2026-08-23T15:56:59.107Z] tick · acquisition:accommodation:Yogyakarta · exit=0 signal=- · OK
[2026-08-23T15:57:02.118Z] tick · acquisition:accommodation:Yogyakarta · zone=borobudur · spawning
[2026-08-23T15:57:44.832Z] tick · social:cron-tick · fetching GET http://localhost:3008/api/cron/comms-social-worker
[2026-08-23T15:57:45.124Z] tick · social:cron-tick · status=200 · OK
[2026-08-23T15:58:05.718Z] tick · acquisition:food:Yogyakarta · exit=0 signal=- · OK
[2026-08-23T15:58:08.727Z] tick · acquisition:food:Yogyakarta · zone=bantul-south · spawning
[2026-08-23T15:58:36.418Z] tick · acquisition:accommodation:Yogyakarta · exit=0 signal=- · OK
[2026-08-23T15:58:39.427Z] tick · acquisition:accommodation:Yogyakarta · zone=yogya-wider · spawning
[2026-08-23T15:58:44.840Z] tick · social:cron-tick · fetching GET http://localhost:3008/api/cron/comms-social-worker
[2026-08-23T15:58:45.511Z] tick · social:cron-tick · status=200 · OK
[2026-08-23T15:58:57.360Z] tick · acquisition:food:Yogyakarta · exit=0 signal=- · OK
[2026-08-23T15:59:00.364Z] tick · acquisition:food:Yogyakarta · zone=klaten-east · spawning
[2026-08-23T15:59:23.720Z] tick · acquisition:accommodation:Yogyakarta · exit=0 signal=- · OK
[2026-08-23T15:59:26.732Z] tick · acquisition:accommodation:Yogyakarta · zone=malioboro · spawning
[2026-08-23T15:59:42.350Z] tick · cle:conversation · spawning
[2026-08-23T15:59:42.831Z] tick · brain:cron-tick · fetching GET http://localhost:3008/api/nex/brain/cron-tick
[2026-08-23T15:59:42.857Z] tick · cle:conversation · exit=0 signal=- · OK
[2026-08-23T15:59:43.342Z] tick · brain:cron-tick · status=200 · OK
[2026-08-23T15:59:43.716Z] tick · acquisition:food:Yogyakarta · exit=0 signal=- · OK
[2026-08-23T15:59:44.855Z] tick · social:cron-tick · fetching GET http://localhost:3008/api/cron/comms-social-worker
[2026-08-23T15:59:44.947Z] tick · social:cron-tick · status=200 · OK
[2026-08-23T15:59:46.719Z] tick · acquisition:food:Yogyakarta · zone=gamping-west · spawning
[2026-08-23T16:00:17.149Z] tick · acquisition:food:Yogyakarta · exit=0 signal=- · OK
[2026-08-23T16:00:20.154Z] tick · acquisition:food:Yogyakarta · zone=prambanan · spawning
[2026-08-23T16:00:24.178Z] tick · acquisition:accommodation:Yogyakarta · exit=0 signal=- · OK
[2026-08-23T16:00:27.191Z] tick · acquisition:accommodation:Yogyakarta · zone=prawirotaman · spawning
[2026-08-23T16:00:44.862Z] tick · social:cron-tick · fetching GET http://localhost:3008/api/cron/comms-social-worker
[2026-08-23T16:00:45.196Z] tick · social:cron-tick · status=200 · OK
[2026-08-23T16:01:03.731Z] tick · acquisition:food:Yogyakarta · exit=0 signal=- · OK
[2026-08-23T16:01:06.738Z] tick · acquisition:food:Yogyakarta · zone=sleman-north · spawning
[2026-08-23T16:01:44.873Z] tick · social:cron-tick · fetching GET http://localhost:3008/api/cron/comms-social-worker
[2026-08-23T16:01:45.858Z] tick · social:cron-tick · status=200 · OK
[2026-08-23T16:02:42.839Z] tick · brain:cron-tick · fetching GET http://localhost:3008/api/nex/brain/cron-tick
[2026-08-23T16:02:43.520Z] tick · brain:cron-tick · status=200 · OK
[2026-08-23T16:02:44.905Z] tick · social:cron-tick · fetching GET http://localhost:3008/api/cron/comms-social-worker
[2026-08-23T16:02:44.983Z] tick · social:cron-tick · status=200 · OK
[2026-08-23T16:02:57.637Z] tick · acquisition:food:Yogyakarta · exit=0 signal=- · OK
[2026-08-23T16:02:58.736Z] tick · acquisition:accommodation:Yogyakarta · exit=0 signal=- · OK
[2026-08-23T16:03:00.646Z] tick · acquisition:food:Yogyakarta · zone=bantul-south · spawning
[2026-08-23T16:03:01.748Z] tick · acquisition:accommodation:Yogyakarta · zone=kaliurang · spawning
[2026-08-23T16:03:44.907Z] tick · social:cron-tick · fetching GET http://localhost:3008/api/cron/comms-social-worker
[2026-08-23T16:03:45.173Z] tick · social:cron-tick · status=200 · OK
[2026-08-23T16:04:44.915Z] tick · social:cron-tick · fetching GET http://localhost:3008/api/cron/comms-social-worker
[2026-08-23T16:04:45.087Z] tick · social:cron-tick · status=200 · OK
[2026-08-23T16:04:56.270Z] tick · acquisition:food:Yogyakarta · exit=0 signal=- · OK
[2026-08-23T16:04:59.283Z] tick · acquisition:food:Yogyakarta · zone=klaten-east · spawning
[2026-08-23T16:05:35.066Z] tick · acquisition:accommodation:Yogyakarta · exit=0 signal=- · OK
[2026-08-23T16:05:38.080Z] tick · acquisition:accommodation:Yogyakarta · zone=borobudur · spawning
[2026-08-23T16:05:42.857Z] tick · brain:cron-tick · fetching GET http://localhost:3008/api/nex/brain/cron-tick
[2026-08-23T16:05:43.357Z] tick · brain:cron-tick · status=200 · OK
[2026-08-23T16:05:44.919Z] tick · social:cron-tick · fetching GET http://localhost:3008/api/cron/comms-social-worker
[2026-08-23T16:05:45.051Z] tick · social:cron-tick · status=200 · OK
[2026-08-23T16:06:44.932Z] tick · social:cron-tick · fetching GET http://localhost:3008/api/cron/comms-social-worker
[2026-08-23T16:06:45.799Z] tick · social:cron-tick · status=200 · OK
[2026-08-23T16:07:20.952Z] tick · acquisition:food:Yogyakarta · exit=0 signal=- · OK
[2026-08-23T16:07:23.967Z] tick · acquisition:food:Yogyakarta · zone=gamping-west · spawning
[2026-08-23T16:07:28.821Z] tick · promotion:food:Yogyakarta:quality-check · spawning
[2026-08-23T16:07:29.275Z] tick · promotion:food:Yogyakarta:quality-check · exit=0 signal=- · OK
[2026-08-23T16:07:44.937Z] tick · social:cron-tick · fetching GET http://localhost:3008/api/cron/comms-social-worker
[2026-08-23T16:07:45.104Z] tick · social:cron-tick · status=200 · OK
[2026-08-23T16:07:54.554Z] tick · acquisition:food:Yogyakarta · exit=0 signal=- · OK
[2026-08-23T16:07:57.556Z] tick · acquisition:food:Yogyakarta · zone=prambanan · spawning
[2026-08-23T16:08:42.866Z] tick · brain:cron-tick · fetching GET http://localhost:3008/api/nex/brain/cron-tick
[2026-08-23T16:08:43.127Z] tick · brain:cron-tick · status=200 · OK
[2026-08-23T16:08:44.949Z] tick · social:cron-tick · fetching GET http://localhost:3008/api/cron/comms-social-worker
[2026-08-23T16:08:45.012Z] tick · social:cron-tick · status=200 · OK
[2026-08-23T16:08:46.424Z] tick · acquisition:food:Yogyakarta · exit=0 signal=- · OK
[2026-08-23T16:08:49.440Z] tick · acquisition:food:Yogyakarta · zone=sleman-north · spawning
[2026-08-23T16:09:07.160Z] tick · acquisition:accommodation:Yogyakarta · exit=0 signal=- · OK
[2026-08-23T16:09:10.172Z] tick · acquisition:accommodation:Yogyakarta · zone=yogya-wider · spawning
[2026-08-23T16:09:42.364Z] tick · cle:conversation · spawning
[2026-08-23T16:09:42.721Z] tick · cle:conversation · exit=0 signal=- · OK
[2026-08-23T16:09:44.958Z] tick · social:cron-tick · fetching GET http://localhost:3008/api/cron/comms-social-worker
[2026-08-23T16:09:45.191Z] tick · social:cron-tick · status=200 · OK
[2026-08-23T16:10:44.961Z] tick · social:cron-tick · fetching GET http://localhost:3008/api/cron/comms-social-worker
[2026-08-23T16:10:45.342Z] tick · social:cron-tick · status=200 · OK
[2026-08-23T16:10:59.461Z] tick · acquisition:food:Yogyakarta · exit=0 signal=- · OK
[2026-08-23T16:11:02.468Z] tick · acquisition:food:Yogyakarta · zone=bantul-south · spawning
[2026-08-23T16:11:39.595Z] tick · acquisition:accommodation:Yogyakarta · exit=0 signal=- · OK
[2026-08-23T16:11:42.598Z] tick · acquisition:accommodation:Yogyakarta · zone=malioboro · spawning
[2026-08-23T16:11:42.873Z] tick · brain:cron-tick · fetching GET http://localhost:3008/api/nex/brain/cron-tick
[2026-08-23T16:11:43.185Z] tick · brain:cron-tick · status=200 · OK
[2026-08-23T16:11:44.968Z] tick · social:cron-tick · fetching GET http://localhost:3008/api/cron/comms-social-worker
[2026-08-23T16:11:45.083Z] tick · social:cron-tick · status=500 · FAIL
  --- response body (first 400 chars) ---
  <!DOCTYPE html><html><head><meta charSet="utf-8" data-next-head=""/><meta name="viewport" content="width=device-width" data-next-head=""/><style data-next-hide-fouc="true">body{display:none}</style><noscript data-next-hide-fouc="true"><style>body{display:block}</style></noscript><noscript data-n-css=""></noscript><script src="/_next/static/chunks/node_modules_next_dist_compiled_199if1i._.js" defer
  ----------------------------------------
[2026-08-23T16:12:44.981Z] tick · social:cron-tick · fetching GET http://localhost:3008/api/cron/comms-social-worker
[2026-08-23T16:12:45.136Z] tick · social:cron-tick · status=500 · FAIL
  --- response body (first 400 chars) ---
  <!DOCTYPE html><html><head><meta charSet="utf-8" data-next-head=""/><meta name="viewport" content="width=device-width" data-next-head=""/><style data-next-hide-fouc="true">body{display:none}</style><noscript data-next-hide-fouc="true"><style>body{display:block}</style></noscript><noscript data-n-css=""></noscript><script src="/_next/static/chunks/node_modules_next_dist_compiled_199if1i._.js" defer
  ----------------------------------------
[2026-08-23T16:13:20.070Z] tick · acquisition:food:Yogyakarta · exit=0 signal=- · OK
[2026-08-23T16:13:23.077Z] tick · acquisition:food:Yogyakarta · zone=klaten-east · spawning
[2026-08-23T16:13:44.983Z] tick · social:cron-tick · fetching GET http://localhost:3008/api/cron/comms-social-worker
[2026-08-23T16:13:45.107Z] tick · social:cron-tick · status=500 · FAIL
  --- response body (first 400 chars) ---
  <!DOCTYPE html><html><head><meta charSet="utf-8" data-next-head=""/><meta name="viewport" content="width=device-width" data-next-head=""/><style data-next-hide-fouc="true">body{display:none}</style><noscript data-next-hide-fouc="true"><style>body{display:block}</style></noscript><noscript data-n-css=""></noscript><script src="/_next/static/chunks/node_modules_next_dist_compiled_199if1i._.js" defer
  ----------------------------------------
[2026-08-23T16:14:02.035Z] tick · acquisition:accommodation:Yogyakarta · exit=0 signal=- · OK
[2026-08-23T16:14:05.036Z] tick · acquisition:accommodation:Yogyakarta · zone=prawirotaman · spawning
[2026-08-23T16:14:42.880Z] tick · brain:cron-tick · fetching GET http://localhost:3008/api/nex/brain/cron-tick
[2026-08-23T16:14:43.390Z] tick · brain:cron-tick · status=200 · OK
[2026-08-23T16:14:44.986Z] tick · social:cron-tick · fetching GET http://localhost:3008/api/cron/comms-social-worker
[2026-08-23T16:14:45.054Z] tick · social:cron-tick · status=500 · FAIL
  --- response body (first 400 chars) ---
  <!DOCTYPE html><html><head><meta charSet="utf-8" data-next-head=""/><meta name="viewport" content="width=device-width" data-next-head=""/><style data-next-hide-fouc="true">body{display:none}</style><noscript data-next-hide-fouc="true"><style>body{display:block}</style></noscript><noscript data-n-css=""></noscript><script src="/_next/static/chunks/node_modules_next_dist_compiled_199if1i._.js" defer
  ----------------------------------------
[2026-08-23T16:14:59.628Z] tick · acquisition:food:Yogyakarta · exit=0 signal=- · OK
[2026-08-23T16:15:02.640Z] tick · acquisition:food:Yogyakarta · zone=gamping-west · spawning
[2026-08-23T16:15:22.580Z] tick · acquisition:accommodation:Yogyakarta · exit=0 signal=- · OK
[2026-08-23T16:15:25.580Z] tick · acquisition:accommodation:Yogyakarta · zone=kaliurang · spawning
[2026-08-23T16:15:33.039Z] tick · acquisition:food:Yogyakarta · exit=0 signal=- · OK
[2026-08-23T16:15:36.041Z] tick · acquisition:food:Yogyakarta · zone=prambanan · spawning
[2026-08-23T16:15:45.003Z] tick · social:cron-tick · fetching GET http://localhost:3008/api/cron/comms-social-worker
[2026-08-23T16:15:45.703Z] tick · social:cron-tick · status=500 · FAIL
  --- response body (first 400 chars) ---
  <!DOCTYPE html><html><head><meta charSet="utf-8" data-next-head=""/><meta name="viewport" content="width=device-width" data-next-head=""/><style data-next-hide-fouc="true">body{display:none}</style><noscript data-next-hide-fouc="true"><style>body{display:block}</style></noscript><noscript data-n-css=""></noscript><script src="/_next/static/chunks/node_modules_next_dist_compiled_199if1i._.js" defer
  ----------------------------------------
[2026-08-23T16:16:16.073Z] tick · acquisition:food:Yogyakarta · exit=0 signal=- · OK
[2026-08-23T16:16:19.081Z] tick · acquisition:food:Yogyakarta · zone=sleman-north · spawning
[2026-08-23T16:16:45.017Z] tick · social:cron-tick · fetching GET http://localhost:3008/api/cron/comms-social-worker
[2026-08-23T16:16:45.158Z] tick · social:cron-tick · status=500 · FAIL
  --- response body (first 400 chars) ---
  <!DOCTYPE html><html><head><meta charSet="utf-8" data-next-head=""/><meta name="viewport" content="width=device-width" data-next-head=""/><style data-next-hide-fouc="true">body{display:none}</style><noscript data-next-hide-fouc="true"><style>body{display:block}</style></noscript><noscript data-n-css=""></noscript><script src="/_next/static/chunks/node_modules_next_dist_compiled_199if1i._.js" defer
  ----------------------------------------
[2026-08-23T16:17:00.365Z] tick · acquisition:accommodation:Yogyakarta · exit=0 signal=- · OK
[2026-08-23T16:17:03.370Z] tick · acquisition:accommodation:Yogyakarta · zone=borobudur · spawning
[2026-08-23T16:17:42.884Z] tick · brain:cron-tick · fetching GET http://localhost:3008/api/nex/brain/cron-tick
[2026-08-23T16:17:43.602Z] tick · brain:cron-tick · status=200 · OK
[2026-08-23T16:17:45.027Z] tick · social:cron-tick · fetching GET http://localhost:3008/api/cron/comms-social-worker
[2026-08-23T16:17:45.191Z] tick · social:cron-tick · status=500 · FAIL
  --- response body (first 400 chars) ---
  <!DOCTYPE html><html><head><meta charSet="utf-8" data-next-head=""/><meta name="viewport" content="width=device-width" data-next-head=""/><style data-next-hide-fouc="true">body{display:none}</style><noscript data-next-hide-fouc="true"><style>body{display:block}</style></noscript><noscript data-n-css=""></noscript><script src="/_next/static/chunks/node_modules_next_dist_compiled_199if1i._.js" defer
  ----------------------------------------
[2026-08-23T16:18:04.497Z] tick · acquisition:food:Yogyakarta · exit=0 signal=- · OK
[2026-08-23T16:18:07.512Z] tick · acquisition:food:Yogyakarta · zone=bantul-south · spawning
[2026-08-23T16:18:45.032Z] tick · social:cron-tick · fetching GET http://localhost:3008/api/cron/comms-social-worker
[2026-08-23T16:18:45.155Z] tick · social:cron-tick · status=500 · FAIL
  --- response body (first 400 chars) ---
  <!DOCTYPE html><html><head><meta charSet="utf-8" data-next-head=""/><meta name="viewport" content="width=device-width" data-next-head=""/><style data-next-hide-fouc="true">body{display:none}</style><noscript data-next-hide-fouc="true"><style>body{display:block}</style></noscript><noscript data-n-css=""></noscript><script src="/_next/static/chunks/node_modules_next_dist_compiled_199if1i._.js" defer
  ----------------------------------------
[2026-08-23T16:19:42.368Z] tick · cle:conversation · spawning
[2026-08-23T16:19:42.733Z] tick · cle:conversation · exit=0 signal=- · OK
[2026-08-23T16:19:45.032Z] tick · social:cron-tick · fetching GET http://localhost:3008/api/cron/comms-social-worker
[2026-08-23T16:19:45.121Z] tick · social:cron-tick · status=500 · FAIL
  --- response body (first 400 chars) ---
  <!DOCTYPE html><html><head><meta charSet="utf-8" data-next-head=""/><meta name="viewport" content="width=device-width" data-next-head=""/><style data-next-hide-fouc="true">body{display:none}</style><noscript data-next-hide-fouc="true"><style>body{display:block}</style></noscript><noscript data-n-css=""></noscript><script src="/_next/static/chunks/node_modules_next_dist_compiled_199if1i._.js" defer
  ----------------------------------------
[2026-08-23T16:19:57.060Z] tick · acquisition:accommodation:Yogyakarta · exit=0 signal=- · OK
[2026-08-23T16:20:00.061Z] tick · acquisition:accommodation:Yogyakarta · zone=yogya-wider · spawning
[2026-08-23T16:20:42.886Z] tick · brain:cron-tick · fetching GET http://localhost:3008/api/nex/brain/cron-tick
[2026-08-23T16:20:43.165Z] tick · brain:cron-tick · status=200 · OK
[2026-08-23T16:20:45.034Z] tick · social:cron-tick · fetching GET http://localhost:3008/api/cron/comms-social-worker
[2026-08-23T16:20:45.119Z] tick · social:cron-tick · status=500 · FAIL
  --- response body (first 400 chars) ---
  <!DOCTYPE html><html><head><meta charSet="utf-8" data-next-head=""/><meta name="viewport" content="width=device-width" data-next-head=""/><style data-next-hide-fouc="true">body{display:none}</style><noscript data-next-hide-fouc="true"><style>body{display:block}</style></noscript><noscript data-n-css=""></noscript><script src="/_next/static/chunks/node_modules_next_dist_compiled_199if1i._.js" defer
  ----------------------------------------
[2026-08-23T16:21:45.043Z] tick · social:cron-tick · fetching GET http://localhost:3008/api/cron/comms-social-worker
[2026-08-23T16:21:45.216Z] tick · social:cron-tick · status=500 · FAIL
  --- response body (first 400 chars) ---
  <!DOCTYPE html><html><head><meta charSet="utf-8" data-next-head=""/><meta name="viewport" content="width=device-width" data-next-head=""/><style data-next-hide-fouc="true">body{display:none}</style><noscript data-next-hide-fouc="true"><style>body{display:block}</style></noscript><noscript data-n-css=""></noscript><script src="/_next/static/chunks/node_modules_next_dist_compiled_199if1i._.js" defer
  ----------------------------------------
[2026-08-23T16:22:07.755Z] tick · acquisition:food:Yogyakarta · exit=0 signal=- · OK
[2026-08-23T16:22:10.768Z] tick · acquisition:food:Yogyakarta · zone=klaten-east · spawning
[2026-08-23T16:22:39.821Z] tick · acquisition:accommodation:Yogyakarta · exit=0 signal=- · OK
[2026-08-23T16:22:42.824Z] tick · acquisition:accommodation:Yogyakarta · zone=malioboro · spawning
[2026-08-23T16:22:45.055Z] tick · social:cron-tick · fetching GET http://localhost:3008/api/cron/comms-social-worker
[2026-08-23T16:22:45.202Z] tick · social:cron-tick · status=500 · FAIL
  --- response body (first 400 chars) ---
  <!DOCTYPE html><html><head><meta charSet="utf-8" data-next-head=""/><meta name="viewport" content="width=device-width" data-next-head=""/><style data-next-hide-fouc="true">body{display:none}</style><noscript data-next-hide-fouc="true"><style>body{display:block}</style></noscript><noscript data-n-css=""></noscript><script src="/_next/static/chunks/node_modules_next_dist_compiled_199if1i._.js" defer
  ----------------------------------------
[2026-08-23T16:23:42.888Z] tick · brain:cron-tick · fetching GET http://localhost:3008/api/nex/brain/cron-tick
[2026-08-23T16:23:43.342Z] tick · brain:cron-tick · status=200 · OK
[2026-08-23T16:23:45.057Z] tick · social:cron-tick · fetching GET http://localhost:3008/api/cron/comms-social-worker
[2026-08-23T16:23:45.124Z] tick · social:cron-tick · status=500 · FAIL
  --- response body (first 400 chars) ---
  <!DOCTYPE html><html><head><meta charSet="utf-8" data-next-head=""/><meta name="viewport" content="width=device-width" data-next-head=""/><style data-next-hide-fouc="true">body{display:none}</style><noscript data-next-hide-fouc="true"><style>body{display:block}</style></noscript><noscript data-n-css=""></noscript><script src="/_next/static/chunks/node_modules_next_dist_compiled_199if1i._.js" defer
  ----------------------------------------
[2026-08-23T16:24:23.318Z] tick · acquisition:food:Yogyakarta · exit=0 signal=- · OK
[2026-08-23T16:24:26.334Z] tick · acquisition:food:Yogyakarta · zone=gamping-west · spawning
[2026-08-23T16:24:45.058Z] tick · social:cron-tick · fetching GET http://localhost:3008/api/cron/comms-social-worker
[2026-08-23T16:24:45.383Z] tick · social:cron-tick · status=200 · OK
[2026-08-23T16:24:56.919Z] tick · acquisition:food:Yogyakarta · exit=0 signal=- · OK
[2026-08-23T16:24:59.922Z] tick · acquisition:food:Yogyakarta · zone=prambanan · spawning
[2026-08-23T16:25:23.860Z] tick · acquisition:accommodation:Yogyakarta · exit=0 signal=- · OK
[2026-08-23T16:25:26.867Z] tick · acquisition:accommodation:Yogyakarta · zone=prawirotaman · spawning
[2026-08-23T16:25:44.498Z] tick · acquisition:food:Yogyakarta · exit=0 signal=- · OK
[2026-08-23T16:25:45.059Z] tick · social:cron-tick · fetching GET http://localhost:3008/api/cron/comms-social-worker
[2026-08-23T16:25:45.346Z] tick · social:cron-tick · status=200 · OK
[2026-08-23T16:25:47.512Z] tick · acquisition:food:Yogyakarta · zone=sleman-north · spawning
[2026-08-23T16:26:41.112Z] tick · acquisition:food:Yogyakarta · exit=0 signal=- · OK
[2026-08-23T16:26:42.902Z] tick · brain:cron-tick · fetching GET http://localhost:3008/api/nex/brain/cron-tick
[2026-08-23T16:26:44.115Z] tick · acquisition:food:Yogyakarta · zone=bantul-south · spawning
[2026-08-23T16:26:44.270Z] tick · brain:cron-tick · status=200 · OK
[2026-08-23T16:26:45.070Z] tick · social:cron-tick · fetching GET http://localhost:3008/api/cron/comms-social-worker
[2026-08-23T16:26:45.237Z] tick · social:cron-tick · status=200 · OK
[2026-08-23T16:27:34.529Z] tick · acquisition:food:Yogyakarta · exit=0 signal=- · OK
[2026-08-23T16:27:37.544Z] tick · acquisition:food:Yogyakarta · zone=klaten-east · spawning
[2026-08-23T16:27:45.071Z] tick · social:cron-tick · fetching GET http://localhost:3008/api/cron/comms-social-worker
[2026-08-23T16:27:45.516Z] tick · social:cron-tick · status=200 · OK
[2026-08-23T16:28:45.086Z] tick · social:cron-tick · fetching GET http://localhost:3008/api/cron/comms-social-worker
[2026-08-23T16:28:45.179Z] tick · social:cron-tick · status=200 · OK
[2026-08-23T16:28:50.331Z] tick · acquisition:accommodation:Yogyakarta · exit=0 signal=- · OK
[2026-08-23T16:28:53.335Z] tick · acquisition:accommodation:Yogyakarta · zone=kaliurang · spawning
[2026-08-23T16:29:09.964Z] tick · acquisition:food:Yogyakarta · exit=0 signal=- · OK
[2026-08-23T16:29:12.967Z] tick · acquisition:food:Yogyakarta · zone=gamping-west · spawning
[2026-08-23T16:29:42.372Z] tick · cle:conversation · spawning
[2026-08-23T16:29:42.960Z] tick · brain:cron-tick · fetching GET http://localhost:3008/api/nex/brain/cron-tick
[2026-08-23T16:29:43.352Z] tick · cle:conversation · exit=0 signal=- · OK
[2026-08-23T16:29:43.630Z] tick · acquisition:food:Yogyakarta · exit=0 signal=- · OK
[2026-08-23T16:29:45.139Z] tick · social:cron-tick · fetching GET http://localhost:3008/api/cron/comms-social-worker
[2026-08-23T16:29:46.645Z] tick · acquisition:food:Yogyakarta · zone=prambanan · spawning
[2026-08-23T16:29:48.091Z] tick · social:cron-tick · status=200 · OK
[2026-08-23T16:29:48.969Z] tick · brain:cron-tick · status=200 · OK
[2026-08-23T16:30:23.685Z] tick · acquisition:food:Yogyakarta · exit=0 signal=- · OK
[2026-08-23T16:30:26.694Z] tick · acquisition:food:Yogyakarta · zone=sleman-north · spawning
[2026-08-23T16:30:45.148Z] tick · social:cron-tick · fetching GET http://localhost:3008/api/cron/comms-social-worker
[2026-08-23T16:30:45.403Z] tick · social:cron-tick · status=200 · OK
[2026-08-23T16:31:08.303Z] tick · acquisition:accommodation:Yogyakarta · exit=0 signal=- · OK
[2026-08-23T16:31:11.307Z] tick · acquisition:accommodation:Yogyakarta · zone=borobudur · spawning
[2026-08-23T16:31:45.152Z] tick · social:cron-tick · fetching GET http://localhost:3008/api/cron/comms-social-worker
[2026-08-23T16:31:45.356Z] tick · social:cron-tick · status=200 · OK
[2026-08-23T16:31:46.994Z] tick · acquisition:food:Yogyakarta · exit=0 signal=- · OK
[2026-08-23T16:31:50.000Z] tick · acquisition:food:Yogyakarta · zone=bantul-south · spawning
[2026-08-23T16:32:42.963Z] tick · brain:cron-tick · fetching GET http://localhost:3008/api/nex/brain/cron-tick
[2026-08-23T16:32:43.290Z] tick · brain:cron-tick · status=200 · OK
[2026-08-23T16:32:45.153Z] tick · social:cron-tick · fetching GET http://localhost:3008/api/cron/comms-social-worker
[2026-08-23T16:32:45.257Z] tick · social:cron-tick · status=200 · OK
[2026-08-23T16:32:53.120Z] tick · acquisition:accommodation:Yogyakarta · exit=0 signal=- · OK
[2026-08-23T16:32:56.121Z] tick · acquisition:accommodation:Yogyakarta · zone=yogya-wider · spawning
[2026-08-23T16:33:17.954Z] tick · acquisition:food:Yogyakarta · exit=0 signal=- · OK
[2026-08-23T16:33:20.955Z] tick · acquisition:food:Yogyakarta · zone=klaten-east · spawning
[2026-08-23T16:33:45.168Z] tick · social:cron-tick · fetching GET http://localhost:3008/api/cron/comms-social-worker
[2026-08-23T16:33:45.337Z] tick · social:cron-tick · status=200 · OK
[2026-08-23T16:34:45.177Z] tick · social:cron-tick · fetching GET http://localhost:3008/api/cron/comms-social-worker
[2026-08-23T16:34:45.314Z] tick · social:cron-tick · status=200 · OK
[2026-08-23T16:34:45.956Z] tick · acquisition:accommodation:Yogyakarta · exit=0 signal=- · OK
[2026-08-23T16:34:48.959Z] tick · acquisition:accommodation:Yogyakarta · zone=malioboro · spawning
[2026-08-23T16:35:42.970Z] tick · brain:cron-tick · fetching GET http://localhost:3008/api/nex/brain/cron-tick
[2026-08-23T16:35:43.913Z] tick · brain:cron-tick · status=200 · OK
[2026-08-23T16:35:44.712Z] tick · acquisition:food:Yogyakarta · exit=0 signal=- · OK
[2026-08-23T16:35:45.185Z] tick · social:cron-tick · fetching GET http://localhost:3008/api/cron/comms-social-worker
[2026-08-23T16:35:45.351Z] tick · social:cron-tick · status=200 · OK
[2026-08-23T16:35:47.715Z] tick · acquisition:food:Yogyakarta · zone=gamping-west · spawning
[2026-08-23T16:36:18.747Z] tick · acquisition:food:Yogyakarta · exit=0 signal=- · OK
[2026-08-23T16:36:21.763Z] tick · acquisition:food:Yogyakarta · zone=prambanan · spawning
[2026-08-23T16:36:45.186Z] tick · social:cron-tick · fetching GET http://localhost:3008/api/cron/comms-social-worker
[2026-08-23T16:36:45.434Z] tick · social:cron-tick · status=200 · OK
[2026-08-23T16:37:04.506Z] tick · acquisition:accommodation:Yogyakarta · exit=0 signal=- · OK
[2026-08-23T16:37:07.512Z] tick · acquisition:accommodation:Yogyakarta · zone=prawirotaman · spawning
[2026-08-23T16:37:09.758Z] tick · acquisition:food:Yogyakarta · exit=0 signal=- · OK
[2026-08-23T16:37:12.762Z] tick · acquisition:food:Yogyakarta · zone=sleman-north · spawning
[2026-08-23T16:37:28.835Z] tick · promotion:food:Yogyakarta:quality-check · spawning
[2026-08-23T16:37:29.276Z] tick · promotion:food:Yogyakarta:quality-check · exit=0 signal=- · OK
[2026-08-23T16:37:45.191Z] tick · social:cron-tick · fetching GET http://localhost:3008/api/cron/comms-social-worker
[2026-08-23T16:37:45.364Z] tick · social:cron-tick · status=200 · OK
[2026-08-23T16:38:42.772Z] tick · acquisition:accommodation:Yogyakarta · exit=0 signal=- · OK
[2026-08-23T16:38:42.973Z] tick · brain:cron-tick · fetching GET http://localhost:3008/api/nex/brain/cron-tick
[2026-08-23T16:38:43.197Z] tick · brain:cron-tick · status=200 · OK
[2026-08-23T16:38:45.199Z] tick · social:cron-tick · fetching GET http://localhost:3008/api/cron/comms-social-worker
[2026-08-23T16:38:45.299Z] tick · social:cron-tick · status=200 · OK
[2026-08-23T16:38:45.786Z] tick · acquisition:accommodation:Yogyakarta · zone=kaliurang · spawning
[2026-08-23T16:38:50.954Z] tick · acquisition:food:Yogyakarta · exit=0 signal=- · OK
[2026-08-23T16:38:53.960Z] tick · acquisition:food:Yogyakarta · zone=bantul-south · spawning
[2026-08-23T16:39:42.378Z] tick · cle:conversation · spawning
[2026-08-23T16:39:42.741Z] tick · cle:conversation · exit=0 signal=- · OK
[2026-08-23T16:39:45.207Z] tick · social:cron-tick · fetching GET http://localhost:3008/api/cron/comms-social-worker
[2026-08-23T16:39:45.388Z] tick · social:cron-tick · status=200 · OK
[2026-08-23T16:40:23.238Z] tick · acquisition:accommodation:Yogyakarta · exit=0 signal=- · OK
[2026-08-23T16:40:26.251Z] tick · acquisition:accommodation:Yogyakarta · zone=borobudur · spawning
[2026-08-23T16:40:45.219Z] tick · social:cron-tick · fetching GET http://localhost:3008/api/cron/comms-social-worker
[2026-08-23T16:40:45.364Z] tick · social:cron-tick · status=200 · OK
[2026-08-23T16:41:23.920Z] tick · acquisition:food:Yogyakarta · exit=0 signal=- · OK
[2026-08-23T16:41:26.932Z] tick · acquisition:food:Yogyakarta · zone=klaten-east · spawning
[2026-08-23T16:41:42.978Z] tick · brain:cron-tick · fetching GET http://localhost:3008/api/nex/brain/cron-tick
[2026-08-23T16:41:43.322Z] tick · brain:cron-tick · status=200 · OK
[2026-08-23T16:41:45.229Z] tick · social:cron-tick · fetching GET http://localhost:3008/api/cron/comms-social-worker
[2026-08-23T16:41:45.320Z] tick · social:cron-tick · status=200 · OK
[2026-08-23T16:41:49.621Z] tick · acquisition:accommodation:Yogyakarta · exit=0 signal=- · OK
[2026-08-23T16:41:52.633Z] tick · acquisition:accommodation:Yogyakarta · zone=yogya-wider · spawning
[2026-08-23T16:42:45.243Z] tick · social:cron-tick · fetching GET http://localhost:3008/api/cron/comms-social-worker
[2026-08-23T16:42:45.662Z] tick · social:cron-tick · status=200 · OK
[2026-08-23T16:43:16.999Z] tick · acquisition:food:Yogyakarta · exit=0 signal=- · OK
[2026-08-23T16:43:20.005Z] tick · acquisition:food:Yogyakarta · zone=gamping-west · spawning
[2026-08-23T16:43:45.253Z] tick · social:cron-tick · fetching GET http://localhost:3008/api/cron/comms-social-worker
[2026-08-23T16:43:46.102Z] tick · social:cron-tick · status=200 · OK
[2026-08-23T16:43:50.474Z] tick · acquisition:food:Yogyakarta · exit=0 signal=- · OK
[2026-08-23T16:43:53.481Z] tick · acquisition:food:Yogyakarta · zone=prambanan · spawning
[2026-08-23T16:44:17.745Z] tick · acquisition:accommodation:Yogyakarta · exit=0 signal=- · OK
[2026-08-23T16:44:20.766Z] tick · acquisition:accommodation:Yogyakarta · zone=malioboro · spawning
[2026-08-23T16:44:33.964Z] tick · acquisition:food:Yogyakarta · exit=0 signal=- · OK
[2026-08-23T16:44:36.972Z] tick · acquisition:food:Yogyakarta · zone=sleman-north · spawning
[2026-08-23T16:44:42.983Z] tick · brain:cron-tick · fetching GET http://localhost:3008/api/nex/brain/cron-tick
[2026-08-23T16:44:45.264Z] tick · social:cron-tick · fetching GET http://localhost:3008/api/cron/comms-social-worker
[2026-08-23T16:44:46.314Z] tick · social:cron-tick · status=200 · OK
[2026-08-23T16:44:46.653Z] tick · brain:cron-tick · status=200 · OK
[2026-08-23T16:45:45.279Z] tick · social:cron-tick · fetching GET http://localhost:3008/api/cron/comms-social-worker
[2026-08-23T16:45:45.393Z] tick · social:cron-tick · status=200 · OK
[2026-08-23T16:45:47.129Z] tick · acquisition:accommodation:Yogyakarta · exit=0 signal=- · OK
[2026-08-23T16:45:50.132Z] tick · acquisition:accommodation:Yogyakarta · zone=prawirotaman · spawning
[2026-08-23T16:46:45.292Z] tick · social:cron-tick · fetching GET http://localhost:3008/api/cron/comms-social-worker
[2026-08-23T16:46:45.477Z] tick · social:cron-tick · status=200 · OK
[2026-08-23T16:47:11.242Z] tick · acquisition:food:Yogyakarta · exit=0 signal=- · OK
[2026-08-23T16:47:14.257Z] tick · acquisition:food:Yogyakarta · zone=bantul-south · spawning
[2026-08-23T16:47:42.988Z] tick · brain:cron-tick · fetching GET http://localhost:3008/api/nex/brain/cron-tick
[2026-08-23T16:47:43.550Z] tick · brain:cron-tick · status=200 · OK
[2026-08-23T16:47:45.293Z] tick · social:cron-tick · fetching GET http://localhost:3008/api/cron/comms-social-worker
[2026-08-23T16:47:45.442Z] tick · social:cron-tick · status=200 · OK
[2026-08-23T16:48:23.737Z] tick · acquisition:accommodation:Yogyakarta · exit=0 signal=- · OK
[2026-08-23T16:48:26.737Z] tick · acquisition:accommodation:Yogyakarta · zone=kaliurang · spawning
[2026-08-23T16:48:45.300Z] tick · social:cron-tick · fetching GET http://localhost:3008/api/cron/comms-social-worker
[2026-08-23T16:48:45.458Z] tick · social:cron-tick · status=200 · OK
[2026-08-23T16:49:21.404Z] tick · acquisition:accommodation:Yogyakarta · exit=0 signal=- · OK
[2026-08-23T16:49:24.406Z] tick · acquisition:accommodation:Yogyakarta · zone=borobudur · spawning
[2026-08-23T16:49:42.379Z] tick · cle:conversation · spawning
[2026-08-23T16:49:42.748Z] tick · cle:conversation · exit=0 signal=- · OK
[2026-08-23T16:49:44.826Z] tick · acquisition:food:Yogyakarta · exit=0 signal=- · OK
[2026-08-23T16:49:45.308Z] tick · social:cron-tick · fetching GET http://localhost:3008/api/cron/comms-social-worker
[2026-08-23T16:49:45.471Z] tick · social:cron-tick · status=200 · OK
[2026-08-23T16:49:47.836Z] tick · acquisition:food:Yogyakarta · zone=klaten-east · spawning
[2026-08-23T16:50:42.989Z] tick · brain:cron-tick · fetching GET http://localhost:3008/api/nex/brain/cron-tick
[2026-08-23T16:50:43.337Z] tick · brain:cron-tick · status=200 · OK
[2026-08-23T16:50:45.323Z] tick · social:cron-tick · fetching GET http://localhost:3008/api/cron/comms-social-worker
[2026-08-23T16:50:45.420Z] tick · social:cron-tick · status=200 · OK
[2026-08-23T16:51:45.338Z] tick · social:cron-tick · fetching GET http://localhost:3008/api/cron/comms-social-worker
[2026-08-23T16:51:45.615Z] tick · social:cron-tick · status=200 · OK
[2026-08-23T16:51:58.873Z] tick · acquisition:accommodation:Yogyakarta · exit=0 signal=- · OK
[2026-08-23T16:52:01.875Z] tick · acquisition:accommodation:Yogyakarta · zone=yogya-wider · spawning
[2026-08-23T16:52:27.341Z] tick · acquisition:food:Yogyakarta · exit=0 signal=- · OK
[2026-08-23T16:52:30.343Z] tick · acquisition:food:Yogyakarta · zone=gamping-west · spawning
[2026-08-23T16:52:45.348Z] tick · social:cron-tick · fetching GET http://localhost:3008/api/cron/comms-social-worker
[2026-08-23T16:52:45.668Z] tick · social:cron-tick · status=200 · OK
[2026-08-23T16:53:00.733Z] tick · acquisition:food:Yogyakarta · exit=0 signal=- · OK
[2026-08-23T16:53:03.735Z] tick · acquisition:food:Yogyakarta · zone=prambanan · spawning
[2026-08-23T16:53:43.006Z] tick · brain:cron-tick · fetching GET http://localhost:3008/api/nex/brain/cron-tick
[2026-08-23T16:53:44.472Z] tick · brain:cron-tick · status=200 · OK
[2026-08-23T16:53:45.241Z] tick · acquisition:food:Yogyakarta · exit=0 signal=- · OK
[2026-08-23T16:53:45.361Z] tick · social:cron-tick · fetching GET http://localhost:3008/api/cron/comms-social-worker
[2026-08-23T16:53:45.504Z] tick · social:cron-tick · status=200 · OK
[2026-08-23T16:53:48.261Z] tick · acquisition:food:Yogyakarta · zone=sleman-north · spawning
[2026-08-23T16:54:20.904Z] tick · acquisition:accommodation:Yogyakarta · exit=0 signal=- · OK
[2026-08-23T16:54:23.946Z] tick · acquisition:accommodation:Yogyakarta · zone=malioboro · spawning
[2026-08-23T16:54:45.375Z] tick · social:cron-tick · fetching GET http://localhost:3008/api/cron/comms-social-worker
[2026-08-23T16:54:45.966Z] tick · social:cron-tick · status=200 · OK
[2026-08-23T16:55:45.379Z] tick · social:cron-tick · fetching GET http://localhost:3008/api/cron/comms-social-worker
[2026-08-23T16:55:45.663Z] tick · social:cron-tick · status=200 · OK
[2026-08-23T16:56:43.010Z] tick · brain:cron-tick · fetching GET http://localhost:3008/api/nex/brain/cron-tick
[2026-08-23T16:56:43.433Z] tick · brain:cron-tick · status=200 · OK
[2026-08-23T16:56:45.394Z] tick · social:cron-tick · fetching GET http://localhost:3008/api/cron/comms-social-worker
[2026-08-23T16:56:45.485Z] tick · social:cron-tick · status=200 · OK
[2026-08-23T16:57:01.191Z] tick · acquisition:accommodation:Yogyakarta · exit=0 signal=- · OK
[2026-08-23T16:57:04.195Z] tick · acquisition:accommodation:Yogyakarta · zone=prawirotaman · spawning
[2026-08-23T16:57:28.836Z] tick · acquisition:food:Yogyakarta · exit=0 signal=- · OK
[2026-08-23T16:57:31.835Z] tick · acquisition:food:Yogyakarta · zone=bantul-south · spawning
[2026-08-23T16:57:45.401Z] tick · social:cron-tick · fetching GET http://localhost:3008/api/cron/comms-social-worker
[2026-08-23T16:57:45.527Z] tick · social:cron-tick · status=200 · OK
[2026-08-23T16:58:45.405Z] tick · social:cron-tick · fetching GET http://localhost:3008/api/cron/comms-social-worker
[2026-08-23T16:58:45.527Z] tick · social:cron-tick · status=200 · OK
[2026-08-23T16:58:54.059Z] tick · acquisition:accommodation:Yogyakarta · exit=0 signal=- · OK
[2026-08-23T16:58:57.060Z] tick · acquisition:accommodation:Yogyakarta · zone=kaliurang · spawning
[2026-08-23T16:59:10.813Z] tick · acquisition:food:Yogyakarta · exit=0 signal=- · OK
[2026-08-23T16:59:13.814Z] tick · acquisition:food:Yogyakarta · zone=klaten-east · spawning
[2026-08-23T16:59:42.383Z] tick · cle:conversation · spawning
[2026-08-23T16:59:42.719Z] tick · cle:conversation · exit=0 signal=- · OK
[2026-08-23T16:59:43.019Z] tick · brain:cron-tick · fetching GET http://localhost:3008/api/nex/brain/cron-tick
[2026-08-23T16:59:43.361Z] tick · brain:cron-tick · status=200 · OK
[2026-08-23T16:59:45.408Z] tick · social:cron-tick · fetching GET http://localhost:3008/api/cron/comms-social-worker
[2026-08-23T16:59:45.488Z] tick · social:cron-tick · status=200 · OK
[2026-08-23T17:00:45.418Z] tick · social:cron-tick · fetching GET http://localhost:3008/api/cron/comms-social-worker
[2026-08-23T17:00:45.561Z] tick · social:cron-tick · status=200 · OK
[2026-08-23T17:00:51.864Z] tick · acquisition:food:Yogyakarta · exit=0 signal=- · OK
[2026-08-23T17:00:54.875Z] tick · acquisition:food:Yogyakarta · zone=gamping-west · spawning
[2026-08-23T17:01:25.218Z] tick · acquisition:food:Yogyakarta · exit=0 signal=- · OK
[2026-08-23T17:01:28.233Z] tick · acquisition:food:Yogyakarta · zone=prambanan · spawning
[2026-08-23T17:01:30.910Z] tick · acquisition:accommodation:Yogyakarta · exit=0 signal=- · OK
[2026-08-23T17:01:33.923Z] tick · acquisition:accommodation:Yogyakarta · zone=borobudur · spawning
[2026-08-23T17:01:45.433Z] tick · social:cron-tick · fetching GET http://localhost:3008/api/cron/comms-social-worker
[2026-08-23T17:01:45.591Z] tick · social:cron-tick · status=200 · OK
[2026-08-23T17:02:11.676Z] tick · acquisition:food:Yogyakarta · exit=0 signal=- · OK
[2026-08-23T17:02:14.677Z] tick · acquisition:food:Yogyakarta · zone=sleman-north · spawning
[2026-08-23T17:02:43.030Z] tick · brain:cron-tick · fetching GET http://localhost:3008/api/nex/brain/cron-tick
[2026-08-23T17:02:43.541Z] tick · brain:cron-tick · status=200 · OK
[2026-08-23T17:02:45.446Z] tick · social:cron-tick · fetching GET http://localhost:3008/api/cron/comms-social-worker
[2026-08-23T17:02:46.006Z] tick · social:cron-tick · status=200 · OK
[2026-08-23T17:03:06.666Z] tick · acquisition:food:Yogyakarta · exit=0 signal=- · OK
[2026-08-23T17:03:09.673Z] tick · acquisition:food:Yogyakarta · zone=bantul-south · spawning
[2026-08-23T17:03:45.448Z] tick · social:cron-tick · fetching GET http://localhost:3008/api/cron/comms-social-worker
[2026-08-23T17:03:45.688Z] tick · social:cron-tick · status=200 · OK
[2026-08-23T17:03:47.923Z] tick · acquisition:accommodation:Yogyakarta · exit=0 signal=- · OK
[2026-08-23T17:03:50.926Z] tick · acquisition:accommodation:Yogyakarta · zone=yogya-wider · spawning
[2026-08-23T17:04:33.431Z] tick · acquisition:food:Yogyakarta · exit=0 signal=- · OK
[2026-08-23T17:04:36.444Z] tick · acquisition:food:Yogyakarta · zone=klaten-east · spawning
[2026-08-23T17:04:45.458Z] tick · social:cron-tick · fetching GET http://localhost:3008/api/cron/comms-social-worker
[2026-08-23T17:04:45.619Z] tick · social:cron-tick · status=200 · OK
[2026-08-23T17:05:16.327Z] tick · acquisition:food:Yogyakarta · exit=0 signal=- · OK
[2026-08-23T17:05:19.338Z] tick · acquisition:food:Yogyakarta · zone=gamping-west · spawning
[2026-08-23T17:05:43.032Z] tick · brain:cron-tick · fetching GET http://localhost:3008/api/nex/brain/cron-tick
[2026-08-23T17:05:43.709Z] tick · brain:cron-tick · status=200 · OK
[2026-08-23T17:05:45.466Z] tick · social:cron-tick · fetching GET http://localhost:3008/api/cron/comms-social-worker
[2026-08-23T17:05:45.579Z] tick · social:cron-tick · status=200 · OK
[2026-08-23T17:05:49.712Z] tick · acquisition:food:Yogyakarta · exit=0 signal=- · OK
[2026-08-23T17:05:52.716Z] tick · acquisition:food:Yogyakarta · zone=prambanan · spawning
[2026-08-23T17:06:02.783Z] tick · acquisition:accommodation:Yogyakarta · exit=0 signal=- · OK
[2026-08-23T17:06:05.790Z] tick · acquisition:accommodation:Yogyakarta · zone=malioboro · spawning
[2026-08-23T17:06:28.711Z] tick · acquisition:food:Yogyakarta · exit=0 signal=- · OK
[2026-08-23T17:06:31.725Z] tick · acquisition:food:Yogyakarta · zone=sleman-north · spawning
[2026-08-23T17:06:45.468Z] tick · social:cron-tick · fetching GET http://localhost:3008/api/cron/comms-social-worker
[2026-08-23T17:06:45.616Z] tick · social:cron-tick · status=200 · OK
[2026-08-23T17:07:06.943Z] tick · acquisition:food:Yogyakarta · exit=0 signal=- · OK
[2026-08-23T17:07:09.946Z] tick · acquisition:food:Yogyakarta · zone=bantul-south · spawning
[2026-08-23T17:07:28.850Z] tick · promotion:food:Yogyakarta:quality-check · spawning
[2026-08-23T17:07:29.299Z] tick · promotion:food:Yogyakarta:quality-check · exit=0 signal=- · OK
[2026-08-23T17:07:45.476Z] tick · social:cron-tick · fetching GET http://localhost:3008/api/cron/comms-social-worker
[2026-08-23T17:07:45.778Z] tick · social:cron-tick · status=200 · OK
[2026-08-23T17:07:53.075Z] tick · acquisition:accommodation:Yogyakarta · exit=0 signal=- · OK
[2026-08-23T17:07:56.085Z] tick · acquisition:accommodation:Yogyakarta · zone=prawirotaman · spawning
[2026-08-23T17:08:41.974Z] tick · acquisition:accommodation:Yogyakarta · exit=0 signal=- · OK
[2026-08-23T17:08:43.036Z] tick · brain:cron-tick · fetching GET http://localhost:3008/api/nex/brain/cron-tick
[2026-08-23T17:08:43.497Z] tick · brain:cron-tick · status=200 · OK
[2026-08-23T17:08:44.979Z] tick · acquisition:accommodation:Yogyakarta · zone=kaliurang · spawning
[2026-08-23T17:08:45.489Z] tick · social:cron-tick · fetching GET http://localhost:3008/api/cron/comms-social-worker
[2026-08-23T17:08:45.574Z] tick · social:cron-tick · status=200 · OK
[2026-08-23T17:09:19.792Z] tick · acquisition:accommodation:Yogyakarta · exit=0 signal=- · OK
[2026-08-23T17:09:22.804Z] tick · acquisition:accommodation:Yogyakarta · zone=borobudur · spawning
[2026-08-23T17:09:42.396Z] tick · cle:conversation · spawning
[2026-08-23T17:09:42.745Z] tick · cle:conversation · exit=0 signal=- · OK
[2026-08-23T17:09:45.492Z] tick · social:cron-tick · fetching GET http://localhost:3008/api/cron/comms-social-worker
[2026-08-23T17:09:45.606Z] tick · social:cron-tick · status=200 · OK
[2026-08-23T17:10:30.816Z] tick · acquisition:food:Yogyakarta · exit=0 signal=- · OK
[2026-08-23T17:10:33.818Z] tick · acquisition:food:Yogyakarta · zone=klaten-east · spawning
[2026-08-23T17:10:45.496Z] tick · social:cron-tick · fetching GET http://localhost:3008/api/cron/comms-social-worker
[2026-08-23T17:10:45.636Z] tick · social:cron-tick · status=200 · OK
[2026-08-23T17:11:03.328Z] tick · acquisition:accommodation:Yogyakarta · exit=0 signal=- · OK
[2026-08-23T17:11:06.335Z] tick · acquisition:accommodation:Yogyakarta · zone=yogya-wider · spawning
[2026-08-23T17:11:43.041Z] tick · brain:cron-tick · fetching GET http://localhost:3008/api/nex/brain/cron-tick
[2026-08-23T17:11:43.322Z] tick · brain:cron-tick · status=200 · OK
[2026-08-23T17:11:45.501Z] tick · social:cron-tick · fetching GET http://localhost:3008/api/cron/comms-social-worker
[2026-08-23T17:11:45.569Z] tick · social:cron-tick · status=200 · OK
[2026-08-23T17:11:46.226Z] tick · acquisition:accommodation:Yogyakarta · exit=0 signal=- · OK
[2026-08-23T17:11:49.250Z] tick · acquisition:accommodation:Yogyakarta · zone=malioboro · spawning
[2026-08-23T17:12:38.824Z] tick · acquisition:food:Yogyakarta · exit=0 signal=- · OK
[2026-08-23T17:12:41.830Z] tick · acquisition:food:Yogyakarta · zone=gamping-west · spawning
[2026-08-23T17:12:45.509Z] tick · social:cron-tick · fetching GET http://localhost:3008/api/cron/comms-social-worker
[2026-08-23T17:12:45.789Z] tick · social:cron-tick · status=200 · OK
[2026-08-23T17:13:12.971Z] tick · acquisition:food:Yogyakarta · exit=0 signal=- · OK
[2026-08-23T17:13:15.978Z] tick · acquisition:food:Yogyakarta · zone=prambanan · spawning
[2026-08-23T17:13:37.265Z] tick · acquisition:accommodation:Yogyakarta · exit=0 signal=- · OK
[2026-08-23T17:13:40.269Z] tick · acquisition:accommodation:Yogyakarta · zone=prawirotaman · spawning
[2026-08-23T17:13:45.524Z] tick · social:cron-tick · fetching GET http://localhost:3008/api/cron/comms-social-worker
[2026-08-23T17:13:45.795Z] tick · social:cron-tick · status=200 · OK
[2026-08-23T17:13:57.345Z] tick · acquisition:food:Yogyakarta · exit=0 signal=- · OK
[2026-08-23T17:14:00.348Z] tick · acquisition:food:Yogyakarta · zone=sleman-north · spawning
[2026-08-23T17:14:24.383Z] tick · acquisition:accommodation:Yogyakarta · exit=0 signal=- · OK
[2026-08-23T17:14:27.383Z] tick · acquisition:accommodation:Yogyakarta · zone=kaliurang · spawning
[2026-08-23T17:14:36.987Z] tick · acquisition:food:Yogyakarta · exit=0 signal=- · OK
[2026-08-23T17:14:39.988Z] tick · acquisition:food:Yogyakarta · zone=bantul-south · spawning
[2026-08-23T17:14:43.042Z] tick · brain:cron-tick · fetching GET http://localhost:3008/api/nex/brain/cron-tick
[2026-08-23T17:14:43.843Z] tick · brain:cron-tick · status=200 · OK
[2026-08-23T17:14:45.535Z] tick · social:cron-tick · fetching GET http://localhost:3008/api/cron/comms-social-worker
[2026-08-23T17:14:45.710Z] tick · social:cron-tick · status=200 · OK
[2026-08-23T17:14:57.822Z] tick · acquisition:accommodation:Yogyakarta · exit=0 signal=- · OK
[2026-08-23T17:15:00.826Z] tick · acquisition:accommodation:Yogyakarta · zone=borobudur · spawning
[2026-08-23T17:15:20.234Z] tick · acquisition:food:Yogyakarta · exit=0 signal=- · OK
[2026-08-23T17:15:23.238Z] tick · acquisition:food:Yogyakarta · zone=klaten-east · spawning
[2026-08-23T17:15:45.536Z] tick · social:cron-tick · fetching GET http://localhost:3008/api/cron/comms-social-worker
[2026-08-23T17:15:45.960Z] tick · social:cron-tick · status=200 · OK
[2026-08-23T17:16:06.281Z] tick · acquisition:food:Yogyakarta · exit=0 signal=- · OK
[2026-08-23T17:16:09.289Z] tick · acquisition:food:Yogyakarta · zone=gamping-west · spawning
[2026-08-23T17:16:39.818Z] tick · acquisition:food:Yogyakarta · exit=0 signal=- · OK
[2026-08-23T17:16:42.832Z] tick · acquisition:food:Yogyakarta · zone=prambanan · spawning
[2026-08-23T17:16:45.542Z] tick · social:cron-tick · fetching GET http://localhost:3008/api/cron/comms-social-worker
[2026-08-23T17:16:45.807Z] tick · social:cron-tick · status=200 · OK
[2026-08-23T17:17:18.819Z] tick · acquisition:food:Yogyakarta · exit=0 signal=- · OK
[2026-08-23T17:17:21.839Z] tick · acquisition:food:Yogyakarta · zone=sleman-north · spawning
[2026-08-23T17:17:43.047Z] tick · brain:cron-tick · fetching GET http://localhost:3008/api/nex/brain/cron-tick
[2026-08-23T17:17:43.974Z] tick · brain:cron-tick · status=200 · OK
[2026-08-23T17:17:45.557Z] tick · social:cron-tick · fetching GET http://localhost:3008/api/cron/comms-social-worker
[2026-08-23T17:17:46.187Z] tick · social:cron-tick · status=200 · OK
[2026-08-23T17:17:59.142Z] tick · acquisition:food:Yogyakarta · exit=0 signal=- · OK
[2026-08-23T17:18:02.167Z] tick · acquisition:food:Yogyakarta · zone=bantul-south · spawning
[2026-08-23T17:18:10.610Z] tick · acquisition:accommodation:Yogyakarta · exit=0 signal=- · OK
[2026-08-23T17:18:13.623Z] tick · acquisition:accommodation:Yogyakarta · zone=yogya-wider · spawning
[2026-08-23T17:18:45.560Z] tick · social:cron-tick · fetching GET http://localhost:3008/api/cron/comms-social-worker
[2026-08-23T17:18:45.769Z] tick · social:cron-tick · status=200 · OK
[2026-08-23T17:19:42.399Z] tick · cle:conversation · spawning
[2026-08-23T17:19:42.897Z] tick · cle:conversation · exit=0 signal=- · OK
[2026-08-23T17:19:45.565Z] tick · social:cron-tick · fetching GET http://localhost:3008/api/cron/comms-social-worker
[2026-08-23T17:19:45.726Z] tick · social:cron-tick · status=200 · OK
[2026-08-23T17:20:43.053Z] tick · brain:cron-tick · fetching GET http://localhost:3008/api/nex/brain/cron-tick
[2026-08-23T17:20:43.367Z] tick · brain:cron-tick · status=200 · OK
[2026-08-23T17:20:45.567Z] tick · social:cron-tick · fetching GET http://localhost:3008/api/cron/comms-social-worker
[2026-08-23T17:20:45.635Z] tick · social:cron-tick · status=200 · OK
[2026-08-23T17:20:58.174Z] tick · acquisition:food:Yogyakarta · exit=0 signal=- · OK
[2026-08-23T17:21:01.174Z] tick · acquisition:food:Yogyakarta · zone=klaten-east · spawning
[2026-08-23T17:21:18.551Z] tick · acquisition:accommodation:Yogyakarta · exit=0 signal=- · OK
[2026-08-23T17:21:21.565Z] tick · acquisition:accommodation:Yogyakarta · zone=malioboro · spawning
[2026-08-23T17:21:31.629Z] tick · acquisition:food:Yogyakarta · exit=0 signal=- · OK
[2026-08-23T17:21:34.654Z] tick · acquisition:food:Yogyakarta · zone=gamping-west · spawning
[2026-08-23T17:21:45.589Z] tick · social:cron-tick · fetching GET http://localhost:3008/api/cron/comms-social-worker
[2026-08-23T17:21:45.750Z] tick · social:cron-tick · status=200 · OK
[2026-08-23T17:22:05.060Z] tick · acquisition:food:Yogyakarta · exit=0 signal=- · OK
[2026-08-23T17:22:08.074Z] tick · acquisition:food:Yogyakarta · zone=prambanan · spawning
[2026-08-23T17:22:45.605Z] tick · social:cron-tick · fetching GET http://localhost:3008/api/cron/comms-social-worker
[2026-08-23T17:22:45.759Z] tick · social:cron-tick · status=200 · OK
[2026-08-23T17:22:50.816Z] tick · acquisition:food:Yogyakarta · exit=0 signal=- · OK
[2026-08-23T17:22:53.824Z] tick · acquisition:food:Yogyakarta · zone=sleman-north · spawning
[2026-08-23T17:23:04.754Z] tick · acquisition:accommodation:Yogyakarta · exit=0 signal=- · OK
[2026-08-23T17:23:07.764Z] tick · acquisition:accommodation:Yogyakarta · zone=prawirotaman · spawning
[2026-08-23T17:23:30.603Z] tick · acquisition:food:Yogyakarta · exit=0 signal=- · OK
[2026-08-23T17:23:33.610Z] tick · acquisition:food:Yogyakarta · zone=bantul-south · spawning
[2026-08-23T17:23:38.090Z] tick · acquisition:accommodation:Yogyakarta · exit=0 signal=- · OK
[2026-08-23T17:23:41.099Z] tick · acquisition:accommodation:Yogyakarta · zone=kaliurang · spawning
[2026-08-23T17:23:43.066Z] tick · brain:cron-tick · fetching GET http://localhost:3008/api/nex/brain/cron-tick
[2026-08-23T17:23:43.317Z] tick · brain:cron-tick · status=200 · OK
[2026-08-23T17:23:45.614Z] tick · social:cron-tick · fetching GET http://localhost:3008/api/cron/comms-social-worker
[2026-08-23T17:23:45.684Z] tick · social:cron-tick · status=200 · OK
[2026-08-23T17:24:11.582Z] tick · acquisition:accommodation:Yogyakarta · exit=0 signal=- · OK
[2026-08-23T17:24:14.582Z] tick · acquisition:accommodation:Yogyakarta · zone=borobudur · spawning
[2026-08-23T17:24:45.623Z] tick · social:cron-tick · fetching GET http://localhost:3008/api/cron/comms-social-worker
[2026-08-23T17:24:45.811Z] tick · social:cron-tick · status=200 · OK
[2026-08-23T17:25:45.625Z] tick · social:cron-tick · fetching GET http://localhost:3008/api/cron/comms-social-worker
[2026-08-23T17:25:45.758Z] tick · social:cron-tick · status=200 · OK
[2026-08-23T17:26:43.068Z] tick · brain:cron-tick · fetching GET http://localhost:3008/api/nex/brain/cron-tick
[2026-08-23T17:26:43.379Z] tick · brain:cron-tick · status=200 · OK
[2026-08-23T17:26:45.641Z] tick · social:cron-tick · fetching GET http://localhost:3008/api/cron/comms-social-worker
[2026-08-23T17:26:45.729Z] tick · social:cron-tick · status=200 · OK
[2026-08-23T17:26:59.379Z] tick · acquisition:accommodation:Yogyakarta · exit=0 signal=- · OK
[2026-08-23T17:27:02.386Z] tick · acquisition:accommodation:Yogyakarta · zone=yogya-wider · spawning
[2026-08-23T17:27:45.646Z] tick · social:cron-tick · fetching GET http://localhost:3008/api/cron/comms-social-worker
[2026-08-23T17:27:45.766Z] tick · social:cron-tick · status=200 · OK
[2026-08-23T17:28:12.981Z] tick · acquisition:food:Yogyakarta · exit=0 signal=- · OK
[2026-08-23T17:28:15.985Z] tick · acquisition:food:Yogyakarta · zone=klaten-east · spawning
[2026-08-23T17:28:22.015Z] tick · acquisition:accommodation:Yogyakarta · exit=0 signal=- · OK
[2026-08-23T17:28:25.021Z] tick · acquisition:accommodation:Yogyakarta · zone=malioboro · spawning
[2026-08-23T17:28:45.653Z] tick · social:cron-tick · fetching GET http://localhost:3008/api/cron/comms-social-worker
[2026-08-23T17:28:45.783Z] tick · social:cron-tick · status=200 · OK
[2026-08-23T17:28:46.338Z] tick · acquisition:food:Yogyakarta · exit=0 signal=- · OK
[2026-08-23T17:28:49.346Z] tick · acquisition:food:Yogyakarta · zone=gamping-west · spawning
[2026-08-23T17:29:01.085Z] tick · acquisition:accommodation:Yogyakarta · exit=0 signal=- · OK
[2026-08-23T17:29:04.094Z] tick · acquisition:accommodation:Yogyakarta · zone=prawirotaman · spawning
[2026-08-23T17:29:19.718Z] tick · acquisition:food:Yogyakarta · exit=0 signal=- · OK
[2026-08-23T17:29:22.733Z] tick · acquisition:food:Yogyakarta · zone=prambanan · spawning
[2026-08-23T17:29:34.498Z] tick · acquisition:accommodation:Yogyakarta · exit=0 signal=- · OK
[2026-08-23T17:29:37.500Z] tick · acquisition:accommodation:Yogyakarta · zone=kaliurang · spawning
[2026-08-23T17:29:42.400Z] tick · cle:conversation · spawning
[2026-08-23T17:29:42.743Z] tick · cle:conversation · exit=0 signal=- · OK
[2026-08-23T17:29:43.069Z] tick · brain:cron-tick · fetching GET http://localhost:3008/api/nex/brain/cron-tick
[2026-08-23T17:29:43.363Z] tick · brain:cron-tick · status=200 · OK
[2026-08-23T17:29:45.656Z] tick · social:cron-tick · fetching GET http://localhost:3008/api/cron/comms-social-worker
[2026-08-23T17:29:45.725Z] tick · social:cron-tick · status=200 · OK
[2026-08-23T17:30:03.138Z] tick · acquisition:food:Yogyakarta · exit=0 signal=- · OK
[2026-08-23T17:30:06.150Z] tick · acquisition:food:Yogyakarta · zone=sleman-north · spawning
[2026-08-23T17:30:07.880Z] tick · acquisition:accommodation:Yogyakarta · exit=0 signal=- · OK
[2026-08-23T17:30:10.886Z] tick · acquisition:accommodation:Yogyakarta · zone=borobudur · spawning
[2026-08-23T17:30:41.596Z] tick · acquisition:food:Yogyakarta · exit=0 signal=- · OK
[2026-08-23T17:30:44.603Z] tick · acquisition:food:Yogyakarta · zone=bantul-south · spawning
[2026-08-23T17:30:45.671Z] tick · social:cron-tick · fetching GET http://localhost:3008/api/cron/comms-social-worker
[2026-08-23T17:30:45.809Z] tick · social:cron-tick · status=200 · OK
[2026-08-23T17:30:49.775Z] tick · acquisition:accommodation:Yogyakarta · exit=0 signal=- · OK
[2026-08-23T17:30:52.777Z] tick · acquisition:accommodation:Yogyakarta · zone=yogya-wider · spawning
[2026-08-23T17:31:45.687Z] tick · social:cron-tick · fetching GET http://localhost:3008/api/cron/comms-social-worker
[2026-08-23T17:31:45.797Z] tick · social:cron-tick · status=200 · OK
[2026-08-23T17:31:59.958Z] tick · acquisition:food:Yogyakarta · exit=0 signal=- · OK
[2026-08-23T17:32:02.966Z] tick · acquisition:food:Yogyakarta · zone=klaten-east · spawning
[2026-08-23T17:32:33.431Z] tick · acquisition:food:Yogyakarta · exit=0 signal=- · OK
[2026-08-23T17:32:36.432Z] tick · acquisition:food:Yogyakarta · zone=gamping-west · spawning
[2026-08-23T17:32:43.070Z] tick · brain:cron-tick · fetching GET http://localhost:3008/api/nex/brain/cron-tick
[2026-08-23T17:32:43.626Z] tick · brain:cron-tick · status=200 · OK
[2026-08-23T17:32:45.696Z] tick · social:cron-tick · fetching GET http://localhost:3008/api/cron/comms-social-worker
[2026-08-23T17:32:45.787Z] tick · social:cron-tick · status=200 · OK
[2026-08-23T17:33:04.206Z] tick · acquisition:accommodation:Yogyakarta · exit=0 signal=- · OK
[2026-08-23T17:33:07.003Z] tick · acquisition:food:Yogyakarta · exit=0 signal=- · OK
[2026-08-23T17:33:07.210Z] tick · acquisition:accommodation:Yogyakarta · zone=malioboro · spawning
[2026-08-23T17:33:10.009Z] tick · acquisition:food:Yogyakarta · zone=prambanan · spawning
[2026-08-23T17:33:37.530Z] tick · acquisition:accommodation:Yogyakarta · exit=0 signal=- · OK
[2026-08-23T17:33:40.535Z] tick · acquisition:accommodation:Yogyakarta · zone=prawirotaman · spawning
[2026-08-23T17:33:45.702Z] tick · social:cron-tick · fetching GET http://localhost:3008/api/cron/comms-social-worker
[2026-08-23T17:33:45.944Z] tick · social:cron-tick · status=200 · OK
[2026-08-23T17:33:46.466Z] tick · acquisition:food:Yogyakarta · exit=0 signal=- · OK
[2026-08-23T17:33:49.472Z] tick · acquisition:food:Yogyakarta · zone=sleman-north · spawning
[2026-08-23T17:34:10.840Z] tick · acquisition:accommodation:Yogyakarta · exit=0 signal=- · OK
[2026-08-23T17:34:13.844Z] tick · acquisition:accommodation:Yogyakarta · zone=kaliurang · spawning
[2026-08-23T17:34:25.749Z] tick · acquisition:food:Yogyakarta · exit=0 signal=- · OK
[2026-08-23T17:34:28.750Z] tick · acquisition:food:Yogyakarta · zone=bantul-south · spawning
[2026-08-23T17:34:44.142Z] tick · acquisition:accommodation:Yogyakarta · exit=0 signal=- · OK
[2026-08-23T17:34:45.711Z] tick · social:cron-tick · fetching GET http://localhost:3008/api/cron/comms-social-worker
[2026-08-23T17:34:45.884Z] tick · social:cron-tick · status=200 · OK
[2026-08-23T17:34:47.147Z] tick · acquisition:accommodation:Yogyakarta · zone=borobudur · spawning
[2026-08-23T17:35:21.017Z] tick · acquisition:accommodation:Yogyakarta · exit=0 signal=- · OK
[2026-08-23T17:35:24.021Z] tick · acquisition:accommodation:Yogyakarta · zone=yogya-wider · spawning
[2026-08-23T17:35:43.072Z] tick · brain:cron-tick · fetching GET http://localhost:3008/api/nex/brain/cron-tick
[2026-08-23T17:35:43.491Z] tick · brain:cron-tick · status=200 · OK
[2026-08-23T17:35:45.718Z] tick · social:cron-tick · fetching GET http://localhost:3008/api/cron/comms-social-worker
[2026-08-23T17:35:45.940Z] tick · social:cron-tick · status=200 · OK
[2026-08-23T17:35:55.067Z] tick · acquisition:food:Yogyakarta · exit=0 signal=- · OK
[2026-08-23T17:35:58.071Z] tick · acquisition:food:Yogyakarta · zone=klaten-east · spawning
[2026-08-23T17:36:28.408Z] tick · acquisition:food:Yogyakarta · exit=0 signal=- · OK
[2026-08-23T17:36:31.412Z] tick · acquisition:food:Yogyakarta · zone=gamping-west · spawning
[2026-08-23T17:36:45.724Z] tick · social:cron-tick · fetching GET http://localhost:3008/api/cron/comms-social-worker
[2026-08-23T17:36:46.102Z] tick · social:cron-tick · status=200 · OK
[2026-08-23T17:36:48.256Z] tick · acquisition:accommodation:Yogyakarta · exit=0 signal=- · OK
[2026-08-23T17:36:51.258Z] tick · acquisition:accommodation:Yogyakarta · zone=malioboro · spawning
[2026-08-23T17:37:01.905Z] tick · acquisition:food:Yogyakarta · exit=0 signal=- · OK
[2026-08-23T17:37:04.911Z] tick · acquisition:food:Yogyakarta · zone=prambanan · spawning
[2026-08-23T17:37:21.627Z] tick · acquisition:accommodation:Yogyakarta · exit=0 signal=- · OK
[2026-08-23T17:37:24.632Z] tick · acquisition:accommodation:Yogyakarta · zone=prawirotaman · spawning
[2026-08-23T17:37:28.849Z] tick · promotion:food:Yogyakarta:quality-check · spawning
[2026-08-23T17:37:29.290Z] tick · promotion:food:Yogyakarta:quality-check · exit=0 signal=- · OK
[2026-08-23T17:37:43.668Z] tick · acquisition:food:Yogyakarta · exit=0 signal=- · OK
[2026-08-23T17:37:45.728Z] tick · social:cron-tick · fetching GET http://localhost:3008/api/cron/comms-social-worker
[2026-08-23T17:37:45.879Z] tick · social:cron-tick · status=200 · OK
[2026-08-23T17:37:46.676Z] tick · acquisition:food:Yogyakarta · zone=sleman-north · spawning
[2026-08-23T17:37:55.071Z] tick · acquisition:accommodation:Yogyakarta · exit=0 signal=- · OK
[2026-08-23T17:37:58.076Z] tick · acquisition:accommodation:Yogyakarta · zone=kaliurang · spawning
[2026-08-23T17:38:22.924Z] tick · acquisition:food:Yogyakarta · exit=0 signal=- · OK
[2026-08-23T17:38:25.930Z] tick · acquisition:food:Yogyakarta · zone=bantul-south · spawning
[2026-08-23T17:38:28.387Z] tick · acquisition:accommodation:Yogyakarta · exit=0 signal=- · OK
[2026-08-23T17:38:31.420Z] tick · acquisition:accommodation:Yogyakarta · zone=borobudur · spawning
[2026-08-23T17:38:43.083Z] tick · brain:cron-tick · fetching GET http://localhost:3008/api/nex/brain/cron-tick
[2026-08-23T17:38:43.495Z] tick · brain:cron-tick · status=200 · OK
[2026-08-23T17:38:45.737Z] tick · social:cron-tick · fetching GET http://localhost:3008/api/cron/comms-social-worker
[2026-08-23T17:38:45.852Z] tick · social:cron-tick · status=200 · OK
[2026-08-23T17:39:01.790Z] tick · acquisition:accommodation:Yogyakarta · exit=0 signal=- · OK
[2026-08-23T17:39:04.794Z] tick · acquisition:accommodation:Yogyakarta · zone=yogya-wider · spawning
[2026-08-23T17:39:39.127Z] tick · acquisition:accommodation:Yogyakarta · exit=0 signal=- · OK
[2026-08-23T17:39:42.126Z] tick · acquisition:accommodation:Yogyakarta · zone=malioboro · spawning
[2026-08-23T17:39:42.411Z] tick · cle:conversation · spawning
[2026-08-23T17:39:42.688Z] tick · cle:conversation · exit=0 signal=- · OK
[2026-08-23T17:39:45.740Z] tick · social:cron-tick · fetching GET http://localhost:3008/api/cron/comms-social-worker
[2026-08-23T17:39:45.887Z] tick · social:cron-tick · status=200 · OK
[2026-08-23T17:40:12.424Z] tick · acquisition:accommodation:Yogyakarta · exit=0 signal=- · OK
[2026-08-23T17:40:15.426Z] tick · acquisition:accommodation:Yogyakarta · zone=prawirotaman · spawning
[2026-08-23T17:40:45.749Z] tick · social:cron-tick · fetching GET http://localhost:3008/api/cron/comms-social-worker
[2026-08-23T17:40:45.815Z] tick · acquisition:accommodation:Yogyakarta · exit=0 signal=- · OK
[2026-08-23T17:40:45.891Z] tick · social:cron-tick · status=200 · OK
[2026-08-23T17:40:48.817Z] tick · acquisition:accommodation:Yogyakarta · zone=kaliurang · spawning
[2026-08-23T17:41:19.157Z] tick · acquisition:accommodation:Yogyakarta · exit=0 signal=- · OK
[2026-08-23T17:41:20.829Z] tick · acquisition:food:Yogyakarta · exit=0 signal=- · OK
[2026-08-23T17:41:22.163Z] tick · acquisition:accommodation:Yogyakarta · zone=borobudur · spawning
[2026-08-23T17:41:23.841Z] tick · acquisition:food:Yogyakarta · zone=klaten-east · spawning
[2026-08-23T17:41:43.096Z] tick · brain:cron-tick · fetching GET http://localhost:3008/api/nex/brain/cron-tick
[2026-08-23T17:41:43.677Z] tick · brain:cron-tick · status=200 · OK
[2026-08-23T17:41:45.755Z] tick · social:cron-tick · fetching GET http://localhost:3008/api/cron/comms-social-worker
[2026-08-23T17:41:45.837Z] tick · social:cron-tick · status=200 · OK
[2026-08-23T17:41:52.541Z] tick · acquisition:accommodation:Yogyakarta · exit=0 signal=- · OK
[2026-08-23T17:41:54.157Z] tick · acquisition:food:Yogyakarta · exit=0 signal=- · OK
[2026-08-23T17:41:55.542Z] tick · acquisition:accommodation:Yogyakarta · zone=yogya-wider · spawning
[2026-08-23T17:41:57.158Z] tick · acquisition:food:Yogyakarta · zone=gamping-west · spawning
[2026-08-23T17:42:26.011Z] tick · acquisition:accommodation:Yogyakarta · exit=0 signal=- · OK
[2026-08-23T17:42:27.571Z] tick · acquisition:food:Yogyakarta · exit=0 signal=- · OK
[2026-08-23T17:42:29.012Z] tick · acquisition:accommodation:Yogyakarta · zone=malioboro · spawning
[2026-08-23T17:42:30.587Z] tick · acquisition:food:Yogyakarta · zone=prambanan · spawning
[2026-08-23T17:42:45.762Z] tick · social:cron-tick · fetching GET http://localhost:3008/api/cron/comms-social-worker
[2026-08-23T17:42:45.904Z] tick · social:cron-tick · status=200 · OK
[2026-08-23T17:42:59.366Z] tick · acquisition:accommodation:Yogyakarta · exit=0 signal=- · OK
[2026-08-23T17:43:02.374Z] tick · acquisition:accommodation:Yogyakarta · zone=prawirotaman · spawning
[2026-08-23T17:43:09.362Z] tick · acquisition:food:Yogyakarta · exit=0 signal=- · OK
[2026-08-23T17:43:12.366Z] tick · acquisition:food:Yogyakarta · zone=sleman-north · spawning
[2026-08-23T17:43:32.774Z] tick · acquisition:accommodation:Yogyakarta · exit=0 signal=- · OK
[2026-08-23T17:43:35.775Z] tick · acquisition:accommodation:Yogyakarta · zone=kaliurang · spawning
[2026-08-23T17:43:45.773Z] tick · social:cron-tick · fetching GET http://localhost:3008/api/cron/comms-social-worker
[2026-08-23T17:43:45.938Z] tick · social:cron-tick · status=200 · OK
[2026-08-23T17:43:49.342Z] tick · acquisition:food:Yogyakarta · exit=0 signal=- · OK
[2026-08-23T17:43:52.358Z] tick · acquisition:food:Yogyakarta · zone=bantul-south · spawning
[2026-08-23T17:44:06.127Z] tick · acquisition:accommodation:Yogyakarta · exit=0 signal=- · OK
[2026-08-23T17:44:09.130Z] tick · acquisition:accommodation:Yogyakarta · zone=borobudur · spawning
[2026-08-23T17:44:38.912Z] tick · acquisition:food:Yogyakarta · exit=0 signal=- · OK
[2026-08-23T17:44:39.461Z] tick · acquisition:accommodation:Yogyakarta · exit=0 signal=- · OK
[2026-08-23T17:44:41.918Z] tick · acquisition:food:Yogyakarta · zone=klaten-east · spawning
[2026-08-23T17:44:42.465Z] tick · acquisition:accommodation:Yogyakarta · zone=yogya-wider · spawning
[2026-08-23T17:44:43.097Z] tick · brain:cron-tick · fetching GET http://localhost:3008/api/nex/brain/cron-tick
[2026-08-23T17:44:43.460Z] tick · brain:cron-tick · status=200 · OK
[2026-08-23T17:44:45.779Z] tick · social:cron-tick · fetching GET http://localhost:3008/api/cron/comms-social-worker
[2026-08-23T17:44:45.875Z] tick · social:cron-tick · status=200 · OK
[2026-08-23T17:45:12.285Z] tick · acquisition:food:Yogyakarta · exit=0 signal=- · OK
[2026-08-23T17:45:12.759Z] tick · acquisition:accommodation:Yogyakarta · exit=0 signal=- · OK
[2026-08-23T17:45:15.292Z] tick · acquisition:food:Yogyakarta · zone=gamping-west · spawning
[2026-08-23T17:45:15.773Z] tick · acquisition:accommodation:Yogyakarta · zone=malioboro · spawning
[2026-08-23T17:45:45.590Z] tick · acquisition:food:Yogyakarta · exit=0 signal=- · OK
[2026-08-23T17:45:45.786Z] tick · social:cron-tick · fetching GET http://localhost:3008/api/cron/comms-social-worker
[2026-08-23T17:45:45.949Z] tick · social:cron-tick · status=200 · OK
[2026-08-23T17:45:46.045Z] tick · acquisition:accommodation:Yogyakarta · exit=0 signal=- · OK
[2026-08-23T17:45:48.597Z] tick · acquisition:food:Yogyakarta · zone=prambanan · spawning
[2026-08-23T17:45:49.048Z] tick · acquisition:accommodation:Yogyakarta · zone=prawirotaman · spawning
[2026-08-23T17:46:19.420Z] tick · acquisition:accommodation:Yogyakarta · exit=0 signal=- · OK
[2026-08-23T17:46:22.422Z] tick · acquisition:accommodation:Yogyakarta · zone=kaliurang · spawning
[2026-08-23T17:46:25.294Z] tick · acquisition:food:Yogyakarta · exit=0 signal=- · OK
[2026-08-23T17:46:28.298Z] tick · acquisition:food:Yogyakarta · zone=sleman-north · spawning
[2026-08-23T17:46:45.790Z] tick · social:cron-tick · fetching GET http://localhost:3008/api/cron/comms-social-worker
[2026-08-23T17:46:46.060Z] tick · social:cron-tick · status=200 · OK
[2026-08-23T17:46:52.767Z] tick · acquisition:accommodation:Yogyakarta · exit=0 signal=- · OK
[2026-08-23T17:46:55.769Z] tick · acquisition:accommodation:Yogyakarta · zone=borobudur · spawning
[2026-08-23T17:47:02.533Z] tick · acquisition:food:Yogyakarta · exit=0 signal=- · OK
[2026-08-23T17:47:05.533Z] tick · acquisition:food:Yogyakarta · zone=bantul-south · spawning
[2026-08-23T17:47:26.248Z] tick · acquisition:accommodation:Yogyakarta · exit=0 signal=- · OK
[2026-08-23T17:47:29.253Z] tick · acquisition:accommodation:Yogyakarta · zone=yogya-wider · spawning
[2026-08-23T17:47:43.101Z] tick · brain:cron-tick · fetching GET http://localhost:3008/api/nex/brain/cron-tick
[2026-08-23T17:47:43.502Z] tick · brain:cron-tick · status=200 · OK
[2026-08-23T17:47:45.796Z] tick · social:cron-tick · fetching GET http://localhost:3008/api/cron/comms-social-worker
[2026-08-23T17:47:45.867Z] tick · social:cron-tick · status=200 · OK
[2026-08-23T17:47:59.748Z] tick · acquisition:accommodation:Yogyakarta · exit=0 signal=- · OK
[2026-08-23T17:48:02.753Z] tick · acquisition:accommodation:Yogyakarta · zone=malioboro · spawning
[2026-08-23T17:48:33.215Z] tick · acquisition:accommodation:Yogyakarta · exit=0 signal=- · OK
[2026-08-23T17:48:36.216Z] tick · acquisition:accommodation:Yogyakarta · zone=prawirotaman · spawning
[2026-08-23T17:48:43.065Z] tick · acquisition:food:Yogyakarta · exit=0 signal=- · OK
[2026-08-23T17:48:45.798Z] tick · social:cron-tick · fetching GET http://localhost:3008/api/cron/comms-social-worker
[2026-08-23T17:48:46.003Z] tick · social:cron-tick · status=200 · OK
[2026-08-23T17:48:46.069Z] tick · acquisition:food:Yogyakarta · zone=klaten-east · spawning
[2026-08-23T17:49:06.740Z] tick · acquisition:accommodation:Yogyakarta · exit=0 signal=- · OK
[2026-08-23T17:49:09.755Z] tick · acquisition:accommodation:Yogyakarta · zone=kaliurang · spawning
[2026-08-23T17:49:16.498Z] tick · acquisition:food:Yogyakarta · exit=0 signal=- · OK
[2026-08-23T17:49:19.502Z] tick · acquisition:food:Yogyakarta · zone=gamping-west · spawning
[2026-08-23T17:49:40.172Z] tick · acquisition:accommodation:Yogyakarta · exit=0 signal=- · OK
[2026-08-23T17:49:42.422Z] tick · cle:conversation · spawning
[2026-08-23T17:49:42.754Z] tick · cle:conversation · exit=0 signal=- · OK
[2026-08-23T17:49:43.173Z] tick · acquisition:accommodation:Yogyakarta · zone=borobudur · spawning
[2026-08-23T17:49:45.809Z] tick · social:cron-tick · fetching GET http://localhost:3008/api/cron/comms-social-worker
[2026-08-23T17:49:46.109Z] tick · social:cron-tick · status=200 · OK
[2026-08-23T17:49:50.010Z] tick · acquisition:food:Yogyakarta · exit=0 signal=- · OK
[2026-08-23T17:49:53.014Z] tick · acquisition:food:Yogyakarta · zone=prambanan · spawning
[2026-08-23T17:50:13.554Z] tick · acquisition:accommodation:Yogyakarta · exit=0 signal=- · OK
[2026-08-23T17:50:16.560Z] tick · acquisition:accommodation:Yogyakarta · zone=yogya-wider · spawning
[2026-08-23T17:50:31.788Z] tick · acquisition:food:Yogyakarta · exit=0 signal=- · OK
[2026-08-23T17:50:34.796Z] tick · acquisition:food:Yogyakarta · zone=sleman-north · spawning
[2026-08-23T17:50:43.109Z] tick · brain:cron-tick · fetching GET http://localhost:3008/api/nex/brain/cron-tick
[2026-08-23T17:50:44.022Z] tick · brain:cron-tick · status=200 · OK
[2026-08-23T17:50:45.820Z] tick · social:cron-tick · fetching GET http://localhost:3008/api/cron/comms-social-worker
[2026-08-23T17:50:45.922Z] tick · social:cron-tick · status=200 · OK
[2026-08-23T17:50:47.024Z] tick · acquisition:accommodation:Yogyakarta · exit=0 signal=- · OK
[2026-08-23T17:50:50.032Z] tick · acquisition:accommodation:Yogyakarta · zone=malioboro · spawning
[2026-08-23T17:51:09.496Z] tick · acquisition:food:Yogyakarta · exit=0 signal=- · OK
[2026-08-23T17:51:12.500Z] tick · acquisition:food:Yogyakarta · zone=bantul-south · spawning
[2026-08-23T17:51:20.350Z] tick · acquisition:accommodation:Yogyakarta · exit=0 signal=- · OK
[2026-08-23T17:51:23.351Z] tick · acquisition:accommodation:Yogyakarta · zone=prawirotaman · spawning
[2026-08-23T17:51:45.828Z] tick · social:cron-tick · fetching GET http://localhost:3008/api/cron/comms-social-worker
[2026-08-23T17:51:51.843Z] tick · social:cron-tick · status=200 · OK
[2026-08-23T17:51:53.780Z] tick · acquisition:accommodation:Yogyakarta · exit=0 signal=- · OK
[2026-08-23T17:51:56.785Z] tick · acquisition:accommodation:Yogyakarta · zone=kaliurang · spawning
[2026-08-23T17:52:25.551Z] tick · acquisition:food:Yogyakarta · exit=0 signal=- · OK
[2026-08-23T17:52:27.340Z] tick · acquisition:accommodation:Yogyakarta · exit=0 signal=- · OK
[2026-08-23T17:52:28.568Z] tick · acquisition:food:Yogyakarta · zone=klaten-east · spawning
[2026-08-23T17:52:30.348Z] tick · acquisition:accommodation:Yogyakarta · zone=borobudur · spawning
[2026-08-23T17:52:45.836Z] tick · social:cron-tick · fetching GET http://localhost:3008/api/cron/comms-social-worker
[2026-08-23T17:52:52.215Z] tick · social:cron-tick · status=200 · OK
[2026-08-23T17:52:59.593Z] tick · acquisition:food:Yogyakarta · exit=0 signal=- · OK
[2026-08-23T17:53:00.757Z] tick · acquisition:accommodation:Yogyakarta · exit=0 signal=- · OK
[2026-08-23T17:53:02.605Z] tick · acquisition:food:Yogyakarta · zone=gamping-west · spawning
[2026-08-23T17:53:03.771Z] tick · acquisition:accommodation:Yogyakarta · zone=yogya-wider · spawning
[2026-08-23T17:53:33.057Z] tick · acquisition:food:Yogyakarta · exit=0 signal=- · OK
[2026-08-23T17:53:34.226Z] tick · acquisition:accommodation:Yogyakarta · exit=0 signal=- · OK
[2026-08-23T17:53:36.074Z] tick · acquisition:food:Yogyakarta · zone=prambanan · spawning
[2026-08-23T17:53:37.229Z] tick · acquisition:accommodation:Yogyakarta · zone=malioboro · spawning
[2026-08-23T17:53:43.110Z] tick · brain:cron-tick · fetching GET http://localhost:3008/api/nex/brain/cron-tick
[2026-08-23T17:53:43.812Z] tick · brain:cron-tick · status=200 · OK
[2026-08-23T17:53:45.851Z] tick · social:cron-tick · fetching GET http://localhost:3008/api/cron/comms-social-worker
[2026-08-23T17:53:46.094Z] tick · social:cron-tick · status=200 · OK
[2026-08-23T17:54:07.725Z] tick · acquisition:accommodation:Yogyakarta · exit=0 signal=- · OK
[2026-08-23T17:54:10.738Z] tick · acquisition:accommodation:Yogyakarta · zone=prawirotaman · spawning
[2026-08-23T17:54:13.316Z] tick · acquisition:food:Yogyakarta · exit=0 signal=- · OK
[2026-08-23T17:54:16.316Z] tick · acquisition:food:Yogyakarta · zone=sleman-north · spawning
[2026-08-23T17:54:41.898Z] tick · acquisition:accommodation:Yogyakarta · exit=0 signal=- · OK
[2026-08-23T17:54:44.915Z] tick · acquisition:accommodation:Yogyakarta · zone=kaliurang · spawning
[2026-08-23T17:54:45.869Z] tick · social:cron-tick · fetching GET http://localhost:3008/api/cron/comms-social-worker
[2026-08-23T17:54:48.376Z] tick · social:cron-tick · status=200 · OK
[2026-08-23T17:54:50.988Z] tick · acquisition:food:Yogyakarta · exit=0 signal=- · OK
[2026-08-23T17:54:54.010Z] tick · acquisition:food:Yogyakarta · zone=bantul-south · spawning
[2026-08-23T17:55:15.792Z] tick · acquisition:accommodation:Yogyakarta · exit=0 signal=- · OK
[2026-08-23T17:55:18.817Z] tick · acquisition:accommodation:Yogyakarta · zone=borobudur · spawning
[2026-08-23T17:55:30.362Z] tick · acquisition:food:Yogyakarta · exit=0 signal=- · OK
[2026-08-23T17:55:33.371Z] tick · acquisition:food:Yogyakarta · zone=klaten-east · spawning
[2026-08-23T17:55:45.875Z] tick · social:cron-tick · fetching GET http://localhost:3008/api/cron/comms-social-worker
[2026-08-23T17:55:46.798Z] tick · social:cron-tick · status=200 · OK
[2026-08-23T17:55:49.824Z] tick · acquisition:accommodation:Yogyakarta · exit=0 signal=- · OK
[2026-08-23T17:55:52.831Z] tick · acquisition:accommodation:Yogyakarta · zone=yogya-wider · spawning
[2026-08-23T17:56:05.036Z] tick · acquisition:food:Yogyakarta · exit=0 signal=- · OK
[2026-08-23T17:56:08.047Z] tick · acquisition:food:Yogyakarta · zone=gamping-west · spawning
[2026-08-23T17:56:23.815Z] tick · acquisition:accommodation:Yogyakarta · exit=0 signal=- · OK
[2026-08-23T17:56:26.831Z] tick · acquisition:accommodation:Yogyakarta · zone=malioboro · spawning
[2026-08-23T17:56:39.026Z] tick · acquisition:food:Yogyakarta · exit=0 signal=- · OK
[2026-08-23T17:56:42.052Z] tick · acquisition:food:Yogyakarta · zone=prambanan · spawning
[2026-08-23T17:56:43.117Z] tick · brain:cron-tick · fetching GET http://localhost:3008/api/nex/brain/cron-tick
[2026-08-23T17:56:44.044Z] tick · brain:cron-tick · status=200 · OK
[2026-08-23T17:56:45.889Z] tick · social:cron-tick · fetching GET http://localhost:3008/api/cron/comms-social-worker
[2026-08-23T17:56:46.007Z] tick · social:cron-tick · status=200 · OK
[2026-08-23T17:56:58.880Z] tick · acquisition:accommodation:Yogyakarta · exit=0 signal=- · OK
[2026-08-23T17:57:01.886Z] tick · acquisition:accommodation:Yogyakarta · zone=prawirotaman · spawning
[2026-08-23T17:57:20.084Z] tick · acquisition:food:Yogyakarta · exit=0 signal=- · OK
[2026-08-23T17:57:23.091Z] tick · acquisition:food:Yogyakarta · zone=sleman-north · spawning
[2026-08-23T17:57:32.392Z] tick · acquisition:accommodation:Yogyakarta · exit=0 signal=- · OK
[2026-08-23T17:57:35.397Z] tick · acquisition:accommodation:Yogyakarta · zone=kaliurang · spawning
[2026-08-23T17:57:45.900Z] tick · social:cron-tick · fetching GET http://localhost:3008/api/cron/comms-social-worker
[2026-08-23T17:57:46.090Z] tick · social:cron-tick · status=200 · OK
[2026-08-23T17:57:59.311Z] tick · acquisition:food:Yogyakarta · exit=0 signal=- · OK
[2026-08-23T17:58:02.313Z] tick · acquisition:food:Yogyakarta · zone=bantul-south · spawning
[2026-08-23T17:58:05.683Z] tick · acquisition:accommodation:Yogyakarta · exit=0 signal=- · OK
[2026-08-23T17:58:08.693Z] tick · acquisition:accommodation:Yogyakarta · zone=borobudur · spawning
[2026-08-23T17:58:32.673Z] tick · acquisition:food:Yogyakarta · exit=0 signal=- · OK
[2026-08-23T17:58:35.675Z] tick · acquisition:food:Yogyakarta · zone=klaten-east · spawning
[2026-08-23T17:58:39.122Z] tick · acquisition:accommodation:Yogyakarta · exit=0 signal=- · OK
[2026-08-23T17:58:42.128Z] tick · acquisition:accommodation:Yogyakarta · zone=yogya-wider · spawning
[2026-08-23T17:58:45.902Z] tick · social:cron-tick · fetching GET http://localhost:3008/api/cron/comms-social-worker
[2026-08-23T17:58:46.164Z] tick · social:cron-tick · status=200 · OK
[2026-08-23T17:59:06.547Z] tick · acquisition:food:Yogyakarta · exit=0 signal=- · OK
[2026-08-23T17:59:09.553Z] tick · acquisition:food:Yogyakarta · zone=gamping-west · spawning
[2026-08-23T17:59:13.116Z] tick · acquisition:accommodation:Yogyakarta · exit=0 signal=- · OK
[2026-08-23T17:59:16.122Z] tick · acquisition:accommodation:Yogyakarta · zone=malioboro · spawning
[2026-08-23T17:59:39.919Z] tick · acquisition:food:Yogyakarta · exit=0 signal=- · OK
[2026-08-23T17:59:42.432Z] tick · cle:conversation · spawning
[2026-08-23T17:59:42.831Z] tick · cle:conversation · exit=0 signal=- · OK
[2026-08-23T17:59:42.932Z] tick · acquisition:food:Yogyakarta · zone=prambanan · spawning
[2026-08-23T17:59:43.125Z] tick · brain:cron-tick · fetching GET http://localhost:3008/api/nex/brain/cron-tick
[2026-08-23T17:59:43.770Z] tick · brain:cron-tick · status=200 · OK
[2026-08-23T17:59:45.906Z] tick · social:cron-tick · fetching GET http://localhost:3008/api/cron/comms-social-worker
[2026-08-23T17:59:46.008Z] tick · social:cron-tick · status=200 · OK
[2026-08-23T17:59:46.421Z] tick · acquisition:accommodation:Yogyakarta · exit=0 signal=- · OK
[2026-08-23T17:59:49.434Z] tick · acquisition:accommodation:Yogyakarta · zone=prawirotaman · spawning
[2026-08-23T18:00:18.700Z] tick · acquisition:food:Yogyakarta · exit=0 signal=- · OK
[2026-08-23T18:00:19.803Z] tick · acquisition:accommodation:Yogyakarta · exit=0 signal=- · OK
[2026-08-23T18:00:21.703Z] tick · acquisition:food:Yogyakarta · zone=sleman-north · spawning
[2026-08-23T18:00:22.809Z] tick · acquisition:accommodation:Yogyakarta · zone=kaliurang · spawning
[2026-08-23T18:00:45.908Z] tick · social:cron-tick · fetching GET http://localhost:3008/api/cron/comms-social-worker
[2026-08-23T18:00:46.656Z] tick · social:cron-tick · status=200 · OK
[2026-08-23T18:00:53.192Z] tick · acquisition:accommodation:Yogyakarta · exit=0 signal=- · OK
[2026-08-23T18:00:56.153Z] tick · acquisition:food:Yogyakarta · exit=0 signal=- · OK
[2026-08-23T18:00:56.196Z] tick · acquisition:accommodation:Yogyakarta · zone=borobudur · spawning
[2026-08-23T18:00:59.162Z] tick · acquisition:food:Yogyakarta · zone=bantul-south · spawning
[2026-08-23T18:01:26.622Z] tick · acquisition:accommodation:Yogyakarta · exit=0 signal=- · OK
[2026-08-23T18:01:29.578Z] tick · acquisition:food:Yogyakarta · exit=0 signal=- · OK
[2026-08-23T18:01:29.631Z] tick · acquisition:accommodation:Yogyakarta · zone=yogya-wider · spawning
[2026-08-23T18:01:32.580Z] tick · acquisition:food:Yogyakarta · zone=klaten-east · spawning
[2026-08-23T18:01:45.914Z] tick · social:cron-tick · fetching GET http://localhost:3008/api/cron/comms-social-worker
[2026-08-23T18:01:46.118Z] tick · social:cron-tick · status=200 · OK
[2026-08-23T18:02:00.259Z] tick · acquisition:accommodation:Yogyakarta · exit=0 signal=- · OK
[2026-08-23T18:02:03.040Z] tick · acquisition:food:Yogyakarta · exit=0 signal=- · OK
[2026-08-23T18:02:03.267Z] tick · acquisition:accommodation:Yogyakarta · zone=malioboro · spawning
[2026-08-23T18:02:06.041Z] tick · acquisition:food:Yogyakarta · zone=gamping-west · spawning
[2026-08-23T18:02:33.725Z] tick · acquisition:accommodation:Yogyakarta · exit=0 signal=- · OK
[2026-08-23T18:02:36.389Z] tick · acquisition:food:Yogyakarta · exit=0 signal=- · OK
[2026-08-23T18:02:36.739Z] tick · acquisition:accommodation:Yogyakarta · zone=prawirotaman · spawning
[2026-08-23T18:02:39.394Z] tick · acquisition:food:Yogyakarta · zone=prambanan · spawning
[2026-08-23T18:02:43.136Z] tick · brain:cron-tick · fetching GET http://localhost:3008/api/nex/brain/cron-tick
[2026-08-23T18:02:43.629Z] tick · brain:cron-tick · status=200 · OK
[2026-08-23T18:02:45.933Z] tick · social:cron-tick · fetching GET http://localhost:3008/api/cron/comms-social-worker
[2026-08-23T18:02:46.072Z] tick · social:cron-tick · status=200 · OK
[2026-08-23T18:03:07.234Z] tick · acquisition:accommodation:Yogyakarta · exit=0 signal=- · OK
[2026-08-23T18:03:10.244Z] tick · acquisition:accommodation:Yogyakarta · zone=kaliurang · spawning
[2026-08-23T18:03:18.240Z] tick · acquisition:food:Yogyakarta · exit=0 signal=- · OK
[2026-08-23T18:03:21.240Z] tick · acquisition:food:Yogyakarta · zone=sleman-north · spawning
[2026-08-23T18:03:40.528Z] tick · acquisition:accommodation:Yogyakarta · exit=0 signal=- · OK
[2026-08-23T18:03:43.538Z] tick · acquisition:accommodation:Yogyakarta · zone=borobudur · spawning
[2026-08-23T18:03:45.939Z] tick · social:cron-tick · fetching GET http://localhost:3008/api/cron/comms-social-worker
[2026-08-23T18:03:46.136Z] tick · social:cron-tick · status=200 · OK
[2026-08-23T18:04:00.607Z] tick · acquisition:food:Yogyakarta · exit=0 signal=- · OK
[2026-08-23T18:04:03.609Z] tick · acquisition:food:Yogyakarta · zone=bantul-south · spawning
[2026-08-23T18:04:13.871Z] tick · acquisition:accommodation:Yogyakarta · exit=0 signal=- · OK
[2026-08-23T18:04:16.884Z] tick · acquisition:accommodation:Yogyakarta · zone=yogya-wider · spawning
[2026-08-23T18:04:33.954Z] tick · acquisition:food:Yogyakarta · exit=0 signal=- · OK
[2026-08-23T18:04:36.955Z] tick · acquisition:food:Yogyakarta · zone=klaten-east · spawning
[2026-08-23T18:04:45.940Z] tick · social:cron-tick · fetching GET http://localhost:3008/api/cron/comms-social-worker
[2026-08-23T18:04:46.106Z] tick · social:cron-tick · status=200 · OK
[2026-08-23T18:04:47.274Z] tick · acquisition:accommodation:Yogyakarta · exit=0 signal=- · OK
[2026-08-23T18:04:50.277Z] tick · acquisition:accommodation:Yogyakarta · zone=malioboro · spawning
[2026-08-23T18:05:07.338Z] tick · acquisition:food:Yogyakarta · exit=0 signal=- · OK
[2026-08-23T18:05:10.340Z] tick · acquisition:food:Yogyakarta · zone=gamping-west · spawning
[2026-08-23T18:05:20.586Z] tick · acquisition:accommodation:Yogyakarta · exit=0 signal=- · OK
[2026-08-23T18:05:23.598Z] tick · acquisition:accommodation:Yogyakarta · zone=prawirotaman · spawning
[2026-08-23T18:05:40.763Z] tick · acquisition:food:Yogyakarta · exit=0 signal=- · OK
[2026-08-23T18:05:43.135Z] tick · brain:cron-tick · fetching GET http://localhost:3008/api/nex/brain/cron-tick
[2026-08-23T18:05:43.604Z] tick · brain:cron-tick · status=200 · OK
[2026-08-23T18:05:43.775Z] tick · acquisition:food:Yogyakarta · zone=prambanan · spawning
[2026-08-23T18:05:45.952Z] tick · social:cron-tick · fetching GET http://localhost:3008/api/cron/comms-social-worker
[2026-08-23T18:05:46.034Z] tick · social:cron-tick · status=200 · OK
[2026-08-23T18:05:53.946Z] tick · acquisition:accommodation:Yogyakarta · exit=0 signal=- · OK
[2026-08-23T18:05:56.955Z] tick · acquisition:accommodation:Yogyakarta · zone=kaliurang · spawning
[2026-08-23T18:06:21.578Z] tick · acquisition:food:Yogyakarta · exit=0 signal=- · OK
[2026-08-23T18:06:24.589Z] tick · acquisition:food:Yogyakarta · zone=sleman-north · spawning
[2026-08-23T18:06:27.382Z] tick · acquisition:accommodation:Yogyakarta · exit=0 signal=- · OK
[2026-08-23T18:06:30.383Z] tick · acquisition:accommodation:Yogyakarta · zone=borobudur · spawning
[2026-08-23T18:06:45.963Z] tick · social:cron-tick · fetching GET http://localhost:3008/api/cron/comms-social-worker
[2026-08-23T18:06:46.226Z] tick · social:cron-tick · status=200 · OK
[2026-08-23T18:06:59.216Z] tick · acquisition:food:Yogyakarta · exit=0 signal=- · OK
[2026-08-23T18:07:00.809Z] tick · acquisition:accommodation:Yogyakarta · exit=0 signal=- · OK
[2026-08-23T18:07:02.221Z] tick · acquisition:food:Yogyakarta · zone=bantul-south · spawning
[2026-08-23T18:07:03.812Z] tick · acquisition:accommodation:Yogyakarta · zone=yogya-wider · spawning
[2026-08-23T18:07:28.853Z] tick · promotion:food:Yogyakarta:quality-check · spawning
[2026-08-23T18:07:29.586Z] tick · promotion:food:Yogyakarta:quality-check · exit=0 signal=- · OK
[2026-08-23T18:07:32.879Z] tick · acquisition:food:Yogyakarta · exit=0 signal=- · OK
[2026-08-23T18:07:34.347Z] tick · acquisition:accommodation:Yogyakarta · exit=0 signal=- · OK
[2026-08-23T18:07:35.890Z] tick · acquisition:food:Yogyakarta · zone=klaten-east · spawning
[2026-08-23T18:07:37.353Z] tick · acquisition:accommodation:Yogyakarta · zone=malioboro · spawning
[2026-08-23T18:07:45.977Z] tick · social:cron-tick · fetching GET http://localhost:3008/api/cron/comms-social-worker
[2026-08-23T18:07:47.383Z] tick · social:cron-tick · status=200 · OK
[2026-08-23T18:08:06.909Z] tick · acquisition:food:Yogyakarta · exit=0 signal=- · OK
[2026-08-23T18:08:08.294Z] tick · acquisition:accommodation:Yogyakarta · exit=0 signal=- · OK
[2026-08-23T18:08:09.928Z] tick · acquisition:food:Yogyakarta · zone=gamping-west · spawning
[2026-08-23T18:08:11.297Z] tick · acquisition:accommodation:Yogyakarta · zone=prawirotaman · spawning
[2026-08-23T18:08:41.381Z] tick · acquisition:food:Yogyakarta · exit=0 signal=- · OK
[2026-08-23T18:08:42.367Z] tick · acquisition:accommodation:Yogyakarta · exit=0 signal=- · OK
[2026-08-23T18:08:43.148Z] tick · brain:cron-tick · fetching GET http://localhost:3008/api/nex/brain/cron-tick
[2026-08-23T18:08:44.397Z] tick · acquisition:food:Yogyakarta · zone=prambanan · spawning
[2026-08-23T18:08:45.377Z] tick · acquisition:accommodation:Yogyakarta · zone=kaliurang · spawning
[2026-08-23T18:08:45.983Z] tick · social:cron-tick · fetching GET http://localhost:3008/api/cron/comms-social-worker
[2026-08-23T18:08:48.426Z] tick · social:cron-tick · status=200 · OK
[2026-08-23T18:08:51.485Z] tick · brain:cron-tick · status=200 · OK
[2026-08-23T18:09:15.892Z] tick · acquisition:accommodation:Yogyakarta · exit=0 signal=- · OK
[2026-08-23T18:09:18.908Z] tick · acquisition:accommodation:Yogyakarta · zone=borobudur · spawning
[2026-08-23T18:09:25.158Z] tick · acquisition:food:Yogyakarta · exit=0 signal=- · OK
[2026-08-23T18:09:28.166Z] tick · acquisition:food:Yogyakarta · zone=sleman-north · spawning
[2026-08-23T18:09:42.455Z] tick · cle:conversation · spawning
[2026-08-23T18:09:43.386Z] tick · cle:conversation · exit=0 signal=- · OK
[2026-08-23T18:09:45.985Z] tick · social:cron-tick · fetching GET http://localhost:3008/api/cron/comms-social-worker
[2026-08-23T18:09:47.050Z] tick · social:cron-tick · status=200 · OK
[2026-08-23T18:09:49.688Z] tick · acquisition:accommodation:Yogyakarta · exit=0 signal=- · OK
[2026-08-23T18:09:52.699Z] tick · acquisition:accommodation:Yogyakarta · zone=yogya-wider · spawning
[2026-08-23T18:10:05.580Z] tick · acquisition:food:Yogyakarta · exit=0 signal=- · OK
[2026-08-23T18:10:08.593Z] tick · acquisition:food:Yogyakarta · zone=bantul-south · spawning
[2026-08-23T18:10:23.578Z] tick · acquisition:accommodation:Yogyakarta · exit=0 signal=- · OK
[2026-08-23T18:10:26.625Z] tick · acquisition:accommodation:Yogyakarta · zone=malioboro · spawning
[2026-08-23T18:10:39.366Z] tick · acquisition:food:Yogyakarta · exit=0 signal=- · OK
[2026-08-23T18:10:42.387Z] tick · acquisition:food:Yogyakarta · zone=klaten-east · spawning
[2026-08-23T18:10:46.003Z] tick · social:cron-tick · fetching GET http://localhost:3008/api/cron/comms-social-worker
[2026-08-23T18:10:46.966Z] tick · social:cron-tick · status=200 · OK
[2026-08-23T18:10:57.956Z] tick · acquisition:accommodation:Yogyakarta · exit=0 signal=- · OK
[2026-08-23T18:11:00.971Z] tick · acquisition:accommodation:Yogyakarta · zone=prawirotaman · spawning
[2026-08-23T18:11:13.205Z] tick · acquisition:food:Yogyakarta · exit=0 signal=- · OK
[2026-08-23T18:11:16.218Z] tick · acquisition:food:Yogyakarta · zone=gamping-west · spawning
[2026-08-23T18:11:31.611Z] tick · acquisition:accommodation:Yogyakarta · exit=0 signal=- · OK
[2026-08-23T18:11:34.619Z] tick · acquisition:accommodation:Yogyakarta · zone=kaliurang · spawning
[2026-08-23T18:11:43.150Z] tick · brain:cron-tick · fetching GET http://localhost:3008/api/nex/brain/cron-tick
[2026-08-23T18:11:44.389Z] tick · brain:cron-tick · status=200 · OK
[2026-08-23T18:11:46.024Z] tick · social:cron-tick · fetching GET http://localhost:3008/api/cron/comms-social-worker
[2026-08-23T18:11:46.137Z] tick · social:cron-tick · status=200 · OK
[2026-08-23T18:11:46.839Z] tick · acquisition:food:Yogyakarta · exit=0 signal=- · OK
[2026-08-23T18:11:49.840Z] tick · acquisition:food:Yogyakarta · zone=prambanan · spawning
[2026-08-23T18:12:05.271Z] tick · acquisition:accommodation:Yogyakarta · exit=0 signal=- · OK
[2026-08-23T18:12:08.277Z] tick · acquisition:accommodation:Yogyakarta · zone=borobudur · spawning
[2026-08-23T18:12:24.186Z] tick · acquisition:food:Yogyakarta · exit=0 signal=- · OK
[2026-08-23T18:12:27.196Z] tick · acquisition:food:Yogyakarta · zone=sleman-north · spawning
[2026-08-23T18:12:38.619Z] tick · acquisition:accommodation:Yogyakarta · exit=0 signal=- · OK
[2026-08-23T18:12:41.630Z] tick · acquisition:accommodation:Yogyakarta · zone=yogya-wider · spawning
[2026-08-23T18:12:46.035Z] tick · social:cron-tick · fetching GET http://localhost:3008/api/cron/comms-social-worker
[2026-08-23T18:12:46.217Z] tick · social:cron-tick · status=200 · OK
[2026-08-23T18:13:01.508Z] tick · acquisition:food:Yogyakarta · exit=0 signal=- · OK
[2026-08-23T18:13:04.513Z] tick · acquisition:food:Yogyakarta · zone=bantul-south · spawning
[2026-08-23T18:13:12.056Z] tick · acquisition:accommodation:Yogyakarta · exit=0 signal=- · OK
[2026-08-23T18:13:15.062Z] tick · acquisition:accommodation:Yogyakarta · zone=malioboro · spawning
[2026-08-23T18:13:34.948Z] tick · acquisition:food:Yogyakarta · exit=0 signal=- · OK
[2026-08-23T18:13:37.960Z] tick · acquisition:food:Yogyakarta · zone=klaten-east · spawning
[2026-08-23T18:13:45.735Z] tick · acquisition:accommodation:Yogyakarta · exit=0 signal=- · OK
[2026-08-23T18:13:46.052Z] tick · social:cron-tick · fetching GET http://localhost:3008/api/cron/comms-social-worker
[2026-08-23T18:13:46.847Z] tick · social:cron-tick · status=200 · OK
[2026-08-23T18:13:48.749Z] tick · acquisition:accommodation:Yogyakarta · zone=prawirotaman · spawning
[2026-08-23T18:14:09.170Z] tick · acquisition:food:Yogyakarta · exit=0 signal=- · OK
[2026-08-23T18:14:12.178Z] tick · acquisition:food:Yogyakarta · zone=gamping-west · spawning
[2026-08-23T18:14:19.798Z] tick · acquisition:accommodation:Yogyakarta · exit=0 signal=- · OK
[2026-08-23T18:14:22.820Z] tick · acquisition:accommodation:Yogyakarta · zone=kaliurang · spawning
[2026-08-23T18:14:43.167Z] tick · brain:cron-tick · fetching GET http://localhost:3008/api/nex/brain/cron-tick
[2026-08-23T18:14:43.525Z] tick · acquisition:food:Yogyakarta · exit=0 signal=- · OK
[2026-08-23T18:14:45.048Z] tick · brain:cron-tick · status=200 · OK
[2026-08-23T18:14:46.058Z] tick · social:cron-tick · fetching GET http://localhost:3008/api/cron/comms-social-worker
[2026-08-23T18:14:46.466Z] tick · social:cron-tick · status=200 · OK
[2026-08-23T18:14:46.530Z] tick · acquisition:food:Yogyakarta · zone=prambanan · spawning
[2026-08-23T18:14:53.554Z] tick · acquisition:accommodation:Yogyakarta · exit=0 signal=- · OK
[2026-08-23T18:14:56.556Z] tick · acquisition:accommodation:Yogyakarta · zone=borobudur · spawning
[2026-08-23T18:15:24.110Z] tick · acquisition:food:Yogyakarta · exit=0 signal=- · OK
[2026-08-23T18:15:27.007Z] tick · acquisition:accommodation:Yogyakarta · exit=0 signal=- · OK
[2026-08-23T18:15:27.118Z] tick · acquisition:food:Yogyakarta · zone=sleman-north · spawning
[2026-08-23T18:15:30.016Z] tick · acquisition:accommodation:Yogyakarta · zone=yogya-wider · spawning
[2026-08-23T18:15:46.065Z] tick · social:cron-tick · fetching GET http://localhost:3008/api/cron/comms-social-worker
[2026-08-23T18:15:46.371Z] tick · social:cron-tick · status=200 · OK
[2026-08-23T18:16:00.434Z] tick · acquisition:accommodation:Yogyakarta · exit=0 signal=- · OK
[2026-08-23T18:16:00.994Z] tick · acquisition:food:Yogyakarta · exit=0 signal=- · OK
[2026-08-23T18:16:03.437Z] tick · acquisition:accommodation:Yogyakarta · zone=malioboro · spawning
[2026-08-23T18:16:03.995Z] tick · acquisition:food:Yogyakarta · zone=bantul-south · spawning
[2026-08-23T18:16:33.808Z] tick · acquisition:accommodation:Yogyakarta · exit=0 signal=- · OK
[2026-08-23T18:16:34.358Z] tick · acquisition:food:Yogyakarta · exit=0 signal=- · OK
[2026-08-23T18:16:36.823Z] tick · acquisition:accommodation:Yogyakarta · zone=prawirotaman · spawning
[2026-08-23T18:16:37.360Z] tick · acquisition:food:Yogyakarta · zone=klaten-east · spawning
[2026-08-23T18:16:46.084Z] tick · social:cron-tick · fetching GET http://localhost:3008/api/cron/comms-social-worker
[2026-08-23T18:16:46.210Z] tick · social:cron-tick · status=200 · OK
[2026-08-23T18:17:07.349Z] tick · acquisition:accommodation:Yogyakarta · exit=0 signal=- · OK
[2026-08-23T18:17:07.681Z] tick · acquisition:food:Yogyakarta · exit=0 signal=- · OK
[2026-08-23T18:17:10.350Z] tick · acquisition:accommodation:Yogyakarta · zone=kaliurang · spawning
[2026-08-23T18:17:10.683Z] tick · acquisition:food:Yogyakarta · zone=gamping-west · spawning
[2026-08-23T18:17:40.757Z] tick · acquisition:accommodation:Yogyakarta · exit=0 signal=- · OK
[2026-08-23T18:17:41.063Z] tick · acquisition:food:Yogyakarta · exit=0 signal=- · OK
[2026-08-23T18:17:43.168Z] tick · brain:cron-tick · fetching GET http://localhost:3008/api/nex/brain/cron-tick
[2026-08-23T18:17:43.625Z] tick · brain:cron-tick · status=200 · OK
[2026-08-23T18:17:43.762Z] tick · acquisition:accommodation:Yogyakarta · zone=borobudur · spawning
[2026-08-23T18:17:44.077Z] tick · acquisition:food:Yogyakarta · zone=prambanan · spawning
[2026-08-23T18:17:46.095Z] tick · social:cron-tick · fetching GET http://localhost:3008/api/cron/comms-social-worker
[2026-08-23T18:17:46.225Z] tick · social:cron-tick · status=200 · OK
[2026-08-23T18:18:14.277Z] tick · acquisition:accommodation:Yogyakarta · exit=0 signal=- · OK
[2026-08-23T18:18:17.283Z] tick · acquisition:accommodation:Yogyakarta · zone=yogya-wider · spawning
[2026-08-23T18:18:19.938Z] tick · acquisition:food:Yogyakarta · exit=0 signal=- · OK
[2026-08-23T18:18:22.939Z] tick · acquisition:food:Yogyakarta · zone=sleman-north · spawning
[2026-08-23T18:18:46.097Z] tick · social:cron-tick · fetching GET http://localhost:3008/api/cron/comms-social-worker
[2026-08-23T18:18:46.272Z] tick · social:cron-tick · status=200 · OK
[2026-08-23T18:18:47.667Z] tick · acquisition:accommodation:Yogyakarta · exit=0 signal=- · OK
[2026-08-23T18:18:50.683Z] tick · acquisition:accommodation:Yogyakarta · zone=malioboro · spawning
[2026-08-23T18:18:56.226Z] tick · acquisition:food:Yogyakarta · exit=0 signal=- · OK
[2026-08-23T18:18:59.230Z] tick · acquisition:food:Yogyakarta · zone=bantul-south · spawning
[2026-08-23T18:19:21.135Z] tick · acquisition:accommodation:Yogyakarta · exit=0 signal=- · OK
[2026-08-23T18:19:24.150Z] tick · acquisition:accommodation:Yogyakarta · zone=prawirotaman · spawning
[2026-08-23T18:19:29.730Z] tick · acquisition:food:Yogyakarta · exit=0 signal=- · OK
[2026-08-23T18:19:32.735Z] tick · acquisition:food:Yogyakarta · zone=klaten-east · spawning
[2026-08-23T18:19:42.453Z] tick · cle:conversation · spawning
[2026-08-23T18:19:42.834Z] tick · cle:conversation · exit=0 signal=- · OK
[2026-08-23T18:19:46.103Z] tick · social:cron-tick · fetching GET http://localhost:3008/api/cron/comms-social-worker
[2026-08-23T18:19:46.242Z] tick · social:cron-tick · status=200 · OK
[2026-08-23T18:19:54.481Z] tick · acquisition:accommodation:Yogyakarta · exit=0 signal=- · OK
[2026-08-23T18:19:57.482Z] tick · acquisition:accommodation:Yogyakarta · zone=kaliurang · spawning
[2026-08-23T18:20:03.487Z] tick · acquisition:food:Yogyakarta · exit=0 signal=- · OK
[2026-08-23T18:20:06.492Z] tick · acquisition:food:Yogyakarta · zone=gamping-west · spawning
[2026-08-23T18:20:27.856Z] tick · acquisition:accommodation:Yogyakarta · exit=0 signal=- · OK
[2026-08-23T18:20:30.857Z] tick · acquisition:accommodation:Yogyakarta · zone=borobudur · spawning
[2026-08-23T18:20:37.138Z] tick · acquisition:food:Yogyakarta · exit=0 signal=- · OK
[2026-08-23T18:20:40.141Z] tick · acquisition:food:Yogyakarta · zone=prambanan · spawning
[2026-08-23T18:20:43.168Z] tick · brain:cron-tick · fetching GET http://localhost:3008/api/nex/brain/cron-tick
[2026-08-23T18:20:43.767Z] tick · brain:cron-tick · status=200 · OK
[2026-08-23T18:20:46.106Z] tick · social:cron-tick · fetching GET http://localhost:3008/api/cron/comms-social-worker
[2026-08-23T18:20:46.218Z] tick · social:cron-tick · status=200 · OK
[2026-08-23T18:21:01.349Z] tick · acquisition:accommodation:Yogyakarta · exit=0 signal=- · OK
[2026-08-23T18:21:04.361Z] tick · acquisition:accommodation:Yogyakarta · zone=yogya-wider · spawning
[2026-08-23T18:21:19.574Z] tick · acquisition:food:Yogyakarta · exit=0 signal=- · OK
[2026-08-23T18:21:22.578Z] tick · acquisition:food:Yogyakarta · zone=sleman-north · spawning
[2026-08-23T18:21:34.745Z] tick · acquisition:accommodation:Yogyakarta · exit=0 signal=- · OK
[2026-08-23T18:21:37.758Z] tick · acquisition:accommodation:Yogyakarta · zone=malioboro · spawning
[2026-08-23T18:21:46.114Z] tick · social:cron-tick · fetching GET http://localhost:3008/api/cron/comms-social-worker
[2026-08-23T18:21:46.259Z] tick · social:cron-tick · status=200 · OK
[2026-08-23T18:21:59.563Z] tick · acquisition:food:Yogyakarta · exit=0 signal=- · OK
[2026-08-23T18:22:02.565Z] tick · acquisition:food:Yogyakarta · zone=bantul-south · spawning
[2026-08-23T18:22:08.062Z] tick · acquisition:accommodation:Yogyakarta · exit=0 signal=- · OK
[2026-08-23T18:22:11.073Z] tick · acquisition:accommodation:Yogyakarta · zone=prawirotaman · spawning
[2026-08-23T18:22:33.047Z] tick · acquisition:food:Yogyakarta · exit=0 signal=- · OK
[2026-08-23T18:22:36.061Z] tick · acquisition:food:Yogyakarta · zone=klaten-east · spawning
[2026-08-23T18:22:41.531Z] tick · acquisition:accommodation:Yogyakarta · exit=0 signal=- · OK
[2026-08-23T18:22:44.550Z] tick · acquisition:accommodation:Yogyakarta · zone=kaliurang · spawning
[2026-08-23T18:22:46.119Z] tick · social:cron-tick · fetching GET http://localhost:3008/api/cron/comms-social-worker
[2026-08-23T18:22:46.260Z] tick · social:cron-tick · status=200 · OK
[2026-08-23T18:23:06.360Z] tick · acquisition:food:Yogyakarta · exit=0 signal=- · OK
[2026-08-23T18:23:09.361Z] tick · acquisition:food:Yogyakarta · zone=gamping-west · spawning
[2026-08-23T18:23:14.861Z] tick · acquisition:accommodation:Yogyakarta · exit=0 signal=- · OK
[2026-08-23T18:23:17.863Z] tick · acquisition:accommodation:Yogyakarta · zone=borobudur · spawning
[2026-08-23T18:23:39.756Z] tick · acquisition:food:Yogyakarta · exit=0 signal=- · OK
[2026-08-23T18:23:42.772Z] tick · acquisition:food:Yogyakarta · zone=prambanan · spawning
[2026-08-23T18:23:43.181Z] tick · brain:cron-tick · fetching GET http://localhost:3008/api/nex/brain/cron-tick
[2026-08-23T18:23:44.933Z] tick · brain:cron-tick · status=200 · OK
[2026-08-23T18:23:46.123Z] tick · social:cron-tick · fetching GET http://localhost:3008/api/cron/comms-social-worker
[2026-08-23T18:23:46.252Z] tick · social:cron-tick · status=200 · OK
[2026-08-23T18:23:48.191Z] tick · acquisition:accommodation:Yogyakarta · exit=0 signal=- · OK
[2026-08-23T18:23:51.194Z] tick · acquisition:accommodation:Yogyakarta · zone=yogya-wider · spawning
[2026-08-23T18:24:18.263Z] tick · acquisition:food:Yogyakarta · exit=0 signal=- · OK
[2026-08-23T18:24:21.274Z] tick · acquisition:food:Yogyakarta · zone=sleman-north · spawning
[2026-08-23T18:24:21.647Z] tick · acquisition:accommodation:Yogyakarta · exit=0 signal=- · OK
[2026-08-23T18:24:24.648Z] tick · acquisition:accommodation:Yogyakarta · zone=malioboro · spawning
[2026-08-23T18:24:46.136Z] tick · social:cron-tick · fetching GET http://localhost:3008/api/cron/comms-social-worker
[2026-08-23T18:24:46.486Z] tick · social:cron-tick · status=200 · OK
[2026-08-23T18:24:55.237Z] tick · acquisition:accommodation:Yogyakarta · exit=0 signal=- · OK
[2026-08-23T18:24:55.465Z] tick · acquisition:food:Yogyakarta · exit=0 signal=- · OK
[2026-08-23T18:24:58.239Z] tick · acquisition:accommodation:Yogyakarta · zone=prawirotaman · spawning
[2026-08-23T18:24:58.473Z] tick · acquisition:food:Yogyakarta · zone=bantul-south · spawning
[2026-08-23T18:25:29.406Z] tick · acquisition:accommodation:Yogyakarta · exit=0 signal=- · OK
[2026-08-23T18:25:29.413Z] tick · acquisition:food:Yogyakarta · exit=0 signal=- · OK
[2026-08-23T18:25:32.416Z] tick · acquisition:accommodation:Yogyakarta · zone=kaliurang · spawning
[2026-08-23T18:25:32.459Z] tick · acquisition:food:Yogyakarta · zone=klaten-east · spawning
[2026-08-23T18:25:46.157Z] tick · social:cron-tick · fetching GET http://localhost:3008/api/cron/comms-social-worker
[2026-08-23T18:25:46.422Z] tick · social:cron-tick · status=200 · OK
[2026-08-23T18:26:03.095Z] tick · acquisition:accommodation:Yogyakarta · exit=0 signal=- · OK
[2026-08-23T18:26:03.131Z] tick · acquisition:food:Yogyakarta · exit=0 signal=- · OK
[2026-08-23T18:26:06.114Z] tick · acquisition:accommodation:Yogyakarta · zone=borobudur · spawning
[2026-08-23T18:26:06.140Z] tick · acquisition:food:Yogyakarta · zone=gamping-west · spawning
[2026-08-23T18:26:36.441Z] tick · acquisition:accommodation:Yogyakarta · exit=0 signal=- · OK
[2026-08-23T18:26:36.489Z] tick · acquisition:food:Yogyakarta · exit=0 signal=- · OK
[2026-08-23T18:26:39.445Z] tick · acquisition:accommodation:Yogyakarta · zone=yogya-wider · spawning
[2026-08-23T18:26:39.491Z] tick · acquisition:food:Yogyakarta · zone=prambanan · spawning
[2026-08-23T18:26:43.186Z] tick · brain:cron-tick · fetching GET http://localhost:3008/api/nex/brain/cron-tick
[2026-08-23T18:26:43.702Z] tick · brain:cron-tick · status=200 · OK
[2026-08-23T18:26:46.168Z] tick · social:cron-tick · fetching GET http://localhost:3008/api/cron/comms-social-worker
[2026-08-23T18:26:46.223Z] tick · social:cron-tick · status=200 · OK
[2026-08-23T18:27:09.810Z] tick · acquisition:accommodation:Yogyakarta · exit=0 signal=- · OK
[2026-08-23T18:27:12.822Z] tick · acquisition:accommodation:Yogyakarta · zone=malioboro · spawning
[2026-08-23T18:27:16.175Z] tick · acquisition:food:Yogyakarta · exit=0 signal=- · OK
[2026-08-23T18:27:19.184Z] tick · acquisition:food:Yogyakarta · zone=sleman-north · spawning
[2026-08-23T18:27:43.337Z] tick · acquisition:accommodation:Yogyakarta · exit=0 signal=- · OK
[2026-08-23T18:27:46.173Z] tick · social:cron-tick · fetching GET http://localhost:3008/api/cron/comms-social-worker
[2026-08-23T18:27:46.347Z] tick · acquisition:accommodation:Yogyakarta · zone=prawirotaman · spawning
[2026-08-23T18:27:46.595Z] tick · social:cron-tick · status=200 · OK
[2026-08-23T18:27:55.432Z] tick · acquisition:food:Yogyakarta · exit=0 signal=- · OK
[2026-08-23T18:27:58.435Z] tick · acquisition:food:Yogyakarta · zone=bantul-south · spawning
[2026-08-23T18:28:16.738Z] tick · acquisition:accommodation:Yogyakarta · exit=0 signal=- · OK
[2026-08-23T18:28:19.753Z] tick · acquisition:accommodation:Yogyakarta · zone=kaliurang · spawning
[2026-08-23T18:28:28.964Z] tick · acquisition:food:Yogyakarta · exit=0 signal=- · OK
[2026-08-23T18:28:31.966Z] tick · acquisition:food:Yogyakarta · zone=klaten-east · spawning
[2026-08-23T18:28:46.178Z] tick · social:cron-tick · fetching GET http://localhost:3008/api/cron/comms-social-worker
[2026-08-23T18:28:46.425Z] tick · social:cron-tick · status=200 · OK
[2026-08-23T18:28:50.030Z] tick · acquisition:accommodation:Yogyakarta · exit=0 signal=- · OK
[2026-08-23T18:28:53.043Z] tick · acquisition:accommodation:Yogyakarta · zone=borobudur · spawning
[2026-08-23T18:29:02.313Z] tick · acquisition:food:Yogyakarta · exit=0 signal=- · OK
[2026-08-23T18:29:05.315Z] tick · acquisition:food:Yogyakarta · zone=gamping-west · spawning
[2026-08-23T18:29:23.418Z] tick · acquisition:accommodation:Yogyakarta · exit=0 signal=- · OK
[2026-08-23T18:29:26.419Z] tick · acquisition:accommodation:Yogyakarta · zone=yogya-wider · spawning
[2026-08-23T18:29:35.974Z] tick · acquisition:food:Yogyakarta · exit=0 signal=- · OK
[2026-08-23T18:29:38.984Z] tick · acquisition:food:Yogyakarta · zone=prambanan · spawning
[2026-08-23T18:29:42.461Z] tick · cle:conversation · spawning
[2026-08-23T18:29:42.808Z] tick · cle:conversation · exit=0 signal=- · OK
[2026-08-23T18:29:43.199Z] tick · brain:cron-tick · fetching GET http://localhost:3008/api/nex/brain/cron-tick
[2026-08-23T18:29:43.729Z] tick · brain:cron-tick · status=200 · OK
[2026-08-23T18:29:46.183Z] tick · social:cron-tick · fetching GET http://localhost:3008/api/cron/comms-social-worker
[2026-08-23T18:29:46.303Z] tick · social:cron-tick · status=200 · OK
[2026-08-23T18:29:56.925Z] tick · acquisition:accommodation:Yogyakarta · exit=0 signal=- · OK
[2026-08-23T18:29:59.938Z] tick · acquisition:accommodation:Yogyakarta · zone=malioboro · spawning
[2026-08-23T18:30:15.449Z] tick · acquisition:food:Yogyakarta · exit=0 signal=- · OK
[2026-08-23T18:30:18.457Z] tick · acquisition:food:Yogyakarta · zone=sleman-north · spawning
[2026-08-23T18:30:30.338Z] tick · acquisition:accommodation:Yogyakarta · exit=0 signal=- · OK
[2026-08-23T18:30:33.349Z] tick · acquisition:accommodation:Yogyakarta · zone=prawirotaman · spawning
[2026-08-23T18:30:46.183Z] tick · social:cron-tick · fetching GET http://localhost:3008/api/cron/comms-social-worker
[2026-08-23T18:30:46.316Z] tick · social:cron-tick · status=200 · OK
[2026-08-23T18:30:53.739Z] tick · acquisition:food:Yogyakarta · exit=0 signal=- · OK
[2026-08-23T18:30:56.740Z] tick · acquisition:food:Yogyakarta · zone=bantul-south · spawning
[2026-08-23T18:31:03.657Z] tick · acquisition:accommodation:Yogyakarta · exit=0 signal=- · OK
[2026-08-23T18:31:06.661Z] tick · acquisition:accommodation:Yogyakarta · zone=kaliurang · spawning
[2026-08-23T18:31:27.179Z] tick · acquisition:food:Yogyakarta · exit=0 signal=- · OK
[2026-08-23T18:31:30.180Z] tick · acquisition:food:Yogyakarta · zone=klaten-east · spawning
[2026-08-23T18:31:37.217Z] tick · acquisition:accommodation:Yogyakarta · exit=0 signal=- · OK
[2026-08-23T18:31:40.226Z] tick · acquisition:accommodation:Yogyakarta · zone=borobudur · spawning
[2026-08-23T18:31:46.190Z] tick · social:cron-tick · fetching GET http://localhost:3008/api/cron/comms-social-worker
[2026-08-23T18:31:47.190Z] tick · social:cron-tick · status=200 · OK
[2026-08-23T18:32:00.644Z] tick · acquisition:food:Yogyakarta · exit=0 signal=- · OK
[2026-08-23T18:32:03.648Z] tick · acquisition:food:Yogyakarta · zone=gamping-west · spawning
[2026-08-23T18:32:10.652Z] tick · acquisition:accommodation:Yogyakarta · exit=0 signal=- · OK
[2026-08-23T18:32:13.659Z] tick · acquisition:accommodation:Yogyakarta · zone=yogya-wider · spawning
[2026-08-23T18:32:34.150Z] tick · acquisition:food:Yogyakarta · exit=0 signal=- · OK
[2026-08-23T18:32:37.162Z] tick · acquisition:food:Yogyakarta · zone=prambanan · spawning
[2026-08-23T18:32:43.200Z] tick · brain:cron-tick · fetching GET http://localhost:3008/api/nex/brain/cron-tick
[2026-08-23T18:32:43.755Z] tick · brain:cron-tick · status=200 · OK
[2026-08-23T18:32:44.048Z] tick · acquisition:accommodation:Yogyakarta · exit=0 signal=- · OK
[2026-08-23T18:32:46.196Z] tick · social:cron-tick · fetching GET http://localhost:3008/api/cron/comms-social-worker
[2026-08-23T18:32:46.293Z] tick · social:cron-tick · status=200 · OK
[2026-08-23T18:32:47.048Z] tick · acquisition:accommodation:Yogyakarta · zone=malioboro · spawning
[2026-08-23T18:33:13.062Z] tick · acquisition:food:Yogyakarta · exit=0 signal=- · OK
[2026-08-23T18:33:16.064Z] tick · acquisition:food:Yogyakarta · zone=sleman-north · spawning
[2026-08-23T18:33:17.313Z] tick · acquisition:accommodation:Yogyakarta · exit=0 signal=- · OK
[2026-08-23T18:33:20.314Z] tick · acquisition:accommodation:Yogyakarta · zone=prawirotaman · spawning
[2026-08-23T18:33:46.206Z] tick · social:cron-tick · fetching GET http://localhost:3008/api/cron/comms-social-worker
[2026-08-23T18:33:46.496Z] tick · social:cron-tick · status=200 · OK
[2026-08-23T18:33:50.956Z] tick · acquisition:accommodation:Yogyakarta · exit=0 signal=- · OK
[2026-08-23T18:33:52.031Z] tick · acquisition:food:Yogyakarta · exit=0 signal=- · OK
[2026-08-23T18:33:53.962Z] tick · acquisition:accommodation:Yogyakarta · zone=kaliurang · spawning
[2026-08-23T18:33:55.039Z] tick · acquisition:food:Yogyakarta · zone=bantul-south · spawning
[2026-08-23T18:34:24.535Z] tick · acquisition:accommodation:Yogyakarta · exit=0 signal=- · OK
[2026-08-23T18:34:25.381Z] tick · acquisition:food:Yogyakarta · exit=0 signal=- · OK
[2026-08-23T18:34:27.537Z] tick · acquisition:accommodation:Yogyakarta · zone=borobudur · spawning
[2026-08-23T18:34:28.385Z] tick · acquisition:food:Yogyakarta · zone=klaten-east · spawning
[2026-08-23T18:34:46.214Z] tick · social:cron-tick · fetching GET http://localhost:3008/api/cron/comms-social-worker
[2026-08-23T18:34:47.690Z] tick · social:cron-tick · status=200 · OK
[2026-08-23T18:34:58.084Z] tick · acquisition:accommodation:Yogyakarta · exit=0 signal=- · OK
[2026-08-23T18:34:58.740Z] tick · acquisition:food:Yogyakarta · exit=0 signal=- · OK
[2026-08-23T18:35:01.091Z] tick · acquisition:accommodation:Yogyakarta · zone=yogya-wider · spawning
[2026-08-23T18:35:01.743Z] tick · acquisition:food:Yogyakarta · zone=gamping-west · spawning
[2026-08-23T18:35:32.075Z] tick · acquisition:accommodation:Yogyakarta · exit=0 signal=- · OK
[2026-08-23T18:35:32.425Z] tick · acquisition:food:Yogyakarta · exit=0 signal=- · OK
[2026-08-23T18:35:35.097Z] tick · acquisition:accommodation:Yogyakarta · zone=malioboro · spawning
[2026-08-23T18:35:35.435Z] tick · acquisition:food:Yogyakarta · zone=prambanan · spawning
[2026-08-23T18:35:43.205Z] tick · brain:cron-tick · fetching GET http://localhost:3008/api/nex/brain/cron-tick
[2026-08-23T18:35:44.214Z] tick · brain:cron-tick · status=200 · OK
[2026-08-23T18:35:46.224Z] tick · social:cron-tick · fetching GET http://localhost:3008/api/cron/comms-social-worker
[2026-08-23T18:35:46.307Z] tick · social:cron-tick · status=200 · OK
[2026-08-23T18:36:06.126Z] tick · acquisition:accommodation:Yogyakarta · exit=0 signal=- · OK
[2026-08-23T18:36:09.132Z] tick · acquisition:accommodation:Yogyakarta · zone=prawirotaman · spawning
[2026-08-23T18:36:11.322Z] tick · acquisition:food:Yogyakarta · exit=0 signal=- · OK
[2026-08-23T18:36:14.323Z] tick · acquisition:food:Yogyakarta · zone=sleman-north · spawning
[2026-08-23T18:36:39.399Z] tick · acquisition:accommodation:Yogyakarta · exit=0 signal=- · OK
[2026-08-23T18:36:42.403Z] tick · acquisition:accommodation:Yogyakarta · zone=kaliurang · spawning
[2026-08-23T18:36:46.228Z] tick · social:cron-tick · fetching GET http://localhost:3008/api/cron/comms-social-worker
[2026-08-23T18:36:46.356Z] tick · social:cron-tick · status=200 · OK
[2026-08-23T18:36:48.378Z] tick · acquisition:food:Yogyakarta · exit=0 signal=- · OK
[2026-08-23T18:36:51.379Z] tick · acquisition:food:Yogyakarta · zone=bantul-south · spawning
[2026-08-23T18:37:12.750Z] tick · acquisition:accommodation:Yogyakarta · exit=0 signal=- · OK
[2026-08-23T18:37:15.751Z] tick · acquisition:accommodation:Yogyakarta · zone=borobudur · spawning
[2026-08-23T18:37:21.716Z] tick · acquisition:food:Yogyakarta · exit=0 signal=- · OK
[2026-08-23T18:37:24.719Z] tick · acquisition:food:Yogyakarta · zone=klaten-east · spawning
[2026-08-23T18:37:28.859Z] tick · promotion:food:Yogyakarta:quality-check · spawning
[2026-08-23T18:37:29.341Z] tick · promotion:food:Yogyakarta:quality-check · exit=0 signal=- · OK
[2026-08-23T18:37:46.229Z] tick · social:cron-tick · fetching GET http://localhost:3008/api/cron/comms-social-worker
[2026-08-23T18:37:46.268Z] tick · acquisition:accommodation:Yogyakarta · exit=0 signal=- · OK
[2026-08-23T18:37:46.396Z] tick · social:cron-tick · status=200 · OK
[2026-08-23T18:37:49.270Z] tick · acquisition:accommodation:Yogyakarta · zone=yogya-wider · spawning
[2026-08-23T18:37:55.048Z] tick · acquisition:food:Yogyakarta · exit=0 signal=- · OK
[2026-08-23T18:37:58.054Z] tick · acquisition:food:Yogyakarta · zone=gamping-west · spawning
[2026-08-23T18:38:19.651Z] tick · acquisition:accommodation:Yogyakarta · exit=0 signal=- · OK
[2026-08-23T18:38:22.653Z] tick · acquisition:accommodation:Yogyakarta · zone=malioboro · spawning
[2026-08-23T18:38:28.421Z] tick · acquisition:food:Yogyakarta · exit=0 signal=- · OK
[2026-08-23T18:38:31.435Z] tick · acquisition:food:Yogyakarta · zone=prambanan · spawning
[2026-08-23T18:38:43.212Z] tick · brain:cron-tick · fetching GET http://localhost:3008/api/nex/brain/cron-tick
[2026-08-23T18:38:44.924Z] tick · brain:cron-tick · status=200 · OK
[2026-08-23T18:38:46.245Z] tick · social:cron-tick · fetching GET http://localhost:3008/api/cron/comms-social-worker
[2026-08-23T18:38:46.362Z] tick · social:cron-tick · status=200 · OK
[2026-08-23T18:38:52.961Z] tick · acquisition:accommodation:Yogyakarta · exit=0 signal=- · OK
[2026-08-23T18:38:55.966Z] tick · acquisition:accommodation:Yogyakarta · zone=prawirotaman · spawning
[2026-08-23T18:39:08.802Z] tick · acquisition:food:Yogyakarta · exit=0 signal=- · OK
[2026-08-23T18:39:11.813Z] tick · acquisition:food:Yogyakarta · zone=sleman-north · spawning
[2026-08-23T18:39:26.322Z] tick · acquisition:accommodation:Yogyakarta · exit=0 signal=- · OK
[2026-08-23T18:39:29.324Z] tick · acquisition:accommodation:Yogyakarta · zone=kaliurang · spawning
[2026-08-23T18:39:42.476Z] tick · cle:conversation · spawning
[2026-08-23T18:39:42.802Z] tick · cle:conversation · exit=0 signal=- · OK
[2026-08-23T18:39:46.258Z] tick · social:cron-tick · fetching GET http://localhost:3008/api/cron/comms-social-worker
[2026-08-23T18:39:46.379Z] tick · social:cron-tick · status=200 · OK
[2026-08-23T18:39:48.072Z] tick · acquisition:food:Yogyakarta · exit=0 signal=- · OK
[2026-08-23T18:39:51.080Z] tick · acquisition:food:Yogyakarta · zone=bantul-south · spawning
[2026-08-23T18:39:59.689Z] tick · acquisition:accommodation:Yogyakarta · exit=0 signal=- · OK
[2026-08-23T18:40:02.701Z] tick · acquisition:accommodation:Yogyakarta · zone=borobudur · spawning
[2026-08-23T18:40:21.385Z] tick · acquisition:food:Yogyakarta · exit=0 signal=- · OK
[2026-08-23T18:40:24.397Z] tick · acquisition:food:Yogyakarta · zone=klaten-east · spawning
[2026-08-23T18:40:32.987Z] tick · acquisition:accommodation:Yogyakarta · exit=0 signal=- · OK
[2026-08-23T18:40:35.996Z] tick · acquisition:accommodation:Yogyakarta · zone=yogya-wider · spawning
[2026-08-23T18:40:46.273Z] tick · social:cron-tick · fetching GET http://localhost:3008/api/cron/comms-social-worker
[2026-08-23T18:40:46.542Z] tick · social:cron-tick · status=200 · OK
[2026-08-23T18:40:54.710Z] tick · acquisition:food:Yogyakarta · exit=0 signal=- · OK
[2026-08-23T18:40:57.721Z] tick · acquisition:food:Yogyakarta · zone=gamping-west · spawning
[2026-08-23T18:41:06.309Z] tick · acquisition:accommodation:Yogyakarta · exit=0 signal=- · OK
[2026-08-23T18:41:09.310Z] tick · acquisition:accommodation:Yogyakarta · zone=malioboro · spawning
[2026-08-23T18:41:28.090Z] tick · acquisition:food:Yogyakarta · exit=0 signal=- · OK
[2026-08-23T18:41:31.098Z] tick · acquisition:food:Yogyakarta · zone=prambanan · spawning
[2026-08-23T18:41:39.686Z] tick · acquisition:accommodation:Yogyakarta · exit=0 signal=- · OK
[2026-08-23T18:41:42.692Z] tick · acquisition:accommodation:Yogyakarta · zone=prawirotaman · spawning
[2026-08-23T18:41:43.212Z] tick · brain:cron-tick · fetching GET http://localhost:3008/api/nex/brain/cron-tick
[2026-08-23T18:41:43.606Z] tick · brain:cron-tick · status=200 · OK
[2026-08-23T18:41:46.274Z] tick · social:cron-tick · fetching GET http://localhost:3008/api/cron/comms-social-worker
[2026-08-23T18:41:46.331Z] tick · social:cron-tick · status=200 · OK
[2026-08-23T18:42:05.483Z] tick · acquisition:food:Yogyakarta · exit=0 signal=- · OK
[2026-08-23T18:42:08.493Z] tick · acquisition:food:Yogyakarta · zone=sleman-north · spawning
[2026-08-23T18:42:13.005Z] tick · acquisition:accommodation:Yogyakarta · exit=0 signal=- · OK
[2026-08-23T18:42:16.010Z] tick · acquisition:accommodation:Yogyakarta · zone=kaliurang · spawning
[2026-08-23T18:42:43.262Z] tick · acquisition:food:Yogyakarta · exit=0 signal=- · OK
[2026-08-23T18:42:46.263Z] tick · acquisition:food:Yogyakarta · zone=bantul-south · spawning
[2026-08-23T18:42:46.276Z] tick · social:cron-tick · fetching GET http://localhost:3008/api/cron/comms-social-worker
[2026-08-23T18:42:46.497Z] tick · acquisition:accommodation:Yogyakarta · exit=0 signal=- · OK
[2026-08-23T18:42:46.814Z] tick · social:cron-tick · status=200 · OK
[2026-08-23T18:42:49.503Z] tick · acquisition:accommodation:Yogyakarta · zone=borobudur · spawning
[2026-08-23T18:43:16.872Z] tick · acquisition:food:Yogyakarta · exit=0 signal=- · OK
[2026-08-23T18:43:19.872Z] tick · acquisition:food:Yogyakarta · zone=klaten-east · spawning
[2026-08-23T18:43:19.953Z] tick · acquisition:accommodation:Yogyakarta · exit=0 signal=- · OK
[2026-08-23T18:43:22.954Z] tick · acquisition:accommodation:Yogyakarta · zone=yogya-wider · spawning
[2026-08-23T18:43:46.285Z] tick · social:cron-tick · fetching GET http://localhost:3008/api/cron/comms-social-worker
[2026-08-23T18:43:46.553Z] tick · social:cron-tick · status=200 · OK
[2026-08-23T18:43:50.253Z] tick · acquisition:food:Yogyakarta · exit=0 signal=- · OK
[2026-08-23T18:43:53.262Z] tick · acquisition:food:Yogyakarta · zone=gamping-west · spawning
[2026-08-23T18:43:53.330Z] tick · acquisition:accommodation:Yogyakarta · exit=0 signal=- · OK
[2026-08-23T18:43:56.331Z] tick · acquisition:accommodation:Yogyakarta · zone=malioboro · spawning
[2026-08-23T18:44:23.610Z] tick · acquisition:food:Yogyakarta · exit=0 signal=- · OK
[2026-08-23T18:44:26.612Z] tick · acquisition:food:Yogyakarta · zone=prambanan · spawning
[2026-08-23T18:44:26.633Z] tick · acquisition:accommodation:Yogyakarta · exit=0 signal=- · OK
[2026-08-23T18:44:29.639Z] tick · acquisition:accommodation:Yogyakarta · zone=prawirotaman · spawning
[2026-08-23T18:44:43.217Z] tick · brain:cron-tick · fetching GET http://localhost:3008/api/nex/brain/cron-tick
[2026-08-23T18:44:46.293Z] tick · social:cron-tick · fetching GET http://localhost:3008/api/cron/comms-social-worker
[2026-08-23T18:44:51.980Z] tick · social:cron-tick · status=200 · OK
[2026-08-23T18:44:52.165Z] tick · brain:cron-tick · status=200 · OK
[2026-08-23T18:45:00.024Z] tick · acquisition:accommodation:Yogyakarta · exit=0 signal=- · OK
[2026-08-23T18:45:03.003Z] tick · acquisition:food:Yogyakarta · exit=0 signal=- · OK
[2026-08-23T18:45:03.028Z] tick · acquisition:accommodation:Yogyakarta · zone=kaliurang · spawning
[2026-08-23T18:45:06.006Z] tick · acquisition:food:Yogyakarta · zone=sleman-north · spawning
[2026-08-23T18:45:33.411Z] tick · acquisition:accommodation:Yogyakarta · exit=0 signal=- · OK
[2026-08-23T18:45:36.417Z] tick · acquisition:accommodation:Yogyakarta · zone=borobudur · spawning
[2026-08-23T18:45:42.649Z] tick · acquisition:food:Yogyakarta · exit=0 signal=- · OK
[2026-08-23T18:45:45.652Z] tick · acquisition:food:Yogyakarta · zone=bantul-south · spawning
[2026-08-23T18:45:46.298Z] tick · social:cron-tick · fetching GET http://localhost:3008/api/cron/comms-social-worker
[2026-08-23T18:45:47.068Z] tick · social:cron-tick · status=200 · OK
[2026-08-23T18:46:06.926Z] tick · acquisition:accommodation:Yogyakarta · exit=0 signal=- · OK
[2026-08-23T18:46:09.928Z] tick · acquisition:accommodation:Yogyakarta · zone=yogya-wider · spawning
[2026-08-23T18:46:16.257Z] tick · acquisition:food:Yogyakarta · exit=0 signal=- · OK
[2026-08-23T18:46:19.263Z] tick · acquisition:food:Yogyakarta · zone=klaten-east · spawning
[2026-08-23T18:46:40.440Z] tick · acquisition:accommodation:Yogyakarta · exit=0 signal=- · OK
[2026-08-23T18:46:43.443Z] tick · acquisition:accommodation:Yogyakarta · zone=malioboro · spawning
[2026-08-23T18:46:46.304Z] tick · social:cron-tick · fetching GET http://localhost:3008/api/cron/comms-social-worker
[2026-08-23T18:46:46.615Z] tick · social:cron-tick · status=200 · OK
[2026-08-23T18:46:49.835Z] tick · acquisition:food:Yogyakarta · exit=0 signal=- · OK
[2026-08-23T18:46:52.838Z] tick · acquisition:food:Yogyakarta · zone=gamping-west · spawning
[2026-08-23T18:47:14.092Z] tick · acquisition:accommodation:Yogyakarta · exit=0 signal=- · OK
[2026-08-23T18:47:17.124Z] tick · acquisition:accommodation:Yogyakarta · zone=prawirotaman · spawning
[2026-08-23T18:47:23.617Z] tick · acquisition:food:Yogyakarta · exit=0 signal=- · OK
[2026-08-23T18:47:26.622Z] tick · acquisition:food:Yogyakarta · zone=prambanan · spawning
[2026-08-23T18:47:43.220Z] tick · brain:cron-tick · fetching GET http://localhost:3008/api/nex/brain/cron-tick
[2026-08-23T18:47:44.537Z] tick · brain:cron-tick · status=200 · OK
[2026-08-23T18:47:46.311Z] tick · social:cron-tick · fetching GET http://localhost:3008/api/cron/comms-social-worker
[2026-08-23T18:47:46.416Z] tick · social:cron-tick · status=200 · OK
[2026-08-23T18:47:47.875Z] tick · acquisition:accommodation:Yogyakarta · exit=0 signal=- · OK
[2026-08-23T18:47:50.882Z] tick · acquisition:accommodation:Yogyakarta · zone=kaliurang · spawning
[2026-08-23T18:48:02.496Z] tick · acquisition:food:Yogyakarta · exit=0 signal=- · OK
[2026-08-23T18:48:05.502Z] tick · acquisition:food:Yogyakarta · zone=sleman-north · spawning
[2026-08-23T18:48:21.291Z] tick · acquisition:accommodation:Yogyakarta · exit=0 signal=- · OK
[2026-08-23T18:48:24.293Z] tick · acquisition:accommodation:Yogyakarta · zone=borobudur · spawning
[2026-08-23T18:48:40.062Z] tick · acquisition:food:Yogyakarta · exit=0 signal=- · OK
[2026-08-23T18:48:43.066Z] tick · acquisition:food:Yogyakarta · zone=bantul-south · spawning
[2026-08-23T18:48:46.315Z] tick · social:cron-tick · fetching GET http://localhost:3008/api/cron/comms-social-worker
[2026-08-23T18:48:46.540Z] tick · social:cron-tick · status=200 · OK
[2026-08-23T18:48:54.722Z] tick · acquisition:accommodation:Yogyakarta · exit=0 signal=- · OK
[2026-08-23T18:48:57.725Z] tick · acquisition:accommodation:Yogyakarta · zone=yogya-wider · spawning
[2026-08-23T18:49:13.465Z] tick · acquisition:food:Yogyakarta · exit=0 signal=- · OK
[2026-08-23T18:49:16.474Z] tick · acquisition:food:Yogyakarta · zone=klaten-east · spawning
[2026-08-23T18:49:28.106Z] tick · acquisition:accommodation:Yogyakarta · exit=0 signal=- · OK
[2026-08-23T18:49:31.111Z] tick · acquisition:accommodation:Yogyakarta · zone=malioboro · spawning
[2026-08-23T18:49:42.497Z] tick · cle:conversation · spawning
[2026-08-23T18:49:42.932Z] tick · cle:conversation · exit=0 signal=- · OK
[2026-08-23T18:49:46.320Z] tick · social:cron-tick · fetching GET http://localhost:3008/api/cron/comms-social-worker
[2026-08-23T18:49:46.644Z] tick · social:cron-tick · status=200 · OK
[2026-08-23T18:49:46.892Z] tick · acquisition:food:Yogyakarta · exit=0 signal=- · OK
[2026-08-23T18:49:49.898Z] tick · acquisition:food:Yogyakarta · zone=gamping-west · spawning
[2026-08-23T18:50:01.468Z] tick · acquisition:accommodation:Yogyakarta · exit=0 signal=- · OK
[2026-08-23T18:50:04.470Z] tick · acquisition:accommodation:Yogyakarta · zone=prawirotaman · spawning
[2026-08-23T18:50:20.372Z] tick · acquisition:food:Yogyakarta · exit=0 signal=- · OK
[2026-08-23T18:50:23.385Z] tick · acquisition:food:Yogyakarta · zone=prambanan · spawning
[2026-08-23T18:50:34.965Z] tick · acquisition:accommodation:Yogyakarta · exit=0 signal=- · OK
[2026-08-23T18:50:37.971Z] tick · acquisition:accommodation:Yogyakarta · zone=kaliurang · spawning
[2026-08-23T18:50:43.233Z] tick · brain:cron-tick · fetching GET http://localhost:3008/api/nex/brain/cron-tick
[2026-08-23T18:50:43.627Z] tick · brain:cron-tick · status=200 · OK
[2026-08-23T18:50:46.324Z] tick · social:cron-tick · fetching GET http://localhost:3008/api/cron/comms-social-worker
[2026-08-23T18:50:46.452Z] tick · social:cron-tick · status=200 · OK
[2026-08-23T18:51:00.071Z] tick · acquisition:food:Yogyakarta · exit=0 signal=- · OK
[2026-08-23T18:51:03.082Z] tick · acquisition:food:Yogyakarta · zone=sleman-north · spawning
[2026-08-23T18:51:08.306Z] tick · acquisition:accommodation:Yogyakarta · exit=0 signal=- · OK
[2026-08-23T18:51:11.311Z] tick · acquisition:accommodation:Yogyakarta · zone=borobudur · spawning
[2026-08-23T18:51:39.834Z] tick · acquisition:food:Yogyakarta · exit=0 signal=- · OK
[2026-08-23T18:51:41.619Z] tick · acquisition:accommodation:Yogyakarta · exit=0 signal=- · OK
[2026-08-23T18:51:42.836Z] tick · acquisition:food:Yogyakarta · zone=bantul-south · spawning
[2026-08-23T18:51:44.631Z] tick · acquisition:accommodation:Yogyakarta · zone=yogya-wider · spawning
[2026-08-23T18:51:46.339Z] tick · social:cron-tick · fetching GET http://localhost:3008/api/cron/comms-social-worker
[2026-08-23T18:51:46.510Z] tick · social:cron-tick · status=200 · OK
[2026-08-23T18:52:13.175Z] tick · acquisition:food:Yogyakarta · exit=0 signal=- · OK
[2026-08-23T18:52:15.203Z] tick · acquisition:accommodation:Yogyakarta · exit=0 signal=- · OK
[2026-08-23T18:52:16.190Z] tick · acquisition:food:Yogyakarta · zone=klaten-east · spawning
[2026-08-23T18:52:18.207Z] tick · acquisition:accommodation:Yogyakarta · zone=malioboro · spawning
[2026-08-23T18:52:46.345Z] tick · social:cron-tick · fetching GET http://localhost:3008/api/cron/comms-social-worker
[2026-08-23T18:52:46.609Z] tick · social:cron-tick · status=200 · OK
[2026-08-23T18:52:46.722Z] tick · acquisition:food:Yogyakarta · exit=0 signal=- · OK
[2026-08-23T18:52:48.646Z] tick · acquisition:accommodation:Yogyakarta · exit=0 signal=- · OK
[2026-08-23T18:52:49.727Z] tick · acquisition:food:Yogyakarta · zone=gamping-west · spawning
[2026-08-23T18:52:51.649Z] tick · acquisition:accommodation:Yogyakarta · zone=prawirotaman · spawning
[2026-08-23T18:53:20.207Z] tick · acquisition:food:Yogyakarta · exit=0 signal=- · OK
[2026-08-23T18:53:22.034Z] tick · acquisition:accommodation:Yogyakarta · exit=0 signal=- · OK
[2026-08-23T18:53:23.212Z] tick · acquisition:food:Yogyakarta · zone=prambanan · spawning
[2026-08-23T18:53:25.040Z] tick · acquisition:accommodation:Yogyakarta · zone=kaliurang · spawning
[2026-08-23T18:53:43.240Z] tick · brain:cron-tick · fetching GET http://localhost:3008/api/nex/brain/cron-tick
[2026-08-23T18:53:43.798Z] tick · brain:cron-tick · status=200 · OK
[2026-08-23T18:53:46.356Z] tick · social:cron-tick · fetching GET http://localhost:3008/api/cron/comms-social-worker
[2026-08-23T18:53:46.474Z] tick · social:cron-tick · status=200 · OK
[2026-08-23T18:53:55.461Z] tick · acquisition:accommodation:Yogyakarta · exit=0 signal=- · OK
[2026-08-23T18:53:57.156Z] tick · acquisition:food:Yogyakarta · exit=0 signal=- · OK
[2026-08-23T18:53:58.469Z] tick · acquisition:accommodation:Yogyakarta · zone=borobudur · spawning
[2026-08-23T18:54:00.157Z] tick · acquisition:food:Yogyakarta · zone=sleman-north · spawning
[2026-08-23T18:54:28.740Z] tick · acquisition:accommodation:Yogyakarta · exit=0 signal=- · OK
[2026-08-23T18:54:31.756Z] tick · acquisition:accommodation:Yogyakarta · zone=yogya-wider · spawning
[2026-08-23T18:54:33.321Z] tick · acquisition:food:Yogyakarta · exit=0 signal=- · OK
[2026-08-23T18:54:36.324Z] tick · acquisition:food:Yogyakarta · zone=bantul-south · spawning
[2026-08-23T18:54:46.360Z] tick · social:cron-tick · fetching GET http://localhost:3008/api/cron/comms-social-worker
[2026-08-23T18:54:46.528Z] tick · social:cron-tick · status=200 · OK
[2026-08-23T18:55:02.076Z] tick · acquisition:accommodation:Yogyakarta · exit=0 signal=- · OK
[2026-08-23T18:55:05.087Z] tick · acquisition:accommodation:Yogyakarta · zone=malioboro · spawning
[2026-08-23T18:55:06.829Z] tick · acquisition:food:Yogyakarta · exit=0 signal=- · OK
[2026-08-23T18:55:09.844Z] tick · acquisition:food:Yogyakarta · zone=klaten-east · spawning
[2026-08-23T18:55:35.508Z] tick · acquisition:accommodation:Yogyakarta · exit=0 signal=- · OK
[2026-08-23T18:55:38.511Z] tick · acquisition:accommodation:Yogyakarta · zone=prawirotaman · spawning
[2026-08-23T18:55:40.202Z] tick · acquisition:food:Yogyakarta · exit=0 signal=- · OK
[2026-08-23T18:55:43.212Z] tick · acquisition:food:Yogyakarta · zone=gamping-west · spawning
[2026-08-23T18:55:46.373Z] tick · social:cron-tick · fetching GET http://localhost:3008/api/cron/comms-social-worker
[2026-08-23T18:55:46.543Z] tick · social:cron-tick · status=200 · OK
[2026-08-23T18:56:08.931Z] tick · acquisition:accommodation:Yogyakarta · exit=0 signal=- · OK
[2026-08-23T18:56:11.939Z] tick · acquisition:accommodation:Yogyakarta · zone=kaliurang · spawning
[2026-08-23T18:56:13.510Z] tick · acquisition:food:Yogyakarta · exit=0 signal=- · OK
[2026-08-23T18:56:16.516Z] tick · acquisition:food:Yogyakarta · zone=prambanan · spawning
[2026-08-23T18:56:42.289Z] tick · acquisition:accommodation:Yogyakarta · exit=0 signal=- · OK
[2026-08-23T18:56:43.258Z] tick · brain:cron-tick · fetching GET http://localhost:3008/api/nex/brain/cron-tick
[2026-08-23T18:56:43.767Z] tick · brain:cron-tick · status=200 · OK
[2026-08-23T18:56:45.294Z] tick · acquisition:accommodation:Yogyakarta · zone=borobudur · spawning
[2026-08-23T18:56:46.388Z] tick · social:cron-tick · fetching GET http://localhost:3008/api/cron/comms-social-worker
[2026-08-23T18:56:46.503Z] tick · social:cron-tick · status=200 · OK
[2026-08-23T18:56:55.071Z] tick · acquisition:food:Yogyakarta · exit=0 signal=- · OK
[2026-08-23T18:56:58.077Z] tick · acquisition:food:Yogyakarta · zone=sleman-north · spawning
[2026-08-23T18:57:15.618Z] tick · acquisition:accommodation:Yogyakarta · exit=0 signal=- · OK
[2026-08-23T18:57:18.623Z] tick · acquisition:accommodation:Yogyakarta · zone=yogya-wider · spawning
[2026-08-23T18:57:37.537Z] tick · acquisition:food:Yogyakarta · exit=0 signal=- · OK
[2026-08-23T18:57:40.540Z] tick · acquisition:food:Yogyakarta · zone=bantul-south · spawning
[2026-08-23T18:57:46.400Z] tick · social:cron-tick · fetching GET http://localhost:3008/api/cron/comms-social-worker
[2026-08-23T18:57:46.677Z] tick · social:cron-tick · status=200 · OK
[2026-08-23T18:57:49.481Z] tick · acquisition:accommodation:Yogyakarta · exit=0 signal=- · OK
[2026-08-23T18:57:52.484Z] tick · acquisition:accommodation:Yogyakarta · zone=malioboro · spawning
[2026-08-23T18:58:10.938Z] tick · acquisition:food:Yogyakarta · exit=0 signal=- · OK
[2026-08-23T18:58:13.944Z] tick · acquisition:food:Yogyakarta · zone=klaten-east · spawning
[2026-08-23T18:58:22.744Z] tick · acquisition:accommodation:Yogyakarta · exit=0 signal=- · OK
[2026-08-23T18:58:25.748Z] tick · acquisition:accommodation:Yogyakarta · zone=prawirotaman · spawning
[2026-08-23T18:58:44.388Z] tick · acquisition:food:Yogyakarta · exit=0 signal=- · OK
[2026-08-23T18:58:46.410Z] tick · social:cron-tick · fetching GET http://localhost:3008/api/cron/comms-social-worker
[2026-08-23T18:58:46.518Z] tick · social:cron-tick · status=200 · OK
[2026-08-23T18:58:47.396Z] tick · acquisition:food:Yogyakarta · zone=gamping-west · spawning
[2026-08-23T18:58:56.073Z] tick · acquisition:accommodation:Yogyakarta · exit=0 signal=- · OK
[2026-08-23T18:58:59.075Z] tick · acquisition:accommodation:Yogyakarta · zone=kaliurang · spawning
[2026-08-23T18:59:17.714Z] tick · acquisition:food:Yogyakarta · exit=0 signal=- · OK
[2026-08-23T18:59:20.715Z] tick · acquisition:food:Yogyakarta · zone=prambanan · spawning
[2026-08-23T18:59:29.458Z] tick · acquisition:accommodation:Yogyakarta · exit=0 signal=- · OK
[2026-08-23T18:59:32.459Z] tick · acquisition:accommodation:Yogyakarta · zone=borobudur · spawning
[2026-08-23T18:59:42.502Z] tick · cle:conversation · spawning
[2026-08-23T18:59:43.011Z] tick · cle:conversation · exit=0 signal=- · OK
[2026-08-23T18:59:43.262Z] tick · brain:cron-tick · fetching GET http://localhost:3008/api/nex/brain/cron-tick
[2026-08-23T18:59:46.420Z] tick · social:cron-tick · fetching GET http://localhost:3008/api/cron/comms-social-worker
[2026-08-23T18:59:46.713Z] tick · social:cron-tick · status=200 · OK
[2026-08-23T18:59:46.991Z] tick · brain:cron-tick · status=200 · OK
[2026-08-23T18:59:56.472Z] tick · acquisition:food:Yogyakarta · exit=0 signal=- · OK
[2026-08-23T18:59:59.478Z] tick · acquisition:food:Yogyakarta · zone=sleman-north · spawning
[2026-08-23T19:00:02.903Z] tick · acquisition:accommodation:Yogyakarta · exit=0 signal=- · OK
[2026-08-23T19:00:05.919Z] tick · acquisition:accommodation:Yogyakarta · zone=yogya-wider · spawning
[2026-08-23T19:00:37.483Z] tick · acquisition:accommodation:Yogyakarta · exit=0 signal=- · OK
[2026-08-23T19:00:37.697Z] tick · acquisition:food:Yogyakarta · exit=0 signal=- · OK
[2026-08-23T19:00:40.492Z] tick · acquisition:accommodation:Yogyakarta · zone=malioboro · spawning
[2026-08-23T19:00:40.707Z] tick · acquisition:food:Yogyakarta · zone=bantul-south · spawning
[2026-08-23T19:00:46.435Z] tick · social:cron-tick · fetching GET http://localhost:3008/api/cron/comms-social-worker
[2026-08-23T19:00:46.536Z] tick · social:cron-tick · status=200 · OK
[2026-08-23T19:01:10.813Z] tick · acquisition:accommodation:Yogyakarta · exit=0 signal=- · OK
[2026-08-23T19:01:11.018Z] tick · acquisition:food:Yogyakarta · exit=0 signal=- · OK
[2026-08-23T19:01:13.818Z] tick · acquisition:accommodation:Yogyakarta · zone=prawirotaman · spawning
[2026-08-23T19:01:14.027Z] tick · acquisition:food:Yogyakarta · zone=klaten-east · spawning
[2026-08-23T19:01:44.083Z] tick · acquisition:accommodation:Yogyakarta · exit=0 signal=- · OK
[2026-08-23T19:01:44.323Z] tick · acquisition:food:Yogyakarta · exit=0 signal=- · OK
[2026-08-23T19:01:46.436Z] tick · social:cron-tick · fetching GET http://localhost:3008/api/cron/comms-social-worker
[2026-08-23T19:01:46.551Z] tick · social:cron-tick · status=200 · OK
[2026-08-23T19:01:47.096Z] tick · acquisition:accommodation:Yogyakarta · zone=kaliurang · spawning
[2026-08-23T19:01:47.327Z] tick · acquisition:food:Yogyakarta · zone=gamping-west · spawning
[2026-08-23T19:02:17.357Z] tick · acquisition:accommodation:Yogyakarta · exit=0 signal=- · OK
[2026-08-23T19:02:17.623Z] tick · acquisition:food:Yogyakarta · exit=0 signal=- · OK
[2026-08-23T19:02:20.363Z] tick · acquisition:accommodation:Yogyakarta · zone=borobudur · spawning
[2026-08-23T19:02:20.629Z] tick · acquisition:food:Yogyakarta · zone=prambanan · spawning
[2026-08-23T19:02:43.263Z] tick · brain:cron-tick · fetching GET http://localhost:3008/api/nex/brain/cron-tick
[2026-08-23T19:02:43.776Z] tick · brain:cron-tick · status=200 · OK
[2026-08-23T19:02:46.447Z] tick · social:cron-tick · fetching GET http://localhost:3008/api/cron/comms-social-worker
[2026-08-23T19:02:46.559Z] tick · social:cron-tick · status=200 · OK
[2026-08-23T19:02:50.763Z] tick · acquisition:accommodation:Yogyakarta · exit=0 signal=- · OK
[2026-08-23T19:02:53.767Z] tick · acquisition:accommodation:Yogyakarta · zone=yogya-wider · spawning
[2026-08-23T19:02:59.772Z] tick · acquisition:food:Yogyakarta · exit=0 signal=- · OK
[2026-08-23T19:03:02.787Z] tick · acquisition:food:Yogyakarta · zone=sleman-north · spawning
[2026-08-23T19:03:24.117Z] tick · acquisition:accommodation:Yogyakarta · exit=0 signal=- · OK
[2026-08-23T19:03:27.119Z] tick · acquisition:accommodation:Yogyakarta · zone=malioboro · spawning
[2026-08-23T19:03:38.124Z] tick · acquisition:food:Yogyakarta · exit=0 signal=- · OK
[2026-08-23T19:03:41.129Z] tick · acquisition:food:Yogyakarta · zone=bantul-south · spawning
[2026-08-23T19:03:46.449Z] tick · social:cron-tick · fetching GET http://localhost:3008/api/cron/comms-social-worker
[2026-08-23T19:03:46.631Z] tick · social:cron-tick · status=200 · OK
[2026-08-23T19:03:57.476Z] tick · acquisition:accommodation:Yogyakarta · exit=0 signal=- · OK
[2026-08-23T19:04:00.479Z] tick · acquisition:accommodation:Yogyakarta · zone=prawirotaman · spawning
[2026-08-23T19:04:11.505Z] tick · acquisition:food:Yogyakarta · exit=0 signal=- · OK
[2026-08-23T19:04:14.508Z] tick · acquisition:food:Yogyakarta · zone=klaten-east · spawning
[2026-08-23T19:04:30.886Z] tick · acquisition:accommodation:Yogyakarta · exit=0 signal=- · OK
[2026-08-23T19:04:33.898Z] tick · acquisition:accommodation:Yogyakarta · zone=kaliurang · spawning
[2026-08-23T19:04:44.905Z] tick · acquisition:food:Yogyakarta · exit=0 signal=- · OK
[2026-08-23T19:04:46.452Z] tick · social:cron-tick · fetching GET http://localhost:3008/api/cron/comms-social-worker
[2026-08-23T19:04:47.566Z] tick · social:cron-tick · status=200 · OK
[2026-08-23T19:04:47.908Z] tick · acquisition:food:Yogyakarta · zone=gamping-west · spawning
[2026-08-23T19:05:04.625Z] tick · acquisition:accommodation:Yogyakarta · exit=0 signal=- · OK
[2026-08-23T19:05:07.635Z] tick · acquisition:accommodation:Yogyakarta · zone=borobudur · spawning
[2026-08-23T19:05:18.384Z] tick · acquisition:food:Yogyakarta · exit=0 signal=- · OK
[2026-08-23T19:05:21.388Z] tick · acquisition:food:Yogyakarta · zone=prambanan · spawning
[2026-08-23T19:05:38.068Z] tick · acquisition:accommodation:Yogyakarta · exit=0 signal=- · OK
[2026-08-23T19:05:41.079Z] tick · acquisition:accommodation:Yogyakarta · zone=yogya-wider · spawning
[2026-08-23T19:05:43.266Z] tick · brain:cron-tick · fetching GET http://localhost:3008/api/nex/brain/cron-tick
[2026-08-23T19:05:43.833Z] tick · brain:cron-tick · status=200 · OK
[2026-08-23T19:05:46.457Z] tick · social:cron-tick · fetching GET http://localhost:3008/api/cron/comms-social-worker
[2026-08-23T19:05:46.580Z] tick · social:cron-tick · status=200 · OK
[2026-08-23T19:05:58.039Z] tick · acquisition:food:Yogyakarta · exit=0 signal=- · OK
[2026-08-23T19:06:01.047Z] tick · acquisition:food:Yogyakarta · zone=sleman-north · spawning
[2026-08-23T19:06:11.700Z] tick · acquisition:accommodation:Yogyakarta · exit=0 signal=- · OK
[2026-08-23T19:06:14.706Z] tick · acquisition:accommodation:Yogyakarta · zone=malioboro · spawning
[2026-08-23T19:06:39.833Z] tick · acquisition:food:Yogyakarta · exit=0 signal=- · OK
[2026-08-23T19:06:42.835Z] tick · acquisition:food:Yogyakarta · zone=bantul-south · spawning
[2026-08-23T19:06:45.106Z] tick · acquisition:accommodation:Yogyakarta · exit=0 signal=- · OK
[2026-08-23T19:06:46.458Z] tick · social:cron-tick · fetching GET http://localhost:3008/api/cron/comms-social-worker
[2026-08-23T19:06:46.739Z] tick · social:cron-tick · status=200 · OK
[2026-08-23T19:06:48.116Z] tick · acquisition:accommodation:Yogyakarta · zone=prawirotaman · spawning
[2026-08-23T19:07:13.265Z] tick · acquisition:food:Yogyakarta · exit=0 signal=- · OK
[2026-08-23T19:07:16.266Z] tick · acquisition:food:Yogyakarta · zone=klaten-east · spawning
[2026-08-23T19:07:18.479Z] tick · acquisition:accommodation:Yogyakarta · exit=0 signal=- · OK
[2026-08-23T19:07:21.485Z] tick · acquisition:accommodation:Yogyakarta · zone=kaliurang · spawning
[2026-08-23T19:07:28.854Z] tick · promotion:food:Yogyakarta:quality-check · spawning
[2026-08-23T19:07:29.352Z] tick · promotion:food:Yogyakarta:quality-check · exit=0 signal=- · OK
[2026-08-23T19:07:46.461Z] tick · social:cron-tick · fetching GET http://localhost:3008/api/cron/comms-social-worker
[2026-08-23T19:07:46.701Z] tick · social:cron-tick · status=200 · OK
[2026-08-23T19:07:46.817Z] tick · acquisition:food:Yogyakarta · exit=0 signal=- · OK
[2026-08-23T19:07:49.817Z] tick · acquisition:food:Yogyakarta · zone=gamping-west · spawning
[2026-08-23T19:07:51.854Z] tick · acquisition:accommodation:Yogyakarta · exit=0 signal=- · OK
[2026-08-23T19:07:54.862Z] tick · acquisition:accommodation:Yogyakarta · zone=borobudur · spawning
[2026-08-23T19:08:20.316Z] tick · acquisition:food:Yogyakarta · exit=0 signal=- · OK
[2026-08-23T19:08:23.322Z] tick · acquisition:food:Yogyakarta · zone=prambanan · spawning
[2026-08-23T19:08:25.198Z] tick · acquisition:accommodation:Yogyakarta · exit=0 signal=- · OK
[2026-08-23T19:08:28.203Z] tick · acquisition:accommodation:Yogyakarta · zone=yogya-wider · spawning
[2026-08-23T19:08:43.272Z] tick · brain:cron-tick · fetching GET http://localhost:3008/api/nex/brain/cron-tick
[2026-08-23T19:08:44.028Z] tick · brain:cron-tick · status=200 · OK
[2026-08-23T19:08:46.475Z] tick · social:cron-tick · fetching GET http://localhost:3008/api/cron/comms-social-worker
[2026-08-23T19:08:46.680Z] tick · social:cron-tick · status=200 · OK
[2026-08-23T19:08:58.565Z] tick · acquisition:accommodation:Yogyakarta · exit=0 signal=- · OK
[2026-08-23T19:09:01.566Z] tick · acquisition:accommodation:Yogyakarta · zone=malioboro · spawning
[2026-08-23T19:09:03.687Z] tick · acquisition:food:Yogyakarta · exit=0 signal=- · OK
[2026-08-23T19:09:06.693Z] tick · acquisition:food:Yogyakarta · zone=sleman-north · spawning
[2026-08-23T19:09:32.157Z] tick · acquisition:accommodation:Yogyakarta · exit=0 signal=- · OK
[2026-08-23T19:09:35.159Z] tick · acquisition:accommodation:Yogyakarta · zone=prawirotaman · spawning
[2026-08-23T19:09:40.731Z] tick · acquisition:food:Yogyakarta · exit=0 signal=- · OK
[2026-08-23T19:09:42.505Z] tick · cle:conversation · spawning
[2026-08-23T19:09:43.091Z] tick · cle:conversation · exit=0 signal=- · OK
[2026-08-23T19:09:43.733Z] tick · acquisition:food:Yogyakarta · zone=bantul-south · spawning
[2026-08-23T19:09:46.483Z] tick · social:cron-tick · fetching GET http://localhost:3008/api/cron/comms-social-worker
[2026-08-23T19:09:46.745Z] tick · social:cron-tick · status=200 · OK
[2026-08-23T19:10:05.568Z] tick · acquisition:accommodation:Yogyakarta · exit=0 signal=- · OK
[2026-08-23T19:10:08.574Z] tick · acquisition:accommodation:Yogyakarta · zone=kaliurang · spawning
[2026-08-23T19:10:14.243Z] tick · acquisition:food:Yogyakarta · exit=0 signal=- · OK
[2026-08-23T19:10:17.247Z] tick · acquisition:food:Yogyakarta · zone=klaten-east · spawning
[2026-08-23T19:10:38.998Z] tick · acquisition:accommodation:Yogyakarta · exit=0 signal=- · OK
[2026-08-23T19:10:42.001Z] tick · acquisition:accommodation:Yogyakarta · zone=borobudur · spawning
[2026-08-23T19:10:46.485Z] tick · social:cron-tick · fetching GET http://localhost:3008/api/cron/comms-social-worker
[2026-08-23T19:10:47.048Z] tick · social:cron-tick · status=200 · OK
[2026-08-23T19:10:47.877Z] tick · acquisition:food:Yogyakarta · exit=0 signal=- · OK
[2026-08-23T19:10:50.888Z] tick · acquisition:food:Yogyakarta · zone=gamping-west · spawning
[2026-08-23T19:11:12.469Z] tick · acquisition:accommodation:Yogyakarta · exit=0 signal=- · OK
[2026-08-23T19:11:15.475Z] tick · acquisition:accommodation:Yogyakarta · zone=yogya-wider · spawning
[2026-08-23T19:11:21.389Z] tick · acquisition:food:Yogyakarta · exit=0 signal=- · OK
[2026-08-23T19:11:24.393Z] tick · acquisition:food:Yogyakarta · zone=prambanan · spawning
[2026-08-23T19:11:43.272Z] tick · brain:cron-tick · fetching GET http://localhost:3008/api/nex/brain/cron-tick
[2026-08-23T19:11:45.304Z] tick · brain:cron-tick · status=200 · OK
[2026-08-23T19:11:46.069Z] tick · acquisition:accommodation:Yogyakarta · exit=0 signal=- · OK
[2026-08-23T19:11:46.497Z] tick · social:cron-tick · fetching GET http://localhost:3008/api/cron/comms-social-worker
[2026-08-23T19:11:46.695Z] tick · social:cron-tick · status=200 · OK
[2026-08-23T19:11:49.071Z] tick · acquisition:accommodation:Yogyakarta · zone=malioboro · spawning
[2026-08-23T19:11:58.448Z] tick · acquisition:food:Yogyakarta · exit=0 signal=- · OK
[2026-08-23T19:12:01.450Z] tick · acquisition:food:Yogyakarta · zone=sleman-north · spawning
[2026-08-23T19:12:19.561Z] tick · acquisition:accommodation:Yogyakarta · exit=0 signal=- · OK
[2026-08-23T19:12:22.570Z] tick · acquisition:accommodation:Yogyakarta · zone=prawirotaman · spawning
[2026-08-23T19:12:36.467Z] tick · acquisition:food:Yogyakarta · exit=0 signal=- · OK
[2026-08-23T19:12:39.473Z] tick · acquisition:food:Yogyakarta · zone=bantul-south · spawning
[2026-08-23T19:12:46.499Z] tick · social:cron-tick · fetching GET http://localhost:3008/api/cron/comms-social-worker
[2026-08-23T19:12:46.773Z] tick · social:cron-tick · status=200 · OK
[2026-08-23T19:12:52.991Z] tick · acquisition:accommodation:Yogyakarta · exit=0 signal=- · OK
[2026-08-23T19:12:55.993Z] tick · acquisition:accommodation:Yogyakarta · zone=kaliurang · spawning
[2026-08-23T19:13:10.028Z] tick · acquisition:food:Yogyakarta · exit=0 signal=- · OK
[2026-08-23T19:13:13.028Z] tick · acquisition:food:Yogyakarta · zone=klaten-east · spawning
[2026-08-23T19:13:26.445Z] tick · acquisition:accommodation:Yogyakarta · exit=0 signal=- · OK
[2026-08-23T19:13:29.457Z] tick · acquisition:accommodation:Yogyakarta · zone=borobudur · spawning
[2026-08-23T19:13:43.452Z] tick · acquisition:food:Yogyakarta · exit=0 signal=- · OK
[2026-08-23T19:13:46.460Z] tick · acquisition:food:Yogyakarta · zone=gamping-west · spawning
[2026-08-23T19:13:46.509Z] tick · social:cron-tick · fetching GET http://localhost:3008/api/cron/comms-social-worker
[2026-08-23T19:13:46.668Z] tick · social:cron-tick · status=200 · OK
[2026-08-23T19:13:59.817Z] tick · acquisition:accommodation:Yogyakarta · exit=0 signal=- · OK
[2026-08-23T19:14:02.819Z] tick · acquisition:accommodation:Yogyakarta · zone=yogya-wider · spawning
[2026-08-23T19:14:16.899Z] tick · acquisition:food:Yogyakarta · exit=0 signal=- · OK
[2026-08-23T19:14:19.901Z] tick · acquisition:food:Yogyakarta · zone=prambanan · spawning
[2026-08-23T19:14:33.226Z] tick · acquisition:accommodation:Yogyakarta · exit=0 signal=- · OK
[2026-08-23T19:14:36.229Z] tick · acquisition:accommodation:Yogyakarta · zone=malioboro · spawning
[2026-08-23T19:14:43.278Z] tick · brain:cron-tick · fetching GET http://localhost:3008/api/nex/brain/cron-tick
[2026-08-23T19:14:46.350Z] tick · brain:cron-tick · status=200 · OK
[2026-08-23T19:14:46.512Z] tick · social:cron-tick · fetching GET http://localhost:3008/api/cron/comms-social-worker
[2026-08-23T19:14:46.617Z] tick · social:cron-tick · status=200 · OK
[2026-08-23T19:14:56.821Z] tick · acquisition:food:Yogyakarta · exit=0 signal=- · OK
[2026-08-23T19:14:59.826Z] tick · acquisition:food:Yogyakarta · zone=sleman-north · spawning
[2026-08-23T19:15:06.974Z] tick · acquisition:accommodation:Yogyakarta · exit=0 signal=- · OK
[2026-08-23T19:15:09.977Z] tick · acquisition:accommodation:Yogyakarta · zone=prawirotaman · spawning
[2026-08-23T19:15:35.543Z] tick · acquisition:food:Yogyakarta · exit=0 signal=- · OK
[2026-08-23T19:15:38.545Z] tick · acquisition:food:Yogyakarta · zone=bantul-south · spawning
[2026-08-23T19:15:40.363Z] tick · acquisition:accommodation:Yogyakarta · exit=0 signal=- · OK
[2026-08-23T19:15:43.379Z] tick · acquisition:accommodation:Yogyakarta · zone=kaliurang · spawning
[2026-08-23T19:15:46.517Z] tick · social:cron-tick · fetching GET http://localhost:3008/api/cron/comms-social-worker
[2026-08-23T19:15:46.734Z] tick · social:cron-tick · status=200 · OK
[2026-08-23T19:16:08.965Z] tick · acquisition:food:Yogyakarta · exit=0 signal=- · OK
[2026-08-23T19:16:11.968Z] tick · acquisition:food:Yogyakarta · zone=klaten-east · spawning
[2026-08-23T19:16:13.798Z] tick · acquisition:accommodation:Yogyakarta · exit=0 signal=- · OK
[2026-08-23T19:16:16.801Z] tick · acquisition:accommodation:Yogyakarta · zone=borobudur · spawning
[2026-08-23T19:16:42.362Z] tick · acquisition:food:Yogyakarta · exit=0 signal=- · OK
[2026-08-23T19:16:45.365Z] tick · acquisition:food:Yogyakarta · zone=gamping-west · spawning
[2026-08-23T19:16:46.525Z] tick · social:cron-tick · fetching GET http://localhost:3008/api/cron/comms-social-worker
[2026-08-23T19:16:46.722Z] tick · social:cron-tick · status=200 · OK
[2026-08-23T19:16:47.164Z] tick · acquisition:accommodation:Yogyakarta · exit=0 signal=- · OK
[2026-08-23T19:16:50.173Z] tick · acquisition:accommodation:Yogyakarta · zone=yogya-wider · spawning
[2026-08-23T19:17:15.708Z] tick · acquisition:food:Yogyakarta · exit=0 signal=- · OK
[2026-08-23T19:17:18.709Z] tick · acquisition:food:Yogyakarta · zone=prambanan · spawning
[2026-08-23T19:17:20.530Z] tick · acquisition:accommodation:Yogyakarta · exit=0 signal=- · OK
[2026-08-23T19:17:23.534Z] tick · acquisition:accommodation:Yogyakarta · zone=malioboro · spawning
[2026-08-23T19:17:43.280Z] tick · brain:cron-tick · fetching GET http://localhost:3008/api/nex/brain/cron-tick
[2026-08-23T19:17:43.832Z] tick · brain:cron-tick · status=200 · OK
[2026-08-23T19:17:46.530Z] tick · social:cron-tick · fetching GET http://localhost:3008/api/cron/comms-social-worker
[2026-08-23T19:17:46.672Z] tick · social:cron-tick · status=200 · OK
[2026-08-23T19:17:53.920Z] tick · acquisition:accommodation:Yogyakarta · exit=0 signal=- · OK
[2026-08-23T19:17:54.618Z] tick · acquisition:food:Yogyakarta · exit=0 signal=- · OK
[2026-08-23T19:17:56.931Z] tick · acquisition:accommodation:Yogyakarta · zone=prawirotaman · spawning
[2026-08-23T19:17:57.618Z] tick · acquisition:food:Yogyakarta · zone=sleman-north · spawning
[2026-08-23T19:18:27.439Z] tick · acquisition:accommodation:Yogyakarta · exit=0 signal=- · OK
[2026-08-23T19:18:30.447Z] tick · acquisition:accommodation:Yogyakarta · zone=kaliurang · spawning
[2026-08-23T19:18:32.971Z] tick · acquisition:food:Yogyakarta · exit=0 signal=- · OK
[2026-08-23T19:18:35.980Z] tick · acquisition:food:Yogyakarta · zone=bantul-south · spawning
[2026-08-23T19:18:46.545Z] tick · social:cron-tick · fetching GET http://localhost:3008/api/cron/comms-social-worker
[2026-08-23T19:18:46.783Z] tick · social:cron-tick · status=200 · OK
[2026-08-23T19:19:00.805Z] tick · acquisition:accommodation:Yogyakarta · exit=0 signal=- · OK
[2026-08-23T19:19:03.807Z] tick · acquisition:accommodation:Yogyakarta · zone=borobudur · spawning
[2026-08-23T19:19:06.373Z] tick · acquisition:food:Yogyakarta · exit=0 signal=- · OK
[2026-08-23T19:19:09.374Z] tick · acquisition:food:Yogyakarta · zone=klaten-east · spawning
[2026-08-23T19:19:34.216Z] tick · acquisition:accommodation:Yogyakarta · exit=0 signal=- · OK
[2026-08-23T19:19:37.231Z] tick · acquisition:accommodation:Yogyakarta · zone=yogya-wider · spawning
[2026-08-23T19:19:39.678Z] tick · acquisition:food:Yogyakarta · exit=0 signal=- · OK
[2026-08-23T19:19:42.514Z] tick · cle:conversation · spawning
[2026-08-23T19:19:42.679Z] tick · acquisition:food:Yogyakarta · zone=gamping-west · spawning
[2026-08-23T19:19:42.833Z] tick · cle:conversation · exit=0 signal=- · OK
[2026-08-23T19:19:46.547Z] tick · social:cron-tick · fetching GET http://localhost:3008/api/cron/comms-social-worker
[2026-08-23T19:19:46.744Z] tick · social:cron-tick · status=200 · OK
[2026-08-23T19:20:07.556Z] tick · acquisition:accommodation:Yogyakarta · exit=0 signal=- · OK
[2026-08-23T19:20:10.571Z] tick · acquisition:accommodation:Yogyakarta · zone=malioboro · spawning
[2026-08-23T19:20:13.003Z] tick · acquisition:food:Yogyakarta · exit=0 signal=- · OK
[2026-08-23T19:20:16.012Z] tick · acquisition:food:Yogyakarta · zone=prambanan · spawning
[2026-08-23T19:20:40.867Z] tick · acquisition:accommodation:Yogyakarta · exit=0 signal=- · OK
[2026-08-23T19:20:43.285Z] tick · brain:cron-tick · fetching GET http://localhost:3008/api/nex/brain/cron-tick
[2026-08-23T19:20:43.650Z] tick · brain:cron-tick · status=200 · OK
[2026-08-23T19:20:43.882Z] tick · acquisition:accommodation:Yogyakarta · zone=prawirotaman · spawning
[2026-08-23T19:20:46.549Z] tick · social:cron-tick · fetching GET http://localhost:3008/api/cron/comms-social-worker
[2026-08-23T19:20:46.689Z] tick · social:cron-tick · status=200 · OK
[2026-08-23T19:20:52.450Z] tick · acquisition:food:Yogyakarta · exit=0 signal=- · OK
[2026-08-23T19:20:55.455Z] tick · acquisition:food:Yogyakarta · zone=sleman-north · spawning
[2026-08-23T19:21:14.236Z] tick · acquisition:accommodation:Yogyakarta · exit=0 signal=- · OK
[2026-08-23T19:21:17.245Z] tick · acquisition:accommodation:Yogyakarta · zone=kaliurang · spawning
[2026-08-23T19:21:30.106Z] tick · acquisition:food:Yogyakarta · exit=0 signal=- · OK
[2026-08-23T19:21:33.122Z] tick · acquisition:food:Yogyakarta · zone=bantul-south · spawning
[2026-08-23T19:21:46.553Z] tick · social:cron-tick · fetching GET http://localhost:3008/api/cron/comms-social-worker
[2026-08-23T19:21:46.854Z] tick · social:cron-tick · status=200 · OK
[2026-08-23T19:21:48.147Z] tick · acquisition:accommodation:Yogyakarta · exit=0 signal=- · OK
[2026-08-23T19:21:51.155Z] tick · acquisition:accommodation:Yogyakarta · zone=borobudur · spawning
[2026-08-23T19:22:03.589Z] tick · acquisition:food:Yogyakarta · exit=0 signal=- · OK
[2026-08-23T19:22:06.590Z] tick · acquisition:food:Yogyakarta · zone=klaten-east · spawning
[2026-08-23T19:22:21.629Z] tick · acquisition:accommodation:Yogyakarta · exit=0 signal=- · OK
[2026-08-23T19:22:24.634Z] tick · acquisition:accommodation:Yogyakarta · zone=yogya-wider · spawning
[2026-08-23T19:22:37.028Z] tick · acquisition:food:Yogyakarta · exit=0 signal=- · OK
[2026-08-23T19:22:40.034Z] tick · acquisition:food:Yogyakarta · zone=gamping-west · spawning
[2026-08-23T19:22:46.566Z] tick · social:cron-tick · fetching GET http://localhost:3008/api/cron/comms-social-worker
[2026-08-23T19:22:46.796Z] tick · social:cron-tick · status=200 · OK
[2026-08-23T19:22:55.225Z] tick · acquisition:accommodation:Yogyakarta · exit=0 signal=- · OK
[2026-08-23T19:22:58.227Z] tick · acquisition:accommodation:Yogyakarta · zone=malioboro · spawning
[2026-08-23T19:23:10.606Z] tick · acquisition:food:Yogyakarta · exit=0 signal=- · OK
[2026-08-23T19:23:13.615Z] tick · acquisition:food:Yogyakarta · zone=prambanan · spawning
[2026-08-23T19:23:28.620Z] tick · acquisition:accommodation:Yogyakarta · exit=0 signal=- · OK
[2026-08-23T19:23:31.627Z] tick · acquisition:accommodation:Yogyakarta · zone=prawirotaman · spawning
[2026-08-23T19:23:43.292Z] tick · brain:cron-tick · fetching GET http://localhost:3008/api/nex/brain/cron-tick
[2026-08-23T19:23:43.832Z] tick · brain:cron-tick · status=200 · OK
[2026-08-23T19:23:46.578Z] tick · social:cron-tick · fetching GET http://localhost:3008/api/cron/comms-social-worker
[2026-08-23T19:23:46.781Z] tick · social:cron-tick · status=200 · OK
[2026-08-23T19:23:50.954Z] tick · acquisition:food:Yogyakarta · exit=0 signal=- · OK
[2026-08-23T19:23:53.967Z] tick · acquisition:food:Yogyakarta · zone=sleman-north · spawning
[2026-08-23T19:24:02.004Z] tick · acquisition:accommodation:Yogyakarta · exit=0 signal=- · OK
[2026-08-23T19:24:05.008Z] tick · acquisition:accommodation:Yogyakarta · zone=kaliurang · spawning
[2026-08-23T19:24:28.372Z] tick · acquisition:food:Yogyakarta · exit=0 signal=- · OK
[2026-08-23T19:24:31.381Z] tick · acquisition:food:Yogyakarta · zone=bantul-south · spawning
[2026-08-23T19:24:35.434Z] tick · acquisition:accommodation:Yogyakarta · exit=0 signal=- · OK
[2026-08-23T19:24:38.446Z] tick · acquisition:accommodation:Yogyakarta · zone=borobudur · spawning
[2026-08-23T19:24:46.582Z] tick · social:cron-tick · fetching GET http://localhost:3008/api/cron/comms-social-worker
[2026-08-23T19:24:46.736Z] tick · social:cron-tick · status=200 · OK
[2026-08-23T19:25:01.822Z] tick · acquisition:food:Yogyakarta · exit=0 signal=- · OK
[2026-08-23T19:25:04.824Z] tick · acquisition:food:Yogyakarta · zone=klaten-east · spawning
[2026-08-23T19:25:08.807Z] tick · acquisition:accommodation:Yogyakarta · exit=0 signal=- · OK
[2026-08-23T19:25:11.808Z] tick · acquisition:accommodation:Yogyakarta · zone=yogya-wider · spawning
[2026-08-23T19:25:35.342Z] tick · acquisition:food:Yogyakarta · exit=0 signal=- · OK
[2026-08-23T19:25:38.354Z] tick · acquisition:food:Yogyakarta · zone=gamping-west · spawning
[2026-08-23T19:25:42.406Z] tick · acquisition:accommodation:Yogyakarta · exit=0 signal=- · OK
[2026-08-23T19:25:45.414Z] tick · acquisition:accommodation:Yogyakarta · zone=malioboro · spawning
[2026-08-23T19:25:46.593Z] tick · social:cron-tick · fetching GET http://localhost:3008/api/cron/comms-social-worker
[2026-08-23T19:25:47.838Z] tick · social:cron-tick · status=200 · OK
[2026-08-23T19:26:09.321Z] tick · acquisition:food:Yogyakarta · exit=0 signal=- · OK
[2026-08-23T19:26:12.337Z] tick · acquisition:food:Yogyakarta · zone=prambanan · spawning
[2026-08-23T19:26:15.922Z] tick · acquisition:accommodation:Yogyakarta · exit=0 signal=- · OK
[2026-08-23T19:26:18.937Z] tick · acquisition:accommodation:Yogyakarta · zone=prawirotaman · spawning
[2026-08-23T19:26:43.295Z] tick · brain:cron-tick · fetching GET http://localhost:3008/api/nex/brain/cron-tick
[2026-08-23T19:26:44.358Z] tick · brain:cron-tick · status=200 · OK
[2026-08-23T19:26:46.595Z] tick · social:cron-tick · fetching GET http://localhost:3008/api/cron/comms-social-worker
[2026-08-23T19:26:46.727Z] tick · social:cron-tick · status=200 · OK
[2026-08-23T19:26:49.390Z] tick · acquisition:accommodation:Yogyakarta · exit=0 signal=- · OK
[2026-08-23T19:26:51.687Z] tick · acquisition:food:Yogyakarta · exit=0 signal=- · OK
[2026-08-23T19:26:52.400Z] tick · acquisition:accommodation:Yogyakarta · zone=kaliurang · spawning
[2026-08-23T19:26:54.690Z] tick · acquisition:food:Yogyakarta · zone=sleman-north · spawning
[2026-08-23T19:27:22.839Z] tick · acquisition:accommodation:Yogyakarta · exit=0 signal=- · OK
[2026-08-23T19:27:25.844Z] tick · acquisition:accommodation:Yogyakarta · zone=borobudur · spawning
[2026-08-23T19:27:30.918Z] tick · acquisition:food:Yogyakarta · exit=0 signal=- · OK
[2026-08-23T19:27:33.926Z] tick · acquisition:food:Yogyakarta · zone=bantul-south · spawning
[2026-08-23T19:27:46.604Z] tick · social:cron-tick · fetching GET http://localhost:3008/api/cron/comms-social-worker
[2026-08-23T19:27:46.880Z] tick · social:cron-tick · status=200 · OK
[2026-08-23T19:27:56.294Z] tick · acquisition:accommodation:Yogyakarta · exit=0 signal=- · OK
[2026-08-23T19:27:59.301Z] tick · acquisition:accommodation:Yogyakarta · zone=yogya-wider · spawning
[2026-08-23T19:28:04.409Z] tick · acquisition:food:Yogyakarta · exit=0 signal=- · OK
[2026-08-23T19:28:07.420Z] tick · acquisition:food:Yogyakarta · zone=klaten-east · spawning
[2026-08-23T19:28:29.628Z] tick · acquisition:accommodation:Yogyakarta · exit=0 signal=- · OK
[2026-08-23T19:28:32.629Z] tick · acquisition:accommodation:Yogyakarta · zone=malioboro · spawning
[2026-08-23T19:28:37.865Z] tick · acquisition:food:Yogyakarta · exit=0 signal=- · OK
[2026-08-23T19:28:40.869Z] tick · acquisition:food:Yogyakarta · zone=gamping-west · spawning
[2026-08-23T19:28:46.615Z] tick · social:cron-tick · fetching GET http://localhost:3008/api/cron/comms-social-worker
[2026-08-23T19:28:46.825Z] tick · social:cron-tick · status=200 · OK
[2026-08-23T19:29:03.145Z] tick · acquisition:accommodation:Yogyakarta · exit=0 signal=- · OK
[2026-08-23T19:29:06.146Z] tick · acquisition:accommodation:Yogyakarta · zone=prawirotaman · spawning
[2026-08-23T19:29:11.238Z] tick · acquisition:food:Yogyakarta · exit=0 signal=- · OK
[2026-08-23T19:29:14.246Z] tick · acquisition:food:Yogyakarta · zone=prambanan · spawning
[2026-08-23T19:29:36.872Z] tick · acquisition:accommodation:Yogyakarta · exit=0 signal=- · OK
[2026-08-23T19:29:39.883Z] tick · acquisition:accommodation:Yogyakarta · zone=kaliurang · spawning
[2026-08-23T19:29:42.515Z] tick · cle:conversation · spawning
[2026-08-23T19:29:43.034Z] tick · cle:conversation · exit=0 signal=- · OK
[2026-08-23T19:29:43.306Z] tick · brain:cron-tick · fetching GET http://localhost:3008/api/nex/brain/cron-tick
[2026-08-23T19:29:45.425Z] tick · brain:cron-tick · status=200 · OK
[2026-08-23T19:29:46.615Z] tick · social:cron-tick · fetching GET http://localhost:3008/api/cron/comms-social-worker
[2026-08-23T19:29:46.767Z] tick · social:cron-tick · status=200 · OK
[2026-08-23T19:29:50.256Z] tick · acquisition:food:Yogyakarta · exit=0 signal=- · OK
[2026-08-23T19:29:53.262Z] tick · acquisition:food:Yogyakarta · zone=sleman-north · spawning
[2026-08-23T19:30:10.504Z] tick · acquisition:accommodation:Yogyakarta · exit=0 signal=- · OK
[2026-08-23T19:30:13.514Z] tick · acquisition:accommodation:Yogyakarta · zone=borobudur · spawning
[2026-08-23T19:30:26.355Z] tick · acquisition:food:Yogyakarta · exit=0 signal=- · OK
[2026-08-23T19:30:29.367Z] tick · acquisition:food:Yogyakarta · zone=bantul-south · spawning
[2026-08-23T19:30:44.013Z] tick · acquisition:accommodation:Yogyakarta · exit=0 signal=- · OK
[2026-08-23T19:30:46.624Z] tick · social:cron-tick · fetching GET http://localhost:3008/api/cron/comms-social-worker
[2026-08-23T19:30:47.014Z] tick · acquisition:accommodation:Yogyakarta · zone=yogya-wider · spawning
[2026-08-23T19:30:52.504Z] tick · social:cron-tick · status=200 · OK
[2026-08-23T19:30:59.749Z] tick · acquisition:food:Yogyakarta · exit=0 signal=- · OK
[2026-08-23T19:31:02.755Z] tick · acquisition:food:Yogyakarta · zone=klaten-east · spawning
[2026-08-23T19:31:17.927Z] tick · acquisition:accommodation:Yogyakarta · exit=0 signal=- · OK
[2026-08-23T19:31:20.954Z] tick · acquisition:accommodation:Yogyakarta · zone=malioboro · spawning
[2026-08-23T19:31:33.604Z] tick · acquisition:food:Yogyakarta · exit=0 signal=- · OK
[2026-08-23T19:31:36.608Z] tick · acquisition:food:Yogyakarta · zone=gamping-west · spawning
[2026-08-23T19:31:46.638Z] tick · social:cron-tick · fetching GET http://localhost:3008/api/cron/comms-social-worker
[2026-08-23T19:31:47.025Z] tick · social:cron-tick · status=200 · OK
[2026-08-23T19:31:53.001Z] tick · acquisition:accommodation:Yogyakarta · exit=0 signal=- · OK
[2026-08-23T19:31:56.018Z] tick · acquisition:accommodation:Yogyakarta · zone=prawirotaman · spawning
[2026-08-23T19:32:07.998Z] tick · acquisition:food:Yogyakarta · exit=0 signal=- · OK
[2026-08-23T19:32:11.012Z] tick · acquisition:food:Yogyakarta · zone=prambanan · spawning
[2026-08-23T19:32:27.093Z] tick · acquisition:accommodation:Yogyakarta · exit=0 signal=- · OK
[2026-08-23T19:32:30.101Z] tick · acquisition:accommodation:Yogyakarta · zone=kaliurang · spawning
[2026-08-23T19:32:43.338Z] tick · brain:cron-tick · fetching GET http://localhost:3008/api/nex/brain/cron-tick
[2026-08-23T19:32:46.656Z] tick · social:cron-tick · fetching GET http://localhost:3008/api/cron/comms-social-worker
[2026-08-23T19:32:48.248Z] tick · acquisition:food:Yogyakarta · exit=0 signal=- · OK
[2026-08-23T19:32:48.594Z] tick · social:cron-tick · status=200 · OK
[2026-08-23T19:32:49.443Z] tick · brain:cron-tick · status=200 · OK
[2026-08-23T19:32:51.261Z] tick · acquisition:food:Yogyakarta · zone=sleman-north · spawning
[2026-08-23T19:33:01.659Z] tick · acquisition:accommodation:Yogyakarta · exit=0 signal=- · OK
[2026-08-23T19:33:04.662Z] tick · acquisition:accommodation:Yogyakarta · zone=borobudur · spawning
[2026-08-23T19:33:30.225Z] tick · acquisition:food:Yogyakarta · exit=0 signal=- · OK
[2026-08-23T19:33:33.242Z] tick · acquisition:food:Yogyakarta · zone=bantul-south · spawning
[2026-08-23T19:33:36.369Z] tick · acquisition:accommodation:Yogyakarta · exit=0 signal=- · OK
[2026-08-23T19:33:39.378Z] tick · acquisition:accommodation:Yogyakarta · zone=yogya-wider · spawning
[2026-08-23T19:33:46.672Z] tick · social:cron-tick · fetching GET http://localhost:3008/api/cron/comms-social-worker
[2026-08-23T19:34:10.388Z] tick · acquisition:food:Yogyakarta · exit=0 signal=- · OK
[2026-08-23T19:34:13.714Z] tick · acquisition:food:Yogyakarta · zone=klaten-east · spawning
[2026-08-23T19:34:14.471Z] tick · acquisition:accommodation:Yogyakarta · exit=0 signal=- · OK
[2026-08-23T19:34:17.497Z] tick · acquisition:accommodation:Yogyakarta · zone=malioboro · spawning
[2026-08-23T19:34:25.397Z] tick · social:cron-tick · status=200 · OK
[2026-08-23T19:34:46.705Z] tick · social:cron-tick · fetching GET http://localhost:3008/api/cron/comms-social-worker
[2026-08-23T19:34:46.900Z] tick · acquisition:food:Yogyakarta · exit=0 signal=- · OK
[2026-08-23T19:34:47.434Z] tick · social:cron-tick · status=200 · OK
[2026-08-23T19:34:48.820Z] tick · acquisition:accommodation:Yogyakarta · exit=0 signal=- · OK
[2026-08-23T19:34:49.904Z] tick · acquisition:food:Yogyakarta · zone=gamping-west · spawning
[2026-08-23T19:34:51.826Z] tick · acquisition:accommodation:Yogyakarta · zone=prawirotaman · spawning
[2026-08-23T19:35:20.915Z] tick · acquisition:food:Yogyakarta · exit=0 signal=- · OK
[2026-08-23T19:35:22.823Z] tick · acquisition:accommodation:Yogyakarta · exit=0 signal=- · OK
[2026-08-23T19:35:23.922Z] tick · acquisition:food:Yogyakarta · zone=prambanan · spawning
[2026-08-23T19:35:25.825Z] tick · acquisition:accommodation:Yogyakarta · zone=kaliurang · spawning
[2026-08-23T19:35:43.339Z] tick · brain:cron-tick · fetching GET http://localhost:3008/api/nex/brain/cron-tick
[2026-08-23T19:35:43.797Z] tick · brain:cron-tick · status=200 · OK
[2026-08-23T19:35:46.833Z] tick · social:cron-tick · fetching GET http://localhost:3008/api/cron/comms-social-worker
[2026-08-23T19:35:46.907Z] tick · social:cron-tick · status=200 · OK
[2026-08-23T19:35:56.149Z] tick · acquisition:accommodation:Yogyakarta · exit=0 signal=- · OK
[2026-08-23T19:35:59.152Z] tick · acquisition:accommodation:Yogyakarta · zone=borobudur · spawning
[2026-08-23T19:36:01.634Z] tick · acquisition:food:Yogyakarta · exit=0 signal=- · OK
[2026-08-23T19:36:04.644Z] tick · acquisition:food:Yogyakarta · zone=sleman-north · spawning
[2026-08-23T19:36:29.462Z] tick · acquisition:accommodation:Yogyakarta · exit=0 signal=- · OK
[2026-08-23T19:36:32.464Z] tick · acquisition:accommodation:Yogyakarta · zone=yogya-wider · spawning
[2026-08-23T19:36:37.926Z] tick · acquisition:food:Yogyakarta · exit=0 signal=- · OK
[2026-08-23T19:36:40.928Z] tick · acquisition:food:Yogyakarta · zone=bantul-south · spawning
[2026-08-23T19:36:46.838Z] tick · social:cron-tick · fetching GET http://localhost:3008/api/cron/comms-social-worker
[2026-08-23T19:36:46.993Z] tick · social:cron-tick · status=200 · OK
[2026-08-23T19:37:02.802Z] tick · acquisition:accommodation:Yogyakarta · exit=0 signal=- · OK
[2026-08-23T19:37:05.803Z] tick · acquisition:accommodation:Yogyakarta · zone=malioboro · spawning
[2026-08-23T19:37:11.391Z] tick · acquisition:food:Yogyakarta · exit=0 signal=- · OK
[2026-08-23T19:37:14.394Z] tick · acquisition:food:Yogyakarta · zone=klaten-east · spawning
[2026-08-23T19:37:28.859Z] tick · promotion:food:Yogyakarta:quality-check · spawning
[2026-08-23T19:37:29.306Z] tick · promotion:food:Yogyakarta:quality-check · exit=0 signal=- · OK
[2026-08-23T19:37:36.166Z] tick · acquisition:accommodation:Yogyakarta · exit=0 signal=- · OK
[2026-08-23T19:37:39.169Z] tick · acquisition:accommodation:Yogyakarta · zone=prawirotaman · spawning
[2026-08-23T19:37:44.793Z] tick · acquisition:food:Yogyakarta · exit=0 signal=- · OK
[2026-08-23T19:37:46.839Z] tick · social:cron-tick · fetching GET http://localhost:3008/api/cron/comms-social-worker
[2026-08-23T19:37:46.942Z] tick · social:cron-tick · status=200 · OK
[2026-08-23T19:37:47.797Z] tick · acquisition:food:Yogyakarta · zone=gamping-west · spawning
[2026-08-23T19:38:09.509Z] tick · acquisition:accommodation:Yogyakarta · exit=0 signal=- · OK
[2026-08-23T19:38:12.511Z] tick · acquisition:accommodation:Yogyakarta · zone=kaliurang · spawning
[2026-08-23T19:38:18.144Z] tick · acquisition:food:Yogyakarta · exit=0 signal=- · OK
[2026-08-23T19:38:21.149Z] tick · acquisition:food:Yogyakarta · zone=prambanan · spawning
[2026-08-23T19:38:42.824Z] tick · acquisition:accommodation:Yogyakarta · exit=0 signal=- · OK
[2026-08-23T19:38:43.344Z] tick · brain:cron-tick · fetching GET http://localhost:3008/api/nex/brain/cron-tick
[2026-08-23T19:38:43.762Z] tick · brain:cron-tick · status=200 · OK
[2026-08-23T19:38:45.829Z] tick · acquisition:accommodation:Yogyakarta · zone=borobudur · spawning
[2026-08-23T19:38:46.843Z] tick · social:cron-tick · fetching GET http://localhost:3008/api/cron/comms-social-worker
[2026-08-23T19:38:46.953Z] tick · social:cron-tick · status=200 · OK
[2026-08-23T19:38:57.709Z] tick · acquisition:food:Yogyakarta · exit=0 signal=- · OK
[2026-08-23T19:39:00.709Z] tick · acquisition:food:Yogyakarta · zone=sleman-north · spawning
[2026-08-23T19:39:16.124Z] tick · acquisition:accommodation:Yogyakarta · exit=0 signal=- · OK
[2026-08-23T19:39:19.127Z] tick · acquisition:accommodation:Yogyakarta · zone=yogya-wider · spawning
[2026-08-23T19:39:37.908Z] tick · acquisition:food:Yogyakarta · exit=0 signal=- · OK
[2026-08-23T19:39:40.911Z] tick · acquisition:food:Yogyakarta · zone=bantul-south · spawning
[2026-08-23T19:39:42.527Z] tick · cle:conversation · spawning
[2026-08-23T19:39:42.854Z] tick · cle:conversation · exit=0 signal=- · OK
[2026-08-23T19:39:46.849Z] tick · social:cron-tick · fetching GET http://localhost:3008/api/cron/comms-social-worker
[2026-08-23T19:39:46.983Z] tick · social:cron-tick · status=200 · OK
[2026-08-23T19:39:49.591Z] tick · acquisition:accommodation:Yogyakarta · exit=0 signal=- · OK
[2026-08-23T19:39:52.605Z] tick · acquisition:accommodation:Yogyakarta · zone=malioboro · spawning
[2026-08-23T19:40:11.235Z] tick · acquisition:food:Yogyakarta · exit=0 signal=- · OK
[2026-08-23T19:40:14.237Z] tick · acquisition:food:Yogyakarta · zone=klaten-east · spawning
[2026-08-23T19:40:22.968Z] tick · acquisition:accommodation:Yogyakarta · exit=0 signal=- · OK
[2026-08-23T19:40:25.978Z] tick · acquisition:accommodation:Yogyakarta · zone=prawirotaman · spawning
[2026-08-23T19:40:44.596Z] tick · acquisition:food:Yogyakarta · exit=0 signal=- · OK
[2026-08-23T19:40:46.852Z] tick · social:cron-tick · fetching GET http://localhost:3008/api/cron/comms-social-worker
[2026-08-23T19:40:47.017Z] tick · social:cron-tick · status=200 · OK
[2026-08-23T19:40:47.597Z] tick · acquisition:food:Yogyakarta · zone=gamping-west · spawning
[2026-08-23T19:40:56.287Z] tick · acquisition:accommodation:Yogyakarta · exit=0 signal=- · OK
[2026-08-23T19:40:59.291Z] tick · acquisition:accommodation:Yogyakarta · zone=kaliurang · spawning
[2026-08-23T19:41:17.977Z] tick · acquisition:food:Yogyakarta · exit=0 signal=- · OK
[2026-08-23T19:41:20.979Z] tick · acquisition:food:Yogyakarta · zone=prambanan · spawning
[2026-08-23T19:41:29.628Z] tick · acquisition:accommodation:Yogyakarta · exit=0 signal=- · OK
[2026-08-23T19:41:32.638Z] tick · acquisition:accommodation:Yogyakarta · zone=borobudur · spawning
[2026-08-23T19:41:43.347Z] tick · brain:cron-tick · fetching GET http://localhost:3008/api/nex/brain/cron-tick
[2026-08-23T19:41:43.653Z] tick · brain:cron-tick · status=200 · OK
[2026-08-23T19:41:46.853Z] tick · social:cron-tick · fetching GET http://localhost:3008/api/cron/comms-social-worker
[2026-08-23T19:41:46.920Z] tick · social:cron-tick · status=200 · OK
[2026-08-23T19:41:58.301Z] tick · acquisition:food:Yogyakarta · exit=0 signal=- · OK
[2026-08-23T19:42:01.306Z] tick · acquisition:food:Yogyakarta · zone=sleman-north · spawning
[2026-08-23T19:42:03.009Z] tick · acquisition:accommodation:Yogyakarta · exit=0 signal=- · OK
[2026-08-23T19:42:06.013Z] tick · acquisition:accommodation:Yogyakarta · zone=yogya-wider · spawning
[2026-08-23T19:42:36.876Z] tick · acquisition:accommodation:Yogyakarta · exit=0 signal=- · OK
[2026-08-23T19:42:37.065Z] tick · acquisition:food:Yogyakarta · exit=0 signal=- · OK
[2026-08-23T19:42:39.888Z] tick · acquisition:accommodation:Yogyakarta · zone=malioboro · spawning
[2026-08-23T19:42:40.074Z] tick · acquisition:food:Yogyakarta · zone=bantul-south · spawning
[2026-08-23T19:42:46.859Z] tick · social:cron-tick · fetching GET http://localhost:3008/api/cron/comms-social-worker
[2026-08-23T19:42:47.880Z] tick · social:cron-tick · status=200 · OK
[2026-08-23T19:43:10.945Z] tick · acquisition:accommodation:Yogyakarta · exit=0 signal=- · OK
[2026-08-23T19:43:10.956Z] tick · acquisition:food:Yogyakarta · exit=0 signal=- · OK
[2026-08-23T19:43:13.958Z] tick · acquisition:accommodation:Yogyakarta · zone=prawirotaman · spawning
[2026-08-23T19:43:14.099Z] tick · acquisition:food:Yogyakarta · zone=klaten-east · spawning
[2026-08-23T19:43:45.745Z] tick · acquisition:accommodation:Yogyakarta · exit=0 signal=- · OK
[2026-08-23T19:43:45.786Z] tick · acquisition:food:Yogyakarta · exit=0 signal=- · OK
[2026-08-23T19:43:46.865Z] tick · social:cron-tick · fetching GET http://localhost:3008/api/cron/comms-social-worker
[2026-08-23T19:43:47.117Z] tick · social:cron-tick · status=200 · OK
[2026-08-23T19:43:48.745Z] tick · acquisition:accommodation:Yogyakarta · zone=kaliurang · spawning
[2026-08-23T19:43:48.788Z] tick · acquisition:food:Yogyakarta · zone=gamping-west · spawning
[2026-08-23T19:44:19.245Z] tick · acquisition:accommodation:Yogyakarta · exit=0 signal=- · OK
[2026-08-23T19:44:19.344Z] tick · acquisition:food:Yogyakarta · exit=0 signal=- · OK
[2026-08-23T19:44:22.254Z] tick · acquisition:accommodation:Yogyakarta · zone=borobudur · spawning
[2026-08-23T19:44:22.349Z] tick · acquisition:food:Yogyakarta · zone=prambanan · spawning
[2026-08-23T19:44:43.349Z] tick · brain:cron-tick · fetching GET http://localhost:3008/api/nex/brain/cron-tick
[2026-08-23T19:44:46.498Z] tick · brain:cron-tick · status=200 · OK
[2026-08-23T19:44:46.871Z] tick · social:cron-tick · fetching GET http://localhost:3008/api/cron/comms-social-worker
[2026-08-23T19:44:46.991Z] tick · social:cron-tick · status=200 · OK
[2026-08-23T19:44:52.673Z] tick · acquisition:accommodation:Yogyakarta · exit=0 signal=- · OK
[2026-08-23T19:44:55.677Z] tick · acquisition:accommodation:Yogyakarta · zone=yogya-wider · spawning
[2026-08-23T19:44:59.849Z] tick · acquisition:food:Yogyakarta · exit=0 signal=- · OK
[2026-08-23T19:45:02.849Z] tick · acquisition:food:Yogyakarta · zone=sleman-north · spawning
[2026-08-23T19:45:26.190Z] tick · acquisition:accommodation:Yogyakarta · exit=0 signal=- · OK
[2026-08-23T19:45:29.190Z] tick · acquisition:accommodation:Yogyakarta · zone=malioboro · spawning
[2026-08-23T19:45:38.871Z] tick · acquisition:food:Yogyakarta · exit=0 signal=- · OK
[2026-08-23T19:45:41.875Z] tick · acquisition:food:Yogyakarta · zone=bantul-south · spawning
[2026-08-23T19:45:46.886Z] tick · social:cron-tick · fetching GET http://localhost:3008/api/cron/comms-social-worker
[2026-08-23T19:45:47.083Z] tick · social:cron-tick · status=200 · OK
[2026-08-23T19:45:59.668Z] tick · acquisition:accommodation:Yogyakarta · exit=0 signal=- · OK
[2026-08-23T19:46:02.679Z] tick · acquisition:accommodation:Yogyakarta · zone=prawirotaman · spawning
[2026-08-23T19:46:12.475Z] tick · acquisition:food:Yogyakarta · exit=0 signal=- · OK
[2026-08-23T19:46:15.486Z] tick · acquisition:food:Yogyakarta · zone=klaten-east · spawning
[2026-08-23T19:46:34.079Z] tick · acquisition:accommodation:Yogyakarta · exit=0 signal=- · OK
[2026-08-23T19:46:37.091Z] tick · acquisition:accommodation:Yogyakarta · zone=kaliurang · spawning
[2026-08-23T19:46:46.094Z] tick · acquisition:food:Yogyakarta · exit=0 signal=- · OK
[2026-08-23T19:46:46.889Z] tick · social:cron-tick · fetching GET http://localhost:3008/api/cron/comms-social-worker
[2026-08-23T19:46:47.706Z] tick · social:cron-tick · status=200 · OK
[2026-08-23T19:46:49.103Z] tick · acquisition:food:Yogyakarta · zone=gamping-west · spawning
[2026-08-23T19:47:07.753Z] tick · acquisition:accommodation:Yogyakarta · exit=0 signal=- · OK
[2026-08-23T19:47:10.763Z] tick · acquisition:accommodation:Yogyakarta · zone=borobudur · spawning
[2026-08-23T19:47:19.681Z] tick · acquisition:food:Yogyakarta · exit=0 signal=- · OK
[2026-08-23T19:47:22.686Z] tick · acquisition:food:Yogyakarta · zone=prambanan · spawning
[2026-08-23T19:47:41.308Z] tick · acquisition:accommodation:Yogyakarta · exit=0 signal=- · OK
[2026-08-23T19:47:43.358Z] tick · brain:cron-tick · fetching GET http://localhost:3008/api/nex/brain/cron-tick
[2026-08-23T19:47:43.993Z] tick · brain:cron-tick · status=200 · OK
[2026-08-23T19:47:44.318Z] tick · acquisition:accommodation:Yogyakarta · zone=yogya-wider · spawning
[2026-08-23T19:47:46.894Z] tick · social:cron-tick · fetching GET http://localhost:3008/api/cron/comms-social-worker
[2026-08-23T19:47:47.028Z] tick · social:cron-tick · status=200 · OK
[2026-08-23T19:47:59.256Z] tick · acquisition:food:Yogyakarta · exit=0 signal=- · OK
[2026-08-23T19:48:02.263Z] tick · acquisition:food:Yogyakarta · zone=sleman-north · spawning
[2026-08-23T19:48:14.787Z] tick · acquisition:accommodation:Yogyakarta · exit=0 signal=- · OK
[2026-08-23T19:48:17.790Z] tick · acquisition:accommodation:Yogyakarta · zone=malioboro · spawning
[2026-08-23T19:48:36.702Z] tick · acquisition:food:Yogyakarta · exit=0 signal=- · OK
[2026-08-23T19:48:39.705Z] tick · acquisition:food:Yogyakarta · zone=bantul-south · spawning
[2026-08-23T19:48:46.901Z] tick · social:cron-tick · fetching GET http://localhost:3008/api/cron/comms-social-worker
[2026-08-23T19:48:47.102Z] tick · social:cron-tick · status=200 · OK
[2026-08-23T19:48:48.175Z] tick · acquisition:accommodation:Yogyakarta · exit=0 signal=- · OK
[2026-08-23T19:48:51.179Z] tick · acquisition:accommodation:Yogyakarta · zone=prawirotaman · spawning
[2026-08-23T19:49:10.062Z] tick · acquisition:food:Yogyakarta · exit=0 signal=- · OK
[2026-08-23T19:49:13.068Z] tick · acquisition:food:Yogyakarta · zone=klaten-east · spawning
[2026-08-23T19:49:21.576Z] tick · acquisition:accommodation:Yogyakarta · exit=0 signal=- · OK
[2026-08-23T19:49:24.580Z] tick · acquisition:accommodation:Yogyakarta · zone=kaliurang · spawning
[2026-08-23T19:49:42.533Z] tick · cle:conversation · spawning
[2026-08-23T19:49:42.982Z] tick · cle:conversation · exit=0 signal=- · OK
[2026-08-23T19:49:43.501Z] tick · acquisition:food:Yogyakarta · exit=0 signal=- · OK
[2026-08-23T19:49:46.503Z] tick · acquisition:food:Yogyakarta · zone=gamping-west · spawning
[2026-08-23T19:49:46.903Z] tick · social:cron-tick · fetching GET http://localhost:3008/api/cron/comms-social-worker
[2026-08-23T19:49:47.065Z] tick · social:cron-tick · status=200 · OK
[2026-08-23T19:49:55.026Z] tick · acquisition:accommodation:Yogyakarta · exit=0 signal=- · OK
[2026-08-23T19:49:58.044Z] tick · acquisition:accommodation:Yogyakarta · zone=borobudur · spawning
[2026-08-23T19:50:17.016Z] tick · acquisition:food:Yogyakarta · exit=0 signal=- · OK
[2026-08-23T19:50:20.017Z] tick · acquisition:food:Yogyakarta · zone=prambanan · spawning
[2026-08-23T19:50:28.412Z] tick · acquisition:accommodation:Yogyakarta · exit=0 signal=- · OK
[2026-08-23T19:50:31.418Z] tick · acquisition:accommodation:Yogyakarta · zone=yogya-wider · spawning
[2026-08-23T19:50:43.360Z] tick · brain:cron-tick · fetching GET http://localhost:3008/api/nex/brain/cron-tick
[2026-08-23T19:50:43.862Z] tick · brain:cron-tick · status=200 · OK
[2026-08-23T19:50:46.914Z] tick · social:cron-tick · fetching GET http://localhost:3008/api/cron/comms-social-worker
[2026-08-23T19:50:46.990Z] tick · social:cron-tick · status=200 · OK
[2026-08-23T19:50:59.971Z] tick · acquisition:food:Yogyakarta · exit=0 signal=- · OK
[2026-08-23T19:51:01.878Z] tick · acquisition:accommodation:Yogyakarta · exit=0 signal=- · OK
[2026-08-23T19:51:02.975Z] tick · acquisition:food:Yogyakarta · zone=sleman-north · spawning
[2026-08-23T19:51:04.885Z] tick · acquisition:accommodation:Yogyakarta · zone=malioboro · spawning
[2026-08-23T19:51:35.395Z] tick · acquisition:accommodation:Yogyakarta · exit=0 signal=- · OK
[2026-08-23T19:51:38.203Z] tick · acquisition:food:Yogyakarta · exit=0 signal=- · OK
[2026-08-23T19:51:38.399Z] tick · acquisition:accommodation:Yogyakarta · zone=prawirotaman · spawning
[2026-08-23T19:51:41.208Z] tick · acquisition:food:Yogyakarta · zone=bantul-south · spawning
[2026-08-23T19:51:46.918Z] tick · social:cron-tick · fetching GET http://localhost:3008/api/cron/comms-social-worker
[2026-08-23T19:51:47.128Z] tick · social:cron-tick · status=200 · OK
[2026-08-23T19:52:08.849Z] tick · acquisition:accommodation:Yogyakarta · exit=0 signal=- · OK
[2026-08-23T19:52:11.713Z] tick · acquisition:food:Yogyakarta · exit=0 signal=- · OK
[2026-08-23T19:52:11.862Z] tick · acquisition:accommodation:Yogyakarta · zone=kaliurang · spawning
[2026-08-23T19:52:14.717Z] tick · acquisition:food:Yogyakarta · zone=klaten-east · spawning
[2026-08-23T19:52:42.478Z] tick · acquisition:accommodation:Yogyakarta · exit=0 signal=- · OK
[2026-08-23T19:52:45.280Z] tick · acquisition:food:Yogyakarta · exit=0 signal=- · OK
[2026-08-23T19:52:45.486Z] tick · acquisition:accommodation:Yogyakarta · zone=borobudur · spawning
[2026-08-23T19:52:46.927Z] tick · social:cron-tick · fetching GET http://localhost:3008/api/cron/comms-social-worker
[2026-08-23T19:52:47.498Z] tick · social:cron-tick · status=200 · OK
[2026-08-23T19:52:48.283Z] tick · acquisition:food:Yogyakarta · zone=gamping-west · spawning
[2026-08-23T19:53:15.902Z] tick · acquisition:accommodation:Yogyakarta · exit=0 signal=- · OK
[2026-08-23T19:53:18.577Z] tick · acquisition:food:Yogyakarta · exit=0 signal=- · OK
[2026-08-23T19:53:18.904Z] tick · acquisition:accommodation:Yogyakarta · zone=yogya-wider · spawning
[2026-08-23T19:53:21.579Z] tick · acquisition:food:Yogyakarta · zone=prambanan · spawning
[2026-08-23T19:53:43.370Z] tick · brain:cron-tick · fetching GET http://localhost:3008/api/nex/brain/cron-tick
[2026-08-23T19:53:44.072Z] tick · brain:cron-tick · status=200 · OK
[2026-08-23T19:53:46.937Z] tick · social:cron-tick · fetching GET http://localhost:3008/api/cron/comms-social-worker
[2026-08-23T19:53:47.156Z] tick · social:cron-tick · status=200 · OK
[2026-08-23T19:53:49.354Z] tick · acquisition:accommodation:Yogyakarta · exit=0 signal=- · OK
[2026-08-23T19:53:52.361Z] tick · acquisition:accommodation:Yogyakarta · zone=malioboro · spawning
[2026-08-23T19:53:57.091Z] tick · acquisition:food:Yogyakarta · exit=0 signal=- · OK
[2026-08-23T19:54:00.096Z] tick · acquisition:food:Yogyakarta · zone=sleman-north · spawning
[2026-08-23T19:54:22.873Z] tick · acquisition:accommodation:Yogyakarta · exit=0 signal=- · OK
[2026-08-23T19:54:25.873Z] tick · acquisition:accommodation:Yogyakarta · zone=prawirotaman · spawning
[2026-08-23T19:54:35.308Z] tick · acquisition:food:Yogyakarta · exit=0 signal=- · OK
[2026-08-23T19:54:38.317Z] tick · acquisition:food:Yogyakarta · zone=bantul-south · spawning
[2026-08-23T19:54:46.942Z] tick · social:cron-tick · fetching GET http://localhost:3008/api/cron/comms-social-worker
[2026-08-23T19:54:47.293Z] tick · social:cron-tick · status=200 · OK
[2026-08-23T19:54:56.444Z] tick · acquisition:accommodation:Yogyakarta · exit=0 signal=- · OK
[2026-08-23T19:54:59.449Z] tick · acquisition:accommodation:Yogyakarta · zone=kaliurang · spawning
[2026-08-23T19:55:08.855Z] tick · acquisition:food:Yogyakarta · exit=0 signal=- · OK
[2026-08-23T19:55:11.858Z] tick · acquisition:food:Yogyakarta · zone=klaten-east · spawning
[2026-08-23T19:55:30.024Z] tick · acquisition:accommodation:Yogyakarta · exit=0 signal=- · OK
[2026-08-23T19:55:33.030Z] tick · acquisition:accommodation:Yogyakarta · zone=borobudur · spawning
[2026-08-23T19:55:42.414Z] tick · acquisition:food:Yogyakarta · exit=0 signal=- · OK
[2026-08-23T19:55:45.419Z] tick · acquisition:food:Yogyakarta · zone=gamping-west · spawning
[2026-08-23T19:55:46.947Z] tick · social:cron-tick · fetching GET http://localhost:3008/api/cron/comms-social-worker
[2026-08-23T19:55:47.568Z] tick · social:cron-tick · status=200 · OK
[2026-08-23T19:56:03.796Z] tick · acquisition:accommodation:Yogyakarta · exit=0 signal=- · OK
[2026-08-23T19:56:06.802Z] tick · acquisition:accommodation:Yogyakarta · zone=yogya-wider · spawning
[2026-08-23T19:56:15.860Z] tick · acquisition:food:Yogyakarta · exit=0 signal=- · OK
[2026-08-23T19:56:18.863Z] tick · acquisition:food:Yogyakarta · zone=prambanan · spawning
[2026-08-23T19:56:37.379Z] tick · acquisition:accommodation:Yogyakarta · exit=0 signal=- · OK
[2026-08-23T19:56:40.393Z] tick · acquisition:accommodation:Yogyakarta · zone=malioboro · spawning
[2026-08-23T19:56:43.370Z] tick · brain:cron-tick · fetching GET http://localhost:3008/api/nex/brain/cron-tick
[2026-08-23T19:56:44.266Z] tick · brain:cron-tick · status=200 · OK
[2026-08-23T19:56:46.949Z] tick · social:cron-tick · fetching GET http://localhost:3008/api/cron/comms-social-worker
[2026-08-23T19:56:47.054Z] tick · social:cron-tick · status=200 · OK
[2026-08-23T19:56:57.833Z] tick · acquisition:food:Yogyakarta · exit=0 signal=- · OK
[2026-08-23T19:57:00.835Z] tick · acquisition:food:Yogyakarta · zone=sleman-north · spawning
[2026-08-23T19:57:10.852Z] tick · acquisition:accommodation:Yogyakarta · exit=0 signal=- · OK
[2026-08-23T19:57:13.853Z] tick · acquisition:accommodation:Yogyakarta · zone=prawirotaman · spawning
[2026-08-23T19:57:36.432Z] tick · acquisition:food:Yogyakarta · exit=0 signal=- · OK
[2026-08-23T19:57:39.439Z] tick · acquisition:food:Yogyakarta · zone=bantul-south · spawning
[2026-08-23T19:57:44.380Z] tick · acquisition:accommodation:Yogyakarta · exit=0 signal=- · OK
[2026-08-23T19:57:46.958Z] tick · social:cron-tick · fetching GET http://localhost:3008/api/cron/comms-social-worker
[2026-08-23T19:57:47.123Z] tick · social:cron-tick · status=200 · OK
[2026-08-23T19:57:47.395Z] tick · acquisition:accommodation:Yogyakarta · zone=kaliurang · spawning
[2026-08-23T19:58:09.987Z] tick · acquisition:food:Yogyakarta · exit=0 signal=- · OK
[2026-08-23T19:58:12.986Z] tick · acquisition:food:Yogyakarta · zone=klaten-east · spawning
[2026-08-23T19:58:17.736Z] tick · acquisition:accommodation:Yogyakarta · exit=0 signal=- · OK
[2026-08-23T19:58:20.748Z] tick · acquisition:accommodation:Yogyakarta · zone=borobudur · spawning
[2026-08-23T19:58:43.447Z] tick · acquisition:food:Yogyakarta · exit=0 signal=- · OK
[2026-08-23T19:58:46.470Z] tick · acquisition:food:Yogyakarta · zone=gamping-west · spawning
[2026-08-23T19:58:46.961Z] tick · social:cron-tick · fetching GET http://localhost:3008/api/cron/comms-social-worker
[2026-08-23T19:58:48.932Z] tick · social:cron-tick · status=200 · OK
[2026-08-23T19:58:51.182Z] tick · acquisition:accommodation:Yogyakarta · exit=0 signal=- · OK
[2026-08-23T19:58:54.186Z] tick · acquisition:accommodation:Yogyakarta · zone=yogya-wider · spawning
[2026-08-23T19:59:18.445Z] tick · acquisition:food:Yogyakarta · exit=0 signal=- · OK
[2026-08-23T19:59:21.459Z] tick · acquisition:food:Yogyakarta · zone=prambanan · spawning
[2026-08-23T19:59:24.957Z] tick · acquisition:accommodation:Yogyakarta · exit=0 signal=- · OK
[2026-08-23T19:59:27.964Z] tick · acquisition:accommodation:Yogyakarta · zone=malioboro · spawning
[2026-08-23T19:59:42.550Z] tick · cle:conversation · spawning
[2026-08-23T19:59:43.383Z] tick · brain:cron-tick · fetching GET http://localhost:3008/api/nex/brain/cron-tick
[2026-08-23T19:59:44.416Z] tick · cle:conversation · exit=0 signal=- · OK
[2026-08-23T19:59:45.772Z] tick · brain:cron-tick · status=200 · OK
[2026-08-23T19:59:46.963Z] tick · social:cron-tick · fetching GET http://localhost:3008/api/cron/comms-social-worker
[2026-08-23T19:59:47.185Z] tick · social:cron-tick · status=200 · OK
[2026-08-23T19:59:58.825Z] tick · acquisition:accommodation:Yogyakarta · exit=0 signal=- · OK
[2026-08-23T20:00:00.155Z] tick · acquisition:food:Yogyakarta · exit=0 signal=- · OK
[2026-08-23T20:00:01.839Z] tick · acquisition:accommodation:Yogyakarta · zone=prawirotaman · spawning
[2026-08-23T20:00:03.156Z] tick · acquisition:food:Yogyakarta · zone=sleman-north · spawning
[2026-08-23T20:00:32.411Z] tick · acquisition:accommodation:Yogyakarta · exit=0 signal=- · OK
[2026-08-23T20:00:35.412Z] tick · acquisition:accommodation:Yogyakarta · zone=kaliurang · spawning
[2026-08-23T20:00:37.438Z] tick · acquisition:food:Yogyakarta · exit=0 signal=- · OK
[2026-08-23T20:00:40.442Z] tick · acquisition:food:Yogyakarta · zone=bantul-south · spawning
[2026-08-23T20:00:46.969Z] tick · social:cron-tick · fetching GET http://localhost:3008/api/cron/comms-social-worker
[2026-08-23T20:00:47.414Z] tick · social:cron-tick · status=200 · OK
[2026-08-23T20:01:06.303Z] tick · acquisition:accommodation:Yogyakarta · exit=0 signal=- · OK
[2026-08-23T20:01:09.308Z] tick · acquisition:accommodation:Yogyakarta · zone=borobudur · spawning
[2026-08-23T20:01:10.991Z] tick · acquisition:food:Yogyakarta · exit=0 signal=- · OK
[2026-08-23T20:01:13.996Z] tick · acquisition:food:Yogyakarta · zone=klaten-east · spawning
[2026-08-23T20:01:40.225Z] tick · acquisition:accommodation:Yogyakarta · exit=0 signal=- · OK
[2026-08-23T20:01:43.238Z] tick · acquisition:accommodation:Yogyakarta · zone=yogya-wider · spawning
[2026-08-23T20:01:45.005Z] tick · acquisition:food:Yogyakarta · exit=0 signal=- · OK
[2026-08-23T20:01:46.975Z] tick · social:cron-tick · fetching GET http://localhost:3008/api/cron/comms-social-worker
[2026-08-23T20:01:47.250Z] tick · social:cron-tick · status=200 · OK
[2026-08-23T20:01:48.017Z] tick · acquisition:food:Yogyakarta · zone=gamping-west · spawning
[2026-08-23T20:02:13.804Z] tick · acquisition:accommodation:Yogyakarta · exit=0 signal=- · OK
[2026-08-23T20:02:16.815Z] tick · acquisition:accommodation:Yogyakarta · zone=malioboro · spawning
[2026-08-23T20:02:18.452Z] tick · acquisition:food:Yogyakarta · exit=0 signal=- · OK
[2026-08-23T20:02:21.457Z] tick · acquisition:food:Yogyakarta · zone=prambanan · spawning
[2026-08-23T20:02:43.384Z] tick · brain:cron-tick · fetching GET http://localhost:3008/api/nex/brain/cron-tick
[2026-08-23T20:02:44.449Z] tick · brain:cron-tick · status=200 · OK
[2026-08-23T20:02:46.981Z] tick · social:cron-tick · fetching GET http://localhost:3008/api/cron/comms-social-worker
[2026-08-23T20:02:47.113Z] tick · social:cron-tick · status=200 · OK
[2026-08-23T20:02:47.242Z] tick · acquisition:accommodation:Yogyakarta · exit=0 signal=- · OK
[2026-08-23T20:02:50.243Z] tick · acquisition:accommodation:Yogyakarta · zone=prawirotaman · spawning
[2026-08-23T20:02:59.446Z] tick · acquisition:food:Yogyakarta · exit=0 signal=- · OK
[2026-08-23T20:03:02.453Z] tick · acquisition:food:Yogyakarta · zone=sleman-north · spawning
[2026-08-23T20:03:20.560Z] tick · acquisition:accommodation:Yogyakarta · exit=0 signal=- · OK
[2026-08-23T20:03:23.564Z] tick · acquisition:accommodation:Yogyakarta · zone=kaliurang · spawning
[2026-08-23T20:03:36.981Z] tick · acquisition:food:Yogyakarta · exit=0 signal=- · OK
[2026-08-23T20:03:39.985Z] tick · acquisition:food:Yogyakarta · zone=bantul-south · spawning
[2026-08-23T20:03:46.988Z] tick · social:cron-tick · fetching GET http://localhost:3008/api/cron/comms-social-worker
[2026-08-23T20:03:47.192Z] tick · social:cron-tick · status=200 · OK
[2026-08-23T20:03:53.922Z] tick · acquisition:accommodation:Yogyakarta · exit=0 signal=- · OK
[2026-08-23T20:03:56.937Z] tick · acquisition:accommodation:Yogyakarta · zone=borobudur · spawning
[2026-08-23T20:04:10.597Z] tick · acquisition:food:Yogyakarta · exit=0 signal=- · OK
[2026-08-23T20:04:13.612Z] tick · acquisition:food:Yogyakarta · zone=klaten-east · spawning
[2026-08-23T20:04:27.417Z] tick · acquisition:accommodation:Yogyakarta · exit=0 signal=- · OK
[2026-08-23T20:04:30.421Z] tick · acquisition:accommodation:Yogyakarta · zone=yogya-wider · spawning
[2026-08-23T20:04:44.074Z] tick · acquisition:food:Yogyakarta · exit=0 signal=- · OK
[2026-08-23T20:04:47.003Z] tick · social:cron-tick · fetching GET http://localhost:3008/api/cron/comms-social-worker
[2026-08-23T20:04:47.077Z] tick · acquisition:food:Yogyakarta · zone=gamping-west · spawning
[2026-08-23T20:04:47.192Z] tick · social:cron-tick · status=200 · OK
[2026-08-23T20:05:00.950Z] tick · acquisition:accommodation:Yogyakarta · exit=0 signal=- · OK
[2026-08-23T20:05:03.959Z] tick · acquisition:accommodation:Yogyakarta · zone=malioboro · spawning
[2026-08-23T20:05:17.574Z] tick · acquisition:food:Yogyakarta · exit=0 signal=- · OK
[2026-08-23T20:05:20.574Z] tick · acquisition:food:Yogyakarta · zone=prambanan · spawning
[2026-08-23T20:05:34.310Z] tick · acquisition:accommodation:Yogyakarta · exit=0 signal=- · OK
[2026-08-23T20:05:37.318Z] tick · acquisition:accommodation:Yogyakarta · zone=prawirotaman · spawning
[2026-08-23T20:05:43.388Z] tick · brain:cron-tick · fetching GET http://localhost:3008/api/nex/brain/cron-tick
[2026-08-23T20:05:44.043Z] tick · brain:cron-tick · status=200 · OK
[2026-08-23T20:05:47.005Z] tick · social:cron-tick · fetching GET http://localhost:3008/api/cron/comms-social-worker
[2026-08-23T20:05:47.144Z] tick · social:cron-tick · status=200 · OK
[2026-08-23T20:05:56.898Z] tick · acquisition:food:Yogyakarta · exit=0 signal=- · OK
[2026-08-23T20:05:59.910Z] tick · acquisition:food:Yogyakarta · zone=sleman-north · spawning
[2026-08-23T20:06:07.736Z] tick · acquisition:accommodation:Yogyakarta · exit=0 signal=- · OK
[2026-08-23T20:06:10.747Z] tick · acquisition:accommodation:Yogyakarta · zone=kaliurang · spawning
[2026-08-23T20:06:34.571Z] tick · acquisition:food:Yogyakarta · exit=0 signal=- · OK
[2026-08-23T20:06:37.572Z] tick · acquisition:food:Yogyakarta · zone=bantul-south · spawning
[2026-08-23T20:06:41.110Z] tick · acquisition:accommodation:Yogyakarta · exit=0 signal=- · OK
[2026-08-23T20:06:44.115Z] tick · acquisition:accommodation:Yogyakarta · zone=borobudur · spawning
[2026-08-23T20:06:47.019Z] tick · social:cron-tick · fetching GET http://localhost:3008/api/cron/comms-social-worker
[2026-08-23T20:06:47.157Z] tick · social:cron-tick · status=200 · OK
[2026-08-23T20:07:07.922Z] tick · acquisition:food:Yogyakarta · exit=0 signal=- · OK
[2026-08-23T20:07:10.935Z] tick · acquisition:food:Yogyakarta · zone=klaten-east · spawning
[2026-08-23T20:07:14.444Z] tick · acquisition:accommodation:Yogyakarta · exit=0 signal=- · OK
[2026-08-23T20:07:17.446Z] tick · acquisition:accommodation:Yogyakarta · zone=yogya-wider · spawning
[2026-08-23T20:07:28.863Z] tick · promotion:food:Yogyakarta:quality-check · spawning
[2026-08-23T20:07:29.453Z] tick · promotion:food:Yogyakarta:quality-check · exit=0 signal=- · OK
[2026-08-23T20:07:41.440Z] tick · acquisition:food:Yogyakarta · exit=0 signal=- · OK
[2026-08-23T20:07:44.443Z] tick · acquisition:food:Yogyakarta · zone=gamping-west · spawning
[2026-08-23T20:07:47.023Z] tick · social:cron-tick · fetching GET http://localhost:3008/api/cron/comms-social-worker
[2026-08-23T20:07:47.912Z] tick · acquisition:accommodation:Yogyakarta · exit=0 signal=- · OK
[2026-08-23T20:07:50.918Z] tick · acquisition:accommodation:Yogyakarta · zone=malioboro · spawning
[2026-08-23T20:07:51.553Z] tick · social:cron-tick · status=200 · OK
[2026-08-23T20:08:15.162Z] tick · acquisition:food:Yogyakarta · exit=0 signal=- · OK
[2026-08-23T20:08:18.168Z] tick · acquisition:food:Yogyakarta · zone=prambanan · spawning
[2026-08-23T20:08:21.593Z] tick · acquisition:accommodation:Yogyakarta · exit=0 signal=- · OK
[2026-08-23T20:08:24.607Z] tick · acquisition:accommodation:Yogyakarta · zone=prawirotaman · spawning
[2026-08-23T20:08:43.389Z] tick · brain:cron-tick · fetching GET http://localhost:3008/api/nex/brain/cron-tick
[2026-08-23T20:08:44.337Z] tick · brain:cron-tick · status=200 · OK
[2026-08-23T20:08:47.026Z] tick · social:cron-tick · fetching GET http://localhost:3008/api/cron/comms-social-worker
[2026-08-23T20:08:47.113Z] tick · social:cron-tick · status=200 · OK
[2026-08-23T20:08:54.964Z] tick · acquisition:accommodation:Yogyakarta · exit=0 signal=- · OK
[2026-08-23T20:08:57.117Z] tick · acquisition:food:Yogyakarta · exit=0 signal=- · OK
[2026-08-23T20:08:57.972Z] tick · acquisition:accommodation:Yogyakarta · zone=kaliurang · spawning
[2026-08-23T20:09:00.123Z] tick · acquisition:food:Yogyakarta · zone=sleman-north · spawning
[2026-08-23T20:09:28.514Z] tick · acquisition:accommodation:Yogyakarta · exit=0 signal=- · OK
[2026-08-23T20:09:31.537Z] tick · acquisition:accommodation:Yogyakarta · zone=borobudur · spawning
[2026-08-23T20:09:42.555Z] tick · cle:conversation · spawning
[2026-08-23T20:09:43.162Z] tick · cle:conversation · exit=0 signal=- · OK
[2026-08-23T20:09:47.027Z] tick · social:cron-tick · fetching GET http://localhost:3008/api/cron/comms-social-worker
[2026-08-23T20:09:47.264Z] tick · social:cron-tick · status=200 · OK
[2026-08-23T20:09:47.385Z] tick · acquisition:food:Yogyakarta · exit=0 signal=- · OK
[2026-08-23T20:09:50.388Z] tick · acquisition:food:Yogyakarta · zone=bantul-south · spawning
[2026-08-23T20:10:02.843Z] tick · acquisition:accommodation:Yogyakarta · exit=0 signal=- · OK
[2026-08-23T20:10:05.844Z] tick · acquisition:accommodation:Yogyakarta · zone=yogya-wider · spawning
[2026-08-23T20:10:20.760Z] tick · acquisition:food:Yogyakarta · exit=0 signal=- · OK
[2026-08-23T20:10:23.765Z] tick · acquisition:food:Yogyakarta · zone=klaten-east · spawning
[2026-08-23T20:10:36.230Z] tick · acquisition:accommodation:Yogyakarta · exit=0 signal=- · OK
[2026-08-23T20:10:39.235Z] tick · acquisition:accommodation:Yogyakarta · zone=malioboro · spawning
[2026-08-23T20:10:47.030Z] tick · social:cron-tick · fetching GET http://localhost:3008/api/cron/comms-social-worker
[2026-08-23T20:10:47.199Z] tick · social:cron-tick · status=200 · OK
[2026-08-23T20:10:54.155Z] tick · acquisition:food:Yogyakarta · exit=0 signal=- · OK
[2026-08-23T20:10:57.162Z] tick · acquisition:food:Yogyakarta · zone=gamping-west · spawning
[2026-08-23T20:11:09.549Z] tick · acquisition:accommodation:Yogyakarta · exit=0 signal=- · OK
[2026-08-23T20:11:12.556Z] tick · acquisition:accommodation:Yogyakarta · zone=prawirotaman · spawning
[2026-08-23T20:11:27.519Z] tick · acquisition:food:Yogyakarta · exit=0 signal=- · OK
[2026-08-23T20:11:30.520Z] tick · acquisition:food:Yogyakarta · zone=prambanan · spawning
[2026-08-23T20:11:42.843Z] tick · acquisition:accommodation:Yogyakarta · exit=0 signal=- · OK
[2026-08-23T20:11:43.392Z] tick · brain:cron-tick · fetching GET http://localhost:3008/api/nex/brain/cron-tick
[2026-08-23T20:11:44.193Z] tick · brain:cron-tick · status=200 · OK
[2026-08-23T20:11:45.856Z] tick · acquisition:accommodation:Yogyakarta · zone=kaliurang · spawning
[2026-08-23T20:11:47.031Z] tick · social:cron-tick · fetching GET http://localhost:3008/api/cron/comms-social-worker
[2026-08-23T20:11:47.160Z] tick · social:cron-tick · status=200 · OK
[2026-08-23T20:12:06.963Z] tick · acquisition:food:Yogyakarta · exit=0 signal=- · OK
[2026-08-23T20:12:09.964Z] tick · acquisition:food:Yogyakarta · zone=sleman-north · spawning
[2026-08-23T20:12:16.300Z] tick · acquisition:accommodation:Yogyakarta · exit=0 signal=- · OK
[2026-08-23T20:12:19.302Z] tick · acquisition:accommodation:Yogyakarta · zone=borobudur · spawning
[2026-08-23T20:12:44.187Z] tick · acquisition:food:Yogyakarta · exit=0 signal=- · OK
[2026-08-23T20:12:47.037Z] tick · social:cron-tick · fetching GET http://localhost:3008/api/cron/comms-social-worker
[2026-08-23T20:12:47.208Z] tick · acquisition:food:Yogyakarta · zone=bantul-south · spawning
[2026-08-23T20:12:47.529Z] tick · social:cron-tick · status=200 · OK
[2026-08-23T20:12:49.719Z] tick · acquisition:accommodation:Yogyakarta · exit=0 signal=- · OK
[2026-08-23T20:12:52.720Z] tick · acquisition:accommodation:Yogyakarta · zone=yogya-wider · spawning
[2026-08-23T20:13:19.572Z] tick · acquisition:food:Yogyakarta · exit=0 signal=- · OK
[2026-08-23T20:13:22.577Z] tick · acquisition:food:Yogyakarta · zone=klaten-east · spawning
[2026-08-23T20:13:23.284Z] tick · acquisition:accommodation:Yogyakarta · exit=0 signal=- · OK
[2026-08-23T20:13:26.291Z] tick · acquisition:accommodation:Yogyakarta · zone=malioboro · spawning
[2026-08-23T20:13:47.042Z] tick · social:cron-tick · fetching GET http://localhost:3008/api/cron/comms-social-worker
[2026-08-23T20:13:47.235Z] tick · social:cron-tick · status=200 · OK
[2026-08-23T20:13:52.947Z] tick · acquisition:food:Yogyakarta · exit=0 signal=- · OK
[2026-08-23T20:13:55.953Z] tick · acquisition:food:Yogyakarta · zone=gamping-west · spawning
[2026-08-23T20:13:56.734Z] tick · acquisition:accommodation:Yogyakarta · exit=0 signal=- · OK
[2026-08-23T20:13:59.739Z] tick · acquisition:accommodation:Yogyakarta · zone=prawirotaman · spawning
[2026-08-23T20:14:26.465Z] tick · acquisition:food:Yogyakarta · exit=0 signal=- · OK
[2026-08-23T20:14:29.466Z] tick · acquisition:food:Yogyakarta · zone=prambanan · spawning
[2026-08-23T20:14:30.196Z] tick · acquisition:accommodation:Yogyakarta · exit=0 signal=- · OK
[2026-08-23T20:14:33.202Z] tick · acquisition:accommodation:Yogyakarta · zone=kaliurang · spawning
[2026-08-23T20:14:43.396Z] tick · brain:cron-tick · fetching GET http://localhost:3008/api/nex/brain/cron-tick
[2026-08-23T20:14:44.370Z] tick · brain:cron-tick · status=200 · OK
[2026-08-23T20:14:47.059Z] tick · social:cron-tick · fetching GET http://localhost:3008/api/cron/comms-social-worker
[2026-08-23T20:14:47.276Z] tick · social:cron-tick · status=200 · OK
[2026-08-23T20:15:03.626Z] tick · acquisition:accommodation:Yogyakarta · exit=0 signal=- · OK
[2026-08-23T20:15:05.094Z] tick · acquisition:food:Yogyakarta · exit=0 signal=- · OK
[2026-08-23T20:15:06.638Z] tick · acquisition:accommodation:Yogyakarta · zone=borobudur · spawning
[2026-08-23T20:15:08.097Z] tick · acquisition:food:Yogyakarta · zone=sleman-north · spawning
[2026-08-23T20:15:37.605Z] tick · acquisition:accommodation:Yogyakarta · exit=0 signal=- · OK
[2026-08-23T20:15:40.612Z] tick · acquisition:accommodation:Yogyakarta · zone=yogya-wider · spawning
[2026-08-23T20:15:44.296Z] tick · acquisition:food:Yogyakarta · exit=0 signal=- · OK
[2026-08-23T20:15:47.062Z] tick · social:cron-tick · fetching GET http://localhost:3008/api/cron/comms-social-worker
[2026-08-23T20:15:47.298Z] tick · acquisition:food:Yogyakarta · zone=bantul-south · spawning
[2026-08-23T20:15:47.504Z] tick · social:cron-tick · status=200 · OK
[2026-08-23T20:16:11.248Z] tick · acquisition:accommodation:Yogyakarta · exit=0 signal=- · OK
[2026-08-23T20:16:14.249Z] tick · acquisition:accommodation:Yogyakarta · zone=malioboro · spawning
[2026-08-23T20:16:17.912Z] tick · acquisition:food:Yogyakarta · exit=0 signal=- · OK
[2026-08-23T20:16:20.925Z] tick · acquisition:food:Yogyakarta · zone=klaten-east · spawning
[2026-08-23T20:16:44.633Z] tick · acquisition:accommodation:Yogyakarta · exit=0 signal=- · OK
[2026-08-23T20:16:47.067Z] tick · social:cron-tick · fetching GET http://localhost:3008/api/cron/comms-social-worker
[2026-08-23T20:16:47.251Z] tick · social:cron-tick · status=200 · OK
[2026-08-23T20:16:47.636Z] tick · acquisition:accommodation:Yogyakarta · zone=prawirotaman · spawning
[2026-08-23T20:16:51.439Z] tick · acquisition:food:Yogyakarta · exit=0 signal=- · OK
[2026-08-23T20:16:54.442Z] tick · acquisition:food:Yogyakarta · zone=gamping-west · spawning
[2026-08-23T20:17:18.243Z] tick · acquisition:accommodation:Yogyakarta · exit=0 signal=- · OK
[2026-08-23T20:17:21.249Z] tick · acquisition:accommodation:Yogyakarta · zone=kaliurang · spawning
[2026-08-23T20:17:24.833Z] tick · acquisition:food:Yogyakarta · exit=0 signal=- · OK
[2026-08-23T20:17:27.837Z] tick · acquisition:food:Yogyakarta · zone=prambanan · spawning
[2026-08-23T20:17:43.409Z] tick · brain:cron-tick · fetching GET http://localhost:3008/api/nex/brain/cron-tick
[2026-08-23T20:17:45.307Z] tick · brain:cron-tick · status=200 · OK
[2026-08-23T20:17:47.069Z] tick · social:cron-tick · fetching GET http://localhost:3008/api/cron/comms-social-worker
[2026-08-23T20:17:47.155Z] tick · social:cron-tick · status=200 · OK
[2026-08-23T20:17:52.100Z] tick · acquisition:accommodation:Yogyakarta · exit=0 signal=- · OK
[2026-08-23T20:17:55.113Z] tick · acquisition:accommodation:Yogyakarta · zone=borobudur · spawning
[2026-08-23T20:18:03.973Z] tick · acquisition:food:Yogyakarta · exit=0 signal=- · OK
[2026-08-23T20:18:06.983Z] tick · acquisition:food:Yogyakarta · zone=sleman-north · spawning
[2026-08-23T20:18:25.625Z] tick · acquisition:accommodation:Yogyakarta · exit=0 signal=- · OK
[2026-08-23T20:18:28.628Z] tick · acquisition:accommodation:Yogyakarta · zone=yogya-wider · spawning
[2026-08-23T20:18:42.161Z] tick · acquisition:food:Yogyakarta · exit=0 signal=- · OK
[2026-08-23T20:18:45.162Z] tick · acquisition:food:Yogyakarta · zone=bantul-south · spawning
[2026-08-23T20:18:47.071Z] tick · social:cron-tick · fetching GET http://localhost:3008/api/cron/comms-social-worker
[2026-08-23T20:18:47.370Z] tick · social:cron-tick · status=200 · OK
[2026-08-23T20:18:59.321Z] tick · acquisition:accommodation:Yogyakarta · exit=0 signal=- · OK
[2026-08-23T20:19:02.330Z] tick · acquisition:accommodation:Yogyakarta · zone=malioboro · spawning
[2026-08-23T20:19:15.623Z] tick · acquisition:food:Yogyakarta · exit=0 signal=- · OK
[2026-08-23T20:19:18.624Z] tick · acquisition:food:Yogyakarta · zone=klaten-east · spawning
[2026-08-23T20:19:32.844Z] tick · acquisition:accommodation:Yogyakarta · exit=0 signal=- · OK
[2026-08-23T20:19:35.855Z] tick · acquisition:accommodation:Yogyakarta · zone=prawirotaman · spawning
[2026-08-23T20:19:42.558Z] tick · cle:conversation · spawning
[2026-08-23T20:19:43.151Z] tick · cle:conversation · exit=0 signal=- · OK
[2026-08-23T20:19:47.078Z] tick · social:cron-tick · fetching GET http://localhost:3008/api/cron/comms-social-worker
[2026-08-23T20:19:47.268Z] tick · social:cron-tick · status=200 · OK
[2026-08-23T20:19:49.027Z] tick · acquisition:food:Yogyakarta · exit=0 signal=- · OK
[2026-08-23T20:19:52.036Z] tick · acquisition:food:Yogyakarta · zone=gamping-west · spawning
[2026-08-23T20:20:06.166Z] tick · acquisition:accommodation:Yogyakarta · exit=0 signal=- · OK
[2026-08-23T20:20:09.170Z] tick · acquisition:accommodation:Yogyakarta · zone=kaliurang · spawning
[2026-08-23T20:20:22.856Z] tick · acquisition:food:Yogyakarta · exit=0 signal=- · OK
[2026-08-23T20:20:25.861Z] tick · acquisition:food:Yogyakarta · zone=prambanan · spawning
[2026-08-23T20:20:39.534Z] tick · acquisition:accommodation:Yogyakarta · exit=0 signal=- · OK
[2026-08-23T20:20:42.536Z] tick · acquisition:accommodation:Yogyakarta · zone=borobudur · spawning
[2026-08-23T20:20:43.410Z] tick · brain:cron-tick · fetching GET http://localhost:3008/api/nex/brain/cron-tick
[2026-08-23T20:20:44.127Z] tick · brain:cron-tick · status=200 · OK
[2026-08-23T20:20:47.090Z] tick · social:cron-tick · fetching GET http://localhost:3008/api/cron/comms-social-worker
[2026-08-23T20:20:47.376Z] tick · social:cron-tick · status=200 · OK
[2026-08-23T20:21:03.053Z] tick · acquisition:food:Yogyakarta · exit=0 signal=- · OK
[2026-08-23T20:21:06.055Z] tick · acquisition:food:Yogyakarta · zone=sleman-north · spawning
[2026-08-23T20:21:13.005Z] tick · acquisition:accommodation:Yogyakarta · exit=0 signal=- · OK
[2026-08-23T20:21:16.019Z] tick · acquisition:accommodation:Yogyakarta · zone=yogya-wider · spawning
[2026-08-23T20:21:41.348Z] tick · acquisition:food:Yogyakarta · exit=0 signal=- · OK
[2026-08-23T20:21:44.361Z] tick · acquisition:food:Yogyakarta · zone=bantul-south · spawning
[2026-08-23T20:21:46.547Z] tick · acquisition:accommodation:Yogyakarta · exit=0 signal=- · OK
[2026-08-23T20:21:47.096Z] tick · social:cron-tick · fetching GET http://localhost:3008/api/cron/comms-social-worker
[2026-08-23T20:21:47.383Z] tick · social:cron-tick · status=200 · OK
[2026-08-23T20:21:49.555Z] tick · acquisition:accommodation:Yogyakarta · zone=malioboro · spawning
[2026-08-23T20:22:14.813Z] tick · acquisition:food:Yogyakarta · exit=0 signal=- · OK
[2026-08-23T20:22:17.817Z] tick · acquisition:food:Yogyakarta · zone=klaten-east · spawning
[2026-08-23T20:22:19.884Z] tick · acquisition:accommodation:Yogyakarta · exit=0 signal=- · OK
[2026-08-23T20:22:22.888Z] tick · acquisition:accommodation:Yogyakarta · zone=prawirotaman · spawning
[2026-08-23T20:22:47.102Z] tick · social:cron-tick · fetching GET http://localhost:3008/api/cron/comms-social-worker
[2026-08-23T20:22:48.367Z] tick · acquisition:food:Yogyakarta · exit=0 signal=- · OK
[2026-08-23T20:22:51.372Z] tick · acquisition:food:Yogyakarta · zone=gamping-west · spawning
[2026-08-23T20:22:51.899Z] tick · social:cron-tick · status=200 · OK
[2026-08-23T20:22:53.329Z] tick · acquisition:accommodation:Yogyakarta · exit=0 signal=- · OK
[2026-08-23T20:22:56.337Z] tick · acquisition:accommodation:Yogyakarta · zone=kaliurang · spawning
[2026-08-23T20:23:22.071Z] tick · acquisition:food:Yogyakarta · exit=0 signal=- · OK
[2026-08-23T20:23:25.074Z] tick · acquisition:food:Yogyakarta · zone=prambanan · spawning
[2026-08-23T20:23:27.029Z] tick · acquisition:accommodation:Yogyakarta · exit=0 signal=- · OK
[2026-08-23T20:23:30.031Z] tick · acquisition:accommodation:Yogyakarta · zone=borobudur · spawning
[2026-08-23T20:23:43.416Z] tick · brain:cron-tick · fetching GET http://localhost:3008/api/nex/brain/cron-tick
[2026-08-23T20:23:43.986Z] tick · brain:cron-tick · status=200 · OK
[2026-08-23T20:23:47.107Z] tick · social:cron-tick · fetching GET http://localhost:3008/api/cron/comms-social-worker
[2026-08-23T20:23:47.187Z] tick · social:cron-tick · status=200 · OK
[2026-08-23T20:24:00.451Z] tick · acquisition:accommodation:Yogyakarta · exit=0 signal=- · OK
[2026-08-23T20:24:02.677Z] tick · acquisition:food:Yogyakarta · exit=0 signal=- · OK
[2026-08-23T20:24:03.454Z] tick · acquisition:accommodation:Yogyakarta · zone=yogya-wider · spawning
[2026-08-23T20:24:05.683Z] tick · acquisition:food:Yogyakarta · zone=sleman-north · spawning
[2026-08-23T20:24:34.275Z] tick · acquisition:accommodation:Yogyakarta · exit=0 signal=- · OK
[2026-08-23T20:24:37.280Z] tick · acquisition:accommodation:Yogyakarta · zone=malioboro · spawning
[2026-08-23T20:24:39.856Z] tick · acquisition:food:Yogyakarta · exit=0 signal=- · OK
[2026-08-23T20:24:42.868Z] tick · acquisition:food:Yogyakarta · zone=bantul-south · spawning
[2026-08-23T20:24:47.122Z] tick · social:cron-tick · fetching GET http://localhost:3008/api/cron/comms-social-worker
[2026-08-23T20:24:47.383Z] tick · social:cron-tick · status=200 · OK
[2026-08-23T20:25:08.129Z] tick · acquisition:accommodation:Yogyakarta · exit=0 signal=- · OK
[2026-08-23T20:25:11.133Z] tick · acquisition:accommodation:Yogyakarta · zone=prawirotaman · spawning
[2026-08-23T20:25:13.221Z] tick · acquisition:food:Yogyakarta · exit=0 signal=- · OK
[2026-08-23T20:25:16.224Z] tick · acquisition:food:Yogyakarta · zone=klaten-east · spawning
[2026-08-23T20:25:41.526Z] tick · acquisition:accommodation:Yogyakarta · exit=0 signal=- · OK
[2026-08-23T20:25:44.540Z] tick · acquisition:accommodation:Yogyakarta · zone=kaliurang · spawning
[2026-08-23T20:25:46.595Z] tick · acquisition:food:Yogyakarta · exit=0 signal=- · OK
[2026-08-23T20:25:47.132Z] tick · social:cron-tick · fetching GET http://localhost:3008/api/cron/comms-social-worker
[2026-08-23T20:25:47.301Z] tick · social:cron-tick · status=200 · OK
[2026-08-23T20:25:49.597Z] tick · acquisition:food:Yogyakarta · zone=gamping-west · spawning
[2026-08-23T20:26:14.927Z] tick · acquisition:accommodation:Yogyakarta · exit=0 signal=- · OK
[2026-08-23T20:26:17.930Z] tick · acquisition:accommodation:Yogyakarta · zone=borobudur · spawning
[2026-08-23T20:26:20.096Z] tick · acquisition:food:Yogyakarta · exit=0 signal=- · OK
[2026-08-23T20:26:23.097Z] tick · acquisition:food:Yogyakarta · zone=prambanan · spawning
[2026-08-23T20:26:43.415Z] tick · brain:cron-tick · fetching GET http://localhost:3008/api/nex/brain/cron-tick
[2026-08-23T20:26:43.915Z] tick · brain:cron-tick · status=200 · OK
[2026-08-23T20:26:47.138Z] tick · social:cron-tick · fetching GET http://localhost:3008/api/cron/comms-social-worker
[2026-08-23T20:26:47.237Z] tick · social:cron-tick · status=200 · OK
[2026-08-23T20:26:48.359Z] tick · acquisition:accommodation:Yogyakarta · exit=0 signal=- · OK
[2026-08-23T20:26:51.366Z] tick · acquisition:accommodation:Yogyakarta · zone=yogya-wider · spawning
[2026-08-23T20:26:59.796Z] tick · acquisition:food:Yogyakarta · exit=0 signal=- · OK
[2026-08-23T20:27:02.798Z] tick · acquisition:food:Yogyakarta · zone=sleman-north · spawning
[2026-08-23T20:27:23.718Z] tick · acquisition:accommodation:Yogyakarta · exit=0 signal=- · OK
[2026-08-23T20:27:26.721Z] tick · acquisition:accommodation:Yogyakarta · zone=malioboro · spawning
[2026-08-23T20:27:38.643Z] tick · acquisition:food:Yogyakarta · exit=0 signal=- · OK
[2026-08-23T20:27:41.657Z] tick · acquisition:food:Yogyakarta · zone=bantul-south · spawning
[2026-08-23T20:27:47.142Z] tick · social:cron-tick · fetching GET http://localhost:3008/api/cron/comms-social-worker
[2026-08-23T20:27:47.236Z] tick · social:cron-tick · status=200 · OK
[2026-08-23T20:27:57.061Z] tick · acquisition:accommodation:Yogyakarta · exit=0 signal=- · OK
[2026-08-23T20:28:00.071Z] tick · acquisition:accommodation:Yogyakarta · zone=prawirotaman · spawning
[2026-08-23T20:28:12.121Z] tick · acquisition:food:Yogyakarta · exit=0 signal=- · OK
[2026-08-23T20:28:15.128Z] tick · acquisition:food:Yogyakarta · zone=klaten-east · spawning
[2026-08-23T20:28:30.610Z] tick · acquisition:accommodation:Yogyakarta · exit=0 signal=- · OK
[2026-08-23T20:28:33.615Z] tick · acquisition:accommodation:Yogyakarta · zone=kaliurang · spawning
[2026-08-23T20:28:45.583Z] tick · acquisition:food:Yogyakarta · exit=0 signal=- · OK
[2026-08-23T20:28:47.142Z] tick · social:cron-tick · fetching GET http://localhost:3008/api/cron/comms-social-worker
[2026-08-23T20:28:47.279Z] tick · social:cron-tick · status=200 · OK
[2026-08-23T20:28:48.595Z] tick · acquisition:food:Yogyakarta · zone=gamping-west · spawning
[2026-08-23T20:29:04.027Z] tick · acquisition:accommodation:Yogyakarta · exit=0 signal=- · OK
[2026-08-23T20:29:07.030Z] tick · acquisition:accommodation:Yogyakarta · zone=borobudur · spawning
[2026-08-23T20:29:18.956Z] tick · acquisition:food:Yogyakarta · exit=0 signal=- · OK
[2026-08-23T20:29:21.962Z] tick · acquisition:food:Yogyakarta · zone=prambanan · spawning
[2026-08-23T20:29:37.446Z] tick · acquisition:accommodation:Yogyakarta · exit=0 signal=- · OK
[2026-08-23T20:29:40.447Z] tick · acquisition:accommodation:Yogyakarta · zone=yogya-wider · spawning
[2026-08-23T20:29:42.563Z] tick · cle:conversation · spawning
[2026-08-23T20:29:42.951Z] tick · cle:conversation · exit=0 signal=- · OK
[2026-08-23T20:29:43.418Z] tick · brain:cron-tick · fetching GET http://localhost:3008/api/nex/brain/cron-tick
[2026-08-23T20:29:44.073Z] tick · brain:cron-tick · status=200 · OK
[2026-08-23T20:29:47.143Z] tick · social:cron-tick · fetching GET http://localhost:3008/api/cron/comms-social-worker
[2026-08-23T20:29:50.430Z] tick · social:cron-tick · status=200 · OK
[2026-08-23T20:29:56.277Z] tick · acquisition:food:Yogyakarta · exit=0 signal=- · OK
[2026-08-23T20:29:59.293Z] tick · acquisition:food:Yogyakarta · zone=sleman-north · spawning
[2026-08-23T20:30:10.953Z] tick · acquisition:accommodation:Yogyakarta · exit=0 signal=- · OK
[2026-08-23T20:30:13.960Z] tick · acquisition:accommodation:Yogyakarta · zone=malioboro · spawning
[2026-08-23T20:30:34.170Z] tick · acquisition:food:Yogyakarta · exit=0 signal=- · OK
[2026-08-23T20:30:37.174Z] tick · acquisition:food:Yogyakarta · zone=bantul-south · spawning
[2026-08-23T20:30:44.548Z] tick · acquisition:accommodation:Yogyakarta · exit=0 signal=- · OK
[2026-08-23T20:30:47.152Z] tick · social:cron-tick · fetching GET http://localhost:3008/api/cron/comms-social-worker
[2026-08-23T20:30:47.549Z] tick · acquisition:accommodation:Yogyakarta · zone=prawirotaman · spawning
[2026-08-23T20:30:47.599Z] tick · social:cron-tick · status=200 · OK
[2026-08-23T20:31:07.699Z] tick · acquisition:food:Yogyakarta · exit=0 signal=- · OK
[2026-08-23T20:31:10.702Z] tick · acquisition:food:Yogyakarta · zone=klaten-east · spawning
[2026-08-23T20:31:18.008Z] tick · acquisition:accommodation:Yogyakarta · exit=0 signal=- · OK
[2026-08-23T20:31:21.013Z] tick · acquisition:accommodation:Yogyakarta · zone=kaliurang · spawning
[2026-08-23T20:31:41.514Z] tick · acquisition:food:Yogyakarta · exit=0 signal=- · OK
[2026-08-23T20:31:44.515Z] tick · acquisition:food:Yogyakarta · zone=gamping-west · spawning
[2026-08-23T20:31:47.166Z] tick · social:cron-tick · fetching GET http://localhost:3008/api/cron/comms-social-worker
[2026-08-23T20:31:48.652Z] tick · social:cron-tick · status=200 · OK
[2026-08-23T20:31:51.975Z] tick · acquisition:accommodation:Yogyakarta · exit=0 signal=- · OK
[2026-08-23T20:31:54.984Z] tick · acquisition:accommodation:Yogyakarta · zone=borobudur · spawning
[2026-08-23T20:32:15.432Z] tick · acquisition:food:Yogyakarta · exit=0 signal=- · OK
[2026-08-23T20:32:18.435Z] tick · acquisition:food:Yogyakarta · zone=prambanan · spawning
[2026-08-23T20:32:26.009Z] tick · acquisition:accommodation:Yogyakarta · exit=0 signal=- · OK
[2026-08-23T20:32:29.011Z] tick · acquisition:accommodation:Yogyakarta · zone=yogya-wider · spawning
[2026-08-23T20:32:43.421Z] tick · brain:cron-tick · fetching GET http://localhost:3008/api/nex/brain/cron-tick
[2026-08-23T20:32:44.397Z] tick · brain:cron-tick · status=200 · OK
[2026-08-23T20:32:47.172Z] tick · social:cron-tick · fetching GET http://localhost:3008/api/cron/comms-social-worker
[2026-08-23T20:32:47.265Z] tick · social:cron-tick · status=200 · OK
[2026-08-23T20:32:59.250Z] tick · acquisition:food:Yogyakarta · exit=0 signal=- · OK
[2026-08-23T20:32:59.434Z] tick · acquisition:accommodation:Yogyakarta · exit=0 signal=- · OK
[2026-08-23T20:33:02.253Z] tick · acquisition:food:Yogyakarta · zone=sleman-north · spawning
[2026-08-23T20:33:02.439Z] tick · acquisition:accommodation:Yogyakarta · zone=malioboro · spawning
[2026-08-23T20:33:32.731Z] tick · acquisition:accommodation:Yogyakarta · exit=0 signal=- · OK
[2026-08-23T20:33:35.741Z] tick · acquisition:accommodation:Yogyakarta · zone=prawirotaman · spawning
[2026-08-23T20:33:38.184Z] tick · acquisition:food:Yogyakarta · exit=0 signal=- · OK
[2026-08-23T20:33:41.190Z] tick · acquisition:food:Yogyakarta · zone=bantul-south · spawning
[2026-08-23T20:33:47.183Z] tick · social:cron-tick · fetching GET http://localhost:3008/api/cron/comms-social-worker
[2026-08-23T20:33:47.773Z] tick · social:cron-tick · status=200 · OK
[2026-08-23T20:34:06.139Z] tick · acquisition:accommodation:Yogyakarta · exit=0 signal=- · OK
[2026-08-23T20:34:09.147Z] tick · acquisition:accommodation:Yogyakarta · zone=kaliurang · spawning
[2026-08-23T20:34:11.587Z] tick · acquisition:food:Yogyakarta · exit=0 signal=- · OK
[2026-08-23T20:34:14.592Z] tick · acquisition:food:Yogyakarta · zone=klaten-east · spawning
[2026-08-23T20:34:39.655Z] tick · acquisition:accommodation:Yogyakarta · exit=0 signal=- · OK
[2026-08-23T20:34:42.657Z] tick · acquisition:accommodation:Yogyakarta · zone=borobudur · spawning
[2026-08-23T20:34:45.014Z] tick · acquisition:food:Yogyakarta · exit=0 signal=- · OK
[2026-08-23T20:34:47.189Z] tick · social:cron-tick · fetching GET http://localhost:3008/api/cron/comms-social-worker
[2026-08-23T20:34:47.465Z] tick · social:cron-tick · status=200 · OK
[2026-08-23T20:34:48.016Z] tick · acquisition:food:Yogyakarta · zone=gamping-west · spawning
[2026-08-23T20:35:13.101Z] tick · acquisition:accommodation:Yogyakarta · exit=0 signal=- · OK
[2026-08-23T20:35:16.109Z] tick · acquisition:accommodation:Yogyakarta · zone=yogya-wider · spawning
[2026-08-23T20:35:18.454Z] tick · acquisition:food:Yogyakarta · exit=0 signal=- · OK
[2026-08-23T20:35:21.465Z] tick · acquisition:food:Yogyakarta · zone=prambanan · spawning
[2026-08-23T20:35:43.428Z] tick · brain:cron-tick · fetching GET http://localhost:3008/api/nex/brain/cron-tick
[2026-08-23T20:35:44.058Z] tick · brain:cron-tick · status=200 · OK
[2026-08-23T20:35:46.483Z] tick · acquisition:accommodation:Yogyakarta · exit=0 signal=- · OK
[2026-08-23T20:35:47.190Z] tick · social:cron-tick · fetching GET http://localhost:3008/api/cron/comms-social-worker
[2026-08-23T20:35:47.262Z] tick · social:cron-tick · status=200 · OK
[2026-08-23T20:35:49.485Z] tick · acquisition:accommodation:Yogyakarta · zone=malioboro · spawning
[2026-08-23T20:35:57.224Z] tick · acquisition:food:Yogyakarta · exit=0 signal=- · OK
[2026-08-23T20:36:00.234Z] tick · acquisition:food:Yogyakarta · zone=sleman-north · spawning
[2026-08-23T20:36:19.872Z] tick · acquisition:accommodation:Yogyakarta · exit=0 signal=- · OK
[2026-08-23T20:36:22.879Z] tick · acquisition:accommodation:Yogyakarta · zone=prawirotaman · spawning
[2026-08-23T20:36:35.338Z] tick · acquisition:food:Yogyakarta · exit=0 signal=- · OK
[2026-08-23T20:36:38.345Z] tick · acquisition:food:Yogyakarta · zone=bantul-south · spawning
[2026-08-23T20:36:47.193Z] tick · social:cron-tick · fetching GET http://localhost:3008/api/cron/comms-social-worker
[2026-08-23T20:36:47.406Z] tick · social:cron-tick · status=200 · OK
[2026-08-23T20:36:53.274Z] tick · acquisition:accommodation:Yogyakarta · exit=0 signal=- · OK
[2026-08-23T20:36:56.284Z] tick · acquisition:accommodation:Yogyakarta · zone=kaliurang · spawning
[2026-08-23T20:37:09.030Z] tick · acquisition:food:Yogyakarta · exit=0 signal=- · OK
[2026-08-23T20:37:12.034Z] tick · acquisition:food:Yogyakarta · zone=klaten-east · spawning
[2026-08-23T20:37:26.607Z] tick · acquisition:accommodation:Yogyakarta · exit=0 signal=- · OK
[2026-08-23T20:37:28.869Z] tick · promotion:food:Yogyakarta:quality-check · spawning
[2026-08-23T20:37:29.478Z] tick · promotion:food:Yogyakarta:quality-check · exit=0 signal=- · OK
[2026-08-23T20:37:29.610Z] tick · acquisition:accommodation:Yogyakarta · zone=borobudur · spawning
[2026-08-23T20:37:42.800Z] tick · acquisition:food:Yogyakarta · exit=0 signal=- · OK
[2026-08-23T20:37:45.816Z] tick · acquisition:food:Yogyakarta · zone=gamping-west · spawning
[2026-08-23T20:37:47.199Z] tick · social:cron-tick · fetching GET http://localhost:3008/api/cron/comms-social-worker
[2026-08-23T20:37:47.363Z] tick · social:cron-tick · status=200 · OK
[2026-08-23T20:38:00.094Z] tick · acquisition:accommodation:Yogyakarta · exit=0 signal=- · OK
[2026-08-23T20:38:03.107Z] tick · acquisition:accommodation:Yogyakarta · zone=yogya-wider · spawning
[2026-08-23T20:38:16.461Z] tick · acquisition:food:Yogyakarta · exit=0 signal=- · OK
[2026-08-23T20:38:19.461Z] tick · acquisition:food:Yogyakarta · zone=prambanan · spawning
[2026-08-23T20:38:33.581Z] tick · acquisition:accommodation:Yogyakarta · exit=0 signal=- · OK
[2026-08-23T20:38:36.586Z] tick · acquisition:accommodation:Yogyakarta · zone=malioboro · spawning
[2026-08-23T20:38:43.435Z] tick · brain:cron-tick · fetching GET http://localhost:3008/api/nex/brain/cron-tick
[2026-08-23T20:38:43.953Z] tick · brain:cron-tick · status=200 · OK
[2026-08-23T20:38:47.207Z] tick · social:cron-tick · fetching GET http://localhost:3008/api/cron/comms-social-worker
[2026-08-23T20:38:47.312Z] tick · social:cron-tick · status=200 · OK
[2026-08-23T20:38:56.670Z] tick · acquisition:food:Yogyakarta · exit=0 signal=- · OK
[2026-08-23T20:38:59.679Z] tick · acquisition:food:Yogyakarta · zone=sleman-north · spawning
[2026-08-23T20:39:06.984Z] tick · acquisition:accommodation:Yogyakarta · exit=0 signal=- · OK
[2026-08-23T20:39:09.989Z] tick · acquisition:accommodation:Yogyakarta · zone=prawirotaman · spawning
[2026-08-23T20:39:35.342Z] tick · acquisition:food:Yogyakarta · exit=0 signal=- · OK
[2026-08-23T20:39:38.350Z] tick · acquisition:food:Yogyakarta · zone=bantul-south · spawning
[2026-08-23T20:39:40.453Z] tick · acquisition:accommodation:Yogyakarta · exit=0 signal=- · OK
[2026-08-23T20:39:42.571Z] tick · cle:conversation · spawning
[2026-08-23T20:39:42.999Z] tick · cle:conversation · exit=0 signal=- · OK
[2026-08-23T20:39:43.460Z] tick · acquisition:accommodation:Yogyakarta · zone=kaliurang · spawning
[2026-08-23T20:39:47.223Z] tick · social:cron-tick · fetching GET http://localhost:3008/api/cron/comms-social-worker
[2026-08-23T20:39:47.551Z] tick · social:cron-tick · status=200 · OK
[2026-08-23T20:40:08.722Z] tick · acquisition:food:Yogyakarta · exit=0 signal=- · OK
[2026-08-23T20:40:11.724Z] tick · acquisition:food:Yogyakarta · zone=klaten-east · spawning
[2026-08-23T20:40:13.825Z] tick · acquisition:accommodation:Yogyakarta · exit=0 signal=- · OK
[2026-08-23T20:40:16.829Z] tick · acquisition:accommodation:Yogyakarta · zone=borobudur · spawning
[2026-08-23T20:40:42.284Z] tick · acquisition:food:Yogyakarta · exit=0 signal=- · OK
[2026-08-23T20:40:45.293Z] tick · acquisition:food:Yogyakarta · zone=gamping-west · spawning
[2026-08-23T20:40:47.233Z] tick · social:cron-tick · fetching GET http://localhost:3008/api/cron/comms-social-worker
[2026-08-23T20:40:47.352Z] tick · acquisition:accommodation:Yogyakarta · exit=0 signal=- · OK
[2026-08-23T20:40:47.524Z] tick · social:cron-tick · status=200 · OK
[2026-08-23T20:40:50.358Z] tick · acquisition:accommodation:Yogyakarta · zone=yogya-wider · spawning
[2026-08-23T20:41:15.642Z] tick · acquisition:food:Yogyakarta · exit=0 signal=- · OK
[2026-08-23T20:41:18.650Z] tick · acquisition:food:Yogyakarta · zone=prambanan · spawning
[2026-08-23T20:41:20.649Z] tick · acquisition:accommodation:Yogyakarta · exit=0 signal=- · OK
[2026-08-23T20:41:23.654Z] tick · acquisition:accommodation:Yogyakarta · zone=malioboro · spawning
[2026-08-23T20:41:43.446Z] tick · brain:cron-tick · fetching GET http://localhost:3008/api/nex/brain/cron-tick
[2026-08-23T20:41:44.042Z] tick · brain:cron-tick · status=200 · OK
[2026-08-23T20:41:47.248Z] tick · social:cron-tick · fetching GET http://localhost:3008/api/cron/comms-social-worker
[2026-08-23T20:41:47.376Z] tick · social:cron-tick · status=200 · OK
[2026-08-23T20:41:52.854Z] tick · acquisition:food:Yogyakarta · exit=0 signal=- · OK
[2026-08-23T20:41:53.934Z] tick · acquisition:accommodation:Yogyakarta · exit=0 signal=- · OK
[2026-08-23T20:41:55.860Z] tick · acquisition:food:Yogyakarta · zone=sleman-north · spawning
[2026-08-23T20:41:56.943Z] tick · acquisition:accommodation:Yogyakarta · zone=prawirotaman · spawning
[2026-08-23T20:42:27.240Z] tick · acquisition:accommodation:Yogyakarta · exit=0 signal=- · OK
[2026-08-23T20:42:30.255Z] tick · acquisition:accommodation:Yogyakarta · zone=kaliurang · spawning
[2026-08-23T20:42:30.792Z] tick · acquisition:food:Yogyakarta · exit=0 signal=- · OK
[2026-08-23T20:42:33.798Z] tick · acquisition:food:Yogyakarta · zone=bantul-south · spawning
[2026-08-23T20:42:47.256Z] tick · social:cron-tick · fetching GET http://localhost:3008/api/cron/comms-social-worker
[2026-08-23T20:42:47.511Z] tick · social:cron-tick · status=200 · OK
[2026-08-23T20:43:00.664Z] tick · acquisition:accommodation:Yogyakarta · exit=0 signal=- · OK
[2026-08-23T20:43:03.670Z] tick · acquisition:accommodation:Yogyakarta · zone=borobudur · spawning
[2026-08-23T20:43:04.214Z] tick · acquisition:food:Yogyakarta · exit=0 signal=- · OK
[2026-08-23T20:43:07.220Z] tick · acquisition:food:Yogyakarta · zone=klaten-east · spawning
[2026-08-23T20:43:34.239Z] tick · acquisition:accommodation:Yogyakarta · exit=0 signal=- · OK
[2026-08-23T20:43:37.241Z] tick · acquisition:accommodation:Yogyakarta · zone=yogya-wider · spawning
[2026-08-23T20:43:37.647Z] tick · acquisition:food:Yogyakarta · exit=0 signal=- · OK
[2026-08-23T20:43:40.650Z] tick · acquisition:food:Yogyakarta · zone=gamping-west · spawning
[2026-08-23T20:43:47.261Z] tick · social:cron-tick · fetching GET http://localhost:3008/api/cron/comms-social-worker
[2026-08-23T20:43:47.450Z] tick · social:cron-tick · status=200 · OK
[2026-08-23T20:44:07.672Z] tick · acquisition:accommodation:Yogyakarta · exit=0 signal=- · OK
[2026-08-23T20:44:10.678Z] tick · acquisition:accommodation:Yogyakarta · zone=malioboro · spawning
[2026-08-23T20:44:11.061Z] tick · acquisition:food:Yogyakarta · exit=0 signal=- · OK
[2026-08-23T20:44:14.067Z] tick · acquisition:food:Yogyakarta · zone=prambanan · spawning
[2026-08-23T20:44:41.170Z] tick · acquisition:accommodation:Yogyakarta · exit=0 signal=- · OK
[2026-08-23T20:44:43.448Z] tick · brain:cron-tick · fetching GET http://localhost:3008/api/nex/brain/cron-tick
[2026-08-23T20:44:44.110Z] tick · brain:cron-tick · status=200 · OK
[2026-08-23T20:44:44.176Z] tick · acquisition:accommodation:Yogyakarta · zone=prawirotaman · spawning
[2026-08-23T20:44:47.267Z] tick · social:cron-tick · fetching GET http://localhost:3008/api/cron/comms-social-worker
[2026-08-23T20:44:47.408Z] tick · social:cron-tick · status=200 · OK
[2026-08-23T20:44:50.983Z] tick · acquisition:food:Yogyakarta · exit=0 signal=- · OK
[2026-08-23T20:44:53.989Z] tick · acquisition:food:Yogyakarta · zone=sleman-north · spawning
[2026-08-23T20:45:14.706Z] tick · acquisition:accommodation:Yogyakarta · exit=0 signal=- · OK
[2026-08-23T20:45:17.709Z] tick · acquisition:accommodation:Yogyakarta · zone=kaliurang · spawning
[2026-08-23T20:45:29.045Z] tick · acquisition:food:Yogyakarta · exit=0 signal=- · OK
[2026-08-23T20:45:32.061Z] tick · acquisition:food:Yogyakarta · zone=bantul-south · spawning
[2026-08-23T20:45:47.281Z] tick · social:cron-tick · fetching GET http://localhost:3008/api/cron/comms-social-worker
[2026-08-23T20:45:47.459Z] tick · social:cron-tick · status=200 · OK
[2026-08-23T20:45:48.259Z] tick · acquisition:accommodation:Yogyakarta · exit=0 signal=- · OK
[2026-08-23T20:45:51.260Z] tick · acquisition:accommodation:Yogyakarta · zone=borobudur · spawning
[2026-08-23T20:46:02.523Z] tick · acquisition:food:Yogyakarta · exit=0 signal=- · OK
[2026-08-23T20:46:05.534Z] tick · acquisition:food:Yogyakarta · zone=klaten-east · spawning
[2026-08-23T20:46:21.540Z] tick · acquisition:accommodation:Yogyakarta · exit=0 signal=- · OK
[2026-08-23T20:46:24.540Z] tick · acquisition:accommodation:Yogyakarta · zone=yogya-wider · spawning
[2026-08-23T20:46:35.988Z] tick · acquisition:food:Yogyakarta · exit=0 signal=- · OK
[2026-08-23T20:46:38.994Z] tick · acquisition:food:Yogyakarta · zone=gamping-west · spawning
[2026-08-23T20:46:47.286Z] tick · social:cron-tick · fetching GET http://localhost:3008/api/cron/comms-social-worker
[2026-08-23T20:46:47.489Z] tick · social:cron-tick · status=200 · OK
[2026-08-23T20:46:54.877Z] tick · acquisition:accommodation:Yogyakarta · exit=0 signal=- · OK
[2026-08-23T20:46:57.888Z] tick · acquisition:accommodation:Yogyakarta · zone=malioboro · spawning
[2026-08-23T20:47:09.390Z] tick · acquisition:food:Yogyakarta · exit=0 signal=- · OK
[2026-08-23T20:47:12.396Z] tick · acquisition:food:Yogyakarta · zone=prambanan · spawning
[2026-08-23T20:47:28.362Z] tick · acquisition:accommodation:Yogyakarta · exit=0 signal=- · OK
[2026-08-23T20:47:31.367Z] tick · acquisition:accommodation:Yogyakarta · zone=prawirotaman · spawning
[2026-08-23T20:47:43.449Z] tick · brain:cron-tick · fetching GET http://localhost:3008/api/nex/brain/cron-tick
[2026-08-23T20:47:43.942Z] tick · brain:cron-tick · status=200 · OK
[2026-08-23T20:47:47.291Z] tick · social:cron-tick · fetching GET http://localhost:3008/api/cron/comms-social-worker
[2026-08-23T20:47:47.454Z] tick · social:cron-tick · status=200 · OK
[2026-08-23T20:47:50.049Z] tick · acquisition:food:Yogyakarta · exit=0 signal=- · OK
[2026-08-23T20:47:53.054Z] tick · acquisition:food:Yogyakarta · zone=sleman-north · spawning
[2026-08-23T20:48:01.821Z] tick · acquisition:accommodation:Yogyakarta · exit=0 signal=- · OK
[2026-08-23T20:48:04.832Z] tick · acquisition:accommodation:Yogyakarta · zone=kaliurang · spawning
[2026-08-23T20:48:28.239Z] tick · acquisition:food:Yogyakarta · exit=0 signal=- · OK
[2026-08-23T20:48:31.241Z] tick · acquisition:food:Yogyakarta · zone=bantul-south · spawning
[2026-08-23T20:48:35.226Z] tick · acquisition:accommodation:Yogyakarta · exit=0 signal=- · OK
[2026-08-23T20:48:38.233Z] tick · acquisition:accommodation:Yogyakarta · zone=borobudur · spawning
[2026-08-23T20:48:47.296Z] tick · social:cron-tick · fetching GET http://localhost:3008/api/cron/comms-social-worker
[2026-08-23T20:48:47.456Z] tick · social:cron-tick · status=200 · OK
[2026-08-23T20:49:01.634Z] tick · acquisition:food:Yogyakarta · exit=0 signal=- · OK
[2026-08-23T20:49:04.636Z] tick · acquisition:food:Yogyakarta · zone=klaten-east · spawning
[2026-08-23T20:49:08.699Z] tick · acquisition:accommodation:Yogyakarta · exit=0 signal=- · OK
[2026-08-23T20:49:11.705Z] tick · acquisition:accommodation:Yogyakarta · zone=yogya-wider · spawning
[2026-08-23T20:49:35.074Z] tick · acquisition:food:Yogyakarta · exit=0 signal=- · OK
[2026-08-23T20:49:38.080Z] tick · acquisition:food:Yogyakarta · zone=gamping-west · spawning
[2026-08-23T20:49:42.231Z] tick · acquisition:accommodation:Yogyakarta · exit=0 signal=- · OK
[2026-08-23T20:49:42.573Z] tick · cle:conversation · spawning
[2026-08-23T20:49:42.971Z] tick · cle:conversation · exit=0 signal=- · OK
[2026-08-23T20:49:45.232Z] tick · acquisition:accommodation:Yogyakarta · zone=malioboro · spawning
[2026-08-23T20:49:47.302Z] tick · social:cron-tick · fetching GET http://localhost:3008/api/cron/comms-social-worker
[2026-08-23T20:49:47.503Z] tick · social:cron-tick · status=200 · OK
[2026-08-23T20:50:08.470Z] tick · acquisition:food:Yogyakarta · exit=0 signal=- · OK
[2026-08-23T20:50:11.483Z] tick · acquisition:food:Yogyakarta · zone=prambanan · spawning
[2026-08-23T20:50:15.612Z] tick · acquisition:accommodation:Yogyakarta · exit=0 signal=- · OK
[2026-08-23T20:50:18.622Z] tick · acquisition:accommodation:Yogyakarta · zone=prawirotaman · spawning
[2026-08-23T20:50:43.454Z] tick · brain:cron-tick · fetching GET http://localhost:3008/api/nex/brain/cron-tick
[2026-08-23T20:50:43.818Z] tick · brain:cron-tick · status=200 · OK
[2026-08-23T20:50:47.308Z] tick · social:cron-tick · fetching GET http://localhost:3008/api/cron/comms-social-worker
[2026-08-23T20:50:47.382Z] tick · social:cron-tick · status=200 · OK
[2026-08-23T20:50:49.045Z] tick · acquisition:accommodation:Yogyakarta · exit=0 signal=- · OK
[2026-08-23T20:50:49.632Z] tick · acquisition:food:Yogyakarta · exit=0 signal=- · OK
[2026-08-23T20:50:52.049Z] tick · acquisition:accommodation:Yogyakarta · zone=kaliurang · spawning
[2026-08-23T20:50:52.637Z] tick · acquisition:food:Yogyakarta · zone=sleman-north · spawning
[2026-08-23T20:51:22.442Z] tick · acquisition:accommodation:Yogyakarta · exit=0 signal=- · OK
[2026-08-23T20:51:25.442Z] tick · acquisition:accommodation:Yogyakarta · zone=borobudur · spawning
[2026-08-23T20:51:27.710Z] tick · acquisition:food:Yogyakarta · exit=0 signal=- · OK
[2026-08-23T20:51:30.725Z] tick · acquisition:food:Yogyakarta · zone=bantul-south · spawning
[2026-08-23T20:51:47.313Z] tick · social:cron-tick · fetching GET http://localhost:3008/api/cron/comms-social-worker
[2026-08-23T20:51:47.640Z] tick · social:cron-tick · status=200 · OK
[2026-08-23T20:51:55.946Z] tick · acquisition:accommodation:Yogyakarta · exit=0 signal=- · OK
[2026-08-23T20:51:58.952Z] tick · acquisition:accommodation:Yogyakarta · zone=yogya-wider · spawning
[2026-08-23T20:52:01.185Z] tick · acquisition:food:Yogyakarta · exit=0 signal=- · OK
[2026-08-23T20:52:04.197Z] tick · acquisition:food:Yogyakarta · zone=klaten-east · spawning
[2026-08-23T20:52:29.661Z] tick · acquisition:accommodation:Yogyakarta · exit=0 signal=- · OK
[2026-08-23T20:52:32.663Z] tick · acquisition:accommodation:Yogyakarta · zone=malioboro · spawning
[2026-08-23T20:52:34.804Z] tick · acquisition:food:Yogyakarta · exit=0 signal=- · OK
[2026-08-23T20:52:37.806Z] tick · acquisition:food:Yogyakarta · zone=gamping-west · spawning
[2026-08-23T20:52:47.312Z] tick · social:cron-tick · fetching GET http://localhost:3008/api/cron/comms-social-worker
[2026-08-23T20:52:47.534Z] tick · social:cron-tick · status=200 · OK
[2026-08-23T20:53:03.173Z] tick · acquisition:accommodation:Yogyakarta · exit=0 signal=- · OK
[2026-08-23T20:53:06.179Z] tick · acquisition:accommodation:Yogyakarta · zone=prawirotaman · spawning
[2026-08-23T20:53:08.341Z] tick · acquisition:food:Yogyakarta · exit=0 signal=- · OK
[2026-08-23T20:53:11.347Z] tick · acquisition:food:Yogyakarta · zone=prambanan · spawning
[2026-08-23T20:53:36.707Z] tick · acquisition:accommodation:Yogyakarta · exit=0 signal=- · OK
[2026-08-23T20:53:39.713Z] tick · acquisition:accommodation:Yogyakarta · zone=kaliurang · spawning
[2026-08-23T20:53:43.463Z] tick · brain:cron-tick · fetching GET http://localhost:3008/api/nex/brain/cron-tick
[2026-08-23T20:53:43.885Z] tick · brain:cron-tick · status=200 · OK
[2026-08-23T20:53:47.314Z] tick · social:cron-tick · fetching GET http://localhost:3008/api/cron/comms-social-worker
[2026-08-23T20:53:47.432Z] tick · social:cron-tick · status=200 · OK
[2026-08-23T20:53:49.134Z] tick · acquisition:food:Yogyakarta · exit=0 signal=- · OK
[2026-08-23T20:53:52.144Z] tick · acquisition:food:Yogyakarta · zone=sleman-north · spawning
[2026-08-23T20:54:10.148Z] tick · acquisition:accommodation:Yogyakarta · exit=0 signal=- · OK
[2026-08-23T20:54:13.151Z] tick · acquisition:accommodation:Yogyakarta · zone=borobudur · spawning
[2026-08-23T20:54:26.374Z] tick · acquisition:food:Yogyakarta · exit=0 signal=- · OK
[2026-08-23T20:54:29.379Z] tick · acquisition:food:Yogyakarta · zone=bantul-south · spawning
[2026-08-23T20:54:43.710Z] tick · acquisition:accommodation:Yogyakarta · exit=0 signal=- · OK
[2026-08-23T20:54:46.712Z] tick · acquisition:accommodation:Yogyakarta · zone=yogya-wider · spawning
[2026-08-23T20:54:47.315Z] tick · social:cron-tick · fetching GET http://localhost:3008/api/cron/comms-social-worker
[2026-08-23T20:54:47.497Z] tick · social:cron-tick · status=200 · OK
[2026-08-23T20:54:59.936Z] tick · acquisition:food:Yogyakarta · exit=0 signal=- · OK
[2026-08-23T20:55:02.945Z] tick · acquisition:food:Yogyakarta · zone=klaten-east · spawning
[2026-08-23T20:55:17.156Z] tick · acquisition:accommodation:Yogyakarta · exit=0 signal=- · OK
[2026-08-23T20:55:20.162Z] tick · acquisition:accommodation:Yogyakarta · zone=malioboro · spawning
[2026-08-23T20:55:33.462Z] tick · acquisition:food:Yogyakarta · exit=0 signal=- · OK
[2026-08-23T20:55:36.469Z] tick · acquisition:food:Yogyakarta · zone=gamping-west · spawning
[2026-08-23T20:55:47.323Z] tick · social:cron-tick · fetching GET http://localhost:3008/api/cron/comms-social-worker
[2026-08-23T20:55:47.619Z] tick · social:cron-tick · status=200 · OK
[2026-08-23T20:55:50.638Z] tick · acquisition:accommodation:Yogyakarta · exit=0 signal=- · OK
[2026-08-23T20:55:53.646Z] tick · acquisition:accommodation:Yogyakarta · zone=prawirotaman · spawning
[2026-08-23T20:56:06.933Z] tick · acquisition:food:Yogyakarta · exit=0 signal=- · OK
[2026-08-23T20:56:09.938Z] tick · acquisition:food:Yogyakarta · zone=prambanan · spawning
[2026-08-23T20:56:24.078Z] tick · acquisition:accommodation:Yogyakarta · exit=0 signal=- · OK
[2026-08-23T20:56:27.091Z] tick · acquisition:accommodation:Yogyakarta · zone=kaliurang · spawning
[2026-08-23T20:56:43.465Z] tick · brain:cron-tick · fetching GET http://localhost:3008/api/nex/brain/cron-tick
[2026-08-23T20:56:44.031Z] tick · brain:cron-tick · status=200 · OK
[2026-08-23T20:56:46.711Z] tick · acquisition:food:Yogyakarta · exit=0 signal=- · OK
[2026-08-23T20:56:47.326Z] tick · social:cron-tick · fetching GET http://localhost:3008/api/cron/comms-social-worker
[2026-08-23T20:56:47.424Z] tick · social:cron-tick · status=200 · OK
[2026-08-23T20:56:49.714Z] tick · acquisition:food:Yogyakarta · zone=sleman-north · spawning
[2026-08-23T20:56:57.472Z] tick · acquisition:accommodation:Yogyakarta · exit=0 signal=- · OK
[2026-08-23T20:57:00.473Z] tick · acquisition:accommodation:Yogyakarta · zone=borobudur · spawning
[2026-08-23T20:57:25.113Z] tick · acquisition:food:Yogyakarta · exit=0 signal=- · OK
[2026-08-23T20:57:28.117Z] tick · acquisition:food:Yogyakarta · zone=bantul-south · spawning
[2026-08-23T20:57:30.948Z] tick · acquisition:accommodation:Yogyakarta · exit=0 signal=- · OK
[2026-08-23T20:57:33.955Z] tick · acquisition:accommodation:Yogyakarta · zone=yogya-wider · spawning
[2026-08-23T20:57:47.329Z] tick · social:cron-tick · fetching GET http://localhost:3008/api/cron/comms-social-worker
[2026-08-23T20:57:47.912Z] tick · social:cron-tick · status=200 · OK
[2026-08-23T20:57:58.626Z] tick · acquisition:food:Yogyakarta · exit=0 signal=- · OK
[2026-08-23T20:58:01.627Z] tick · acquisition:food:Yogyakarta · zone=klaten-east · spawning
[2026-08-23T20:58:04.509Z] tick · acquisition:accommodation:Yogyakarta · exit=0 signal=- · OK
[2026-08-23T20:58:07.517Z] tick · acquisition:accommodation:Yogyakarta · zone=malioboro · spawning
[2026-08-23T20:58:32.074Z] tick · acquisition:food:Yogyakarta · exit=0 signal=- · OK
[2026-08-23T20:58:35.077Z] tick · acquisition:food:Yogyakarta · zone=gamping-west · spawning
[2026-08-23T20:58:38.025Z] tick · acquisition:accommodation:Yogyakarta · exit=0 signal=- · OK
[2026-08-23T20:58:41.033Z] tick · acquisition:accommodation:Yogyakarta · zone=prawirotaman · spawning
[2026-08-23T20:58:47.340Z] tick · social:cron-tick · fetching GET http://localhost:3008/api/cron/comms-social-worker
[2026-08-23T20:58:47.488Z] tick · social:cron-tick · status=200 · OK
[2026-08-23T20:59:05.522Z] tick · acquisition:food:Yogyakarta · exit=0 signal=- · OK
[2026-08-23T20:59:08.527Z] tick · acquisition:food:Yogyakarta · zone=prambanan · spawning
[2026-08-23T20:59:11.409Z] tick · acquisition:accommodation:Yogyakarta · exit=0 signal=- · OK
[2026-08-23T20:59:14.410Z] tick · acquisition:accommodation:Yogyakarta · zone=kaliurang · spawning
[2026-08-23T20:59:42.574Z] tick · cle:conversation · spawning
[2026-08-23T20:59:43.055Z] tick · cle:conversation · exit=0 signal=- · OK
[2026-08-23T20:59:43.468Z] tick · brain:cron-tick · fetching GET http://localhost:3008/api/nex/brain/cron-tick
[2026-08-23T20:59:43.825Z] tick · brain:cron-tick · status=200 · OK
[2026-08-23T20:59:44.786Z] tick · acquisition:accommodation:Yogyakarta · exit=0 signal=- · OK
[2026-08-23T20:59:45.547Z] tick · acquisition:food:Yogyakarta · exit=0 signal=- · OK
[2026-08-23T20:59:47.345Z] tick · social:cron-tick · fetching GET http://localhost:3008/api/cron/comms-social-worker
[2026-08-23T20:59:47.435Z] tick · social:cron-tick · status=200 · OK
[2026-08-23T20:59:47.789Z] tick · acquisition:accommodation:Yogyakarta · zone=borobudur · spawning
[2026-08-23T20:59:48.553Z] tick · acquisition:food:Yogyakarta · zone=sleman-north · spawning
[2026-08-23T21:00:18.156Z] tick · acquisition:accommodation:Yogyakarta · exit=0 signal=- · OK
[2026-08-23T21:00:21.162Z] tick · acquisition:accommodation:Yogyakarta · zone=yogya-wider · spawning
[2026-08-23T21:00:22.845Z] tick · acquisition:food:Yogyakarta · exit=0 signal=- · OK
[2026-08-23T21:00:25.850Z] tick · acquisition:food:Yogyakarta · zone=bantul-south · spawning
[2026-08-23T21:00:47.351Z] tick · social:cron-tick · fetching GET http://localhost:3008/api/cron/comms-social-worker
[2026-08-23T21:00:47.472Z] tick · social:cron-tick · status=200 · OK
[2026-08-23T21:00:51.595Z] tick · acquisition:accommodation:Yogyakarta · exit=0 signal=- · OK
[2026-08-23T21:00:54.603Z] tick · acquisition:accommodation:Yogyakarta · zone=malioboro · spawning
[2026-08-23T21:00:56.344Z] tick · acquisition:food:Yogyakarta · exit=0 signal=- · OK
[2026-08-23T21:00:59.351Z] tick · acquisition:food:Yogyakarta · zone=klaten-east · spawning
[2026-08-23T21:01:24.969Z] tick · acquisition:accommodation:Yogyakarta · exit=0 signal=- · OK
[2026-08-23T21:01:27.975Z] tick · acquisition:accommodation:Yogyakarta · zone=prawirotaman · spawning
[2026-08-23T21:01:29.764Z] tick · acquisition:food:Yogyakarta · exit=0 signal=- · OK
[2026-08-23T21:01:32.766Z] tick · acquisition:food:Yogyakarta · zone=gamping-west · spawning
[2026-08-23T21:01:47.357Z] tick · social:cron-tick · fetching GET http://localhost:3008/api/cron/comms-social-worker
[2026-08-23T21:01:47.562Z] tick · social:cron-tick · status=200 · OK
[2026-08-23T21:01:58.364Z] tick · acquisition:accommodation:Yogyakarta · exit=0 signal=- · OK
[2026-08-23T21:02:01.370Z] tick · acquisition:accommodation:Yogyakarta · zone=kaliurang · spawning
[2026-08-23T21:02:03.152Z] tick · acquisition:food:Yogyakarta · exit=0 signal=- · OK
[2026-08-23T21:02:06.163Z] tick · acquisition:food:Yogyakarta · zone=prambanan · spawning
[2026-08-23T21:02:31.870Z] tick · acquisition:accommodation:Yogyakarta · exit=0 signal=- · OK
[2026-08-23T21:02:34.875Z] tick · acquisition:accommodation:Yogyakarta · zone=borobudur · spawning
[2026-08-23T21:02:42.217Z] tick · acquisition:food:Yogyakarta · exit=0 signal=- · OK
[2026-08-23T21:02:43.472Z] tick · brain:cron-tick · fetching GET http://localhost:3008/api/nex/brain/cron-tick
[2026-08-23T21:02:44.463Z] tick · brain:cron-tick · status=200 · OK
[2026-08-23T21:02:45.224Z] tick · acquisition:food:Yogyakarta · zone=sleman-north · spawning
[2026-08-23T21:02:47.371Z] tick · social:cron-tick · fetching GET http://localhost:3008/api/cron/comms-social-worker
[2026-08-23T21:02:47.473Z] tick · social:cron-tick · status=200 · OK
[2026-08-23T21:03:05.445Z] tick · acquisition:accommodation:Yogyakarta · exit=0 signal=- · OK
[2026-08-23T21:03:08.448Z] tick · acquisition:accommodation:Yogyakarta · zone=yogya-wider · spawning
[2026-08-23T21:03:20.342Z] tick · acquisition:food:Yogyakarta · exit=0 signal=- · OK
[2026-08-23T21:03:23.344Z] tick · acquisition:food:Yogyakarta · zone=bantul-south · spawning
[2026-08-23T21:03:38.788Z] tick · acquisition:accommodation:Yogyakarta · exit=0 signal=- · OK
[2026-08-23T21:03:41.792Z] tick · acquisition:accommodation:Yogyakarta · zone=malioboro · spawning
[2026-08-23T21:03:47.375Z] tick · social:cron-tick · fetching GET http://localhost:3008/api/cron/comms-social-worker
[2026-08-23T21:03:47.601Z] tick · social:cron-tick · status=200 · OK
[2026-08-23T21:03:53.675Z] tick · acquisition:food:Yogyakarta · exit=0 signal=- · OK
[2026-08-23T21:03:56.676Z] tick · acquisition:food:Yogyakarta · zone=klaten-east · spawning
[2026-08-23T21:04:12.158Z] tick · acquisition:accommodation:Yogyakarta · exit=0 signal=- · OK
[2026-08-23T21:04:15.161Z] tick · acquisition:accommodation:Yogyakarta · zone=prawirotaman · spawning
[2026-08-23T21:04:27.024Z] tick · acquisition:food:Yogyakarta · exit=0 signal=- · OK
[2026-08-23T21:04:30.027Z] tick · acquisition:food:Yogyakarta · zone=gamping-west · spawning
[2026-08-23T21:04:45.621Z] tick · acquisition:accommodation:Yogyakarta · exit=0 signal=- · OK
[2026-08-23T21:04:47.381Z] tick · social:cron-tick · fetching GET http://localhost:3008/api/cron/comms-social-worker
[2026-08-23T21:04:47.580Z] tick · social:cron-tick · status=200 · OK
[2026-08-23T21:04:48.624Z] tick · acquisition:accommodation:Yogyakarta · zone=kaliurang · spawning
[2026-08-23T21:05:00.586Z] tick · acquisition:food:Yogyakarta · exit=0 signal=- · OK
[2026-08-23T21:05:03.596Z] tick · acquisition:food:Yogyakarta · zone=prambanan · spawning
[2026-08-23T21:05:19.059Z] tick · acquisition:accommodation:Yogyakarta · exit=0 signal=- · OK
[2026-08-23T21:05:22.063Z] tick · acquisition:accommodation:Yogyakarta · zone=borobudur · spawning
[2026-08-23T21:05:41.294Z] tick · acquisition:food:Yogyakarta · exit=0 signal=- · OK
[2026-08-23T21:05:43.484Z] tick · brain:cron-tick · fetching GET http://localhost:3008/api/nex/brain/cron-tick
[2026-08-23T21:05:44.298Z] tick · acquisition:food:Yogyakarta · zone=sleman-north · spawning
[2026-08-23T21:05:44.317Z] tick · brain:cron-tick · status=200 · OK
[2026-08-23T21:05:47.397Z] tick · social:cron-tick · fetching GET http://localhost:3008/api/cron/comms-social-worker
[2026-08-23T21:05:47.482Z] tick · social:cron-tick · status=200 · OK
[2026-08-23T21:05:52.400Z] tick · acquisition:accommodation:Yogyakarta · exit=0 signal=- · OK
[2026-08-23T21:05:55.414Z] tick · acquisition:accommodation:Yogyakarta · zone=yogya-wider · spawning
[2026-08-23T21:06:20.662Z] tick · acquisition:food:Yogyakarta · exit=0 signal=- · OK
[2026-08-23T21:06:23.674Z] tick · acquisition:food:Yogyakarta · zone=bantul-south · spawning
[2026-08-23T21:06:25.746Z] tick · acquisition:accommodation:Yogyakarta · exit=0 signal=- · OK
[2026-08-23T21:06:28.747Z] tick · acquisition:accommodation:Yogyakarta · zone=malioboro · spawning
[2026-08-23T21:06:47.406Z] tick · social:cron-tick · fetching GET http://localhost:3008/api/cron/comms-social-worker
[2026-08-23T21:06:47.730Z] tick · social:cron-tick · status=200 · OK
[2026-08-23T21:06:53.984Z] tick · acquisition:food:Yogyakarta · exit=0 signal=- · OK
[2026-08-23T21:06:56.990Z] tick · acquisition:food:Yogyakarta · zone=klaten-east · spawning
[2026-08-23T21:06:59.074Z] tick · acquisition:accommodation:Yogyakarta · exit=0 signal=- · OK
[2026-08-23T21:07:02.079Z] tick · acquisition:accommodation:Yogyakarta · zone=prawirotaman · spawning
[2026-08-23T21:07:27.413Z] tick · acquisition:food:Yogyakarta · exit=0 signal=- · OK
[2026-08-23T21:07:28.869Z] tick · promotion:food:Yogyakarta:quality-check · spawning
[2026-08-23T21:07:29.415Z] tick · promotion:food:Yogyakarta:quality-check · exit=0 signal=- · OK
[2026-08-23T21:07:30.418Z] tick · acquisition:food:Yogyakarta · zone=gamping-west · spawning
[2026-08-23T21:07:32.441Z] tick · acquisition:accommodation:Yogyakarta · exit=0 signal=- · OK
[2026-08-23T21:07:35.443Z] tick · acquisition:accommodation:Yogyakarta · zone=kaliurang · spawning
[2026-08-23T21:07:47.417Z] tick · social:cron-tick · fetching GET http://localhost:3008/api/cron/comms-social-worker
[2026-08-23T21:07:47.656Z] tick · social:cron-tick · status=200 · OK
[2026-08-23T21:08:00.792Z] tick · acquisition:food:Yogyakarta · exit=0 signal=- · OK
[2026-08-23T21:08:03.793Z] tick · acquisition:food:Yogyakarta · zone=prambanan · spawning
[2026-08-23T21:08:05.798Z] tick · acquisition:accommodation:Yogyakarta · exit=0 signal=- · OK
[2026-08-23T21:08:08.801Z] tick · acquisition:accommodation:Yogyakarta · zone=borobudur · spawning
[2026-08-23T21:08:39.183Z] tick · acquisition:accommodation:Yogyakarta · exit=0 signal=- · OK
[2026-08-23T21:08:42.157Z] tick · acquisition:food:Yogyakarta · exit=0 signal=- · OK
[2026-08-23T21:08:42.192Z] tick · acquisition:accommodation:Yogyakarta · zone=yogya-wider · spawning
[2026-08-23T21:08:43.488Z] tick · brain:cron-tick · fetching GET http://localhost:3008/api/nex/brain/cron-tick
[2026-08-23T21:08:44.203Z] tick · brain:cron-tick · status=200 · OK
[2026-08-23T21:08:45.163Z] tick · acquisition:food:Yogyakarta · zone=sleman-north · spawning
[2026-08-23T21:08:47.424Z] tick · social:cron-tick · fetching GET http://localhost:3008/api/cron/comms-social-worker
[2026-08-23T21:08:47.579Z] tick · social:cron-tick · status=200 · OK
[2026-08-23T21:09:12.764Z] tick · acquisition:accommodation:Yogyakarta · exit=0 signal=- · OK
[2026-08-23T21:09:15.771Z] tick · acquisition:accommodation:Yogyakarta · zone=malioboro · spawning
[2026-08-23T21:09:22.536Z] tick · acquisition:food:Yogyakarta · exit=0 signal=- · OK
[2026-08-23T21:09:25.542Z] tick · acquisition:food:Yogyakarta · zone=bantul-south · spawning
[2026-08-23T21:09:42.583Z] tick · cle:conversation · spawning
[2026-08-23T21:09:42.995Z] tick · cle:conversation · exit=0 signal=- · OK
[2026-08-23T21:09:46.132Z] tick · acquisition:accommodation:Yogyakarta · exit=0 signal=- · OK
[2026-08-23T21:09:47.430Z] tick · social:cron-tick · fetching GET http://localhost:3008/api/cron/comms-social-worker
[2026-08-23T21:09:47.696Z] tick · social:cron-tick · status=200 · OK
[2026-08-23T21:09:49.136Z] tick · acquisition:accommodation:Yogyakarta · zone=prawirotaman · spawning
[2026-08-23T21:09:55.920Z] tick · acquisition:food:Yogyakarta · exit=0 signal=- · OK
[2026-08-23T21:09:58.931Z] tick · acquisition:food:Yogyakarta · zone=klaten-east · spawning
[2026-08-23T21:10:19.512Z] tick · acquisition:accommodation:Yogyakarta · exit=0 signal=- · OK
[2026-08-23T21:10:22.513Z] tick · acquisition:accommodation:Yogyakarta · zone=kaliurang · spawning
[2026-08-23T21:10:29.341Z] tick · acquisition:food:Yogyakarta · exit=0 signal=- · OK
[2026-08-23T21:10:32.345Z] tick · acquisition:food:Yogyakarta · zone=gamping-west · spawning
[2026-08-23T21:10:47.443Z] tick · social:cron-tick · fetching GET http://localhost:3008/api/cron/comms-social-worker
[2026-08-23T21:10:47.633Z] tick · social:cron-tick · status=200 · OK
[2026-08-23T21:10:52.882Z] tick · acquisition:accommodation:Yogyakarta · exit=0 signal=- · OK
[2026-08-23T21:10:55.892Z] tick · acquisition:accommodation:Yogyakarta · zone=borobudur · spawning
[2026-08-23T21:11:02.727Z] tick · acquisition:food:Yogyakarta · exit=0 signal=- · OK
[2026-08-23T21:11:05.735Z] tick · acquisition:food:Yogyakarta · zone=prambanan · spawning
[2026-08-23T21:11:26.240Z] tick · acquisition:accommodation:Yogyakarta · exit=0 signal=- · OK
[2026-08-23T21:11:29.242Z] tick · acquisition:accommodation:Yogyakarta · zone=yogya-wider · spawning
[2026-08-23T21:11:42.369Z] tick · acquisition:food:Yogyakarta · exit=0 signal=- · OK
[2026-08-23T21:11:43.490Z] tick · brain:cron-tick · fetching GET http://localhost:3008/api/nex/brain/cron-tick
[2026-08-23T21:11:43.973Z] tick · brain:cron-tick · status=200 · OK
[2026-08-23T21:11:45.372Z] tick · acquisition:food:Yogyakarta · zone=sleman-north · spawning
[2026-08-23T21:11:47.450Z] tick · social:cron-tick · fetching GET http://localhost:3008/api/cron/comms-social-worker
[2026-08-23T21:11:47.547Z] tick · social:cron-tick · status=200 · OK
[2026-08-23T21:11:59.667Z] tick · acquisition:accommodation:Yogyakarta · exit=0 signal=- · OK
[2026-08-23T21:12:02.669Z] tick · acquisition:accommodation:Yogyakarta · zone=malioboro · spawning
[2026-08-23T21:12:23.108Z] tick · acquisition:food:Yogyakarta · exit=0 signal=- · OK
[2026-08-23T21:12:26.108Z] tick · acquisition:food:Yogyakarta · zone=bantul-south · spawning
[2026-08-23T21:12:33.139Z] tick · acquisition:accommodation:Yogyakarta · exit=0 signal=- · OK
[2026-08-23T21:12:36.141Z] tick · acquisition:accommodation:Yogyakarta · zone=prawirotaman · spawning
[2026-08-23T21:12:47.459Z] tick · social:cron-tick · fetching GET http://localhost:3008/api/cron/comms-social-worker
[2026-08-23T21:12:47.810Z] tick · social:cron-tick · status=200 · OK
[2026-08-23T21:12:56.585Z] tick · acquisition:food:Yogyakarta · exit=0 signal=- · OK
[2026-08-23T21:12:59.587Z] tick · acquisition:food:Yogyakarta · zone=klaten-east · spawning
[2026-08-23T21:13:06.640Z] tick · acquisition:accommodation:Yogyakarta · exit=0 signal=- · OK
[2026-08-23T21:13:09.642Z] tick · acquisition:accommodation:Yogyakarta · zone=kaliurang · spawning
[2026-08-23T21:13:29.965Z] tick · acquisition:food:Yogyakarta · exit=0 signal=- · OK
[2026-08-23T21:13:32.972Z] tick · acquisition:food:Yogyakarta · zone=gamping-west · spawning
[2026-08-23T21:13:39.992Z] tick · acquisition:accommodation:Yogyakarta · exit=0 signal=- · OK
[2026-08-23T21:13:42.995Z] tick · acquisition:accommodation:Yogyakarta · zone=borobudur · spawning
[2026-08-23T21:13:47.460Z] tick · social:cron-tick · fetching GET http://localhost:3008/api/cron/comms-social-worker
[2026-08-23T21:13:47.679Z] tick · social:cron-tick · status=200 · OK
[2026-08-23T21:14:03.410Z] tick · acquisition:food:Yogyakarta · exit=0 signal=- · OK
[2026-08-23T21:14:06.411Z] tick · acquisition:food:Yogyakarta · zone=prambanan · spawning
[2026-08-23T21:14:13.401Z] tick · acquisition:accommodation:Yogyakarta · exit=0 signal=- · OK
[2026-08-23T21:14:16.413Z] tick · acquisition:accommodation:Yogyakarta · zone=yogya-wider · spawning
[2026-08-23T21:14:43.494Z] tick · brain:cron-tick · fetching GET http://localhost:3008/api/nex/brain/cron-tick
[2026-08-23T21:14:43.992Z] tick · acquisition:food:Yogyakarta · exit=0 signal=- · OK
[2026-08-23T21:14:44.039Z] tick · brain:cron-tick · status=200 · OK
[2026-08-23T21:14:46.836Z] tick · acquisition:accommodation:Yogyakarta · exit=0 signal=- · OK
[2026-08-23T21:14:46.993Z] tick · acquisition:food:Yogyakarta · zone=sleman-north · spawning
[2026-08-23T21:14:47.467Z] tick · social:cron-tick · fetching GET http://localhost:3008/api/cron/comms-social-worker
[2026-08-23T21:14:47.614Z] tick · social:cron-tick · status=200 · OK
[2026-08-23T21:14:49.841Z] tick · acquisition:accommodation:Yogyakarta · zone=malioboro · spawning
[2026-08-23T21:15:20.401Z] tick · acquisition:accommodation:Yogyakarta · exit=0 signal=- · OK
[2026-08-23T21:15:21.535Z] tick · acquisition:food:Yogyakarta · exit=0 signal=- · OK
[2026-08-23T21:15:23.404Z] tick · acquisition:accommodation:Yogyakarta · zone=prawirotaman · spawning
[2026-08-23T21:15:24.544Z] tick · acquisition:food:Yogyakarta · zone=bantul-south · spawning
[2026-08-23T21:15:47.480Z] tick · social:cron-tick · fetching GET http://localhost:3008/api/cron/comms-social-worker
[2026-08-23T21:15:47.611Z] tick · social:cron-tick · status=200 · OK
[2026-08-23T21:15:53.946Z] tick · acquisition:accommodation:Yogyakarta · exit=0 signal=- · OK
[2026-08-23T21:15:54.898Z] tick · acquisition:food:Yogyakarta · exit=0 signal=- · OK
[2026-08-23T21:15:56.948Z] tick · acquisition:accommodation:Yogyakarta · zone=kaliurang · spawning
[2026-08-23T21:15:57.903Z] tick · acquisition:food:Yogyakarta · zone=klaten-east · spawning
[2026-08-23T21:16:27.237Z] tick · acquisition:accommodation:Yogyakarta · exit=0 signal=- · OK
[2026-08-23T21:16:28.207Z] tick · acquisition:food:Yogyakarta · exit=0 signal=- · OK
[2026-08-23T21:16:30.243Z] tick · acquisition:accommodation:Yogyakarta · zone=borobudur · spawning
[2026-08-23T21:16:31.218Z] tick · acquisition:food:Yogyakarta · zone=gamping-west · spawning
[2026-08-23T21:16:47.491Z] tick · social:cron-tick · fetching GET http://localhost:3008/api/cron/comms-social-worker
[2026-08-23T21:16:47.673Z] tick · social:cron-tick · status=200 · OK
[2026-08-23T21:17:00.529Z] tick · acquisition:accommodation:Yogyakarta · exit=0 signal=- · OK
[2026-08-23T21:17:01.511Z] tick · acquisition:food:Yogyakarta · exit=0 signal=- · OK
[2026-08-23T21:17:03.534Z] tick · acquisition:accommodation:Yogyakarta · zone=yogya-wider · spawning
[2026-08-23T21:17:04.515Z] tick · acquisition:food:Yogyakarta · zone=prambanan · spawning
[2026-08-23T21:17:33.843Z] tick · acquisition:accommodation:Yogyakarta · exit=0 signal=- · OK
[2026-08-23T21:17:36.846Z] tick · acquisition:accommodation:Yogyakarta · zone=malioboro · spawning
[2026-08-23T21:17:40.637Z] tick · acquisition:food:Yogyakarta · exit=0 signal=- · OK
[2026-08-23T21:17:43.493Z] tick · brain:cron-tick · fetching GET http://localhost:3008/api/nex/brain/cron-tick
[2026-08-23T21:17:43.647Z] tick · acquisition:food:Yogyakarta · zone=sleman-north · spawning
[2026-08-23T21:17:43.927Z] tick · brain:cron-tick · status=200 · OK
[2026-08-23T21:17:47.500Z] tick · social:cron-tick · fetching GET http://localhost:3008/api/cron/comms-social-worker
[2026-08-23T21:17:47.580Z] tick · social:cron-tick · status=200 · OK
[2026-08-23T21:18:07.210Z] tick · acquisition:accommodation:Yogyakarta · exit=0 signal=- · OK
[2026-08-23T21:18:10.211Z] tick · acquisition:accommodation:Yogyakarta · zone=prawirotaman · spawning
[2026-08-23T21:18:17.649Z] tick · acquisition:food:Yogyakarta · exit=0 signal=- · OK
[2026-08-23T21:18:20.661Z] tick · acquisition:food:Yogyakarta · zone=bantul-south · spawning
[2026-08-23T21:18:40.550Z] tick · acquisition:accommodation:Yogyakarta · exit=0 signal=- · OK
[2026-08-23T21:18:43.553Z] tick · acquisition:accommodation:Yogyakarta · zone=kaliurang · spawning
[2026-08-23T21:18:47.502Z] tick · social:cron-tick · fetching GET http://localhost:3008/api/cron/comms-social-worker
[2026-08-23T21:18:47.762Z] tick · social:cron-tick · status=200 · OK
[2026-08-23T21:18:51.003Z] tick · acquisition:food:Yogyakarta · exit=0 signal=- · OK
[2026-08-23T21:18:54.008Z] tick · acquisition:food:Yogyakarta · zone=klaten-east · spawning
[2026-08-23T21:19:13.922Z] tick · acquisition:accommodation:Yogyakarta · exit=0 signal=- · OK
[2026-08-23T21:19:16.927Z] tick · acquisition:accommodation:Yogyakarta · zone=borobudur · spawning
[2026-08-23T21:19:24.350Z] tick · acquisition:food:Yogyakarta · exit=0 signal=- · OK
[2026-08-23T21:19:27.350Z] tick · acquisition:food:Yogyakarta · zone=gamping-west · spawning
[2026-08-23T21:19:42.592Z] tick · cle:conversation · spawning
[2026-08-23T21:19:43.090Z] tick · cle:conversation · exit=0 signal=- · OK
[2026-08-23T21:19:47.379Z] tick · acquisition:accommodation:Yogyakarta · exit=0 signal=- · OK
[2026-08-23T21:19:47.503Z] tick · social:cron-tick · fetching GET http://localhost:3008/api/cron/comms-social-worker
[2026-08-23T21:19:47.941Z] tick · social:cron-tick · status=200 · OK
[2026-08-23T21:19:50.380Z] tick · acquisition:accommodation:Yogyakarta · zone=yogya-wider · spawning
[2026-08-23T21:19:57.735Z] tick · acquisition:food:Yogyakarta · exit=0 signal=- · OK
[2026-08-23T21:20:00.748Z] tick · acquisition:food:Yogyakarta · zone=prambanan · spawning
[2026-08-23T21:20:20.765Z] tick · acquisition:accommodation:Yogyakarta · exit=0 signal=- · OK
[2026-08-23T21:20:23.775Z] tick · acquisition:accommodation:Yogyakarta · zone=malioboro · spawning
[2026-08-23T21:20:40.461Z] tick · acquisition:food:Yogyakarta · exit=0 signal=- · OK
[2026-08-23T21:20:43.464Z] tick · acquisition:food:Yogyakarta · zone=sleman-north · spawning
[2026-08-23T21:20:43.505Z] tick · brain:cron-tick · fetching GET http://localhost:3008/api/nex/brain/cron-tick
[2026-08-23T21:20:44.300Z] tick · brain:cron-tick · status=200 · OK
[2026-08-23T21:20:47.509Z] tick · social:cron-tick · fetching GET http://localhost:3008/api/cron/comms-social-worker
[2026-08-23T21:20:47.701Z] tick · social:cron-tick · status=200 · OK
[2026-08-23T21:20:54.115Z] tick · acquisition:accommodation:Yogyakarta · exit=0 signal=- · OK
[2026-08-23T21:20:57.120Z] tick · acquisition:accommodation:Yogyakarta · zone=prawirotaman · spawning
[2026-08-23T21:21:21.063Z] tick · acquisition:food:Yogyakarta · exit=0 signal=- · OK
[2026-08-23T21:21:24.064Z] tick · acquisition:food:Yogyakarta · zone=bantul-south · spawning
[2026-08-23T21:21:27.481Z] tick · acquisition:accommodation:Yogyakarta · exit=0 signal=- · OK
[2026-08-23T21:21:30.484Z] tick · acquisition:accommodation:Yogyakarta · zone=kaliurang · spawning
[2026-08-23T21:21:47.524Z] tick · social:cron-tick · fetching GET http://localhost:3008/api/cron/comms-social-worker
[2026-08-23T21:21:47.720Z] tick · social:cron-tick · status=200 · OK
[2026-08-23T21:21:54.648Z] tick · acquisition:food:Yogyakarta · exit=0 signal=- · OK
[2026-08-23T21:21:57.648Z] tick · acquisition:food:Yogyakarta · zone=klaten-east · spawning
[2026-08-23T21:22:00.816Z] tick · acquisition:accommodation:Yogyakarta · exit=0 signal=- · OK
[2026-08-23T21:22:03.821Z] tick · acquisition:accommodation:Yogyakarta · zone=borobudur · spawning
[2026-08-23T21:22:28.119Z] tick · acquisition:food:Yogyakarta · exit=0 signal=- · OK
[2026-08-23T21:22:31.119Z] tick · acquisition:food:Yogyakarta · zone=gamping-west · spawning
[2026-08-23T21:22:34.134Z] tick · acquisition:accommodation:Yogyakarta · exit=0 signal=- · OK
[2026-08-23T21:22:37.146Z] tick · acquisition:accommodation:Yogyakarta · zone=yogya-wider · spawning
[2026-08-23T21:22:47.536Z] tick · social:cron-tick · fetching GET http://localhost:3008/api/cron/comms-social-worker
[2026-08-23T21:22:47.705Z] tick · social:cron-tick · status=200 · OK
[2026-08-23T21:23:01.566Z] tick · acquisition:food:Yogyakarta · exit=0 signal=- · OK
[2026-08-23T21:23:04.574Z] tick · acquisition:food:Yogyakarta · zone=prambanan · spawning
[2026-08-23T21:23:07.465Z] tick · acquisition:accommodation:Yogyakarta · exit=0 signal=- · OK
[2026-08-23T21:23:10.466Z] tick · acquisition:accommodation:Yogyakarta · zone=malioboro · spawning
