
nex-dev-scheduler · started 2026-08-24T17:52:16.971Z
opt-in gate: NEX_DEV_WORKERS=1 (verified)
scheduled workers:
  · discovery:rotation:tick  every 600s  →  spawn node scripts/nex-discovery-rotation/_rotation-tick.mjs
  · discovery:orchestrator:tick  every 60s  →  spawn node scripts/nex-discovery-orchestrator/_orchestrator-tick.mjs
  · orchestration:zombie-reconciler  every 180s  →  spawn node scripts/nex-orchestration/_zombie-reconciler.mjs
  · cle:conversation  every 600s  →  spawn node scripts/nex-conv/cle/run-cle-cycle.mjs --config=staircase --apply
  · brain:cron-tick  every 180s  →  HTTP GET http://localhost:3008/api/nex/brain/cron-tick
  · social:cron-tick  every 60s  →  HTTP GET http://localhost:3008/api/cron/comms-social-worker
  · promotion:food:Yogyakarta:quality-check  every 1800s  →  spawn node scripts/nex-promotion/run-quality-check.mjs --vertical=food --city=Yogyakarta --apply
ctrl+c to stop · runs foreground · logs every tick + outcome

[2026-08-24T17:52:16.982Z] discovery:rotation:tick · deferred first tick by 30s (offset from orchestrator cadence)
[2026-08-24T17:52:16.982Z] tick · discovery:orchestrator:tick · spawning
[2026-08-24T17:52:17.003Z] tick · orchestration:zombie-reconciler · spawning
[2026-08-24T17:52:17.015Z] tick · cle:conversation · spawning
[2026-08-24T17:52:17.027Z] tick · brain:cron-tick · fetching GET http://localhost:3008/api/nex/brain/cron-tick
[2026-08-24T17:52:17.159Z] tick · social:cron-tick · fetching GET http://localhost:3008/api/cron/comms-social-worker
[2026-08-24T17:52:17.160Z] tick · promotion:food:Yogyakarta:quality-check · spawning
[2026-08-24T17:52:17.444Z] tick · orchestration:zombie-reconciler · exit=0 signal=- · OK
[2026-08-24T17:52:17.819Z] tick · discovery:orchestrator:tick · exit=0 signal=- · OK
[2026-08-24T17:52:17.847Z] tick · cle:conversation · exit=0 signal=- · OK
[2026-08-24T17:52:18.558Z] tick · promotion:food:Yogyakarta:quality-check · exit=0 signal=- · OK
[2026-08-24T17:52:21.716Z] tick · social:cron-tick · status=200 · OK
[2026-08-24T17:52:22.459Z] tick · brain:cron-tick · status=200 · OK
[2026-08-24T17:52:46.987Z] tick · discovery:rotation:tick · spawning
[2026-08-24T17:52:47.515Z] tick · discovery:rotation:tick · exit=0 signal=- · OK
[2026-08-24T17:53:17.005Z] tick · discovery:orchestrator:tick · spawning
[2026-08-24T17:53:17.162Z] tick · social:cron-tick · fetching GET http://localhost:3008/api/cron/comms-social-worker
[2026-08-24T17:53:17.235Z] tick · discovery:orchestrator:tick · exit=0 signal=- · OK
[2026-08-24T17:53:17.517Z] tick · social:cron-tick · status=200 · OK
[2026-08-24T17:54:17.008Z] tick · discovery:orchestrator:tick · spawning
[2026-08-24T17:54:17.166Z] tick · social:cron-tick · fetching GET http://localhost:3008/api/cron/comms-social-worker
[2026-08-24T17:54:17.258Z] tick · discovery:orchestrator:tick · exit=0 signal=- · OK
[2026-08-24T17:54:17.308Z] tick · social:cron-tick · status=200 · OK
[2026-08-24T17:55:17.018Z] tick · discovery:orchestrator:tick · spawning
[2026-08-24T17:55:17.030Z] tick · orchestration:zombie-reconciler · spawning
[2026-08-24T17:55:17.162Z] tick · brain:cron-tick · fetching GET http://localhost:3008/api/nex/brain/cron-tick
[2026-08-24T17:55:17.168Z] tick · social:cron-tick · fetching GET http://localhost:3008/api/cron/comms-social-worker
[2026-08-24T17:55:17.314Z] tick · orchestration:zombie-reconciler · exit=0 signal=- · OK
[2026-08-24T17:55:17.326Z] tick · discovery:orchestrator:tick · exit=0 signal=- · OK
[2026-08-24T17:55:17.552Z] tick · social:cron-tick · status=200 · OK
[2026-08-24T17:55:17.719Z] tick · brain:cron-tick · status=200 · OK
[2026-08-24T17:56:17.022Z] tick · discovery:orchestrator:tick · spawning
[2026-08-24T17:56:17.169Z] tick · social:cron-tick · fetching GET http://localhost:3008/api/cron/comms-social-worker
[2026-08-24T17:56:17.327Z] tick · social:cron-tick · status=200 · OK
[2026-08-24T17:56:17.341Z] tick · discovery:orchestrator:tick · exit=0 signal=- · OK
[2026-08-24T17:57:17.029Z] tick · discovery:orchestrator:tick · spawning
[2026-08-24T17:57:17.168Z] tick · social:cron-tick · fetching GET http://localhost:3008/api/cron/comms-social-worker
[2026-08-24T17:57:17.469Z] tick · social:cron-tick · status=200 · OK
[2026-08-24T17:57:17.491Z] tick · discovery:orchestrator:tick · exit=0 signal=- · OK
[2026-08-24T17:58:17.051Z] tick · discovery:orchestrator:tick · spawning
[2026-08-24T17:58:17.109Z] tick · orchestration:zombie-reconciler · spawning
[2026-08-24T17:58:17.175Z] tick · brain:cron-tick · fetching GET http://localhost:3008/api/nex/brain/cron-tick
[2026-08-24T17:58:17.203Z] tick · social:cron-tick · fetching GET http://localhost:3008/api/cron/comms-social-worker
[2026-08-24T17:58:17.466Z] tick · orchestration:zombie-reconciler · exit=0 signal=- · OK
[2026-08-24T17:58:17.527Z] tick · social:cron-tick · status=200 · OK
[2026-08-24T17:58:17.575Z] tick · discovery:orchestrator:tick · exit=0 signal=- · OK
[2026-08-24T17:58:17.817Z] tick · brain:cron-tick · status=200 · OK
[2026-08-24T17:59:17.050Z] tick · discovery:orchestrator:tick · spawning
[2026-08-24T17:59:17.205Z] tick · social:cron-tick · fetching GET http://localhost:3008/api/cron/comms-social-worker
[2026-08-24T17:59:17.364Z] tick · discovery:orchestrator:tick · exit=0 signal=- · OK
[2026-08-24T17:59:17.384Z] tick · social:cron-tick · status=200 · OK
[2026-08-24T18:00:17.061Z] tick · discovery:orchestrator:tick · spawning
[2026-08-24T18:00:17.220Z] tick · social:cron-tick · fetching GET http://localhost:3008/api/cron/comms-social-worker
[2026-08-24T18:00:17.351Z] tick · discovery:orchestrator:tick · exit=0 signal=- · OK
[2026-08-24T18:00:17.360Z] tick · social:cron-tick · status=200 · OK
[2026-08-24T18:01:17.065Z] tick · discovery:orchestrator:tick · spawning
[2026-08-24T18:01:17.114Z] tick · orchestration:zombie-reconciler · spawning
[2026-08-24T18:01:17.175Z] tick · brain:cron-tick · fetching GET http://localhost:3008/api/nex/brain/cron-tick
[2026-08-24T18:01:17.224Z] tick · social:cron-tick · fetching GET http://localhost:3008/api/cron/comms-social-worker
[2026-08-24T18:01:17.438Z] tick · orchestration:zombie-reconciler · exit=0 signal=- · OK
[2026-08-24T18:01:17.439Z] tick · discovery:orchestrator:tick · exit=0 signal=- · OK
[2026-08-24T18:01:17.506Z] tick · social:cron-tick · status=200 · OK
[2026-08-24T18:01:18.757Z] tick · brain:cron-tick · status=200 · OK
[2026-08-24T18:02:17.029Z] tick · cle:conversation · spawning
[2026-08-24T18:02:17.071Z] tick · discovery:orchestrator:tick · spawning
[2026-08-24T18:02:17.229Z] tick · social:cron-tick · fetching GET http://localhost:3008/api/cron/comms-social-worker
[2026-08-24T18:02:17.603Z] tick · discovery:orchestrator:tick · exit=0 signal=- · OK
[2026-08-24T18:02:17.678Z] tick · social:cron-tick · status=200 · OK
[2026-08-24T18:02:17.743Z] tick · cle:conversation · exit=0 signal=- · OK
[2026-08-24T18:02:47.005Z] tick · discovery:rotation:tick · spawning
[2026-08-24T18:02:47.654Z] tick · discovery:rotation:tick · exit=0 signal=- · OK
[2026-08-24T18:03:17.075Z] tick · discovery:orchestrator:tick · spawning
[2026-08-24T18:03:17.232Z] tick · social:cron-tick · fetching GET http://localhost:3008/api/cron/comms-social-worker
[2026-08-24T18:03:17.314Z] tick · discovery:orchestrator:tick · exit=0 signal=- · OK
[2026-08-24T18:03:17.367Z] tick · social:cron-tick · status=200 · OK
[2026-08-24T18:04:17.079Z] tick · discovery:orchestrator:tick · spawning
[2026-08-24T18:04:17.116Z] tick · orchestration:zombie-reconciler · spawning
[2026-08-24T18:04:17.175Z] tick · brain:cron-tick · fetching GET http://localhost:3008/api/nex/brain/cron-tick
[2026-08-24T18:04:17.232Z] tick · social:cron-tick · fetching GET http://localhost:3008/api/cron/comms-social-worker
[2026-08-24T18:04:17.338Z] tick · discovery:orchestrator:tick · exit=0 signal=- · OK
[2026-08-24T18:04:17.357Z] tick · orchestration:zombie-reconciler · exit=0 signal=- · OK
[2026-08-24T18:04:17.376Z] tick · social:cron-tick · status=200 · OK
[2026-08-24T18:04:17.454Z] tick · brain:cron-tick · status=200 · OK
[2026-08-24T18:05:17.083Z] tick · discovery:orchestrator:tick · spawning
[2026-08-24T18:05:17.236Z] tick · social:cron-tick · fetching GET http://localhost:3008/api/cron/comms-social-worker
[2026-08-24T18:05:17.343Z] tick · social:cron-tick · status=200 · OK
[2026-08-24T18:05:17.344Z] tick · discovery:orchestrator:tick · exit=0 signal=- · OK
[2026-08-24T18:06:17.086Z] tick · discovery:orchestrator:tick · spawning
[2026-08-24T18:06:17.238Z] tick · social:cron-tick · fetching GET http://localhost:3008/api/cron/comms-social-worker
[2026-08-24T18:06:17.440Z] tick · social:cron-tick · status=200 · OK
[2026-08-24T18:06:17.510Z] tick · discovery:orchestrator:tick · exit=0 signal=- · OK
[2026-08-24T18:07:17.095Z] tick · discovery:orchestrator:tick · spawning
[2026-08-24T18:07:17.118Z] tick · orchestration:zombie-reconciler · spawning
[2026-08-24T18:07:17.182Z] tick · brain:cron-tick · fetching GET http://localhost:3008/api/nex/brain/cron-tick
[2026-08-24T18:07:17.239Z] tick · social:cron-tick · fetching GET http://localhost:3008/api/cron/comms-social-worker
[2026-08-24T18:07:17.397Z] tick · social:cron-tick · status=200 · OK
[2026-08-24T18:07:17.558Z] tick · discovery:orchestrator:tick · exit=0 signal=- · OK
[2026-08-24T18:07:17.579Z] tick · orchestration:zombie-reconciler · exit=0 signal=- · OK
[2026-08-24T18:07:17.608Z] tick · brain:cron-tick · status=200 · OK
[2026-08-24T18:08:17.100Z] tick · discovery:orchestrator:tick · spawning
[2026-08-24T18:08:17.249Z] tick · social:cron-tick · fetching GET http://localhost:3008/api/cron/comms-social-worker
[2026-08-24T18:08:17.461Z] tick · social:cron-tick · status=200 · OK
[2026-08-24T18:08:17.568Z] tick · discovery:orchestrator:tick · exit=0 signal=- · OK
[2026-08-24T18:09:17.111Z] tick · discovery:orchestrator:tick · spawning
[2026-08-24T18:09:17.254Z] tick · social:cron-tick · fetching GET http://localhost:3008/api/cron/comms-social-worker
[2026-08-24T18:09:17.480Z] tick · social:cron-tick · status=200 · OK
[2026-08-24T18:09:17.691Z] tick · discovery:orchestrator:tick · exit=0 signal=- · OK
[2026-08-24T18:10:17.116Z] tick · discovery:orchestrator:tick · spawning
[2026-08-24T18:10:17.140Z] tick · orchestration:zombie-reconciler · spawning
[2026-08-24T18:10:17.187Z] tick · brain:cron-tick · fetching GET http://localhost:3008/api/nex/brain/cron-tick
[2026-08-24T18:10:17.255Z] tick · social:cron-tick · fetching GET http://localhost:3008/api/cron/comms-social-worker
[2026-08-24T18:10:17.540Z] tick · social:cron-tick · status=200 · OK
[2026-08-24T18:10:17.633Z] tick · orchestration:zombie-reconciler · exit=0 signal=- · OK
[2026-08-24T18:10:17.780Z] tick · discovery:orchestrator:tick · exit=0 signal=- · OK
[2026-08-24T18:10:17.789Z] tick · brain:cron-tick · status=200 · OK
[2026-08-24T18:11:17.126Z] tick · discovery:orchestrator:tick · spawning
[2026-08-24T18:11:17.268Z] tick · social:cron-tick · fetching GET http://localhost:3008/api/cron/comms-social-worker
[2026-08-24T18:11:17.572Z] tick · social:cron-tick · status=200 · OK
[2026-08-24T18:11:17.674Z] tick · discovery:orchestrator:tick · exit=0 signal=- · OK
[2026-08-24T18:12:17.044Z] tick · cle:conversation · spawning
[2026-08-24T18:12:17.127Z] tick · discovery:orchestrator:tick · spawning
[2026-08-24T18:12:17.269Z] tick · social:cron-tick · fetching GET http://localhost:3008/api/cron/comms-social-worker
[2026-08-24T18:12:17.532Z] tick · discovery:orchestrator:tick · exit=0 signal=- · OK
[2026-08-24T18:12:17.580Z] tick · social:cron-tick · status=200 · OK
[2026-08-24T18:12:17.630Z] tick · cle:conversation · exit=0 signal=- · OK
[2026-08-24T18:12:47.007Z] tick · discovery:rotation:tick · spawning
[2026-08-24T18:12:47.897Z] tick · discovery:rotation:tick · exit=0 signal=- · OK
[2026-08-24T18:13:17.134Z] tick · discovery:orchestrator:tick · spawning
[2026-08-24T18:13:17.152Z] tick · orchestration:zombie-reconciler · spawning
[2026-08-24T18:13:17.189Z] tick · brain:cron-tick · fetching GET http://localhost:3008/api/nex/brain/cron-tick
[2026-08-24T18:13:17.276Z] tick · social:cron-tick · fetching GET http://localhost:3008/api/cron/comms-social-worker
[2026-08-24T18:13:17.449Z] tick · orchestration:zombie-reconciler · exit=0 signal=- · OK
[2026-08-24T18:13:17.472Z] tick · discovery:orchestrator:tick · exit=0 signal=- · OK
[2026-08-24T18:13:18.319Z] tick · social:cron-tick · status=200 · OK
[2026-08-24T18:13:18.708Z] tick · brain:cron-tick · status=200 · OK
[2026-08-24T18:14:17.139Z] tick · discovery:orchestrator:tick · spawning
[2026-08-24T18:14:17.276Z] tick · social:cron-tick · fetching GET http://localhost:3008/api/cron/comms-social-worker
[2026-08-24T18:14:17.519Z] tick · social:cron-tick · status=200 · OK
[2026-08-24T18:14:17.528Z] tick · discovery:orchestrator:tick · exit=0 signal=- · OK
[2026-08-24T18:15:17.144Z] tick · discovery:orchestrator:tick · spawning
[2026-08-24T18:15:17.277Z] tick · social:cron-tick · fetching GET http://localhost:3008/api/cron/comms-social-worker
[2026-08-24T18:15:17.480Z] tick · social:cron-tick · status=200 · OK
[2026-08-24T18:15:17.640Z] tick · discovery:orchestrator:tick · exit=0 signal=- · OK
[2026-08-24T18:16:17.149Z] tick · discovery:orchestrator:tick · spawning
[2026-08-24T18:16:17.174Z] tick · orchestration:zombie-reconciler · spawning
[2026-08-24T18:16:17.209Z] tick · brain:cron-tick · fetching GET http://localhost:3008/api/nex/brain/cron-tick
[2026-08-24T18:16:17.291Z] tick · social:cron-tick · fetching GET http://localhost:3008/api/cron/comms-social-worker
[2026-08-24T18:16:17.671Z] tick · orchestration:zombie-reconciler · exit=0 signal=- · OK
[2026-08-24T18:16:17.698Z] tick · discovery:orchestrator:tick · exit=0 signal=- · OK
[2026-08-24T18:16:17.740Z] tick · social:cron-tick · status=200 · OK
[2026-08-24T18:16:17.883Z] tick · brain:cron-tick · status=200 · OK
[2026-08-24T18:17:17.150Z] tick · discovery:orchestrator:tick · spawning
[2026-08-24T18:17:17.295Z] tick · social:cron-tick · fetching GET http://localhost:3008/api/cron/comms-social-worker
[2026-08-24T18:17:17.596Z] tick · social:cron-tick · status=200 · OK
[2026-08-24T18:17:17.637Z] tick · discovery:orchestrator:tick · exit=0 signal=- · OK
[2026-08-24T18:18:17.170Z] tick · discovery:orchestrator:tick · spawning
[2026-08-24T18:18:17.296Z] tick · social:cron-tick · fetching GET http://localhost:3008/api/cron/comms-social-worker
[2026-08-24T18:18:17.546Z] tick · discovery:orchestrator:tick · exit=0 signal=- · OK
[2026-08-24T18:18:17.596Z] tick · social:cron-tick · status=200 · OK
[2026-08-24T18:19:17.181Z] tick · discovery:orchestrator:tick · spawning
[2026-08-24T18:19:17.208Z] tick · orchestration:zombie-reconciler · spawning
[2026-08-24T18:19:17.241Z] tick · brain:cron-tick · fetching GET http://localhost:3008/api/nex/brain/cron-tick
[2026-08-24T18:19:17.304Z] tick · social:cron-tick · fetching GET http://localhost:3008/api/cron/comms-social-worker
[2026-08-24T18:19:17.783Z] tick · discovery:orchestrator:tick · exit=0 signal=- · OK
[2026-08-24T18:19:17.855Z] tick · orchestration:zombie-reconciler · exit=0 signal=- · OK
[2026-08-24T18:19:21.595Z] tick · social:cron-tick · status=200 · OK
[2026-08-24T18:19:24.504Z] tick · brain:cron-tick · status=200 · OK
[2026-08-24T18:20:17.186Z] tick · discovery:orchestrator:tick · spawning
[2026-08-24T18:20:17.308Z] tick · social:cron-tick · fetching GET http://localhost:3008/api/cron/comms-social-worker
[2026-08-24T18:20:17.733Z] tick · discovery:orchestrator:tick · exit=0 signal=- · OK
[2026-08-24T18:20:17.760Z] tick · social:cron-tick · status=200 · OK
[2026-08-24T18:21:17.195Z] tick · discovery:orchestrator:tick · spawning
[2026-08-24T18:21:17.313Z] tick · social:cron-tick · fetching GET http://localhost:3008/api/cron/comms-social-worker
[2026-08-24T18:21:17.475Z] tick · social:cron-tick · status=200 · OK
[2026-08-24T18:21:17.548Z] tick · discovery:orchestrator:tick · exit=0 signal=- · OK
[2026-08-24T18:22:17.048Z] tick · cle:conversation · spawning
[2026-08-24T18:22:17.176Z] tick · promotion:food:Yogyakarta:quality-check · spawning
[2026-08-24T18:22:17.198Z] tick · discovery:orchestrator:tick · spawning
[2026-08-24T18:22:17.216Z] tick · orchestration:zombie-reconciler · spawning
[2026-08-24T18:22:17.241Z] tick · brain:cron-tick · fetching GET http://localhost:3008/api/nex/brain/cron-tick
[2026-08-24T18:22:17.321Z] tick · social:cron-tick · fetching GET http://localhost:3008/api/cron/comms-social-worker
[2026-08-24T18:22:17.846Z] tick · orchestration:zombie-reconciler · exit=0 signal=- · OK
[2026-08-24T18:22:17.865Z] tick · discovery:orchestrator:tick · exit=0 signal=- · OK
[2026-08-24T18:22:18.051Z] tick · cle:conversation · exit=0 signal=- · OK
[2026-08-24T18:22:18.478Z] tick · social:cron-tick · status=200 · OK
[2026-08-24T18:22:18.509Z] tick · promotion:food:Yogyakarta:quality-check · exit=0 signal=- · OK
[2026-08-24T18:22:18.775Z] tick · brain:cron-tick · status=200 · OK
[2026-08-24T18:22:47.010Z] tick · discovery:rotation:tick · spawning
[2026-08-24T18:22:48.165Z] tick · discovery:rotation:tick · exit=0 signal=- · OK
[2026-08-24T18:23:17.202Z] tick · discovery:orchestrator:tick · spawning
[2026-08-24T18:23:17.337Z] tick · social:cron-tick · fetching GET http://localhost:3008/api/cron/comms-social-worker
[2026-08-24T18:23:17.593Z] tick · discovery:orchestrator:tick · exit=0 signal=- · OK
[2026-08-24T18:23:17.635Z] tick · social:cron-tick · status=200 · OK
[2026-08-24T18:24:17.211Z] tick · discovery:orchestrator:tick · spawning
[2026-08-24T18:24:17.345Z] tick · social:cron-tick · fetching GET http://localhost:3008/api/cron/comms-social-worker
[2026-08-24T18:24:17.535Z] tick · social:cron-tick · status=200 · OK
[2026-08-24T18:24:17.560Z] tick · discovery:orchestrator:tick · exit=0 signal=- · OK
[2026-08-24T18:25:17.223Z] tick · discovery:orchestrator:tick · spawning
[2026-08-24T18:25:17.267Z] tick · orchestration:zombie-reconciler · spawning
[2026-08-24T18:25:17.309Z] tick · brain:cron-tick · fetching GET http://localhost:3008/api/nex/brain/cron-tick
[2026-08-24T18:25:17.345Z] tick · social:cron-tick · fetching GET http://localhost:3008/api/cron/comms-social-worker
[2026-08-24T18:25:17.679Z] tick · orchestration:zombie-reconciler · exit=0 signal=- · OK
[2026-08-24T18:25:17.684Z] tick · discovery:orchestrator:tick · exit=0 signal=- · OK
[2026-08-24T18:25:17.986Z] tick · social:cron-tick · status=500 · FAIL
  --- response body (first 400 chars) ---
  <!DOCTYPE html><html><head><meta charSet="utf-8" data-next-head=""/><meta name="viewport" content="width=device-width" data-next-head=""/><style data-next-hide-fouc="true">body{display:none}</style><noscript data-next-hide-fouc="true"><style>body{display:block}</style></noscript><noscript data-n-css=""></noscript><script src="/_next/static/chunks/node_modules_next_dist_compiled_199if1i._.js" defer
  ----------------------------------------
[2026-08-24T18:25:18.223Z] tick · brain:cron-tick · status=200 · OK
[2026-08-24T18:26:17.231Z] tick · discovery:orchestrator:tick · spawning
[2026-08-24T18:26:17.347Z] tick · social:cron-tick · fetching GET http://localhost:3008/api/cron/comms-social-worker
[2026-08-24T18:26:17.410Z] tick · social:cron-tick · status=500 · FAIL
  --- response body (first 400 chars) ---
  <!DOCTYPE html><html><head><meta charSet="utf-8" data-next-head=""/><meta name="viewport" content="width=device-width" data-next-head=""/><style data-next-hide-fouc="true">body{display:none}</style><noscript data-next-hide-fouc="true"><style>body{display:block}</style></noscript><noscript data-n-css=""></noscript><script src="/_next/static/chunks/node_modules_next_dist_compiled_199if1i._.js" defer
  ----------------------------------------
[2026-08-24T18:26:17.575Z] tick · discovery:orchestrator:tick · exit=0 signal=- · OK
[2026-08-24T18:27:17.249Z] tick · discovery:orchestrator:tick · spawning
[2026-08-24T18:27:17.357Z] tick · social:cron-tick · fetching GET http://localhost:3008/api/cron/comms-social-worker
[2026-08-24T18:27:17.615Z] tick · social:cron-tick · status=200 · OK
[2026-08-24T18:27:17.620Z] tick · discovery:orchestrator:tick · exit=0 signal=- · OK
[2026-08-24T18:28:17.267Z] tick · discovery:orchestrator:tick · spawning
[2026-08-24T18:28:17.289Z] tick · orchestration:zombie-reconciler · spawning
[2026-08-24T18:28:17.313Z] tick · brain:cron-tick · fetching GET http://localhost:3008/api/nex/brain/cron-tick
[2026-08-24T18:28:17.362Z] tick · social:cron-tick · fetching GET http://localhost:3008/api/cron/comms-social-worker
[2026-08-24T18:28:18.791Z] tick · orchestration:zombie-reconciler · exit=0 signal=- · OK
[2026-08-24T18:28:18.796Z] tick · social:cron-tick · status=200 · OK
[2026-08-24T18:28:18.878Z] tick · discovery:orchestrator:tick · exit=0 signal=- · OK
[2026-08-24T18:28:19.036Z] tick · brain:cron-tick · status=200 · OK
[2026-08-24T18:29:17.280Z] tick · discovery:orchestrator:tick · spawning
[2026-08-24T18:29:17.376Z] tick · social:cron-tick · fetching GET http://localhost:3008/api/cron/comms-social-worker
[2026-08-24T18:29:17.609Z] tick · social:cron-tick · status=200 · OK
[2026-08-24T18:29:18.158Z] tick · discovery:orchestrator:tick · exit=0 signal=- · OK
[2026-08-24T18:30:17.293Z] tick · discovery:orchestrator:tick · spawning
[2026-08-24T18:30:17.388Z] tick · social:cron-tick · fetching GET http://localhost:3008/api/cron/comms-social-worker
[2026-08-24T18:30:17.566Z] tick · discovery:orchestrator:tick · exit=0 signal=- · OK
[2026-08-24T18:30:17.605Z] tick · social:cron-tick · status=200 · OK
[2026-08-24T18:31:17.296Z] tick · orchestration:zombie-reconciler · spawning
[2026-08-24T18:31:17.304Z] tick · discovery:orchestrator:tick · spawning
[2026-08-24T18:31:17.313Z] tick · brain:cron-tick · fetching GET http://localhost:3008/api/nex/brain/cron-tick
[2026-08-24T18:31:17.401Z] tick · social:cron-tick · fetching GET http://localhost:3008/api/cron/comms-social-worker
[2026-08-24T18:31:17.545Z] tick · social:cron-tick · status=200 · OK
[2026-08-24T18:31:17.548Z] tick · orchestration:zombie-reconciler · exit=0 signal=- · OK
[2026-08-24T18:31:17.551Z] tick · discovery:orchestrator:tick · exit=0 signal=- · OK
[2026-08-24T18:31:17.727Z] tick · brain:cron-tick · status=200 · OK
[2026-08-24T18:32:17.061Z] tick · cle:conversation · spawning
[2026-08-24T18:32:17.308Z] tick · discovery:orchestrator:tick · spawning
[2026-08-24T18:32:17.403Z] tick · social:cron-tick · fetching GET http://localhost:3008/api/cron/comms-social-worker
[2026-08-24T18:32:17.433Z] tick · cle:conversation · exit=0 signal=- · OK
[2026-08-24T18:32:17.498Z] tick · social:cron-tick · status=200 · OK
[2026-08-24T18:32:17.536Z] tick · discovery:orchestrator:tick · exit=0 signal=- · OK
[2026-08-24T18:32:47.012Z] tick · discovery:rotation:tick · spawning
[2026-08-24T18:32:47.544Z] tick · discovery:rotation:tick · exit=0 signal=- · OK
[2026-08-24T18:33:17.320Z] tick · discovery:orchestrator:tick · spawning
[2026-08-24T18:33:17.416Z] tick · social:cron-tick · fetching GET http://localhost:3008/api/cron/comms-social-worker
[2026-08-24T18:33:17.541Z] tick · social:cron-tick · status=200 · OK
[2026-08-24T18:33:17.603Z] tick · discovery:orchestrator:tick · exit=0 signal=- · OK
[2026-08-24T18:34:17.298Z] tick · orchestration:zombie-reconciler · spawning
[2026-08-24T18:34:17.313Z] tick · brain:cron-tick · fetching GET http://localhost:3008/api/nex/brain/cron-tick
[2026-08-24T18:34:17.329Z] tick · discovery:orchestrator:tick · spawning
[2026-08-24T18:34:17.423Z] tick · social:cron-tick · fetching GET http://localhost:3008/api/cron/comms-social-worker
[2026-08-24T18:34:17.537Z] tick · orchestration:zombie-reconciler · exit=0 signal=- · OK
[2026-08-24T18:34:17.545Z] tick · social:cron-tick · status=200 · OK
[2026-08-24T18:34:17.581Z] tick · discovery:orchestrator:tick · exit=0 signal=- · OK
[2026-08-24T18:34:17.616Z] tick · brain:cron-tick · status=200 · OK
[2026-08-24T18:35:17.337Z] tick · discovery:orchestrator:tick · spawning
[2026-08-24T18:35:17.430Z] tick · social:cron-tick · fetching GET http://localhost:3008/api/cron/comms-social-worker
[2026-08-24T18:35:17.556Z] tick · social:cron-tick · status=200 · OK
[2026-08-24T18:35:17.614Z] tick · discovery:orchestrator:tick · exit=0 signal=- · OK
[2026-08-24T18:36:17.340Z] tick · discovery:orchestrator:tick · spawning
[2026-08-24T18:36:17.437Z] tick · social:cron-tick · fetching GET http://localhost:3008/api/cron/comms-social-worker
[2026-08-24T18:36:17.654Z] tick · social:cron-tick · status=200 · OK
[2026-08-24T18:36:17.804Z] tick · discovery:orchestrator:tick · exit=0 signal=- · OK
[2026-08-24T18:37:17.299Z] tick · orchestration:zombie-reconciler · spawning
[2026-08-24T18:37:17.323Z] tick · brain:cron-tick · fetching GET http://localhost:3008/api/nex/brain/cron-tick
[2026-08-24T18:37:17.340Z] tick · discovery:orchestrator:tick · spawning
[2026-08-24T18:37:17.437Z] tick · social:cron-tick · fetching GET http://localhost:3008/api/cron/comms-social-worker
[2026-08-24T18:37:17.663Z] tick · social:cron-tick · status=200 · OK
[2026-08-24T18:37:17.765Z] tick · orchestration:zombie-reconciler · exit=0 signal=- · OK
[2026-08-24T18:37:17.770Z] tick · discovery:orchestrator:tick · exit=0 signal=- · OK
[2026-08-24T18:37:17.900Z] tick · brain:cron-tick · status=200 · OK
[2026-08-24T18:38:17.346Z] tick · discovery:orchestrator:tick · spawning
[2026-08-24T18:38:17.442Z] tick · social:cron-tick · fetching GET http://localhost:3008/api/cron/comms-social-worker
[2026-08-24T18:38:17.590Z] tick · social:cron-tick · status=200 · OK
[2026-08-24T18:38:17.678Z] tick · discovery:orchestrator:tick · exit=0 signal=- · OK
[2026-08-24T18:39:17.365Z] tick · discovery:orchestrator:tick · spawning
[2026-08-24T18:39:17.446Z] tick · social:cron-tick · fetching GET http://localhost:3008/api/cron/comms-social-worker
[2026-08-24T18:39:17.608Z] tick · social:cron-tick · status=200 · OK
[2026-08-24T18:39:17.703Z] tick · discovery:orchestrator:tick · exit=0 signal=- · OK
[2026-08-24T18:40:17.299Z] tick · orchestration:zombie-reconciler · spawning
[2026-08-24T18:40:17.328Z] tick · brain:cron-tick · fetching GET http://localhost:3008/api/nex/brain/cron-tick
[2026-08-24T18:40:17.366Z] tick · discovery:orchestrator:tick · spawning
[2026-08-24T18:40:17.461Z] tick · social:cron-tick · fetching GET http://localhost:3008/api/cron/comms-social-worker
[2026-08-24T18:40:17.628Z] tick · orchestration:zombie-reconciler · exit=0 signal=- · OK
[2026-08-24T18:40:17.632Z] tick · social:cron-tick · status=200 · OK
[2026-08-24T18:40:17.706Z] tick · discovery:orchestrator:tick · exit=0 signal=- · OK
[2026-08-24T18:40:17.811Z] tick · brain:cron-tick · status=200 · OK
[2026-08-24T18:41:17.379Z] tick · discovery:orchestrator:tick · spawning
[2026-08-24T18:41:17.463Z] tick · social:cron-tick · fetching GET http://localhost:3008/api/cron/comms-social-worker
[2026-08-24T18:41:17.646Z] tick · social:cron-tick · status=200 · OK
[2026-08-24T18:41:17.813Z] tick · discovery:orchestrator:tick · exit=0 signal=- · OK
[2026-08-24T18:42:17.063Z] tick · cle:conversation · spawning
[2026-08-24T18:42:17.382Z] tick · discovery:orchestrator:tick · spawning
[2026-08-24T18:42:17.464Z] tick · social:cron-tick · fetching GET http://localhost:3008/api/cron/comms-social-worker
[2026-08-24T18:42:17.496Z] tick · cle:conversation · exit=0 signal=- · OK
[2026-08-24T18:42:17.654Z] tick · discovery:orchestrator:tick · exit=0 signal=- · OK
[2026-08-24T18:42:17.731Z] tick · social:cron-tick · status=200 · OK
[2026-08-24T18:42:47.025Z] tick · discovery:rotation:tick · spawning
[2026-08-24T18:42:47.663Z] tick · discovery:rotation:tick · exit=0 signal=- · OK
[2026-08-24T18:43:17.308Z] tick · orchestration:zombie-reconciler · spawning
[2026-08-24T18:43:17.339Z] tick · brain:cron-tick · fetching GET http://localhost:3008/api/nex/brain/cron-tick
[2026-08-24T18:43:17.384Z] tick · discovery:orchestrator:tick · spawning
[2026-08-24T18:43:17.479Z] tick · social:cron-tick · fetching GET http://localhost:3008/api/cron/comms-social-worker
[2026-08-24T18:43:17.581Z] tick · orchestration:zombie-reconciler · exit=0 signal=- · OK
[2026-08-24T18:43:17.658Z] tick · discovery:orchestrator:tick · exit=0 signal=- · OK
[2026-08-24T18:43:17.674Z] tick · social:cron-tick · status=200 · OK
[2026-08-24T18:43:17.788Z] tick · brain:cron-tick · status=200 · OK
[2026-08-24T18:44:17.384Z] tick · discovery:orchestrator:tick · spawning
[2026-08-24T18:44:17.492Z] tick · social:cron-tick · fetching GET http://localhost:3008/api/cron/comms-social-worker
[2026-08-24T18:44:17.597Z] tick · social:cron-tick · status=200 · OK
[2026-08-24T18:44:17.622Z] tick · discovery:orchestrator:tick · exit=0 signal=- · OK
[2026-08-24T18:45:17.390Z] tick · discovery:orchestrator:tick · spawning
[2026-08-24T18:45:17.500Z] tick · social:cron-tick · fetching GET http://localhost:3008/api/cron/comms-social-worker
[2026-08-24T18:45:17.617Z] tick · social:cron-tick · status=200 · OK
[2026-08-24T18:45:17.632Z] tick · discovery:orchestrator:tick · exit=0 signal=- · OK
[2026-08-24T18:46:17.316Z] tick · orchestration:zombie-reconciler · spawning
[2026-08-24T18:46:17.448Z] tick · brain:cron-tick · fetching GET http://localhost:3008/api/nex/brain/cron-tick
[2026-08-24T18:46:17.464Z] tick · discovery:orchestrator:tick · spawning
[2026-08-24T18:46:17.500Z] tick · social:cron-tick · fetching GET http://localhost:3008/api/cron/comms-social-worker
[2026-08-24T18:46:18.317Z] tick · discovery:orchestrator:tick · exit=0 signal=- · OK
[2026-08-24T18:46:18.319Z] tick · orchestration:zombie-reconciler · exit=0 signal=- · OK
[2026-08-24T18:46:20.646Z] tick · social:cron-tick · status=200 · OK
[2026-08-24T18:46:20.774Z] tick · brain:cron-tick · status=200 · OK
[2026-08-24T18:47:17.464Z] tick · discovery:orchestrator:tick · spawning
[2026-08-24T18:47:17.502Z] tick · social:cron-tick · fetching GET http://localhost:3008/api/cron/comms-social-worker
[2026-08-24T18:47:17.883Z] tick · social:cron-tick · status=200 · OK
[2026-08-24T18:47:17.973Z] tick · discovery:orchestrator:tick · exit=0 signal=- · OK
[2026-08-24T18:48:17.479Z] tick · discovery:orchestrator:tick · spawning
[2026-08-24T18:48:17.530Z] tick · social:cron-tick · fetching GET http://localhost:3008/api/cron/comms-social-worker
[2026-08-24T18:48:17.862Z] tick · discovery:orchestrator:tick · exit=0 signal=- · OK
[2026-08-24T18:48:17.878Z] tick · social:cron-tick · status=200 · OK
[2026-08-24T18:49:17.313Z] tick · orchestration:zombie-reconciler · spawning
[2026-08-24T18:49:17.438Z] tick · brain:cron-tick · fetching GET http://localhost:3008/api/nex/brain/cron-tick
[2026-08-24T18:49:17.483Z] tick · discovery:orchestrator:tick · spawning
[2026-08-24T18:49:17.547Z] tick · social:cron-tick · fetching GET http://localhost:3008/api/cron/comms-social-worker
[2026-08-24T18:49:17.602Z] tick · orchestration:zombie-reconciler · exit=0 signal=- · OK
[2026-08-24T18:49:17.770Z] tick · discovery:orchestrator:tick · exit=0 signal=- · OK
[2026-08-24T18:49:17.881Z] tick · social:cron-tick · status=200 · OK
[2026-08-24T18:49:17.987Z] tick · brain:cron-tick · status=200 · OK
[2026-08-24T18:50:17.510Z] tick · discovery:orchestrator:tick · spawning
[2026-08-24T18:50:17.558Z] tick · social:cron-tick · fetching GET http://localhost:3008/api/cron/comms-social-worker
[2026-08-24T18:50:17.734Z] tick · social:cron-tick · status=200 · OK
[2026-08-24T18:50:17.782Z] tick · discovery:orchestrator:tick · exit=0 signal=- · OK
[2026-08-24T18:51:17.513Z] tick · discovery:orchestrator:tick · spawning
[2026-08-24T18:51:17.561Z] tick · social:cron-tick · fetching GET http://localhost:3008/api/cron/comms-social-worker
[2026-08-24T18:51:17.728Z] tick · social:cron-tick · status=200 · OK
[2026-08-24T18:51:17.808Z] tick · discovery:orchestrator:tick · exit=0 signal=- · OK
[2026-08-24T18:52:17.076Z] tick · cle:conversation · spawning
[2026-08-24T18:52:17.187Z] tick · promotion:food:Yogyakarta:quality-check · spawning
[2026-08-24T18:52:17.330Z] tick · orchestration:zombie-reconciler · spawning
[2026-08-24T18:52:17.446Z] tick · cle:conversation · exit=0 signal=- · OK
[2026-08-24T18:52:17.452Z] tick · brain:cron-tick · fetching GET http://localhost:3008/api/nex/brain/cron-tick
[2026-08-24T18:52:17.514Z] tick · discovery:orchestrator:tick · spawning
[2026-08-24T18:52:17.555Z] tick · orchestration:zombie-reconciler · exit=0 signal=- · OK
[2026-08-24T18:52:17.562Z] tick · social:cron-tick · fetching GET http://localhost:3008/api/cron/comms-social-worker
[2026-08-24T18:52:17.622Z] tick · promotion:food:Yogyakarta:quality-check · exit=0 signal=- · OK
[2026-08-24T18:52:17.748Z] tick · discovery:orchestrator:tick · exit=0 signal=- · OK
[2026-08-24T18:52:18.800Z] tick · social:cron-tick · status=200 · OK
[2026-08-24T18:52:19.208Z] tick · brain:cron-tick · status=200 · OK
[2026-08-24T18:52:47.027Z] tick · discovery:rotation:tick · spawning
[2026-08-24T18:52:47.667Z] tick · discovery:rotation:tick · exit=0 signal=- · OK
[2026-08-24T18:53:17.524Z] tick · discovery:orchestrator:tick · spawning
[2026-08-24T18:53:17.569Z] tick · social:cron-tick · fetching GET http://localhost:3008/api/cron/comms-social-worker
[2026-08-24T18:53:17.777Z] tick · discovery:orchestrator:tick · exit=0 signal=- · OK
[2026-08-24T18:53:17.807Z] tick · social:cron-tick · status=200 · OK
[2026-08-24T18:54:17.527Z] tick · discovery:orchestrator:tick · spawning
[2026-08-24T18:54:17.574Z] tick · social:cron-tick · fetching GET http://localhost:3008/api/cron/comms-social-worker
[2026-08-24T18:54:17.886Z] tick · social:cron-tick · status=200 · OK
[2026-08-24T18:54:17.981Z] tick · discovery:orchestrator:tick · exit=0 signal=- · OK
[2026-08-24T18:55:17.337Z] tick · orchestration:zombie-reconciler · spawning
[2026-08-24T18:55:17.459Z] tick · brain:cron-tick · fetching GET http://localhost:3008/api/nex/brain/cron-tick
[2026-08-24T18:55:17.538Z] tick · discovery:orchestrator:tick · spawning
[2026-08-24T18:55:17.569Z] tick · social:cron-tick · fetching GET http://localhost:3008/api/cron/comms-social-worker
[2026-08-24T18:55:17.587Z] tick · orchestration:zombie-reconciler · exit=0 signal=- · OK
[2026-08-24T18:55:17.697Z] tick · social:cron-tick · status=200 · OK
[2026-08-24T18:55:17.783Z] tick · brain:cron-tick · status=200 · OK
[2026-08-24T18:55:17.783Z] tick · discovery:orchestrator:tick · exit=0 signal=- · OK
[2026-08-24T18:56:17.536Z] tick · discovery:orchestrator:tick · spawning
[2026-08-24T18:56:17.592Z] tick · social:cron-tick · fetching GET http://localhost:3008/api/cron/comms-social-worker
[2026-08-24T18:56:17.709Z] tick · social:cron-tick · status=200 · OK
[2026-08-24T18:56:17.787Z] tick · discovery:orchestrator:tick · exit=0 signal=- · OK
[2026-08-24T18:57:17.573Z] tick · discovery:orchestrator:tick · spawning
[2026-08-24T18:57:17.604Z] tick · social:cron-tick · fetching GET http://localhost:3008/api/cron/comms-social-worker
[2026-08-24T18:57:17.808Z] tick · social:cron-tick · status=200 · OK
[2026-08-24T18:57:17.998Z] tick · discovery:orchestrator:tick · exit=0 signal=- · OK
[2026-08-24T18:58:17.340Z] tick · orchestration:zombie-reconciler · spawning
[2026-08-24T18:58:17.460Z] tick · brain:cron-tick · fetching GET http://localhost:3008/api/nex/brain/cron-tick
[2026-08-24T18:58:17.578Z] tick · discovery:orchestrator:tick · spawning
[2026-08-24T18:58:17.605Z] tick · social:cron-tick · fetching GET http://localhost:3008/api/cron/comms-social-worker
[2026-08-24T18:58:17.711Z] tick · orchestration:zombie-reconciler · exit=0 signal=- · OK
[2026-08-24T18:58:17.844Z] tick · social:cron-tick · status=200 · OK
[2026-08-24T18:58:18.076Z] tick · discovery:orchestrator:tick · exit=0 signal=- · OK
[2026-08-24T18:58:18.126Z] tick · brain:cron-tick · status=200 · OK
[2026-08-24T18:59:17.589Z] tick · discovery:orchestrator:tick · spawning
[2026-08-24T18:59:17.612Z] tick · social:cron-tick · fetching GET http://localhost:3008/api/cron/comms-social-worker
[2026-08-24T18:59:17.751Z] tick · social:cron-tick · status=200 · OK
[2026-08-24T18:59:17.838Z] tick · discovery:orchestrator:tick · exit=0 signal=- · OK
[2026-08-24T19:00:17.591Z] tick · discovery:orchestrator:tick · spawning
[2026-08-24T19:00:17.619Z] tick · social:cron-tick · fetching GET http://localhost:3008/api/cron/comms-social-worker
[2026-08-24T19:00:17.896Z] tick · social:cron-tick · status=200 · OK
[2026-08-24T19:00:17.929Z] tick · discovery:orchestrator:tick · exit=0 signal=- · OK
[2026-08-24T19:01:17.343Z] tick · orchestration:zombie-reconciler · spawning
[2026-08-24T19:01:17.472Z] tick · brain:cron-tick · fetching GET http://localhost:3008/api/nex/brain/cron-tick
[2026-08-24T19:01:17.593Z] tick · discovery:orchestrator:tick · spawning
[2026-08-24T19:01:17.620Z] tick · social:cron-tick · fetching GET http://localhost:3008/api/cron/comms-social-worker
[2026-08-24T19:01:17.625Z] tick · orchestration:zombie-reconciler · exit=0 signal=- · OK
[2026-08-24T19:01:17.827Z] tick · social:cron-tick · status=200 · OK
[2026-08-24T19:01:17.846Z] tick · discovery:orchestrator:tick · exit=0 signal=- · OK
[2026-08-24T19:01:18.048Z] tick · brain:cron-tick · status=200 · OK
[2026-08-24T19:02:17.077Z] tick · cle:conversation · spawning
[2026-08-24T19:02:17.511Z] tick · cle:conversation · exit=0 signal=- · OK
[2026-08-24T19:02:17.593Z] tick · discovery:orchestrator:tick · spawning
[2026-08-24T19:02:17.623Z] tick · social:cron-tick · fetching GET http://localhost:3008/api/cron/comms-social-worker
[2026-08-24T19:02:17.795Z] tick · social:cron-tick · status=200 · OK
[2026-08-24T19:02:17.847Z] tick · discovery:orchestrator:tick · exit=0 signal=- · OK
[2026-08-24T19:02:47.030Z] tick · discovery:rotation:tick · spawning
[2026-08-24T19:02:47.691Z] tick · discovery:rotation:tick · exit=0 signal=- · OK
[2026-08-24T19:03:17.596Z] tick · discovery:orchestrator:tick · spawning
[2026-08-24T19:03:17.626Z] tick · social:cron-tick · fetching GET http://localhost:3008/api/cron/comms-social-worker
[2026-08-24T19:03:17.773Z] tick · social:cron-tick · status=200 · OK
[2026-08-24T19:03:17.829Z] tick · discovery:orchestrator:tick · exit=0 signal=- · OK
[2026-08-24T19:04:17.349Z] tick · orchestration:zombie-reconciler · spawning
[2026-08-24T19:04:17.478Z] tick · brain:cron-tick · fetching GET http://localhost:3008/api/nex/brain/cron-tick
[2026-08-24T19:04:17.598Z] tick · discovery:orchestrator:tick · spawning
[2026-08-24T19:04:17.627Z] tick · orchestration:zombie-reconciler · exit=0 signal=- · OK
[2026-08-24T19:04:17.628Z] tick · social:cron-tick · fetching GET http://localhost:3008/api/cron/comms-social-worker
[2026-08-24T19:04:17.884Z] tick · social:cron-tick · status=200 · OK
[2026-08-24T19:04:17.959Z] tick · discovery:orchestrator:tick · exit=0 signal=- · OK
[2026-08-24T19:04:18.062Z] tick · brain:cron-tick · status=200 · OK
[2026-08-24T19:05:17.600Z] tick · discovery:orchestrator:tick · spawning
[2026-08-24T19:05:17.634Z] tick · social:cron-tick · fetching GET http://localhost:3008/api/cron/comms-social-worker
[2026-08-24T19:05:17.826Z] tick · social:cron-tick · status=200 · OK
[2026-08-24T19:05:17.884Z] tick · discovery:orchestrator:tick · exit=0 signal=- · OK
[2026-08-24T19:06:17.606Z] tick · discovery:orchestrator:tick · spawning
[2026-08-24T19:06:17.637Z] tick · social:cron-tick · fetching GET http://localhost:3008/api/cron/comms-social-worker
[2026-08-24T19:06:17.767Z] tick · social:cron-tick · status=200 · OK
[2026-08-24T19:06:17.891Z] tick · discovery:orchestrator:tick · exit=0 signal=- · OK
[2026-08-24T19:07:17.356Z] tick · orchestration:zombie-reconciler · spawning
[2026-08-24T19:07:17.485Z] tick · brain:cron-tick · fetching GET http://localhost:3008/api/nex/brain/cron-tick
[2026-08-24T19:07:17.609Z] tick · discovery:orchestrator:tick · spawning
[2026-08-24T19:07:17.637Z] tick · social:cron-tick · fetching GET http://localhost:3008/api/cron/comms-social-worker
[2026-08-24T19:07:17.917Z] tick · orchestration:zombie-reconciler · exit=0 signal=- · OK
[2026-08-24T19:07:18.085Z] tick · discovery:orchestrator:tick · exit=0 signal=- · OK
[2026-08-24T19:07:18.088Z] tick · social:cron-tick · status=200 · OK
[2026-08-24T19:07:18.303Z] tick · brain:cron-tick · status=200 · OK
[2026-08-24T19:08:17.613Z] tick · discovery:orchestrator:tick · spawning
[2026-08-24T19:08:17.675Z] tick · social:cron-tick · fetching GET http://localhost:3008/api/cron/comms-social-worker
[2026-08-24T19:08:17.978Z] tick · social:cron-tick · status=200 · OK
[2026-08-24T19:08:18.146Z] tick · discovery:orchestrator:tick · exit=0 signal=- · OK
[2026-08-24T19:09:17.613Z] tick · discovery:orchestrator:tick · spawning
[2026-08-24T19:09:17.681Z] tick · social:cron-tick · fetching GET http://localhost:3008/api/cron/comms-social-worker
[2026-08-24T19:09:19.117Z] tick · discovery:orchestrator:tick · exit=0 signal=- · OK
[2026-08-24T19:09:19.184Z] tick · social:cron-tick · status=200 · OK
[2026-08-24T19:10:17.361Z] tick · orchestration:zombie-reconciler · spawning
[2026-08-24T19:10:17.486Z] tick · brain:cron-tick · fetching GET http://localhost:3008/api/nex/brain/cron-tick
[2026-08-24T19:10:17.618Z] tick · discovery:orchestrator:tick · spawning
[2026-08-24T19:10:17.687Z] tick · social:cron-tick · fetching GET http://localhost:3008/api/cron/comms-social-worker
[2026-08-24T19:10:17.710Z] tick · orchestration:zombie-reconciler · exit=0 signal=- · OK
[2026-08-24T19:10:17.915Z] tick · social:cron-tick · status=200 · OK
[2026-08-24T19:10:17.988Z] tick · discovery:orchestrator:tick · exit=0 signal=- · OK
[2026-08-24T19:10:18.166Z] tick · brain:cron-tick · status=200 · OK
[2026-08-24T19:11:17.625Z] tick · discovery:orchestrator:tick · spawning
[2026-08-24T19:11:17.695Z] tick · social:cron-tick · fetching GET http://localhost:3008/api/cron/comms-social-worker
[2026-08-24T19:11:17.896Z] tick · social:cron-tick · status=200 · OK
[2026-08-24T19:11:17.919Z] tick · discovery:orchestrator:tick · exit=0 signal=- · OK
[2026-08-24T19:12:17.093Z] tick · cle:conversation · spawning
[2026-08-24T19:12:17.629Z] tick · discovery:orchestrator:tick · spawning
[2026-08-24T19:12:17.672Z] tick · cle:conversation · exit=0 signal=- · OK
[2026-08-24T19:12:17.698Z] tick · social:cron-tick · fetching GET http://localhost:3008/api/cron/comms-social-worker
[2026-08-24T19:12:17.884Z] tick · social:cron-tick · status=200 · OK
[2026-08-24T19:12:17.926Z] tick · discovery:orchestrator:tick · exit=0 signal=- · OK
[2026-08-24T19:12:47.036Z] tick · discovery:rotation:tick · spawning
[2026-08-24T19:12:50.350Z] tick · discovery:rotation:tick · exit=0 signal=- · OK
[2026-08-24T19:13:17.364Z] tick · orchestration:zombie-reconciler · spawning
[2026-08-24T19:13:17.488Z] tick · brain:cron-tick · fetching GET http://localhost:3008/api/nex/brain/cron-tick
[2026-08-24T19:13:17.632Z] tick · discovery:orchestrator:tick · spawning
[2026-08-24T19:13:17.708Z] tick · social:cron-tick · fetching GET http://localhost:3008/api/cron/comms-social-worker
[2026-08-24T19:13:17.803Z] tick · orchestration:zombie-reconciler · exit=0 signal=- · OK
[2026-08-24T19:13:17.932Z] tick · social:cron-tick · status=200 · OK
[2026-08-24T19:13:18.089Z] tick · brain:cron-tick · status=200 · OK
[2026-08-24T19:13:18.108Z] tick · discovery:orchestrator:tick · exit=0 signal=- · OK
[2026-08-24T19:14:17.633Z] tick · discovery:orchestrator:tick · spawning
[2026-08-24T19:14:17.711Z] tick · social:cron-tick · fetching GET http://localhost:3008/api/cron/comms-social-worker
[2026-08-24T19:14:17.889Z] tick · social:cron-tick · status=200 · OK
[2026-08-24T19:14:18.021Z] tick · discovery:orchestrator:tick · exit=0 signal=- · OK
[2026-08-24T19:15:17.633Z] tick · discovery:orchestrator:tick · spawning
[2026-08-24T19:15:17.716Z] tick · social:cron-tick · fetching GET http://localhost:3008/api/cron/comms-social-worker
[2026-08-24T19:15:17.914Z] tick · social:cron-tick · status=200 · OK
[2026-08-24T19:15:17.992Z] tick · discovery:orchestrator:tick · exit=0 signal=- · OK
[2026-08-24T19:16:17.369Z] tick · orchestration:zombie-reconciler · spawning
[2026-08-24T19:16:17.493Z] tick · brain:cron-tick · fetching GET http://localhost:3008/api/nex/brain/cron-tick
[2026-08-24T19:16:17.638Z] tick · discovery:orchestrator:tick · spawning
[2026-08-24T19:16:17.721Z] tick · social:cron-tick · fetching GET http://localhost:3008/api/cron/comms-social-worker
[2026-08-24T19:16:17.817Z] tick · orchestration:zombie-reconciler · exit=0 signal=- · OK
[2026-08-24T19:16:18.025Z] tick · discovery:orchestrator:tick · exit=0 signal=- · OK
[2026-08-24T19:16:18.323Z] tick · social:cron-tick · status=200 · OK
[2026-08-24T19:16:18.606Z] tick · brain:cron-tick · status=200 · OK
[2026-08-24T19:17:17.645Z] tick · discovery:orchestrator:tick · spawning
[2026-08-24T19:17:17.728Z] tick · social:cron-tick · fetching GET http://localhost:3008/api/cron/comms-social-worker
[2026-08-24T19:17:17.955Z] tick · social:cron-tick · status=200 · OK
[2026-08-24T19:17:18.044Z] tick · discovery:orchestrator:tick · exit=0 signal=- · OK
[2026-08-24T19:18:17.651Z] tick · discovery:orchestrator:tick · spawning
[2026-08-24T19:18:17.733Z] tick · social:cron-tick · fetching GET http://localhost:3008/api/cron/comms-social-worker
[2026-08-24T19:18:17.894Z] tick · social:cron-tick · status=200 · OK
[2026-08-24T19:18:17.903Z] tick · discovery:orchestrator:tick · exit=0 signal=- · OK
[2026-08-24T19:19:17.371Z] tick · orchestration:zombie-reconciler · spawning
[2026-08-24T19:19:17.507Z] tick · brain:cron-tick · fetching GET http://localhost:3008/api/nex/brain/cron-tick
[2026-08-24T19:19:17.664Z] tick · discovery:orchestrator:tick · spawning
[2026-08-24T19:19:17.736Z] tick · social:cron-tick · fetching GET http://localhost:3008/api/cron/comms-social-worker
[2026-08-24T19:19:17.787Z] tick · orchestration:zombie-reconciler · exit=0 signal=- · OK
[2026-08-24T19:19:18.111Z] tick · social:cron-tick · status=200 · OK
[2026-08-24T19:19:18.291Z] tick · discovery:orchestrator:tick · exit=0 signal=- · OK
[2026-08-24T19:19:18.311Z] tick · brain:cron-tick · status=200 · OK
[2026-08-24T19:20:17.678Z] tick · discovery:orchestrator:tick · spawning
[2026-08-24T19:20:17.736Z] tick · social:cron-tick · fetching GET http://localhost:3008/api/cron/comms-social-worker
[2026-08-24T19:20:18.116Z] tick · social:cron-tick · status=200 · OK
[2026-08-24T19:20:18.186Z] tick · discovery:orchestrator:tick · exit=0 signal=- · OK
[2026-08-24T19:21:17.682Z] tick · discovery:orchestrator:tick · spawning
[2026-08-24T19:21:17.737Z] tick · social:cron-tick · fetching GET http://localhost:3008/api/cron/comms-social-worker
[2026-08-24T19:21:18.332Z] tick · social:cron-tick · status=200 · OK
[2026-08-24T19:21:18.557Z] tick · discovery:orchestrator:tick · exit=0 signal=- · OK
[2026-08-24T19:22:17.105Z] tick · cle:conversation · spawning
[2026-08-24T19:22:17.198Z] tick · promotion:food:Yogyakarta:quality-check · spawning
[2026-08-24T19:22:17.383Z] tick · orchestration:zombie-reconciler · spawning
[2026-08-24T19:22:17.510Z] tick · brain:cron-tick · fetching GET http://localhost:3008/api/nex/brain/cron-tick
[2026-08-24T19:22:17.680Z] tick · discovery:orchestrator:tick · spawning
[2026-08-24T19:22:17.801Z] tick · social:cron-tick · fetching GET http://localhost:3008/api/cron/comms-social-worker
[2026-08-24T19:22:17.928Z] tick · cle:conversation · exit=0 signal=- · OK
[2026-08-24T19:22:18.207Z] tick · orchestration:zombie-reconciler · exit=0 signal=- · OK
[2026-08-24T19:22:18.325Z] tick · promotion:food:Yogyakarta:quality-check · exit=0 signal=- · OK
[2026-08-24T19:22:18.680Z] tick · discovery:orchestrator:tick · exit=0 signal=- · OK
[2026-08-24T19:22:19.364Z] tick · social:cron-tick · status=200 · OK
[2026-08-24T19:22:19.579Z] tick · brain:cron-tick · status=200 · OK
[2026-08-24T19:22:47.040Z] tick · discovery:rotation:tick · spawning
[2026-08-24T19:22:47.990Z] tick · discovery:rotation:tick · exit=0 signal=- · OK
[2026-08-24T19:23:17.695Z] tick · discovery:orchestrator:tick · spawning
[2026-08-24T19:23:17.807Z] tick · social:cron-tick · fetching GET http://localhost:3008/api/cron/comms-social-worker
[2026-08-24T19:23:17.952Z] tick · social:cron-tick · status=200 · OK
[2026-08-24T19:23:18.026Z] tick · discovery:orchestrator:tick · exit=0 signal=- · OK
[2026-08-24T19:24:17.697Z] tick · discovery:orchestrator:tick · spawning
[2026-08-24T19:24:17.808Z] tick · social:cron-tick · fetching GET http://localhost:3008/api/cron/comms-social-worker
[2026-08-24T19:24:18.320Z] tick · social:cron-tick · status=200 · OK
[2026-08-24T19:24:18.583Z] tick · discovery:orchestrator:tick · exit=0 signal=- · OK
[2026-08-24T19:25:17.385Z] tick · orchestration:zombie-reconciler · spawning
[2026-08-24T19:25:17.516Z] tick · brain:cron-tick · fetching GET http://localhost:3008/api/nex/brain/cron-tick
[2026-08-24T19:25:17.685Z] tick · orchestration:zombie-reconciler · exit=0 signal=- · OK
[2026-08-24T19:25:17.698Z] tick · discovery:orchestrator:tick · spawning
[2026-08-24T19:25:17.814Z] tick · social:cron-tick · fetching GET http://localhost:3008/api/cron/comms-social-worker
[2026-08-24T19:25:17.895Z] tick · social:cron-tick · status=200 · OK
[2026-08-24T19:25:18.053Z] tick · brain:cron-tick · status=200 · OK
[2026-08-24T19:25:18.056Z] tick · discovery:orchestrator:tick · exit=0 signal=- · OK
[2026-08-24T19:26:17.702Z] tick · discovery:orchestrator:tick · spawning
[2026-08-24T19:26:17.820Z] tick · social:cron-tick · fetching GET http://localhost:3008/api/cron/comms-social-worker
[2026-08-24T19:26:17.991Z] tick · social:cron-tick · status=200 · OK
[2026-08-24T19:26:18.014Z] tick · discovery:orchestrator:tick · exit=0 signal=- · OK
[2026-08-24T19:27:17.717Z] tick · discovery:orchestrator:tick · spawning
[2026-08-24T19:27:17.827Z] tick · social:cron-tick · fetching GET http://localhost:3008/api/cron/comms-social-worker
[2026-08-24T19:27:18.029Z] tick · social:cron-tick · status=200 · OK
[2026-08-24T19:27:18.069Z] tick · discovery:orchestrator:tick · exit=0 signal=- · OK
[2026-08-24T19:28:17.388Z] tick · orchestration:zombie-reconciler · spawning
[2026-08-24T19:28:17.521Z] tick · brain:cron-tick · fetching GET http://localhost:3008/api/nex/brain/cron-tick
[2026-08-24T19:28:17.721Z] tick · discovery:orchestrator:tick · spawning
[2026-08-24T19:28:17.832Z] tick · social:cron-tick · fetching GET http://localhost:3008/api/cron/comms-social-worker
[2026-08-24T19:28:18.179Z] tick · orchestration:zombie-reconciler · exit=0 signal=- · OK
[2026-08-24T19:28:18.577Z] tick · discovery:orchestrator:tick · exit=0 signal=- · OK
[2026-08-24T19:28:19.700Z] tick · social:cron-tick · status=200 · OK
[2026-08-24T19:28:20.712Z] tick · brain:cron-tick · status=200 · OK
[2026-08-24T19:29:17.727Z] tick · discovery:orchestrator:tick · spawning
[2026-08-24T19:29:17.838Z] tick · social:cron-tick · fetching GET http://localhost:3008/api/cron/comms-social-worker
[2026-08-24T19:29:17.982Z] tick · social:cron-tick · status=200 · OK
[2026-08-24T19:29:18.025Z] tick · discovery:orchestrator:tick · exit=0 signal=- · OK
[2026-08-24T19:30:17.732Z] tick · discovery:orchestrator:tick · spawning
[2026-08-24T19:30:17.844Z] tick · social:cron-tick · fetching GET http://localhost:3008/api/cron/comms-social-worker
[2026-08-24T19:30:18.060Z] tick · social:cron-tick · status=200 · OK
[2026-08-24T19:30:18.110Z] tick · discovery:orchestrator:tick · exit=0 signal=- · OK
[2026-08-24T19:31:17.401Z] tick · orchestration:zombie-reconciler · spawning
[2026-08-24T19:31:17.534Z] tick · brain:cron-tick · fetching GET http://localhost:3008/api/nex/brain/cron-tick
[2026-08-24T19:31:17.723Z] tick · orchestration:zombie-reconciler · exit=0 signal=- · OK
[2026-08-24T19:31:17.739Z] tick · discovery:orchestrator:tick · spawning
[2026-08-24T19:31:17.853Z] tick · social:cron-tick · fetching GET http://localhost:3008/api/cron/comms-social-worker
[2026-08-24T19:31:17.937Z] tick · social:cron-tick · status=200 · OK
[2026-08-24T19:31:17.974Z] tick · brain:cron-tick · status=200 · OK
[2026-08-24T19:31:18.132Z] tick · discovery:orchestrator:tick · exit=0 signal=- · OK
[2026-08-24T19:32:17.110Z] tick · cle:conversation · spawning
[2026-08-24T19:32:17.723Z] tick · cle:conversation · exit=0 signal=- · OK
[2026-08-24T19:32:17.754Z] tick · discovery:orchestrator:tick · spawning
[2026-08-24T19:32:17.857Z] tick · social:cron-tick · fetching GET http://localhost:3008/api/cron/comms-social-worker
[2026-08-24T19:32:18.025Z] tick · discovery:orchestrator:tick · exit=0 signal=- · OK
[2026-08-24T19:32:18.062Z] tick · social:cron-tick · status=200 · OK
[2026-08-24T19:32:47.051Z] tick · discovery:rotation:tick · spawning
[2026-08-24T19:32:47.720Z] tick · discovery:rotation:tick · exit=0 signal=- · OK
[2026-08-24T19:33:17.761Z] tick · discovery:orchestrator:tick · spawning
[2026-08-24T19:33:17.863Z] tick · social:cron-tick · fetching GET http://localhost:3008/api/cron/comms-social-worker
[2026-08-24T19:33:18.019Z] tick · social:cron-tick · status=200 · OK
[2026-08-24T19:33:18.039Z] tick · discovery:orchestrator:tick · exit=0 signal=- · OK
[2026-08-24T19:34:17.413Z] tick · orchestration:zombie-reconciler · spawning
[2026-08-24T19:34:17.539Z] tick · brain:cron-tick · fetching GET http://localhost:3008/api/nex/brain/cron-tick
[2026-08-24T19:34:17.712Z] tick · orchestration:zombie-reconciler · exit=0 signal=- · OK
[2026-08-24T19:34:17.769Z] tick · discovery:orchestrator:tick · spawning
[2026-08-24T19:34:17.867Z] tick · social:cron-tick · fetching GET http://localhost:3008/api/cron/comms-social-worker
[2026-08-24T19:34:17.995Z] tick · social:cron-tick · status=200 · OK
[2026-08-24T19:34:18.083Z] tick · brain:cron-tick · status=200 · OK
[2026-08-24T19:34:18.199Z] tick · discovery:orchestrator:tick · exit=0 signal=- · OK
[2026-08-24T19:35:17.771Z] tick · discovery:orchestrator:tick · spawning
[2026-08-24T19:35:17.869Z] tick · social:cron-tick · fetching GET http://localhost:3008/api/cron/comms-social-worker
[2026-08-24T19:35:18.128Z] tick · discovery:orchestrator:tick · exit=0 signal=- · OK
[2026-08-24T19:35:18.238Z] tick · social:cron-tick · status=200 · OK
[2026-08-24T19:36:17.771Z] tick · discovery:orchestrator:tick · spawning
[2026-08-24T19:36:17.882Z] tick · social:cron-tick · fetching GET http://localhost:3008/api/cron/comms-social-worker
[2026-08-24T19:36:18.079Z] tick · discovery:orchestrator:tick · exit=0 signal=- · OK
[2026-08-24T19:36:18.110Z] tick · social:cron-tick · status=200 · OK
[2026-08-24T19:37:17.413Z] tick · orchestration:zombie-reconciler · spawning
[2026-08-24T19:37:17.541Z] tick · brain:cron-tick · fetching GET http://localhost:3008/api/nex/brain/cron-tick
[2026-08-24T19:37:17.773Z] tick · discovery:orchestrator:tick · spawning
[2026-08-24T19:37:17.886Z] tick · social:cron-tick · fetching GET http://localhost:3008/api/cron/comms-social-worker
[2026-08-24T19:37:18.186Z] tick · orchestration:zombie-reconciler · exit=0 signal=- · OK
[2026-08-24T19:37:18.483Z] tick · social:cron-tick · status=200 · OK
[2026-08-24T19:37:18.611Z] tick · discovery:orchestrator:tick · exit=0 signal=- · OK
[2026-08-24T19:37:19.187Z] tick · brain:cron-tick · status=200 · OK
[2026-08-24T19:38:17.779Z] tick · discovery:orchestrator:tick · spawning
[2026-08-24T19:38:17.888Z] tick · social:cron-tick · fetching GET http://localhost:3008/api/cron/comms-social-worker
[2026-08-24T19:38:18.095Z] tick · social:cron-tick · status=200 · OK
[2026-08-24T19:38:18.134Z] tick · discovery:orchestrator:tick · exit=0 signal=- · OK
[2026-08-24T19:39:17.786Z] tick · discovery:orchestrator:tick · spawning
[2026-08-24T19:39:17.892Z] tick · social:cron-tick · fetching GET http://localhost:3008/api/cron/comms-social-worker
[2026-08-24T19:39:18.244Z] tick · discovery:orchestrator:tick · exit=0 signal=- · OK
[2026-08-24T19:39:36.726Z] tick · social:cron-tick · status=200 · OK
[2026-08-24T19:40:17.417Z] tick · orchestration:zombie-reconciler · spawning
[2026-08-24T19:40:17.543Z] tick · brain:cron-tick · fetching GET http://localhost:3008/api/nex/brain/cron-tick
[2026-08-24T19:40:17.799Z] tick · discovery:orchestrator:tick · spawning
[2026-08-24T19:40:17.893Z] tick · social:cron-tick · fetching GET http://localhost:3008/api/cron/comms-social-worker
[2026-08-24T19:40:18.005Z] tick · orchestration:zombie-reconciler · exit=0 signal=- · OK
[2026-08-24T19:40:18.268Z] tick · discovery:orchestrator:tick · exit=0 signal=- · OK
[2026-08-24T19:40:19.009Z] tick · social:cron-tick · status=200 · OK
[2026-08-24T19:40:21.353Z] tick · brain:cron-tick · status=200 · OK
[2026-08-24T19:41:17.819Z] tick · discovery:orchestrator:tick · spawning
[2026-08-24T19:41:17.906Z] tick · social:cron-tick · fetching GET http://localhost:3008/api/cron/comms-social-worker
[2026-08-24T19:41:18.459Z] tick · social:cron-tick · status=200 · OK
[2026-08-24T19:41:18.492Z] tick · discovery:orchestrator:tick · exit=0 signal=- · OK
[2026-08-24T19:42:17.122Z] tick · cle:conversation · spawning
[2026-08-24T19:42:17.814Z] tick · discovery:orchestrator:tick · spawning
[2026-08-24T19:42:17.947Z] tick · social:cron-tick · fetching GET http://localhost:3008/api/cron/comms-social-worker
[2026-08-24T19:42:18.469Z] tick · social:cron-tick · status=200 · OK
[2026-08-24T19:42:18.482Z] tick · cle:conversation · exit=0 signal=- · OK
[2026-08-24T19:42:18.605Z] tick · discovery:orchestrator:tick · exit=0 signal=- · OK
[2026-08-24T19:42:47.062Z] tick · discovery:rotation:tick · spawning
[2026-08-24T19:42:47.791Z] tick · discovery:rotation:tick · exit=0 signal=- · OK
[2026-08-24T19:43:17.414Z] tick · orchestration:zombie-reconciler · spawning
[2026-08-24T19:43:17.540Z] tick · brain:cron-tick · fetching GET http://localhost:3008/api/nex/brain/cron-tick
[2026-08-24T19:43:17.810Z] tick · discovery:orchestrator:tick · spawning
[2026-08-24T19:43:17.877Z] tick · orchestration:zombie-reconciler · exit=0 signal=- · OK
[2026-08-24T19:43:17.951Z] tick · social:cron-tick · fetching GET http://localhost:3008/api/cron/comms-social-worker
[2026-08-24T19:43:18.095Z] tick · discovery:orchestrator:tick · exit=0 signal=- · OK
[2026-08-24T19:43:18.264Z] tick · social:cron-tick · status=200 · OK
[2026-08-24T19:43:18.639Z] tick · brain:cron-tick · status=200 · OK
[2026-08-24T19:44:17.816Z] tick · discovery:orchestrator:tick · spawning
[2026-08-24T19:44:17.951Z] tick · social:cron-tick · fetching GET http://localhost:3008/api/cron/comms-social-worker
[2026-08-24T19:44:18.442Z] tick · discovery:orchestrator:tick · exit=0 signal=- · OK
[2026-08-24T19:44:18.575Z] tick · social:cron-tick · status=200 · OK
[2026-08-24T19:45:17.856Z] tick · discovery:orchestrator:tick · spawning
[2026-08-24T19:45:18.033Z] tick · social:cron-tick · fetching GET http://localhost:3008/api/cron/comms-social-worker
[2026-08-24T19:45:18.937Z] tick · discovery:orchestrator:tick · exit=0 signal=- · OK
[2026-08-24T19:45:19.979Z] tick · social:cron-tick · status=200 · OK
[2026-08-24T19:46:17.463Z] tick · orchestration:zombie-reconciler · spawning
[2026-08-24T19:46:17.940Z] tick · brain:cron-tick · fetching GET http://localhost:3008/api/nex/brain/cron-tick
[2026-08-24T19:46:18.029Z] tick · discovery:orchestrator:tick · spawning
[2026-08-24T19:46:18.120Z] tick · social:cron-tick · fetching GET http://localhost:3008/api/cron/comms-social-worker
[2026-08-24T19:46:18.905Z] tick · orchestration:zombie-reconciler · exit=0 signal=- · OK
[2026-08-24T19:46:18.906Z] tick · discovery:orchestrator:tick · exit=0 signal=- · OK
[2026-08-24T19:46:22.861Z] tick · social:cron-tick · status=200 · OK
[2026-08-24T19:46:23.601Z] tick · brain:cron-tick · status=200 · OK
[2026-08-24T19:47:18.046Z] tick · discovery:orchestrator:tick · spawning
[2026-08-24T19:47:18.130Z] tick · social:cron-tick · fetching GET http://localhost:3008/api/cron/comms-social-worker
[2026-08-24T19:47:18.879Z] tick · social:cron-tick · status=200 · OK
[2026-08-24T19:47:18.945Z] tick · discovery:orchestrator:tick · exit=0 signal=- · OK
[2026-08-24T19:48:18.051Z] tick · discovery:orchestrator:tick · spawning
[2026-08-24T19:48:18.134Z] tick · social:cron-tick · fetching GET http://localhost:3008/api/cron/comms-social-worker
[2026-08-24T19:48:18.434Z] tick · discovery:orchestrator:tick · exit=0 signal=- · OK
[2026-08-24T19:48:18.450Z] tick · social:cron-tick · status=200 · OK
[2026-08-24T19:49:17.446Z] tick · orchestration:zombie-reconciler · spawning
[2026-08-24T19:49:17.790Z] tick · orchestration:zombie-reconciler · exit=0 signal=- · OK
[2026-08-24T19:49:17.939Z] tick · brain:cron-tick · fetching GET http://localhost:3008/api/nex/brain/cron-tick
[2026-08-24T19:49:18.051Z] tick · discovery:orchestrator:tick · spawning
[2026-08-24T19:49:18.148Z] tick · social:cron-tick · fetching GET http://localhost:3008/api/cron/comms-social-worker
[2026-08-24T19:49:18.413Z] tick · discovery:orchestrator:tick · exit=0 signal=- · OK
[2026-08-24T19:49:18.575Z] tick · social:cron-tick · status=200 · OK
[2026-08-24T19:49:19.042Z] tick · brain:cron-tick · status=200 · OK
[2026-08-24T19:50:18.063Z] tick · discovery:orchestrator:tick · spawning
[2026-08-24T19:50:18.158Z] tick · social:cron-tick · fetching GET http://localhost:3008/api/cron/comms-social-worker
[2026-08-24T19:50:18.405Z] tick · discovery:orchestrator:tick · exit=0 signal=- · OK
[2026-08-24T19:50:18.635Z] tick · social:cron-tick · status=200 · OK
[2026-08-24T19:51:18.072Z] tick · discovery:orchestrator:tick · spawning
[2026-08-24T19:51:18.160Z] tick · social:cron-tick · fetching GET http://localhost:3008/api/cron/comms-social-worker
[2026-08-24T19:51:18.598Z] tick · discovery:orchestrator:tick · exit=0 signal=- · OK
[2026-08-24T19:51:18.606Z] tick · social:cron-tick · status=200 · OK
[2026-08-24T19:52:17.126Z] tick · cle:conversation · spawning
[2026-08-24T19:52:17.203Z] tick · promotion:food:Yogyakarta:quality-check · spawning
[2026-08-24T19:52:17.454Z] tick · orchestration:zombie-reconciler · spawning
[2026-08-24T19:52:17.651Z] tick · cle:conversation · exit=0 signal=- · OK
[2026-08-24T19:52:17.774Z] tick · orchestration:zombie-reconciler · exit=0 signal=- · OK
[2026-08-24T19:52:17.830Z] tick · promotion:food:Yogyakarta:quality-check · exit=0 signal=- · OK
[2026-08-24T19:52:17.940Z] tick · brain:cron-tick · fetching GET http://localhost:3008/api/nex/brain/cron-tick
[2026-08-24T19:52:18.084Z] tick · discovery:orchestrator:tick · spawning
[2026-08-24T19:52:18.165Z] tick · social:cron-tick · fetching GET http://localhost:3008/api/cron/comms-social-worker
[2026-08-24T19:52:18.489Z] tick · social:cron-tick · status=200 · OK
[2026-08-24T19:52:18.550Z] tick · discovery:orchestrator:tick · exit=0 signal=- · OK
[2026-08-24T19:52:18.807Z] tick · brain:cron-tick · status=200 · OK
[2026-08-24T19:52:47.073Z] tick · discovery:rotation:tick · spawning
[2026-08-24T19:52:47.828Z] tick · discovery:rotation:tick · exit=0 signal=- · OK
[2026-08-24T19:53:18.099Z] tick · discovery:orchestrator:tick · spawning
[2026-08-24T19:53:18.172Z] tick · social:cron-tick · fetching GET http://localhost:3008/api/cron/comms-social-worker
[2026-08-24T19:53:18.891Z] tick · discovery:orchestrator:tick · exit=0 signal=- · OK
[2026-08-24T19:53:19.916Z] tick · social:cron-tick · status=200 · OK
[2026-08-24T19:54:18.111Z] tick · discovery:orchestrator:tick · spawning
[2026-08-24T19:54:18.279Z] tick · social:cron-tick · fetching GET http://localhost:3008/api/cron/comms-social-worker
[2026-08-24T19:54:18.992Z] tick · discovery:orchestrator:tick · exit=0 signal=- · OK
[2026-08-24T19:54:21.995Z] tick · social:cron-tick · status=200 · OK
[2026-08-24T19:55:17.504Z] tick · orchestration:zombie-reconciler · spawning
[2026-08-24T19:55:17.946Z] tick · brain:cron-tick · fetching GET http://localhost:3008/api/nex/brain/cron-tick
[2026-08-24T19:55:18.118Z] tick · discovery:orchestrator:tick · spawning
[2026-08-24T19:55:18.276Z] tick · social:cron-tick · fetching GET http://localhost:3008/api/cron/comms-social-worker
[2026-08-24T19:55:18.730Z] tick · orchestration:zombie-reconciler · exit=0 signal=- · OK
[2026-08-24T19:55:18.735Z] tick · discovery:orchestrator:tick · exit=0 signal=- · OK
[2026-08-24T19:55:24.753Z] tick · social:cron-tick · status=200 · OK
[2026-08-24T19:55:25.199Z] tick · brain:cron-tick · status=200 · OK
[2026-08-24T19:56:18.161Z] tick · discovery:orchestrator:tick · spawning
[2026-08-24T19:56:18.280Z] tick · social:cron-tick · fetching GET http://localhost:3008/api/cron/comms-social-worker
[2026-08-24T19:56:19.012Z] tick · discovery:orchestrator:tick · exit=0 signal=- · OK
[2026-08-24T19:56:27.597Z] tick · social:cron-tick · status=200 · OK
[2026-08-24T19:57:18.182Z] tick · discovery:orchestrator:tick · spawning
[2026-08-24T19:57:18.293Z] tick · social:cron-tick · fetching GET http://localhost:3008/api/cron/comms-social-worker
[2026-08-24T19:57:18.854Z] tick · discovery:orchestrator:tick · exit=0 signal=- · OK
[2026-08-24T19:57:18.865Z] tick · social:cron-tick · status=200 · OK
[2026-08-24T19:58:17.501Z] tick · orchestration:zombie-reconciler · spawning
[2026-08-24T19:58:17.953Z] tick · brain:cron-tick · fetching GET http://localhost:3008/api/nex/brain/cron-tick
[2026-08-24T19:58:18.010Z] tick · orchestration:zombie-reconciler · exit=0 signal=- · OK
[2026-08-24T19:58:18.190Z] tick · discovery:orchestrator:tick · spawning
[2026-08-24T19:58:18.286Z] tick · social:cron-tick · fetching GET http://localhost:3008/api/cron/comms-social-worker
[2026-08-24T19:58:18.763Z] tick · discovery:orchestrator:tick · exit=0 signal=- · OK
[2026-08-24T19:58:20.096Z] tick · social:cron-tick · status=200 · OK
[2026-08-24T19:58:20.295Z] tick · brain:cron-tick · status=200 · OK
[2026-08-24T19:59:18.206Z] tick · discovery:orchestrator:tick · spawning
[2026-08-24T19:59:18.294Z] tick · social:cron-tick · fetching GET http://localhost:3008/api/cron/comms-social-worker
[2026-08-24T19:59:18.739Z] tick · discovery:orchestrator:tick · exit=0 signal=- · OK
[2026-08-24T19:59:18.768Z] tick · social:cron-tick · status=200 · OK
[2026-08-24T20:00:18.230Z] tick · discovery:orchestrator:tick · spawning
[2026-08-24T20:00:18.431Z] tick · social:cron-tick · fetching GET http://localhost:3008/api/cron/comms-social-worker
[2026-08-24T20:00:19.267Z] tick · discovery:orchestrator:tick · exit=0 signal=- · OK
[2026-08-24T20:00:20.706Z] tick · social:cron-tick · status=200 · OK
[2026-08-24T20:01:17.522Z] tick · orchestration:zombie-reconciler · spawning
[2026-08-24T20:01:17.954Z] tick · brain:cron-tick · fetching GET http://localhost:3008/api/nex/brain/cron-tick
[2026-08-24T20:01:18.243Z] tick · discovery:orchestrator:tick · spawning
[2026-08-24T20:01:18.437Z] tick · social:cron-tick · fetching GET http://localhost:3008/api/cron/comms-social-worker
[2026-08-24T20:01:18.743Z] tick · orchestration:zombie-reconciler · exit=0 signal=- · OK
[2026-08-24T20:01:18.766Z] tick · discovery:orchestrator:tick · exit=0 signal=- · OK
[2026-08-24T20:01:22.107Z] tick · social:cron-tick · status=200 · OK
[2026-08-24T20:01:22.590Z] tick · brain:cron-tick · status=200 · OK
[2026-08-24T20:02:17.197Z] tick · cle:conversation · spawning
[2026-08-24T20:02:18.234Z] tick · discovery:orchestrator:tick · spawning
[2026-08-24T20:02:18.444Z] tick · social:cron-tick · fetching GET http://localhost:3008/api/cron/comms-social-worker
[2026-08-24T20:02:18.577Z] tick · cle:conversation · exit=0 signal=- · OK
[2026-08-24T20:02:18.705Z] tick · discovery:orchestrator:tick · exit=0 signal=- · OK
[2026-08-24T20:02:22.142Z] tick · social:cron-tick · status=200 · OK
[2026-08-24T20:02:47.059Z] tick · discovery:rotation:tick · spawning
[2026-08-24T20:02:48.099Z] tick · discovery:rotation:tick · exit=0 signal=- · OK
[2026-08-24T20:03:18.253Z] tick · discovery:orchestrator:tick · spawning
[2026-08-24T20:03:18.454Z] tick · social:cron-tick · fetching GET http://localhost:3008/api/cron/comms-social-worker
[2026-08-24T20:03:18.550Z] tick · discovery:orchestrator:tick · exit=0 signal=- · OK
[2026-08-24T20:03:18.688Z] tick · social:cron-tick · status=200 · OK
[2026-08-24T20:04:17.524Z] tick · orchestration:zombie-reconciler · spawning
[2026-08-24T20:04:17.878Z] tick · orchestration:zombie-reconciler · exit=0 signal=- · OK
[2026-08-24T20:04:17.961Z] tick · brain:cron-tick · fetching GET http://localhost:3008/api/nex/brain/cron-tick
[2026-08-24T20:04:18.259Z] tick · discovery:orchestrator:tick · spawning
[2026-08-24T20:04:18.455Z] tick · social:cron-tick · fetching GET http://localhost:3008/api/cron/comms-social-worker
[2026-08-24T20:04:18.582Z] tick · discovery:orchestrator:tick · exit=0 signal=- · OK
[2026-08-24T20:04:18.621Z] tick · social:cron-tick · status=200 · OK
[2026-08-24T20:04:18.748Z] tick · brain:cron-tick · status=200 · OK
[2026-08-24T20:05:18.259Z] tick · discovery:orchestrator:tick · spawning
[2026-08-24T20:05:18.452Z] tick · social:cron-tick · fetching GET http://localhost:3008/api/cron/comms-social-worker
[2026-08-24T20:05:18.589Z] tick · discovery:orchestrator:tick · exit=0 signal=- · OK
[2026-08-24T20:05:18.652Z] tick · social:cron-tick · status=200 · OK
[2026-08-24T20:06:18.267Z] tick · discovery:orchestrator:tick · spawning
[2026-08-24T20:06:18.461Z] tick · social:cron-tick · fetching GET http://localhost:3008/api/cron/comms-social-worker
[2026-08-24T20:06:18.565Z] tick · discovery:orchestrator:tick · exit=0 signal=- · OK
[2026-08-24T20:06:18.772Z] tick · social:cron-tick · status=200 · OK
[2026-08-24T20:07:17.527Z] tick · orchestration:zombie-reconciler · spawning
[2026-08-24T20:07:17.970Z] tick · brain:cron-tick · fetching GET http://localhost:3008/api/nex/brain/cron-tick
[2026-08-24T20:07:18.152Z] tick · orchestration:zombie-reconciler · exit=0 signal=- · OK
[2026-08-24T20:07:18.276Z] tick · discovery:orchestrator:tick · spawning
[2026-08-24T20:07:18.461Z] tick · social:cron-tick · fetching GET http://localhost:3008/api/cron/comms-social-worker
[2026-08-24T20:07:19.226Z] tick · discovery:orchestrator:tick · exit=0 signal=- · OK
[2026-08-24T20:07:22.593Z] tick · social:cron-tick · status=200 · OK
[2026-08-24T20:07:23.038Z] tick · brain:cron-tick · status=200 · OK
[2026-08-24T20:08:18.279Z] tick · discovery:orchestrator:tick · spawning
[2026-08-24T20:08:18.463Z] tick · social:cron-tick · fetching GET http://localhost:3008/api/cron/comms-social-worker
[2026-08-24T20:08:18.995Z] tick · discovery:orchestrator:tick · exit=0 signal=- · OK
[2026-08-24T20:08:19.183Z] tick · social:cron-tick · status=200 · OK
[2026-08-24T20:09:18.288Z] tick · discovery:orchestrator:tick · spawning
[2026-08-24T20:09:18.474Z] tick · social:cron-tick · fetching GET http://localhost:3008/api/cron/comms-social-worker
[2026-08-24T20:09:19.236Z] tick · social:cron-tick · status=200 · OK
[2026-08-24T20:09:19.486Z] tick · discovery:orchestrator:tick · exit=0 signal=- · OK
[2026-08-24T20:10:17.529Z] tick · orchestration:zombie-reconciler · spawning
[2026-08-24T20:10:17.956Z] tick · orchestration:zombie-reconciler · exit=0 signal=- · OK
[2026-08-24T20:10:17.974Z] tick · brain:cron-tick · fetching GET http://localhost:3008/api/nex/brain/cron-tick
[2026-08-24T20:10:18.293Z] tick · discovery:orchestrator:tick · spawning
[2026-08-24T20:10:18.449Z] tick · brain:cron-tick · status=200 · OK
[2026-08-24T20:10:18.475Z] tick · social:cron-tick · fetching GET http://localhost:3008/api/cron/comms-social-worker
[2026-08-24T20:10:18.670Z] tick · social:cron-tick · status=200 · OK
[2026-08-24T20:10:18.767Z] tick · discovery:orchestrator:tick · exit=0 signal=- · OK
[2026-08-24T20:11:18.295Z] tick · discovery:orchestrator:tick · spawning
[2026-08-24T20:11:18.485Z] tick · social:cron-tick · fetching GET http://localhost:3008/api/cron/comms-social-worker
[2026-08-24T20:11:18.601Z] tick · discovery:orchestrator:tick · exit=0 signal=- · OK
[2026-08-24T20:11:18.663Z] tick · social:cron-tick · status=200 · OK
[2026-08-24T20:12:17.187Z] tick · cle:conversation · spawning
[2026-08-24T20:12:17.553Z] tick · cle:conversation · exit=0 signal=- · OK
[2026-08-24T20:12:18.298Z] tick · discovery:orchestrator:tick · spawning
[2026-08-24T20:12:18.486Z] tick · social:cron-tick · fetching GET http://localhost:3008/api/cron/comms-social-worker
[2026-08-24T20:12:18.600Z] tick · discovery:orchestrator:tick · exit=0 signal=- · OK
[2026-08-24T20:12:18.651Z] tick · social:cron-tick · status=200 · OK
[2026-08-24T20:12:47.073Z] tick · discovery:rotation:tick · spawning
[2026-08-24T20:12:47.654Z] tick · discovery:rotation:tick · exit=0 signal=- · OK
[2026-08-24T20:13:17.538Z] tick · orchestration:zombie-reconciler · spawning
[2026-08-24T20:13:17.761Z] tick · orchestration:zombie-reconciler · exit=0 signal=- · OK
[2026-08-24T20:13:17.985Z] tick · brain:cron-tick · fetching GET http://localhost:3008/api/nex/brain/cron-tick
[2026-08-24T20:13:18.300Z] tick · discovery:orchestrator:tick · spawning
[2026-08-24T20:13:18.477Z] tick · brain:cron-tick · status=200 · OK
[2026-08-24T20:13:18.490Z] tick · social:cron-tick · fetching GET http://localhost:3008/api/cron/comms-social-worker
[2026-08-24T20:13:18.505Z] tick · discovery:orchestrator:tick · exit=0 signal=- · OK
[2026-08-24T20:13:18.579Z] tick · social:cron-tick · status=200 · OK
[2026-08-24T20:14:18.313Z] tick · discovery:orchestrator:tick · spawning
[2026-08-24T20:14:18.501Z] tick · social:cron-tick · fetching GET http://localhost:3008/api/cron/comms-social-worker
[2026-08-24T20:14:18.552Z] tick · discovery:orchestrator:tick · exit=0 signal=- · OK
[2026-08-24T20:14:18.688Z] tick · social:cron-tick · status=200 · OK
[2026-08-24T20:15:18.315Z] tick · discovery:orchestrator:tick · spawning
[2026-08-24T20:15:18.511Z] tick · social:cron-tick · fetching GET http://localhost:3008/api/cron/comms-social-worker
[2026-08-24T20:15:18.684Z] tick · discovery:orchestrator:tick · exit=0 signal=- · OK
[2026-08-24T20:15:18.716Z] tick · social:cron-tick · status=200 · OK
[2026-08-24T20:16:17.542Z] tick · orchestration:zombie-reconciler · spawning
[2026-08-24T20:16:17.763Z] tick · orchestration:zombie-reconciler · exit=0 signal=- · OK
[2026-08-24T20:16:17.987Z] tick · brain:cron-tick · fetching GET http://localhost:3008/api/nex/brain/cron-tick
[2026-08-24T20:16:18.320Z] tick · discovery:orchestrator:tick · spawning
[2026-08-24T20:16:18.510Z] tick · social:cron-tick · fetching GET http://localhost:3008/api/cron/comms-social-worker
[2026-08-24T20:16:18.527Z] tick · brain:cron-tick · status=200 · OK
[2026-08-24T20:16:18.625Z] tick · discovery:orchestrator:tick · exit=0 signal=- · OK
[2026-08-24T20:16:18.658Z] tick · social:cron-tick · status=200 · OK
[2026-08-24T20:17:18.319Z] tick · discovery:orchestrator:tick · spawning
[2026-08-24T20:17:18.520Z] tick · social:cron-tick · fetching GET http://localhost:3008/api/cron/comms-social-worker
[2026-08-24T20:17:19.072Z] tick · discovery:orchestrator:tick · exit=0 signal=- · OK
[2026-08-24T20:17:19.574Z] tick · social:cron-tick · status=200 · OK
[2026-08-24T20:18:18.334Z] tick · discovery:orchestrator:tick · spawning
[2026-08-24T20:18:18.533Z] tick · social:cron-tick · fetching GET http://localhost:3008/api/cron/comms-social-worker
[2026-08-24T20:18:18.931Z] tick · discovery:orchestrator:tick · exit=0 signal=- · OK
[2026-08-24T20:18:19.213Z] tick · social:cron-tick · status=200 · OK
[2026-08-24T20:19:17.588Z] tick · orchestration:zombie-reconciler · spawning
[2026-08-24T20:19:18.006Z] tick · brain:cron-tick · fetching GET http://localhost:3008/api/nex/brain/cron-tick
[2026-08-24T20:19:18.338Z] tick · discovery:orchestrator:tick · spawning
[2026-08-24T20:19:18.529Z] tick · social:cron-tick · fetching GET http://localhost:3008/api/cron/comms-social-worker
[2026-08-24T20:19:18.606Z] tick · orchestration:zombie-reconciler · exit=0 signal=- · OK
[2026-08-24T20:19:18.734Z] tick · discovery:orchestrator:tick · exit=0 signal=- · OK
[2026-08-24T20:19:19.088Z] tick · social:cron-tick · status=200 · OK
[2026-08-24T20:19:19.425Z] tick · brain:cron-tick · status=200 · OK
[2026-08-24T20:20:18.407Z] tick · discovery:orchestrator:tick · spawning
[2026-08-24T20:20:18.732Z] tick · social:cron-tick · fetching GET http://localhost:3008/api/cron/comms-social-worker
[2026-08-24T20:20:19.742Z] tick · discovery:orchestrator:tick · exit=0 signal=- · OK
[2026-08-24T20:20:35.148Z] tick · social:cron-tick · status=200 · OK
[2026-08-24T20:21:18.386Z] tick · discovery:orchestrator:tick · spawning
[2026-08-24T20:21:18.747Z] tick · social:cron-tick · fetching GET http://localhost:3008/api/cron/comms-social-worker
[2026-08-24T20:21:19.355Z] tick · discovery:orchestrator:tick · exit=0 signal=- · OK
[2026-08-24T20:21:20.687Z] tick · social:cron-tick · status=200 · OK
[2026-08-24T20:22:17.220Z] tick · cle:conversation · spawning
[2026-08-24T20:22:17.393Z] tick · promotion:food:Yogyakarta:quality-check · spawning
[2026-08-24T20:22:17.596Z] tick · orchestration:zombie-reconciler · spawning
[2026-08-24T20:22:18.013Z] tick · brain:cron-tick · fetching GET http://localhost:3008/api/nex/brain/cron-tick
[2026-08-24T20:22:18.389Z] tick · discovery:orchestrator:tick · spawning
[2026-08-24T20:22:18.729Z] tick · orchestration:zombie-reconciler · exit=0 signal=- · OK
[2026-08-24T20:22:18.758Z] tick · social:cron-tick · fetching GET http://localhost:3008/api/cron/comms-social-worker
[2026-08-24T20:22:19.081Z] tick · cle:conversation · exit=0 signal=- · OK
[2026-08-24T20:22:19.084Z] tick · discovery:orchestrator:tick · exit=0 signal=- · OK
[2026-08-24T20:22:19.338Z] tick · promotion:food:Yogyakarta:quality-check · exit=0 signal=- · OK
[2026-08-24T20:22:25.520Z] tick · social:cron-tick · status=200 · OK
[2026-08-24T20:22:26.193Z] tick · brain:cron-tick · status=200 · OK
[2026-08-24T20:22:47.113Z] tick · discovery:rotation:tick · spawning
[2026-08-24T20:22:48.907Z] tick · discovery:rotation:tick · exit=0 signal=- · OK
[2026-08-24T20:23:18.397Z] tick · discovery:orchestrator:tick · spawning
[2026-08-24T20:23:18.765Z] tick · social:cron-tick · fetching GET http://localhost:3008/api/cron/comms-social-worker
[2026-08-24T20:23:19.041Z] tick · discovery:orchestrator:tick · exit=0 signal=- · OK
[2026-08-24T20:23:20.741Z] tick · social:cron-tick · status=200 · OK
[2026-08-24T20:24:18.430Z] tick · discovery:orchestrator:tick · spawning
[2026-08-24T20:24:18.795Z] tick · social:cron-tick · fetching GET http://localhost:3008/api/cron/comms-social-worker
[2026-08-24T20:24:19.537Z] tick · discovery:orchestrator:tick · exit=0 signal=- · OK
[2026-08-24T20:24:22.671Z] tick · social:cron-tick · status=200 · OK
[2026-08-24T20:25:17.609Z] tick · orchestration:zombie-reconciler · spawning
[2026-08-24T20:25:18.009Z] tick · brain:cron-tick · fetching GET http://localhost:3008/api/nex/brain/cron-tick
[2026-08-24T20:25:18.417Z] tick · orchestration:zombie-reconciler · exit=0 signal=- · OK
[2026-08-24T20:25:18.418Z] tick · discovery:orchestrator:tick · spawning
[2026-08-24T20:25:18.696Z] tick · discovery:orchestrator:tick · exit=0 signal=- · OK
[2026-08-24T20:25:18.810Z] tick · social:cron-tick · fetching GET http://localhost:3008/api/cron/comms-social-worker
[2026-08-24T20:25:20.026Z] tick · social:cron-tick · status=200 · OK
[2026-08-24T20:25:20.386Z] tick · brain:cron-tick · status=200 · OK
[2026-08-24T20:26:18.434Z] tick · discovery:orchestrator:tick · spawning
[2026-08-24T20:26:18.813Z] tick · social:cron-tick · fetching GET http://localhost:3008/api/cron/comms-social-worker
[2026-08-24T20:26:19.094Z] tick · discovery:orchestrator:tick · exit=0 signal=- · OK
[2026-08-24T20:26:24.815Z] tick · social:cron-tick · status=200 · OK
[2026-08-24T20:27:18.523Z] tick · discovery:orchestrator:tick · spawning
[2026-08-24T20:27:18.821Z] tick · social:cron-tick · fetching GET http://localhost:3008/api/cron/comms-social-worker
[2026-08-24T20:27:20.260Z] tick · discovery:orchestrator:tick · exit=0 signal=- · OK
[2026-08-24T20:27:32.717Z] tick · social:cron-tick · status=200 · OK
[2026-08-24T20:28:17.688Z] tick · orchestration:zombie-reconciler · spawning
[2026-08-24T20:28:18.190Z] tick · brain:cron-tick · fetching GET http://localhost:3008/api/nex/brain/cron-tick
[2026-08-24T20:28:18.540Z] tick · discovery:orchestrator:tick · spawning
[2026-08-24T20:28:18.832Z] tick · social:cron-tick · fetching GET http://localhost:3008/api/cron/comms-social-worker
[2026-08-24T20:28:20.071Z] tick · discovery:orchestrator:tick · exit=0 signal=- · OK
[2026-08-24T20:28:20.072Z] tick · orchestration:zombie-reconciler · exit=0 signal=- · OK
[2026-08-24T20:28:24.741Z] tick · social:cron-tick · status=200 · OK
[2026-08-24T20:28:26.612Z] tick · brain:cron-tick · status=200 · OK
[2026-08-24T20:29:18.569Z] tick · discovery:orchestrator:tick · spawning
[2026-08-24T20:29:18.960Z] tick · social:cron-tick · fetching GET http://localhost:3008/api/cron/comms-social-worker
[2026-08-24T20:29:20.801Z] tick · discovery:orchestrator:tick · exit=0 signal=- · OK
[2026-08-24T20:29:20.897Z] tick · social:cron-tick · status=200 · OK
[2026-08-24T20:30:18.589Z] tick · discovery:orchestrator:tick · spawning
[2026-08-24T20:30:18.964Z] tick · social:cron-tick · fetching GET http://localhost:3008/api/cron/comms-social-worker
[2026-08-24T20:30:19.807Z] tick · discovery:orchestrator:tick · exit=0 signal=- · OK
[2026-08-24T20:30:23.002Z] tick · social:cron-tick · status=200 · OK
[2026-08-24T20:31:17.695Z] tick · orchestration:zombie-reconciler · spawning
[2026-08-24T20:31:18.191Z] tick · brain:cron-tick · fetching GET http://localhost:3008/api/nex/brain/cron-tick
[2026-08-24T20:31:18.587Z] tick · discovery:orchestrator:tick · spawning
[2026-08-24T20:31:18.853Z] tick · orchestration:zombie-reconciler · exit=0 signal=- · OK
[2026-08-24T20:31:18.969Z] tick · social:cron-tick · fetching GET http://localhost:3008/api/cron/comms-social-worker
[2026-08-24T20:31:19.657Z] tick · discovery:orchestrator:tick · exit=0 signal=- · OK
[2026-08-24T20:31:22.599Z] tick · social:cron-tick · status=200 · OK
[2026-08-24T20:31:23.225Z] tick · brain:cron-tick · status=200 · OK
[2026-08-24T20:32:17.220Z] tick · cle:conversation · spawning
[2026-08-24T20:32:18.486Z] tick · cle:conversation · exit=0 signal=- · OK
[2026-08-24T20:32:18.591Z] tick · discovery:orchestrator:tick · spawning
[2026-08-24T20:32:18.980Z] tick · social:cron-tick · fetching GET http://localhost:3008/api/cron/comms-social-worker
[2026-08-24T20:32:19.060Z] tick · discovery:orchestrator:tick · exit=0 signal=- · OK
[2026-08-24T20:32:20.272Z] tick · social:cron-tick · status=200 · OK
[2026-08-24T20:32:47.110Z] tick · discovery:rotation:tick · spawning
[2026-08-24T20:32:49.364Z] tick · discovery:rotation:tick · exit=0 signal=- · OK
[2026-08-24T20:33:18.593Z] tick · discovery:orchestrator:tick · spawning
[2026-08-24T20:33:18.957Z] tick · discovery:orchestrator:tick · exit=0 signal=- · OK
[2026-08-24T20:33:18.981Z] tick · social:cron-tick · fetching GET http://localhost:3008/api/cron/comms-social-worker
[2026-08-24T20:33:19.420Z] tick · social:cron-tick · status=200 · OK
[2026-08-24T20:34:17.700Z] tick · orchestration:zombie-reconciler · spawning
[2026-08-24T20:34:18.062Z] tick · orchestration:zombie-reconciler · exit=0 signal=- · OK
[2026-08-24T20:34:18.199Z] tick · brain:cron-tick · fetching GET http://localhost:3008/api/nex/brain/cron-tick
[2026-08-24T20:34:18.603Z] tick · discovery:orchestrator:tick · spawning
[2026-08-24T20:34:18.784Z] tick · brain:cron-tick · status=200 · OK
[2026-08-24T20:34:18.844Z] tick · discovery:orchestrator:tick · exit=0 signal=- · OK
[2026-08-24T20:34:18.987Z] tick · social:cron-tick · fetching GET http://localhost:3008/api/cron/comms-social-worker
[2026-08-24T20:34:19.179Z] tick · social:cron-tick · status=200 · OK
[2026-08-24T20:35:18.615Z] tick · discovery:orchestrator:tick · spawning
[2026-08-24T20:35:18.998Z] tick · social:cron-tick · fetching GET http://localhost:3008/api/cron/comms-social-worker
[2026-08-24T20:35:19.118Z] tick · discovery:orchestrator:tick · exit=0 signal=- · OK
[2026-08-24T20:35:25.763Z] tick · social:cron-tick · status=200 · OK
[2026-08-24T20:36:18.671Z] tick · discovery:orchestrator:tick · spawning
[2026-08-24T20:36:19.007Z] tick · social:cron-tick · fetching GET http://localhost:3008/api/cron/comms-social-worker
[2026-08-24T20:36:19.547Z] tick · discovery:orchestrator:tick · exit=0 signal=- · OK
[2026-08-24T20:36:20.425Z] tick · social:cron-tick · status=200 · OK
[2026-08-24T20:37:17.718Z] tick · orchestration:zombie-reconciler · spawning
[2026-08-24T20:37:18.204Z] tick · brain:cron-tick · fetching GET http://localhost:3008/api/nex/brain/cron-tick
[2026-08-24T20:37:18.438Z] tick · orchestration:zombie-reconciler · exit=0 signal=- · OK
[2026-08-24T20:37:18.669Z] tick · discovery:orchestrator:tick · spawning
[2026-08-24T20:37:19.010Z] tick · social:cron-tick · fetching GET http://localhost:3008/api/cron/comms-social-worker
[2026-08-24T20:37:19.217Z] tick · discovery:orchestrator:tick · exit=0 signal=- · OK
[2026-08-24T20:37:23.025Z] tick · social:cron-tick · status=200 · OK
[2026-08-24T20:37:23.412Z] tick · brain:cron-tick · status=200 · OK
[2026-08-24T20:38:18.693Z] tick · discovery:orchestrator:tick · spawning
[2026-08-24T20:38:19.023Z] tick · social:cron-tick · fetching GET http://localhost:3008/api/cron/comms-social-worker
[2026-08-24T20:38:19.313Z] tick · discovery:orchestrator:tick · exit=0 signal=- · OK
[2026-08-24T20:38:19.588Z] tick · social:cron-tick · status=200 · OK
[2026-08-24T20:39:18.702Z] tick · discovery:orchestrator:tick · spawning
[2026-08-24T20:39:19.030Z] tick · social:cron-tick · fetching GET http://localhost:3008/api/cron/comms-social-worker
[2026-08-24T20:39:19.164Z] tick · discovery:orchestrator:tick · exit=0 signal=- · OK
[2026-08-24T20:39:20.411Z] tick · social:cron-tick · status=200 · OK
[2026-08-24T20:40:17.737Z] tick · orchestration:zombie-reconciler · spawning
[2026-08-24T20:40:18.214Z] tick · brain:cron-tick · fetching GET http://localhost:3008/api/nex/brain/cron-tick
[2026-08-24T20:40:18.320Z] tick · orchestration:zombie-reconciler · exit=0 signal=- · OK
[2026-08-24T20:40:18.716Z] tick · discovery:orchestrator:tick · spawning
[2026-08-24T20:40:19.033Z] tick · social:cron-tick · fetching GET http://localhost:3008/api/cron/comms-social-worker
[2026-08-24T20:40:19.189Z] tick · discovery:orchestrator:tick · exit=0 signal=- · OK
[2026-08-24T20:40:19.755Z] tick · social:cron-tick · status=200 · OK
[2026-08-24T20:40:20.019Z] tick · brain:cron-tick · status=200 · OK
[2026-08-24T20:41:18.742Z] tick · discovery:orchestrator:tick · spawning
[2026-08-24T20:41:19.039Z] tick · social:cron-tick · fetching GET http://localhost:3008/api/cron/comms-social-worker
[2026-08-24T20:41:19.726Z] tick · discovery:orchestrator:tick · exit=0 signal=- · OK
[2026-08-24T20:41:22.193Z] tick · social:cron-tick · status=200 · OK
[2026-08-24T20:42:17.238Z] tick · cle:conversation · spawning
[2026-08-24T20:42:18.746Z] tick · discovery:orchestrator:tick · spawning
[2026-08-24T20:42:19.057Z] tick · social:cron-tick · fetching GET http://localhost:3008/api/cron/comms-social-worker
[2026-08-24T20:42:19.891Z] tick · cle:conversation · exit=0 signal=- · OK
[2026-08-24T20:42:19.934Z] tick · discovery:orchestrator:tick · exit=0 signal=- · OK
[2026-08-24T20:42:22.570Z] tick · social:cron-tick · status=200 · OK
[2026-08-24T20:42:47.107Z] tick · discovery:rotation:tick · spawning
[2026-08-24T20:42:48.078Z] tick · discovery:rotation:tick · exit=0 signal=- · OK
[2026-08-24T20:43:17.747Z] tick · orchestration:zombie-reconciler · spawning
[2026-08-24T20:43:18.219Z] tick · brain:cron-tick · fetching GET http://localhost:3008/api/nex/brain/cron-tick
[2026-08-24T20:43:18.364Z] tick · orchestration:zombie-reconciler · exit=0 signal=- · OK
[2026-08-24T20:43:18.747Z] tick · discovery:orchestrator:tick · spawning
[2026-08-24T20:43:19.053Z] tick · social:cron-tick · fetching GET http://localhost:3008/api/cron/comms-social-worker
[2026-08-24T20:43:19.178Z] tick · discovery:orchestrator:tick · exit=0 signal=- · OK
[2026-08-24T20:43:19.316Z] tick · social:cron-tick · status=200 · OK
[2026-08-24T20:43:19.436Z] tick · brain:cron-tick · status=200 · OK
[2026-08-24T20:44:18.751Z] tick · discovery:orchestrator:tick · spawning
[2026-08-24T20:44:19.058Z] tick · social:cron-tick · fetching GET http://localhost:3008/api/cron/comms-social-worker
[2026-08-24T20:44:19.160Z] tick · discovery:orchestrator:tick · exit=0 signal=- · OK
[2026-08-24T20:44:19.398Z] tick · social:cron-tick · status=200 · OK
[2026-08-24T20:45:18.770Z] tick · discovery:orchestrator:tick · spawning
[2026-08-24T20:45:19.058Z] tick · social:cron-tick · fetching GET http://localhost:3008/api/cron/comms-social-worker
[2026-08-24T20:45:19.257Z] tick · discovery:orchestrator:tick · exit=0 signal=- · OK
[2026-08-24T20:45:19.338Z] tick · social:cron-tick · status=200 · OK
[2026-08-24T20:46:17.749Z] tick · orchestration:zombie-reconciler · spawning
[2026-08-24T20:46:18.122Z] tick · orchestration:zombie-reconciler · exit=0 signal=- · OK
[2026-08-24T20:46:18.221Z] tick · brain:cron-tick · fetching GET http://localhost:3008/api/nex/brain/cron-tick
[2026-08-24T20:46:18.777Z] tick · discovery:orchestrator:tick · spawning
[2026-08-24T20:46:19.070Z] tick · social:cron-tick · fetching GET http://localhost:3008/api/cron/comms-social-worker
[2026-08-24T20:46:19.105Z] tick · discovery:orchestrator:tick · exit=0 signal=- · OK
[2026-08-24T20:46:21.054Z] tick · social:cron-tick · status=200 · OK
[2026-08-24T20:46:21.568Z] tick · brain:cron-tick · status=200 · OK
[2026-08-24T20:47:18.794Z] tick · discovery:orchestrator:tick · spawning
[2026-08-24T20:47:19.079Z] tick · social:cron-tick · fetching GET http://localhost:3008/api/cron/comms-social-worker
[2026-08-24T20:47:20.597Z] tick · discovery:orchestrator:tick · exit=0 signal=- · OK
[2026-08-24T20:47:26.482Z] tick · social:cron-tick · status=200 · OK
[2026-08-24T20:48:18.815Z] tick · discovery:orchestrator:tick · spawning
[2026-08-24T20:48:19.093Z] tick · social:cron-tick · fetching GET http://localhost:3008/api/cron/comms-social-worker
[2026-08-24T20:48:20.508Z] tick · discovery:orchestrator:tick · exit=0 signal=- · OK
[2026-08-24T20:48:43.030Z] tick · social:cron-tick · status=200 · OK
[2026-08-24T20:49:17.789Z] tick · orchestration:zombie-reconciler · spawning
[2026-08-24T20:49:18.226Z] tick · brain:cron-tick · fetching GET http://localhost:3008/api/nex/brain/cron-tick
[2026-08-24T20:49:18.808Z] tick · discovery:orchestrator:tick · spawning
[2026-08-24T20:49:19.091Z] tick · orchestration:zombie-reconciler · exit=0 signal=- · OK
[2026-08-24T20:49:19.091Z] tick · social:cron-tick · fetching GET http://localhost:3008/api/cron/comms-social-worker
[2026-08-24T20:49:19.433Z] tick · discovery:orchestrator:tick · exit=0 signal=- · OK
[2026-08-24T20:49:28.383Z] tick · social:cron-tick · status=200 · OK
[2026-08-24T20:49:28.679Z] tick · brain:cron-tick · status=200 · OK
[2026-08-24T20:50:18.859Z] tick · discovery:orchestrator:tick · spawning
[2026-08-24T20:50:19.099Z] tick · social:cron-tick · fetching GET http://localhost:3008/api/cron/comms-social-worker
[2026-08-24T20:50:20.305Z] tick · social:cron-tick · status=200 · OK
[2026-08-24T20:50:20.310Z] tick · discovery:orchestrator:tick · exit=0 signal=- · OK
[2026-08-24T20:51:18.887Z] tick · discovery:orchestrator:tick · spawning
[2026-08-24T20:51:19.284Z] tick · social:cron-tick · fetching GET http://localhost:3008/api/cron/comms-social-worker
[2026-08-24T20:51:21.345Z] tick · discovery:orchestrator:tick · exit=0 signal=- · OK
[2026-08-24T20:51:28.869Z] tick · social:cron-tick · status=200 · OK
[2026-08-24T20:52:17.260Z] tick · cle:conversation · spawning
[2026-08-24T20:52:17.398Z] tick · promotion:food:Yogyakarta:quality-check · spawning
[2026-08-24T20:52:17.784Z] tick · orchestration:zombie-reconciler · spawning
[2026-08-24T20:52:18.019Z] tick · cle:conversation · exit=0 signal=- · OK
[2026-08-24T20:52:18.069Z] tick · orchestration:zombie-reconciler · exit=0 signal=- · OK
[2026-08-24T20:52:18.129Z] tick · promotion:food:Yogyakarta:quality-check · exit=0 signal=- · OK
[2026-08-24T20:52:18.230Z] tick · brain:cron-tick · fetching GET http://localhost:3008/api/nex/brain/cron-tick
[2026-08-24T20:52:18.883Z] tick · discovery:orchestrator:tick · spawning
[2026-08-24T20:52:19.182Z] tick · discovery:orchestrator:tick · exit=0 signal=- · OK
[2026-08-24T20:52:19.294Z] tick · social:cron-tick · fetching GET http://localhost:3008/api/cron/comms-social-worker
[2026-08-24T20:52:20.273Z] tick · social:cron-tick · status=200 · OK
[2026-08-24T20:52:20.516Z] tick · brain:cron-tick · status=200 · OK
[2026-08-24T20:52:47.112Z] tick · discovery:rotation:tick · spawning
[2026-08-24T20:52:47.979Z] tick · discovery:rotation:tick · exit=0 signal=- · OK
[2026-08-24T20:53:18.893Z] tick · discovery:orchestrator:tick · spawning
[2026-08-24T20:53:19.217Z] tick · discovery:orchestrator:tick · exit=0 signal=- · OK
[2026-08-24T20:53:19.297Z] tick · social:cron-tick · fetching GET http://localhost:3008/api/cron/comms-social-worker
[2026-08-24T20:53:19.542Z] tick · social:cron-tick · status=200 · OK
[2026-08-24T20:54:18.899Z] tick · discovery:orchestrator:tick · spawning
[2026-08-24T20:54:19.304Z] tick · social:cron-tick · fetching GET http://localhost:3008/api/cron/comms-social-worker
[2026-08-24T20:54:19.318Z] tick · discovery:orchestrator:tick · exit=0 signal=- · OK
[2026-08-24T20:54:19.507Z] tick · social:cron-tick · status=200 · OK
[2026-08-24T20:55:17.785Z] tick · orchestration:zombie-reconciler · spawning
[2026-08-24T20:55:18.068Z] tick · orchestration:zombie-reconciler · exit=0 signal=- · OK
[2026-08-24T20:55:18.233Z] tick · brain:cron-tick · fetching GET http://localhost:3008/api/nex/brain/cron-tick
[2026-08-24T20:55:18.802Z] tick · brain:cron-tick · status=200 · OK
[2026-08-24T20:55:18.907Z] tick · discovery:orchestrator:tick · spawning
[2026-08-24T20:55:19.222Z] tick · discovery:orchestrator:tick · exit=0 signal=- · OK
[2026-08-24T20:55:19.310Z] tick · social:cron-tick · fetching GET http://localhost:3008/api/cron/comms-social-worker
[2026-08-24T20:55:19.465Z] tick · social:cron-tick · status=200 · OK
[2026-08-24T20:56:18.923Z] tick · discovery:orchestrator:tick · spawning
[2026-08-24T20:56:19.245Z] tick · discovery:orchestrator:tick · exit=0 signal=- · OK
[2026-08-24T20:56:19.317Z] tick · social:cron-tick · fetching GET http://localhost:3008/api/cron/comms-social-worker
[2026-08-24T20:56:19.560Z] tick · social:cron-tick · status=200 · OK
[2026-08-24T20:57:18.936Z] tick · discovery:orchestrator:tick · spawning
[2026-08-24T20:57:19.288Z] tick · discovery:orchestrator:tick · exit=0 signal=- · OK
[2026-08-24T20:57:19.318Z] tick · social:cron-tick · fetching GET http://localhost:3008/api/cron/comms-social-worker
[2026-08-24T20:57:19.697Z] tick · social:cron-tick · status=200 · OK
[2026-08-24T20:58:17.791Z] tick · orchestration:zombie-reconciler · spawning
[2026-08-24T20:58:18.233Z] tick · brain:cron-tick · fetching GET http://localhost:3008/api/nex/brain/cron-tick
[2026-08-24T20:58:18.253Z] tick · orchestration:zombie-reconciler · exit=0 signal=- · OK
[2026-08-24T20:58:18.938Z] tick · discovery:orchestrator:tick · spawning
[2026-08-24T20:58:19.278Z] tick · discovery:orchestrator:tick · exit=0 signal=- · OK
[2026-08-24T20:58:19.325Z] tick · social:cron-tick · fetching GET http://localhost:3008/api/cron/comms-social-worker
[2026-08-24T20:58:19.667Z] tick · social:cron-tick · status=200 · OK
[2026-08-24T20:58:19.907Z] tick · brain:cron-tick · status=200 · OK
[2026-08-24T20:59:18.944Z] tick · discovery:orchestrator:tick · spawning
[2026-08-24T20:59:19.275Z] tick · discovery:orchestrator:tick · exit=0 signal=- · OK
[2026-08-24T20:59:19.330Z] tick · social:cron-tick · fetching GET http://localhost:3008/api/cron/comms-social-worker
[2026-08-24T20:59:20.213Z] tick · social:cron-tick · status=200 · OK
[2026-08-24T21:00:18.952Z] tick · discovery:orchestrator:tick · spawning
[2026-08-24T21:00:19.344Z] tick · social:cron-tick · fetching GET http://localhost:3008/api/cron/comms-social-worker
[2026-08-24T21:00:19.491Z] tick · discovery:orchestrator:tick · exit=0 signal=- · OK
[2026-08-24T21:00:20.675Z] tick · social:cron-tick · status=200 · OK
[2026-08-24T21:01:17.805Z] tick · orchestration:zombie-reconciler · spawning
[2026-08-24T21:01:18.245Z] tick · brain:cron-tick · fetching GET http://localhost:3008/api/nex/brain/cron-tick
[2026-08-24T21:01:18.843Z] tick · orchestration:zombie-reconciler · exit=0 signal=- · OK
[2026-08-24T21:01:18.963Z] tick · discovery:orchestrator:tick · spawning
[2026-08-24T21:01:19.348Z] tick · social:cron-tick · fetching GET http://localhost:3008/api/cron/comms-social-worker
[2026-08-24T21:01:19.439Z] tick · discovery:orchestrator:tick · exit=0 signal=- · OK
[2026-08-24T21:01:23.807Z] tick · social:cron-tick · status=200 · OK
[2026-08-24T21:01:24.048Z] tick · brain:cron-tick · status=200 · OK
[2026-08-24T21:02:17.294Z] tick · cle:conversation · spawning
[2026-08-24T21:02:18.973Z] tick · discovery:orchestrator:tick · spawning
[2026-08-24T21:02:19.363Z] tick · social:cron-tick · fetching GET http://localhost:3008/api/cron/comms-social-worker
[2026-08-24T21:02:19.932Z] tick · cle:conversation · exit=0 signal=- · OK
[2026-08-24T21:02:20.891Z] tick · discovery:orchestrator:tick · exit=0 signal=- · OK
[2026-08-24T21:02:22.675Z] tick · social:cron-tick · status=200 · OK
[2026-08-24T21:02:47.137Z] tick · discovery:rotation:tick · spawning
[2026-08-24T21:02:50.262Z] tick · discovery:rotation:tick · exit=0 signal=- · OK
[2026-08-24T21:03:19.033Z] tick · discovery:orchestrator:tick · spawning
[2026-08-24T21:03:19.364Z] tick · social:cron-tick · fetching GET http://localhost:3008/api/cron/comms-social-worker
[2026-08-24T21:03:21.287Z] tick · discovery:orchestrator:tick · exit=0 signal=- · OK
[2026-08-24T21:03:23.159Z] tick · social:cron-tick · status=200 · OK
[2026-08-24T21:04:17.815Z] tick · orchestration:zombie-reconciler · spawning
[2026-08-24T21:04:18.255Z] tick · brain:cron-tick · fetching GET http://localhost:3008/api/nex/brain/cron-tick
[2026-08-24T21:04:19.024Z] tick · discovery:orchestrator:tick · spawning
[2026-08-24T21:04:19.085Z] tick · orchestration:zombie-reconciler · exit=0 signal=- · OK
[2026-08-24T21:04:19.370Z] tick · social:cron-tick · fetching GET http://localhost:3008/api/cron/comms-social-worker
[2026-08-24T21:04:19.933Z] tick · discovery:orchestrator:tick · exit=0 signal=- · OK
[2026-08-24T21:04:21.778Z] tick · social:cron-tick · status=200 · OK
[2026-08-24T21:04:22.399Z] tick · brain:cron-tick · status=200 · OK
[2026-08-24T21:05:19.031Z] tick · discovery:orchestrator:tick · spawning
[2026-08-24T21:05:19.370Z] tick · social:cron-tick · fetching GET http://localhost:3008/api/cron/comms-social-worker
[2026-08-24T21:05:19.436Z] tick · discovery:orchestrator:tick · exit=0 signal=- · OK
[2026-08-24T21:05:19.723Z] tick · social:cron-tick · status=200 · OK
[2026-08-24T21:06:19.028Z] tick · discovery:orchestrator:tick · spawning
[2026-08-24T21:06:19.331Z] tick · discovery:orchestrator:tick · exit=0 signal=- · OK
[2026-08-24T21:06:19.373Z] tick · social:cron-tick · fetching GET http://localhost:3008/api/cron/comms-social-worker
[2026-08-24T21:06:19.675Z] tick · social:cron-tick · status=200 · OK
[2026-08-24T21:07:17.812Z] tick · orchestration:zombie-reconciler · spawning
[2026-08-24T21:07:18.257Z] tick · brain:cron-tick · fetching GET http://localhost:3008/api/nex/brain/cron-tick
[2026-08-24T21:07:18.423Z] tick · orchestration:zombie-reconciler · exit=0 signal=- · OK
[2026-08-24T21:07:19.034Z] tick · discovery:orchestrator:tick · spawning
[2026-08-24T21:07:19.101Z] tick · brain:cron-tick · status=200 · OK
[2026-08-24T21:07:19.327Z] tick · discovery:orchestrator:tick · exit=0 signal=- · OK
[2026-08-24T21:07:19.381Z] tick · social:cron-tick · fetching GET http://localhost:3008/api/cron/comms-social-worker
[2026-08-24T21:07:19.525Z] tick · social:cron-tick · status=200 · OK
[2026-08-24T21:08:19.036Z] tick · discovery:orchestrator:tick · spawning
[2026-08-24T21:08:19.384Z] tick · social:cron-tick · fetching GET http://localhost:3008/api/cron/comms-social-worker
[2026-08-24T21:08:19.391Z] tick · discovery:orchestrator:tick · exit=0 signal=- · OK
[2026-08-24T21:08:20.130Z] tick · social:cron-tick · status=200 · OK
[2026-08-24T21:09:19.042Z] tick · discovery:orchestrator:tick · spawning
[2026-08-24T21:09:19.389Z] tick · social:cron-tick · fetching GET http://localhost:3008/api/cron/comms-social-worker
[2026-08-24T21:09:19.895Z] tick · discovery:orchestrator:tick · exit=0 signal=- · OK
[2026-08-24T21:09:19.982Z] tick · social:cron-tick · status=200 · OK
[2026-08-24T21:10:17.822Z] tick · orchestration:zombie-reconciler · spawning
[2026-08-24T21:10:18.043Z] tick · orchestration:zombie-reconciler · exit=0 signal=- · OK
[2026-08-24T21:10:18.266Z] tick · brain:cron-tick · fetching GET http://localhost:3008/api/nex/brain/cron-tick
[2026-08-24T21:10:19.055Z] tick · discovery:orchestrator:tick · spawning
[2026-08-24T21:10:19.358Z] tick · discovery:orchestrator:tick · exit=0 signal=- · OK
[2026-08-24T21:10:19.396Z] tick · social:cron-tick · fetching GET http://localhost:3008/api/cron/comms-social-worker
[2026-08-24T21:10:20.418Z] tick · social:cron-tick · status=200 · OK
[2026-08-24T21:10:20.731Z] tick · brain:cron-tick · status=200 · OK
[2026-08-24T21:11:19.067Z] tick · discovery:orchestrator:tick · spawning
[2026-08-24T21:11:19.405Z] tick · social:cron-tick · fetching GET http://localhost:3008/api/cron/comms-social-worker
[2026-08-24T21:11:19.426Z] tick · discovery:orchestrator:tick · exit=0 signal=- · OK
[2026-08-24T21:11:19.733Z] tick · social:cron-tick · status=200 · OK
[2026-08-24T21:12:17.287Z] tick · cle:conversation · spawning
[2026-08-24T21:12:17.989Z] tick · cle:conversation · exit=0 signal=- · OK
[2026-08-24T21:12:19.072Z] tick · discovery:orchestrator:tick · spawning
[2026-08-24T21:12:19.403Z] tick · discovery:orchestrator:tick · exit=0 signal=- · OK
[2026-08-24T21:12:19.411Z] tick · social:cron-tick · fetching GET http://localhost:3008/api/cron/comms-social-worker
[2026-08-24T21:12:19.668Z] tick · social:cron-tick · status=200 · OK
[2026-08-24T21:12:47.136Z] tick · discovery:rotation:tick · spawning
[2026-08-24T21:12:47.915Z] tick · discovery:rotation:tick · exit=0 signal=- · OK
[2026-08-24T21:13:17.828Z] tick · orchestration:zombie-reconciler · spawning
[2026-08-24T21:13:18.195Z] tick · orchestration:zombie-reconciler · exit=0 signal=- · OK
[2026-08-24T21:13:18.273Z] tick · brain:cron-tick · fetching GET http://localhost:3008/api/nex/brain/cron-tick
[2026-08-24T21:13:19.077Z] tick · discovery:orchestrator:tick · spawning
[2026-08-24T21:13:19.418Z] tick · social:cron-tick · fetching GET http://localhost:3008/api/cron/comms-social-worker
[2026-08-24T21:13:19.769Z] tick · discovery:orchestrator:tick · exit=0 signal=- · OK
[2026-08-24T21:13:20.037Z] tick · social:cron-tick · status=200 · OK
[2026-08-24T21:13:20.263Z] tick · brain:cron-tick · status=200 · OK
[2026-08-24T21:14:19.081Z] tick · discovery:orchestrator:tick · spawning
[2026-08-24T21:14:19.384Z] tick · discovery:orchestrator:tick · exit=0 signal=- · OK
[2026-08-24T21:14:19.425Z] tick · social:cron-tick · fetching GET http://localhost:3008/api/cron/comms-social-worker
[2026-08-24T21:14:19.780Z] tick · social:cron-tick · status=200 · OK
[2026-08-24T21:15:19.147Z] tick · discovery:orchestrator:tick · spawning
[2026-08-24T21:15:19.430Z] tick · social:cron-tick · fetching GET http://localhost:3008/api/cron/comms-social-worker
[2026-08-24T21:15:19.655Z] tick · discovery:orchestrator:tick · exit=0 signal=- · OK
[2026-08-24T21:15:21.284Z] tick · social:cron-tick · status=200 · OK
[2026-08-24T21:16:17.837Z] tick · orchestration:zombie-reconciler · spawning
[2026-08-24T21:16:18.286Z] tick · brain:cron-tick · fetching GET http://localhost:3008/api/nex/brain/cron-tick
[2026-08-24T21:16:18.439Z] tick · orchestration:zombie-reconciler · exit=0 signal=- · OK
[2026-08-24T21:16:19.143Z] tick · discovery:orchestrator:tick · spawning
[2026-08-24T21:16:19.433Z] tick · social:cron-tick · fetching GET http://localhost:3008/api/cron/comms-social-worker
[2026-08-24T21:16:19.576Z] tick · discovery:orchestrator:tick · exit=0 signal=- · OK
[2026-08-24T21:16:27.306Z] tick · social:cron-tick · status=200 · OK
[2026-08-24T21:16:27.702Z] tick · brain:cron-tick · status=200 · OK
[2026-08-24T21:17:19.253Z] tick · discovery:orchestrator:tick · spawning
[2026-08-24T21:17:20.042Z] tick · social:cron-tick · fetching GET http://localhost:3008/api/cron/comms-social-worker
[2026-08-24T21:17:24.964Z] tick · discovery:orchestrator:tick · exit=0 signal=- · OK
[2026-08-24T21:17:31.121Z] tick · social:cron-tick · status=200 · OK
[2026-08-24T21:18:19.250Z] tick · discovery:orchestrator:tick · spawning
[2026-08-24T21:18:20.048Z] tick · social:cron-tick · fetching GET http://localhost:3008/api/cron/comms-social-worker
[2026-08-24T21:18:20.277Z] tick · discovery:orchestrator:tick · exit=0 signal=- · OK
[2026-08-24T21:18:22.289Z] tick · social:cron-tick · status=200 · OK
[2026-08-24T21:19:17.879Z] tick · orchestration:zombie-reconciler · spawning
[2026-08-24T21:19:18.297Z] tick · brain:cron-tick · fetching GET http://localhost:3008/api/nex/brain/cron-tick
[2026-08-24T21:19:19.029Z] tick · orchestration:zombie-reconciler · exit=0 signal=- · OK
[2026-08-24T21:19:19.251Z] tick · discovery:orchestrator:tick · spawning
[2026-08-24T21:19:19.826Z] tick · discovery:orchestrator:tick · exit=0 signal=- · OK
[2026-08-24T21:19:20.048Z] tick · social:cron-tick · fetching GET http://localhost:3008/api/cron/comms-social-worker
[2026-08-24T21:19:21.347Z] tick · social:cron-tick · status=200 · OK
[2026-08-24T21:19:21.859Z] tick · brain:cron-tick · status=200 · OK
[2026-08-24T21:20:19.275Z] tick · discovery:orchestrator:tick · spawning
[2026-08-24T21:20:20.065Z] tick · social:cron-tick · fetching GET http://localhost:3008/api/cron/comms-social-worker
[2026-08-24T21:20:20.749Z] tick · discovery:orchestrator:tick · exit=0 signal=- · OK
[2026-08-24T21:20:22.677Z] tick · social:cron-tick · status=200 · OK
[2026-08-24T21:21:19.296Z] tick · discovery:orchestrator:tick · spawning
[2026-08-24T21:21:19.814Z] tick · discovery:orchestrator:tick · exit=0 signal=- · OK
[2026-08-24T21:21:20.070Z] tick · social:cron-tick · fetching GET http://localhost:3008/api/cron/comms-social-worker
[2026-08-24T21:21:21.145Z] tick · social:cron-tick · status=200 · OK
[2026-08-24T21:22:17.286Z] tick · cle:conversation · spawning
[2026-08-24T21:22:17.398Z] tick · promotion:food:Yogyakarta:quality-check · spawning
[2026-08-24T21:22:17.798Z] tick · cle:conversation · exit=0 signal=- · OK
[2026-08-24T21:22:17.870Z] tick · orchestration:zombie-reconciler · spawning
[2026-08-24T21:22:17.921Z] tick · promotion:food:Yogyakarta:quality-check · exit=0 signal=- · OK
[2026-08-24T21:22:18.117Z] tick · orchestration:zombie-reconciler · exit=0 signal=- · OK
[2026-08-24T21:22:18.303Z] tick · brain:cron-tick · fetching GET http://localhost:3008/api/nex/brain/cron-tick
[2026-08-24T21:22:19.163Z] tick · brain:cron-tick · status=200 · OK
[2026-08-24T21:22:19.294Z] tick · discovery:orchestrator:tick · spawning
[2026-08-24T21:22:19.674Z] tick · discovery:orchestrator:tick · exit=0 signal=- · OK
[2026-08-24T21:22:20.073Z] tick · social:cron-tick · fetching GET http://localhost:3008/api/cron/comms-social-worker
[2026-08-24T21:22:20.212Z] tick · social:cron-tick · status=200 · OK
[2026-08-24T21:22:47.135Z] tick · discovery:rotation:tick · spawning
[2026-08-24T21:22:47.759Z] tick · discovery:rotation:tick · exit=0 signal=- · OK
[2026-08-24T21:23:19.302Z] tick · discovery:orchestrator:tick · spawning
[2026-08-24T21:23:19.739Z] tick · discovery:orchestrator:tick · exit=0 signal=- · OK
[2026-08-24T21:23:20.079Z] tick · social:cron-tick · fetching GET http://localhost:3008/api/cron/comms-social-worker
[2026-08-24T21:23:20.360Z] tick · social:cron-tick · status=200 · OK
[2026-08-24T21:24:19.303Z] tick · discovery:orchestrator:tick · spawning
[2026-08-24T21:24:19.638Z] tick · discovery:orchestrator:tick · exit=0 signal=- · OK
[2026-08-24T21:24:20.081Z] tick · social:cron-tick · fetching GET http://localhost:3008/api/cron/comms-social-worker
[2026-08-24T21:24:20.408Z] tick · social:cron-tick · status=200 · OK
[2026-08-24T21:25:17.875Z] tick · orchestration:zombie-reconciler · spawning
[2026-08-24T21:25:18.309Z] tick · brain:cron-tick · fetching GET http://localhost:3008/api/nex/brain/cron-tick
[2026-08-24T21:25:18.781Z] tick · orchestration:zombie-reconciler · exit=0 signal=- · OK
[2026-08-24T21:25:19.306Z] tick · discovery:orchestrator:tick · spawning
[2026-08-24T21:25:19.972Z] tick · discovery:orchestrator:tick · exit=0 signal=- · OK
[2026-08-24T21:25:20.094Z] tick · social:cron-tick · fetching GET http://localhost:3008/api/cron/comms-social-worker
[2026-08-24T21:25:20.781Z] tick · social:cron-tick · status=200 · OK
[2026-08-24T21:25:21.149Z] tick · brain:cron-tick · status=200 · OK
[2026-08-24T21:26:19.309Z] tick · discovery:orchestrator:tick · spawning
[2026-08-24T21:26:19.873Z] tick · discovery:orchestrator:tick · exit=0 signal=- · OK
[2026-08-24T21:26:20.096Z] tick · social:cron-tick · fetching GET http://localhost:3008/api/cron/comms-social-worker
[2026-08-24T21:26:21.960Z] tick · social:cron-tick · status=200 · OK
[2026-08-24T21:27:19.321Z] tick · discovery:orchestrator:tick · spawning
[2026-08-24T21:27:19.909Z] tick · discovery:orchestrator:tick · exit=0 signal=- · OK
[2026-08-24T21:27:20.097Z] tick · social:cron-tick · fetching GET http://localhost:3008/api/cron/comms-social-worker
[2026-08-24T21:27:20.651Z] tick · social:cron-tick · status=200 · OK
[2026-08-24T21:28:17.901Z] tick · orchestration:zombie-reconciler · spawning
[2026-08-24T21:28:18.317Z] tick · brain:cron-tick · fetching GET http://localhost:3008/api/nex/brain/cron-tick
[2026-08-24T21:28:19.040Z] tick · orchestration:zombie-reconciler · exit=0 signal=- · OK
[2026-08-24T21:28:19.321Z] tick · discovery:orchestrator:tick · spawning
[2026-08-24T21:28:20.012Z] tick · discovery:orchestrator:tick · exit=0 signal=- · OK
[2026-08-24T21:28:20.102Z] tick · social:cron-tick · fetching GET http://localhost:3008/api/cron/comms-social-worker
[2026-08-24T21:28:23.140Z] tick · social:cron-tick · status=200 · OK
[2026-08-24T21:28:23.741Z] tick · brain:cron-tick · status=200 · OK
[2026-08-24T21:29:19.412Z] tick · discovery:orchestrator:tick · spawning
[2026-08-24T21:29:20.112Z] tick · social:cron-tick · fetching GET http://localhost:3008/api/cron/comms-social-worker
[2026-08-24T21:29:21.159Z] tick · discovery:orchestrator:tick · exit=0 signal=- · OK
[2026-08-24T21:29:27.006Z] tick · social:cron-tick · status=200 · OK
[2026-08-24T21:30:19.480Z] tick · discovery:orchestrator:tick · spawning
[2026-08-24T21:30:20.128Z] tick · social:cron-tick · fetching GET http://localhost:3008/api/cron/comms-social-worker
[2026-08-24T21:30:21.180Z] tick · discovery:orchestrator:tick · exit=0 signal=- · OK
[2026-08-24T21:30:38.713Z] tick · social:cron-tick · status=200 · OK
[2026-08-24T21:31:17.958Z] tick · orchestration:zombie-reconciler · spawning
[2026-08-24T21:31:18.322Z] tick · brain:cron-tick · fetching GET http://localhost:3008/api/nex/brain/cron-tick
[2026-08-24T21:31:19.481Z] tick · discovery:orchestrator:tick · spawning
[2026-08-24T21:31:19.669Z] tick · orchestration:zombie-reconciler · exit=0 signal=- · OK
[2026-08-24T21:31:20.123Z] tick · social:cron-tick · fetching GET http://localhost:3008/api/cron/comms-social-worker
[2026-08-24T21:31:20.265Z] tick · discovery:orchestrator:tick · exit=0 signal=- · OK
[2026-08-24T21:31:21.898Z] tick · social:cron-tick · status=200 · OK
[2026-08-24T21:31:22.594Z] tick · brain:cron-tick · status=200 · OK
[2026-08-24T21:32:17.407Z] tick · cle:conversation · spawning
[2026-08-24T21:32:19.481Z] tick · discovery:orchestrator:tick · spawning
[2026-08-24T21:32:19.520Z] tick · cle:conversation · exit=0 signal=- · OK
[2026-08-24T21:32:20.054Z] tick · discovery:orchestrator:tick · exit=0 signal=- · OK
[2026-08-24T21:32:20.123Z] tick · social:cron-tick · fetching GET http://localhost:3008/api/cron/comms-social-worker
[2026-08-24T21:32:22.612Z] tick · social:cron-tick · status=200 · OK
[2026-08-24T21:32:47.141Z] tick · discovery:rotation:tick · spawning
[2026-08-24T21:32:49.169Z] tick · discovery:rotation:tick · exit=0 signal=- · OK
[2026-08-24T21:33:19.486Z] tick · discovery:orchestrator:tick · spawning
[2026-08-24T21:33:19.855Z] tick · discovery:orchestrator:tick · exit=0 signal=- · OK
[2026-08-24T21:33:20.140Z] tick · social:cron-tick · fetching GET http://localhost:3008/api/cron/comms-social-worker
[2026-08-24T21:33:21.230Z] tick · social:cron-tick · status=200 · OK
[2026-08-24T21:34:18.079Z] tick · orchestration:zombie-reconciler · spawning
[2026-08-24T21:34:18.325Z] tick · brain:cron-tick · fetching GET http://localhost:3008/api/nex/brain/cron-tick
[2026-08-24T21:34:19.267Z] tick · orchestration:zombie-reconciler · exit=0 signal=- · OK
[2026-08-24T21:34:19.485Z] tick · discovery:orchestrator:tick · spawning
[2026-08-24T21:34:20.144Z] tick · social:cron-tick · fetching GET http://localhost:3008/api/cron/comms-social-worker
[2026-08-24T21:34:20.152Z] tick · discovery:orchestrator:tick · exit=0 signal=- · OK
[2026-08-24T21:34:22.859Z] tick · social:cron-tick · status=200 · OK
[2026-08-24T21:34:23.369Z] tick · brain:cron-tick · status=200 · OK
[2026-08-24T21:35:19.621Z] tick · discovery:orchestrator:tick · spawning
[2026-08-24T21:35:20.152Z] tick · social:cron-tick · fetching GET http://localhost:3008/api/cron/comms-social-worker
[2026-08-24T21:35:20.661Z] tick · discovery:orchestrator:tick · exit=0 signal=- · OK
[2026-08-24T21:35:23.460Z] tick · social:cron-tick · status=200 · OK
[2026-08-24T21:36:19.640Z] tick · discovery:orchestrator:tick · spawning
[2026-08-24T21:36:20.152Z] tick · social:cron-tick · fetching GET http://localhost:3008/api/cron/comms-social-worker
[2026-08-24T21:36:21.439Z] tick · discovery:orchestrator:tick · exit=0 signal=- · OK
[2026-08-24T21:36:23.036Z] tick · social:cron-tick · status=200 · OK
[2026-08-24T21:37:18.091Z] tick · orchestration:zombie-reconciler · spawning
[2026-08-24T21:37:18.328Z] tick · brain:cron-tick · fetching GET http://localhost:3008/api/nex/brain/cron-tick
[2026-08-24T21:37:18.681Z] tick · orchestration:zombie-reconciler · exit=0 signal=- · OK
[2026-08-24T21:37:19.631Z] tick · discovery:orchestrator:tick · spawning
[2026-08-24T21:37:20.132Z] tick · discovery:orchestrator:tick · exit=0 signal=- · OK
[2026-08-24T21:37:20.150Z] tick · social:cron-tick · fetching GET http://localhost:3008/api/cron/comms-social-worker
[2026-08-24T21:37:22.050Z] tick · social:cron-tick · status=200 · OK
[2026-08-24T21:37:22.759Z] tick · brain:cron-tick · status=200 · OK
[2026-08-24T21:38:19.631Z] tick · discovery:orchestrator:tick · spawning
[2026-08-24T21:38:20.061Z] tick · discovery:orchestrator:tick · exit=0 signal=- · OK
[2026-08-24T21:38:20.167Z] tick · social:cron-tick · fetching GET http://localhost:3008/api/cron/comms-social-worker
[2026-08-24T21:38:20.808Z] tick · social:cron-tick · status=200 · OK
[2026-08-24T21:39:19.647Z] tick · discovery:orchestrator:tick · spawning
[2026-08-24T21:39:20.182Z] tick · social:cron-tick · fetching GET http://localhost:3008/api/cron/comms-social-worker
[2026-08-24T21:39:20.228Z] tick · discovery:orchestrator:tick · exit=0 signal=- · OK
[2026-08-24T21:39:21.882Z] tick · social:cron-tick · status=200 · OK
[2026-08-24T21:40:18.112Z] tick · orchestration:zombie-reconciler · spawning
[2026-08-24T21:40:18.334Z] tick · brain:cron-tick · fetching GET http://localhost:3008/api/nex/brain/cron-tick
[2026-08-24T21:40:19.325Z] tick · orchestration:zombie-reconciler · exit=0 signal=- · OK
[2026-08-24T21:40:19.658Z] tick · discovery:orchestrator:tick · spawning
[2026-08-24T21:40:20.187Z] tick · social:cron-tick · fetching GET http://localhost:3008/api/cron/comms-social-worker
[2026-08-24T21:40:20.750Z] tick · discovery:orchestrator:tick · exit=0 signal=- · OK
[2026-08-24T21:40:22.608Z] tick · social:cron-tick · status=200 · OK
[2026-08-24T21:40:23.097Z] tick · brain:cron-tick · status=200 · OK
[2026-08-24T21:41:19.668Z] tick · discovery:orchestrator:tick · spawning
[2026-08-24T21:41:20.200Z] tick · social:cron-tick · fetching GET http://localhost:3008/api/cron/comms-social-worker
[2026-08-24T21:41:20.276Z] tick · discovery:orchestrator:tick · exit=0 signal=- · OK
[2026-08-24T21:41:21.004Z] tick · social:cron-tick · status=200 · OK
[2026-08-24T21:42:17.438Z] tick · cle:conversation · spawning
[2026-08-24T21:42:18.595Z] tick · cle:conversation · exit=0 signal=- · OK
[2026-08-24T21:42:19.675Z] tick · discovery:orchestrator:tick · spawning
[2026-08-24T21:42:20.130Z] tick · discovery:orchestrator:tick · exit=0 signal=- · OK
[2026-08-24T21:42:20.208Z] tick · social:cron-tick · fetching GET http://localhost:3008/api/cron/comms-social-worker
[2026-08-24T21:42:21.396Z] tick · social:cron-tick · status=200 · OK
[2026-08-24T21:42:47.181Z] tick · discovery:rotation:tick · spawning
[2026-08-24T21:42:49.461Z] tick · discovery:rotation:tick · exit=0 signal=- · OK
[2026-08-24T21:43:18.133Z] tick · orchestration:zombie-reconciler · spawning
[2026-08-24T21:43:18.349Z] tick · brain:cron-tick · fetching GET http://localhost:3008/api/nex/brain/cron-tick
[2026-08-24T21:43:19.315Z] tick · orchestration:zombie-reconciler · exit=0 signal=- · OK
[2026-08-24T21:43:19.681Z] tick · discovery:orchestrator:tick · spawning
[2026-08-24T21:43:20.210Z] tick · social:cron-tick · fetching GET http://localhost:3008/api/cron/comms-social-worker
[2026-08-24T21:43:20.307Z] tick · discovery:orchestrator:tick · exit=0 signal=- · OK
[2026-08-24T21:43:22.248Z] tick · social:cron-tick · status=200 · OK
[2026-08-24T21:43:23.305Z] tick · brain:cron-tick · status=200 · OK
[2026-08-24T21:44:19.697Z] tick · discovery:orchestrator:tick · spawning
[2026-08-24T21:44:20.213Z] tick · social:cron-tick · fetching GET http://localhost:3008/api/cron/comms-social-worker
[2026-08-24T21:44:20.290Z] tick · discovery:orchestrator:tick · exit=0 signal=- · OK
[2026-08-24T21:44:20.540Z] tick · social:cron-tick · status=200 · OK
[2026-08-24T21:45:19.698Z] tick · discovery:orchestrator:tick · spawning
[2026-08-24T21:45:20.218Z] tick · social:cron-tick · fetching GET http://localhost:3008/api/cron/comms-social-worker
[2026-08-24T21:45:20.311Z] tick · discovery:orchestrator:tick · exit=0 signal=- · OK
[2026-08-24T21:45:20.874Z] tick · social:cron-tick · status=200 · OK
[2026-08-24T21:46:18.135Z] tick · orchestration:zombie-reconciler · spawning
[2026-08-24T21:46:18.347Z] tick · brain:cron-tick · fetching GET http://localhost:3008/api/nex/brain/cron-tick
[2026-08-24T21:46:18.527Z] tick · orchestration:zombie-reconciler · exit=0 signal=- · OK
[2026-08-24T21:46:18.986Z] tick · brain:cron-tick · status=200 · OK
[2026-08-24T21:46:19.702Z] tick · discovery:orchestrator:tick · spawning
[2026-08-24T21:46:20.058Z] tick · discovery:orchestrator:tick · exit=0 signal=- · OK
[2026-08-24T21:46:20.223Z] tick · social:cron-tick · fetching GET http://localhost:3008/api/cron/comms-social-worker
[2026-08-24T21:46:20.582Z] tick · social:cron-tick · status=200 · OK
[2026-08-24T21:47:19.709Z] tick · discovery:orchestrator:tick · spawning
[2026-08-24T21:47:20.135Z] tick · discovery:orchestrator:tick · exit=0 signal=- · OK
[2026-08-24T21:47:20.223Z] tick · social:cron-tick · fetching GET http://localhost:3008/api/cron/comms-social-worker
[2026-08-24T21:47:20.540Z] tick · social:cron-tick · status=200 · OK
[2026-08-24T21:48:19.712Z] tick · discovery:orchestrator:tick · spawning
[2026-08-24T21:48:20.127Z] tick · discovery:orchestrator:tick · exit=0 signal=- · OK
[2026-08-24T21:48:20.229Z] tick · social:cron-tick · fetching GET http://localhost:3008/api/cron/comms-social-worker
[2026-08-24T21:48:20.400Z] tick · social:cron-tick · status=200 · OK
[2026-08-24T21:49:18.160Z] tick · orchestration:zombie-reconciler · spawning
[2026-08-24T21:49:18.362Z] tick · brain:cron-tick · fetching GET http://localhost:3008/api/nex/brain/cron-tick
[2026-08-24T21:49:18.782Z] tick · orchestration:zombie-reconciler · exit=0 signal=- · OK
[2026-08-24T21:49:19.723Z] tick · discovery:orchestrator:tick · spawning
[2026-08-24T21:49:20.046Z] tick · discovery:orchestrator:tick · exit=0 signal=- · OK
[2026-08-24T21:49:20.250Z] tick · social:cron-tick · fetching GET http://localhost:3008/api/cron/comms-social-worker
[2026-08-24T21:49:23.294Z] tick · social:cron-tick · status=200 · OK
[2026-08-24T21:49:31.764Z] tick · brain:cron-tick · status=200 · OK
[2026-08-24T21:50:19.749Z] tick · discovery:orchestrator:tick · spawning
[2026-08-24T21:50:20.259Z] tick · social:cron-tick · fetching GET http://localhost:3008/api/cron/comms-social-worker
[2026-08-24T21:50:20.776Z] tick · discovery:orchestrator:tick · exit=0 signal=- · OK
[2026-08-24T21:50:21.638Z] tick · social:cron-tick · status=200 · OK
[2026-08-24T21:51:19.763Z] tick · discovery:orchestrator:tick · spawning
[2026-08-24T21:51:20.261Z] tick · social:cron-tick · fetching GET http://localhost:3008/api/cron/comms-social-worker
[2026-08-24T21:51:21.022Z] tick · discovery:orchestrator:tick · exit=0 signal=- · OK
[2026-08-24T21:51:22.014Z] tick · social:cron-tick · status=200 · OK
[2026-08-24T21:52:17.416Z] tick · promotion:food:Yogyakarta:quality-check · spawning
[2026-08-24T21:52:17.499Z] tick · cle:conversation · spawning
[2026-08-24T21:52:18.164Z] tick · orchestration:zombie-reconciler · spawning
[2026-08-24T21:52:18.374Z] tick · brain:cron-tick · fetching GET http://localhost:3008/api/nex/brain/cron-tick
[2026-08-24T21:52:18.802Z] tick · cle:conversation · exit=0 signal=- · OK
[2026-08-24T21:52:19.012Z] tick · orchestration:zombie-reconciler · exit=0 signal=- · OK
[2026-08-24T21:52:19.282Z] tick · promotion:food:Yogyakarta:quality-check · exit=0 signal=- · OK
[2026-08-24T21:52:19.767Z] tick · discovery:orchestrator:tick · spawning
[2026-08-24T21:52:20.271Z] tick · social:cron-tick · fetching GET http://localhost:3008/api/cron/comms-social-worker
[2026-08-24T21:52:20.634Z] tick · discovery:orchestrator:tick · exit=0 signal=- · OK
[2026-08-24T21:52:22.667Z] tick · social:cron-tick · status=200 · OK
[2026-08-24T21:52:23.278Z] tick · brain:cron-tick · status=200 · OK
[2026-08-24T21:52:47.167Z] tick · discovery:rotation:tick · spawning
[2026-08-24T21:52:48.210Z] tick · discovery:rotation:tick · exit=0 signal=- · OK
[2026-08-24T21:53:19.781Z] tick · discovery:orchestrator:tick · spawning
[2026-08-24T21:53:20.284Z] tick · social:cron-tick · fetching GET http://localhost:3008/api/cron/comms-social-worker
[2026-08-24T21:53:20.719Z] tick · discovery:orchestrator:tick · exit=0 signal=- · OK
[2026-08-24T21:53:22.477Z] tick · social:cron-tick · status=200 · OK
[2026-08-24T21:54:19.794Z] tick · discovery:orchestrator:tick · spawning
[2026-08-24T21:54:20.251Z] tick · discovery:orchestrator:tick · exit=0 signal=- · OK
[2026-08-24T21:54:20.283Z] tick · social:cron-tick · fetching GET http://localhost:3008/api/cron/comms-social-worker
[2026-08-24T21:54:20.826Z] tick · social:cron-tick · status=200 · OK
[2026-08-24T21:55:18.164Z] tick · orchestration:zombie-reconciler · spawning
[2026-08-24T21:55:18.365Z] tick · brain:cron-tick · fetching GET http://localhost:3008/api/nex/brain/cron-tick
[2026-08-24T21:55:18.502Z] tick · orchestration:zombie-reconciler · exit=0 signal=- · OK
[2026-08-24T21:55:18.922Z] tick · brain:cron-tick · status=200 · OK
[2026-08-24T21:55:19.800Z] tick · discovery:orchestrator:tick · spawning
[2026-08-24T21:55:20.125Z] tick · discovery:orchestrator:tick · exit=0 signal=- · OK
[2026-08-24T21:55:20.283Z] tick · social:cron-tick · fetching GET http://localhost:3008/api/cron/comms-social-worker
[2026-08-24T21:55:20.439Z] tick · social:cron-tick · status=200 · OK
[2026-08-24T21:56:19.801Z] tick · discovery:orchestrator:tick · spawning
[2026-08-24T21:56:20.287Z] tick · social:cron-tick · fetching GET http://localhost:3008/api/cron/comms-social-worker
[2026-08-24T21:56:20.305Z] tick · discovery:orchestrator:tick · exit=0 signal=- · OK
[2026-08-24T21:56:20.661Z] tick · social:cron-tick · status=200 · OK
[2026-08-24T21:57:19.815Z] tick · discovery:orchestrator:tick · spawning
[2026-08-24T21:57:20.287Z] tick · social:cron-tick · fetching GET http://localhost:3008/api/cron/comms-social-worker
[2026-08-24T21:57:20.404Z] tick · discovery:orchestrator:tick · exit=0 signal=- · OK
[2026-08-24T21:57:20.542Z] tick · social:cron-tick · status=200 · OK
[2026-08-24T21:58:18.169Z] tick · orchestration:zombie-reconciler · spawning
[2026-08-24T21:58:18.368Z] tick · brain:cron-tick · fetching GET http://localhost:3008/api/nex/brain/cron-tick
[2026-08-24T21:58:18.573Z] tick · orchestration:zombie-reconciler · exit=0 signal=- · OK
[2026-08-24T21:58:19.132Z] tick · brain:cron-tick · status=200 · OK
[2026-08-24T21:58:19.828Z] tick · discovery:orchestrator:tick · spawning
[2026-08-24T21:58:20.159Z] tick · discovery:orchestrator:tick · exit=0 signal=- · OK
[2026-08-24T21:58:20.292Z] tick · social:cron-tick · fetching GET http://localhost:3008/api/cron/comms-social-worker
[2026-08-24T21:58:20.414Z] tick · social:cron-tick · status=200 · OK
[2026-08-24T21:59:19.836Z] tick · discovery:orchestrator:tick · spawning
[2026-08-24T21:59:20.302Z] tick · social:cron-tick · fetching GET http://localhost:3008/api/cron/comms-social-worker
[2026-08-24T21:59:20.394Z] tick · discovery:orchestrator:tick · exit=0 signal=- · OK
[2026-08-24T21:59:20.566Z] tick · social:cron-tick · status=200 · OK
[2026-08-24T22:00:19.847Z] tick · discovery:orchestrator:tick · spawning
[2026-08-24T22:00:20.322Z] tick · social:cron-tick · fetching GET http://localhost:3008/api/cron/comms-social-worker
[2026-08-24T22:00:20.966Z] tick · discovery:orchestrator:tick · exit=0 signal=- · OK
[2026-08-24T22:00:41.407Z] tick · social:cron-tick · status=200 · OK
[2026-08-24T22:01:18.175Z] tick · orchestration:zombie-reconciler · spawning
[2026-08-24T22:01:18.373Z] tick · brain:cron-tick · fetching GET http://localhost:3008/api/nex/brain/cron-tick
[2026-08-24T22:01:18.883Z] tick · orchestration:zombie-reconciler · exit=0 signal=- · OK
[2026-08-24T22:01:19.744Z] tick · brain:cron-tick · status=200 · OK
[2026-08-24T22:01:19.852Z] tick · discovery:orchestrator:tick · spawning
[2026-08-24T22:01:20.250Z] tick · discovery:orchestrator:tick · exit=0 signal=- · OK
[2026-08-24T22:01:20.318Z] tick · social:cron-tick · fetching GET http://localhost:3008/api/cron/comms-social-worker
[2026-08-24T22:01:20.600Z] tick · social:cron-tick · status=200 · OK
[2026-08-24T22:02:17.515Z] tick · cle:conversation · spawning
[2026-08-24T22:02:18.332Z] tick · cle:conversation · exit=0 signal=- · OK
[2026-08-24T22:02:19.852Z] tick · discovery:orchestrator:tick · spawning
[2026-08-24T22:02:20.320Z] tick · social:cron-tick · fetching GET http://localhost:3008/api/cron/comms-social-worker
[2026-08-24T22:02:20.393Z] tick · discovery:orchestrator:tick · exit=0 signal=- · OK
[2026-08-24T22:02:22.047Z] tick · social:cron-tick · status=200 · OK
[2026-08-24T22:02:47.171Z] tick · discovery:rotation:tick · spawning
[2026-08-24T22:02:48.812Z] tick · discovery:rotation:tick · exit=0 signal=- · OK
[2026-08-24T22:03:19.872Z] tick · discovery:orchestrator:tick · spawning
[2026-08-24T22:03:20.324Z] tick · social:cron-tick · fetching GET http://localhost:3008/api/cron/comms-social-worker
[2026-08-24T22:03:21.028Z] tick · discovery:orchestrator:tick · exit=0 signal=- · OK
[2026-08-24T22:03:22.439Z] tick · social:cron-tick · status=200 · OK
[2026-08-24T22:04:18.213Z] tick · orchestration:zombie-reconciler · spawning
[2026-08-24T22:04:18.421Z] tick · brain:cron-tick · fetching GET http://localhost:3008/api/nex/brain/cron-tick
[2026-08-24T22:04:19.812Z] tick · orchestration:zombie-reconciler · exit=0 signal=- · OK
[2026-08-24T22:04:19.883Z] tick · discovery:orchestrator:tick · spawning
[2026-08-24T22:04:20.341Z] tick · social:cron-tick · fetching GET http://localhost:3008/api/cron/comms-social-worker
[2026-08-24T22:04:21.269Z] tick · discovery:orchestrator:tick · exit=0 signal=- · OK
[2026-08-24T22:04:23.030Z] tick · social:cron-tick · status=200 · OK
[2026-08-24T22:04:30.651Z] tick · brain:cron-tick · status=200 · OK
[2026-08-24T22:05:19.898Z] tick · discovery:orchestrator:tick · spawning
[2026-08-24T22:05:20.342Z] tick · discovery:orchestrator:tick · exit=0 signal=- · OK
[2026-08-24T22:05:20.344Z] tick · social:cron-tick · fetching GET http://localhost:3008/api/cron/comms-social-worker
[2026-08-24T22:05:21.230Z] tick · social:cron-tick · status=200 · OK
[2026-08-24T22:06:19.899Z] tick · discovery:orchestrator:tick · spawning
[2026-08-24T22:06:20.353Z] tick · social:cron-tick · fetching GET http://localhost:3008/api/cron/comms-social-worker
[2026-08-24T22:06:20.998Z] tick · discovery:orchestrator:tick · exit=0 signal=- · OK
[2026-08-24T22:06:22.056Z] tick · social:cron-tick · status=200 · OK
[2026-08-24T22:07:18.435Z] tick · orchestration:zombie-reconciler · spawning
[2026-08-24T22:07:18.726Z] tick · brain:cron-tick · fetching GET http://localhost:3008/api/nex/brain/cron-tick
[2026-08-24T22:07:19.312Z] tick · orchestration:zombie-reconciler · exit=0 signal=- · OK
[2026-08-24T22:07:19.902Z] tick · discovery:orchestrator:tick · spawning
[2026-08-24T22:07:20.357Z] tick · social:cron-tick · fetching GET http://localhost:3008/api/cron/comms-social-worker
[2026-08-24T22:07:20.612Z] tick · discovery:orchestrator:tick · exit=0 signal=- · OK
[2026-08-24T22:07:23.305Z] tick · social:cron-tick · status=200 · OK
[2026-08-24T22:07:24.661Z] tick · brain:cron-tick · status=200 · OK
[2026-08-24T22:08:19.962Z] tick · discovery:orchestrator:tick · spawning
[2026-08-24T22:08:20.374Z] tick · social:cron-tick · fetching GET http://localhost:3008/api/cron/comms-social-worker
[2026-08-24T22:08:21.807Z] tick · discovery:orchestrator:tick · exit=0 signal=- · OK
[2026-08-24T22:08:41.907Z] tick · social:cron-tick · status=200 · OK
[2026-08-24T22:09:19.974Z] tick · discovery:orchestrator:tick · spawning
[2026-08-24T22:09:20.372Z] tick · social:cron-tick · fetching GET http://localhost:3008/api/cron/comms-social-worker
[2026-08-24T22:09:20.926Z] tick · discovery:orchestrator:tick · exit=0 signal=- · OK
[2026-08-24T22:09:21.561Z] tick · social:cron-tick · status=200 · OK
[2026-08-24T22:10:18.437Z] tick · orchestration:zombie-reconciler · spawning
[2026-08-24T22:10:18.728Z] tick · brain:cron-tick · fetching GET http://localhost:3008/api/nex/brain/cron-tick
[2026-08-24T22:10:19.076Z] tick · orchestration:zombie-reconciler · exit=0 signal=- · OK
[2026-08-24T22:10:19.971Z] tick · discovery:orchestrator:tick · spawning
[2026-08-24T22:10:20.374Z] tick · social:cron-tick · fetching GET http://localhost:3008/api/cron/comms-social-worker
[2026-08-24T22:10:20.634Z] tick · discovery:orchestrator:tick · exit=0 signal=- · OK
[2026-08-24T22:10:20.948Z] tick · social:cron-tick · status=200 · OK
[2026-08-24T22:10:21.305Z] tick · brain:cron-tick · status=200 · OK
[2026-08-24T22:11:19.977Z] tick · discovery:orchestrator:tick · spawning
[2026-08-24T22:11:20.374Z] tick · social:cron-tick · fetching GET http://localhost:3008/api/cron/comms-social-worker
[2026-08-24T22:11:20.522Z] tick · discovery:orchestrator:tick · exit=0 signal=- · OK
[2026-08-24T22:11:20.633Z] tick · social:cron-tick · status=200 · OK
[2026-08-24T22:12:17.529Z] tick · cle:conversation · spawning
[2026-08-24T22:12:18.017Z] tick · cle:conversation · exit=0 signal=- · OK
[2026-08-24T22:12:19.990Z] tick · discovery:orchestrator:tick · spawning
[2026-08-24T22:12:20.377Z] tick · social:cron-tick · fetching GET http://localhost:3008/api/cron/comms-social-worker
[2026-08-24T22:12:20.390Z] tick · discovery:orchestrator:tick · exit=0 signal=- · OK
[2026-08-24T22:12:21.183Z] tick · social:cron-tick · status=200 · OK
[2026-08-24T22:12:47.215Z] tick · discovery:rotation:tick · spawning
[2026-08-24T22:12:49.988Z] tick · discovery:rotation:tick · exit=0 signal=- · OK
[2026-08-24T22:13:18.452Z] tick · orchestration:zombie-reconciler · spawning
[2026-08-24T22:13:18.743Z] tick · brain:cron-tick · fetching GET http://localhost:3008/api/nex/brain/cron-tick
[2026-08-24T22:13:19.181Z] tick · orchestration:zombie-reconciler · exit=0 signal=- · OK
[2026-08-24T22:13:19.997Z] tick · discovery:orchestrator:tick · spawning
[2026-08-24T22:13:20.392Z] tick · social:cron-tick · fetching GET http://localhost:3008/api/cron/comms-social-worker
[2026-08-24T22:13:20.526Z] tick · discovery:orchestrator:tick · exit=0 signal=- · OK
[2026-08-24T22:13:23.564Z] tick · social:cron-tick · status=200 · OK
[2026-08-24T22:13:24.013Z] tick · brain:cron-tick · status=200 · OK
[2026-08-24T22:14:20.026Z] tick · discovery:orchestrator:tick · spawning
[2026-08-24T22:14:20.402Z] tick · social:cron-tick · fetching GET http://localhost:3008/api/cron/comms-social-worker
[2026-08-24T22:14:21.176Z] tick · discovery:orchestrator:tick · exit=0 signal=- · OK
[2026-08-24T22:14:22.211Z] tick · social:cron-tick · status=200 · OK
[2026-08-24T22:15:20.062Z] tick · discovery:orchestrator:tick · spawning
[2026-08-24T22:15:20.413Z] tick · social:cron-tick · fetching GET http://localhost:3008/api/cron/comms-social-worker
[2026-08-24T22:15:20.529Z] tick · discovery:orchestrator:tick · exit=0 signal=- · OK
[2026-08-24T22:15:22.070Z] tick · social:cron-tick · status=200 · OK
[2026-08-24T22:16:18.474Z] tick · orchestration:zombie-reconciler · spawning
[2026-08-24T22:16:18.756Z] tick · brain:cron-tick · fetching GET http://localhost:3008/api/nex/brain/cron-tick
[2026-08-24T22:16:19.859Z] tick · orchestration:zombie-reconciler · exit=0 signal=- · OK
[2026-08-24T22:16:20.064Z] tick · discovery:orchestrator:tick · spawning
[2026-08-24T22:16:20.418Z] tick · social:cron-tick · fetching GET http://localhost:3008/api/cron/comms-social-worker
[2026-08-24T22:16:20.625Z] tick · discovery:orchestrator:tick · exit=0 signal=- · OK
[2026-08-24T22:16:21.747Z] tick · social:cron-tick · status=200 · OK
[2026-08-24T22:16:22.637Z] tick · brain:cron-tick · status=200 · OK
[2026-08-24T22:17:20.087Z] tick · discovery:orchestrator:tick · spawning
[2026-08-24T22:17:20.420Z] tick · social:cron-tick · fetching GET http://localhost:3008/api/cron/comms-social-worker
[2026-08-24T22:17:21.547Z] tick · discovery:orchestrator:tick · exit=0 signal=- · OK
[2026-08-24T22:17:33.232Z] tick · social:cron-tick · status=200 · OK
[2026-08-24T22:18:20.133Z] tick · discovery:orchestrator:tick · spawning
[2026-08-24T22:18:20.665Z] tick · social:cron-tick · fetching GET http://localhost:3008/api/cron/comms-social-worker
[2026-08-24T22:18:22.516Z] tick · discovery:orchestrator:tick · exit=0 signal=- · OK
[2026-08-24T22:19:10.385Z] tick · social:cron-tick · status=200 · OK
[2026-08-24T22:19:18.488Z] tick · orchestration:zombie-reconciler · spawning
[2026-08-24T22:19:18.778Z] tick · brain:cron-tick · fetching GET http://localhost:3008/api/nex/brain/cron-tick
[2026-08-24T22:19:20.126Z] tick · discovery:orchestrator:tick · spawning
[2026-08-24T22:19:20.193Z] tick · orchestration:zombie-reconciler · exit=0 signal=- · OK
[2026-08-24T22:19:20.280Z] tick · brain:cron-tick · status=200 · OK
[2026-08-24T22:19:20.670Z] tick · social:cron-tick · fetching GET http://localhost:3008/api/cron/comms-social-worker
[2026-08-24T22:19:20.837Z] tick · social:cron-tick · status=200 · OK
[2026-08-24T22:19:20.847Z] tick · discovery:orchestrator:tick · exit=0 signal=- · OK
[2026-08-24T22:20:20.195Z] tick · discovery:orchestrator:tick · spawning
[2026-08-24T22:20:20.696Z] tick · social:cron-tick · fetching GET http://localhost:3008/api/cron/comms-social-worker
[2026-08-24T22:20:21.660Z] tick · discovery:orchestrator:tick · exit=0 signal=- · OK
[2026-08-24T22:20:28.686Z] tick · social:cron-tick · status=500 · FAIL
  --- response body (first 400 chars) ---
  <!DOCTYPE html><html><head><meta charSet="utf-8" data-next-head=""/><meta name="viewport" content="width=device-width" data-next-head=""/><style data-next-hide-fouc="true">body{display:none}</style><noscript data-next-hide-fouc="true"><style>body{display:block}</style></noscript><noscript data-n-css=""></noscript><script src="/_next/static/chunks/node_modules_next_dist_compiled_199if1i._.js" defer
  ----------------------------------------
[2026-08-24T22:21:20.198Z] tick · discovery:orchestrator:tick · spawning
[2026-08-24T22:21:20.519Z] tick · discovery:orchestrator:tick · exit=0 signal=- · OK
[2026-08-24T22:21:20.702Z] tick · social:cron-tick · fetching GET http://localhost:3008/api/cron/comms-social-worker
[2026-08-24T22:21:21.105Z] tick · social:cron-tick · status=500 · FAIL
  --- response body (first 400 chars) ---
  <!DOCTYPE html><html><head><meta charSet="utf-8" data-next-head=""/><meta name="viewport" content="width=device-width" data-next-head=""/><style data-next-hide-fouc="true">body{display:none}</style><noscript data-next-hide-fouc="true"><style>body{display:block}</style></noscript><noscript data-n-css=""></noscript><script src="/_next/static/chunks/node_modules_next_dist_compiled_199if1i._.js" defer
  ----------------------------------------
[2026-08-24T22:22:17.433Z] tick · promotion:food:Yogyakarta:quality-check · spawning
[2026-08-24T22:22:17.535Z] tick · cle:conversation · spawning
[2026-08-24T22:22:18.018Z] tick · cle:conversation · exit=0 signal=- · OK
[2026-08-24T22:22:18.062Z] tick · promotion:food:Yogyakarta:quality-check · exit=0 signal=- · OK
[2026-08-24T22:22:18.494Z] tick · orchestration:zombie-reconciler · spawning
[2026-08-24T22:22:18.728Z] tick · orchestration:zombie-reconciler · exit=0 signal=- · OK
[2026-08-24T22:22:18.787Z] tick · brain:cron-tick · fetching GET http://localhost:3008/api/nex/brain/cron-tick
[2026-08-24T22:22:20.189Z] tick · brain:cron-tick · status=200 · OK
[2026-08-24T22:22:20.201Z] tick · discovery:orchestrator:tick · spawning
[2026-08-24T22:22:20.704Z] tick · social:cron-tick · fetching GET http://localhost:3008/api/cron/comms-social-worker
[2026-08-24T22:22:20.813Z] tick · discovery:orchestrator:tick · exit=0 signal=- · OK
[2026-08-24T22:22:20.919Z] tick · social:cron-tick · status=500 · FAIL
  --- response body (first 400 chars) ---
  <!DOCTYPE html><html><head><meta charSet="utf-8" data-next-head=""/><meta name="viewport" content="width=device-width" data-next-head=""/><style data-next-hide-fouc="true">body{display:none}</style><noscript data-next-hide-fouc="true"><style>body{display:block}</style></noscript><noscript data-n-css=""></noscript><script src="/_next/static/chunks/node_modules_next_dist_compiled_199if1i._.js" defer
  ----------------------------------------
[2026-08-24T22:22:47.217Z] tick · discovery:rotation:tick · spawning
[2026-08-24T22:22:49.121Z] tick · discovery:rotation:tick · exit=0 signal=- · OK
[2026-08-24T22:23:20.216Z] tick · discovery:orchestrator:tick · spawning
[2026-08-24T22:23:20.716Z] tick · social:cron-tick · fetching GET http://localhost:3008/api/cron/comms-social-worker
[2026-08-24T22:23:20.866Z] tick · discovery:orchestrator:tick · exit=0 signal=- · OK
[2026-08-24T22:23:21.298Z] tick · social:cron-tick · status=200 · OK
[2026-08-24T22:24:20.249Z] tick · discovery:orchestrator:tick · spawning
[2026-08-24T22:24:20.721Z] tick · social:cron-tick · fetching GET http://localhost:3008/api/cron/comms-social-worker
[2026-08-24T22:24:21.204Z] tick · discovery:orchestrator:tick · exit=0 signal=- · OK
[2026-08-24T22:24:24.264Z] tick · social:cron-tick · status=200 · OK
[2026-08-24T22:25:18.553Z] tick · orchestration:zombie-reconciler · spawning
[2026-08-24T22:25:18.824Z] tick · brain:cron-tick · fetching GET http://localhost:3008/api/nex/brain/cron-tick
[2026-08-24T22:25:20.197Z] tick · orchestration:zombie-reconciler · exit=0 signal=- · OK
[2026-08-24T22:25:20.258Z] tick · discovery:orchestrator:tick · spawning
[2026-08-24T22:25:20.728Z] tick · social:cron-tick · fetching GET http://localhost:3008/api/cron/comms-social-worker
[2026-08-24T22:25:20.969Z] tick · discovery:orchestrator:tick · exit=0 signal=- · OK
[2026-08-24T22:25:32.638Z] tick · social:cron-tick · status=200 · OK
[2026-08-24T22:25:34.612Z] tick · brain:cron-tick · status=200 · OK
[2026-08-24T22:26:20.491Z] tick · discovery:orchestrator:tick · spawning
[2026-08-24T22:26:21.079Z] tick · social:cron-tick · fetching GET http://localhost:3008/api/cron/comms-social-worker
[2026-08-24T22:26:22.795Z] tick · discovery:orchestrator:tick · exit=0 signal=- · OK
[2026-08-24T22:26:28.178Z] tick · social:cron-tick · status=200 · OK
[2026-08-24T22:27:20.487Z] tick · discovery:orchestrator:tick · spawning
[2026-08-24T22:27:20.965Z] tick · discovery:orchestrator:tick · exit=0 signal=- · OK
[2026-08-24T22:27:21.076Z] tick · social:cron-tick · fetching GET http://localhost:3008/api/cron/comms-social-worker
[2026-08-24T22:27:21.447Z] tick · social:cron-tick · status=200 · OK
[2026-08-24T22:28:18.564Z] tick · orchestration:zombie-reconciler · spawning
[2026-08-24T22:28:18.807Z] tick · brain:cron-tick · fetching GET http://localhost:3008/api/nex/brain/cron-tick
[2026-08-24T22:28:20.488Z] tick · discovery:orchestrator:tick · spawning
[2026-08-24T22:28:20.633Z] tick · orchestration:zombie-reconciler · exit=0 signal=- · OK
[2026-08-24T22:28:21.081Z] tick · social:cron-tick · fetching GET http://localhost:3008/api/cron/comms-social-worker
[2026-08-24T22:28:21.702Z] tick · discovery:orchestrator:tick · exit=0 signal=- · OK
[2026-08-24T22:28:26.042Z] tick · social:cron-tick · status=200 · OK
[2026-08-24T22:28:26.836Z] tick · brain:cron-tick · status=200 · OK
[2026-08-24T22:29:20.517Z] tick · discovery:orchestrator:tick · spawning
[2026-08-24T22:29:21.095Z] tick · social:cron-tick · fetching GET http://localhost:3008/api/cron/comms-social-worker
[2026-08-24T22:29:21.903Z] tick · discovery:orchestrator:tick · exit=0 signal=- · OK
[2026-08-24T22:29:24.415Z] tick · social:cron-tick · status=200 · OK
[2026-08-24T22:30:20.517Z] tick · discovery:orchestrator:tick · spawning
[2026-08-24T22:30:21.103Z] tick · social:cron-tick · fetching GET http://localhost:3008/api/cron/comms-social-worker
[2026-08-24T22:30:21.255Z] tick · discovery:orchestrator:tick · exit=0 signal=- · OK
[2026-08-24T22:30:22.051Z] tick · social:cron-tick · status=200 · OK
[2026-08-24T22:31:18.564Z] tick · orchestration:zombie-reconciler · spawning
[2026-08-24T22:31:18.823Z] tick · brain:cron-tick · fetching GET http://localhost:3008/api/nex/brain/cron-tick
[2026-08-24T22:31:19.113Z] tick · orchestration:zombie-reconciler · exit=0 signal=- · OK
[2026-08-24T22:31:20.298Z] tick · brain:cron-tick · status=200 · OK
[2026-08-24T22:31:20.518Z] tick · discovery:orchestrator:tick · spawning
[2026-08-24T22:31:21.108Z] tick · social:cron-tick · fetching GET http://localhost:3008/api/cron/comms-social-worker
[2026-08-24T22:31:21.577Z] tick · social:cron-tick · status=200 · OK
[2026-08-24T22:31:21.826Z] tick · discovery:orchestrator:tick · exit=0 signal=- · OK
[2026-08-24T22:32:17.565Z] tick · cle:conversation · spawning
[2026-08-24T22:32:18.124Z] tick · cle:conversation · exit=0 signal=- · OK
[2026-08-24T22:32:20.527Z] tick · discovery:orchestrator:tick · spawning
[2026-08-24T22:32:20.881Z] tick · discovery:orchestrator:tick · exit=0 signal=- · OK
[2026-08-24T22:32:21.115Z] tick · social:cron-tick · fetching GET http://localhost:3008/api/cron/comms-social-worker
[2026-08-24T22:32:21.808Z] tick · social:cron-tick · status=200 · OK
[2026-08-24T22:32:47.244Z] tick · discovery:rotation:tick · spawning
[2026-08-24T22:32:49.966Z] tick · discovery:rotation:tick · exit=0 signal=- · OK
[2026-08-24T22:33:20.541Z] tick · discovery:orchestrator:tick · spawning
[2026-08-24T22:33:21.120Z] tick · social:cron-tick · fetching GET http://localhost:3008/api/cron/comms-social-worker
[2026-08-24T22:33:21.254Z] tick · discovery:orchestrator:tick · exit=0 signal=- · OK
[2026-08-24T22:33:21.745Z] tick · social:cron-tick · status=200 · OK
[2026-08-24T22:34:18.577Z] tick · orchestration:zombie-reconciler · spawning
[2026-08-24T22:34:18.830Z] tick · brain:cron-tick · fetching GET http://localhost:3008/api/nex/brain/cron-tick
[2026-08-24T22:34:19.105Z] tick · orchestration:zombie-reconciler · exit=0 signal=- · OK
[2026-08-24T22:34:20.074Z] tick · brain:cron-tick · status=200 · OK
[2026-08-24T22:34:20.550Z] tick · discovery:orchestrator:tick · spawning
[2026-08-24T22:34:21.122Z] tick · social:cron-tick · fetching GET http://localhost:3008/api/cron/comms-social-worker
[2026-08-24T22:34:21.144Z] tick · discovery:orchestrator:tick · exit=0 signal=- · OK
[2026-08-24T22:34:21.390Z] tick · social:cron-tick · status=200 · OK
[2026-08-24T22:35:20.562Z] tick · discovery:orchestrator:tick · spawning
[2026-08-24T22:35:21.126Z] tick · social:cron-tick · fetching GET http://localhost:3008/api/cron/comms-social-worker
[2026-08-24T22:35:21.443Z] tick · discovery:orchestrator:tick · exit=0 signal=- · OK
[2026-08-24T22:35:22.987Z] tick · social:cron-tick · status=200 · OK
[2026-08-24T22:36:20.590Z] tick · discovery:orchestrator:tick · spawning
[2026-08-24T22:36:21.138Z] tick · social:cron-tick · fetching GET http://localhost:3008/api/cron/comms-social-worker
[2026-08-24T22:36:22.472Z] tick · discovery:orchestrator:tick · exit=0 signal=- · OK
[2026-08-24T22:36:26.708Z] tick · social:cron-tick · status=200 · OK
[2026-08-24T22:37:18.614Z] tick · orchestration:zombie-reconciler · spawning
[2026-08-24T22:37:18.914Z] tick · brain:cron-tick · fetching GET http://localhost:3008/api/nex/brain/cron-tick
[2026-08-24T22:37:20.585Z] tick · discovery:orchestrator:tick · spawning
[2026-08-24T22:37:20.700Z] tick · orchestration:zombie-reconciler · exit=0 signal=- · OK
[2026-08-24T22:37:21.137Z] tick · social:cron-tick · fetching GET http://localhost:3008/api/cron/comms-social-worker
[2026-08-24T22:37:21.544Z] tick · discovery:orchestrator:tick · exit=0 signal=- · OK
[2026-08-24T22:37:23.320Z] tick · social:cron-tick · status=200 · OK
[2026-08-24T22:37:24.056Z] tick · brain:cron-tick · status=200 · OK
[2026-08-24T22:38:20.645Z] tick · discovery:orchestrator:tick · spawning
[2026-08-24T22:38:21.142Z] tick · social:cron-tick · fetching GET http://localhost:3008/api/cron/comms-social-worker
[2026-08-24T22:38:23.188Z] tick · discovery:orchestrator:tick · exit=0 signal=- · OK
[2026-08-24T22:38:25.008Z] tick · social:cron-tick · status=200 · OK
[2026-08-24T22:39:20.676Z] tick · discovery:orchestrator:tick · spawning
[2026-08-24T22:39:21.158Z] tick · social:cron-tick · fetching GET http://localhost:3008/api/cron/comms-social-worker
[2026-08-24T22:39:22.899Z] tick · discovery:orchestrator:tick · exit=0 signal=- · OK
[2026-08-24T22:40:18.623Z] tick · orchestration:zombie-reconciler · spawning
[2026-08-24T22:40:18.972Z] tick · brain:cron-tick · fetching GET http://localhost:3008/api/nex/brain/cron-tick
[2026-08-24T22:40:20.084Z] tick · orchestration:zombie-reconciler · exit=0 signal=- · OK
[2026-08-24T22:40:20.677Z] tick · discovery:orchestrator:tick · spawning
[2026-08-24T22:40:21.397Z] tick · social:cron-tick · fetch error · This operation was aborted
[2026-08-24T22:40:21.402Z] tick · social:cron-tick · fetching GET http://localhost:3008/api/cron/comms-social-worker
[2026-08-24T22:40:21.492Z] tick · discovery:orchestrator:tick · exit=0 signal=- · OK
[2026-08-24T22:41:20.687Z] tick · discovery:orchestrator:tick · spawning
[2026-08-24T22:41:21.600Z] tick · social:cron-tick · fetch error · This operation was aborted
[2026-08-24T22:41:21.604Z] tick · social:cron-tick · fetching GET http://localhost:3008/api/cron/comms-social-worker
[2026-08-24T22:41:22.683Z] tick · discovery:orchestrator:tick · exit=0 signal=- · OK
[2026-08-24T22:42:17.580Z] tick · cle:conversation · spawning
[2026-08-24T22:42:20.339Z] tick · cle:conversation · exit=0 signal=- · OK
[2026-08-24T22:42:20.687Z] tick · discovery:orchestrator:tick · spawning
[2026-08-24T22:42:21.791Z] tick · social:cron-tick · fetch error · This operation was aborted
[2026-08-24T22:42:21.797Z] tick · social:cron-tick · fetching GET http://localhost:3008/api/cron/comms-social-worker
[2026-08-24T22:42:22.246Z] tick · discovery:orchestrator:tick · exit=0 signal=- · OK
[2026-08-24T22:42:26.924Z] tick · social:cron-tick · status=200 · OK
[2026-08-24T22:42:27.257Z] tick · brain:cron-tick · status=200 · OK
[2026-08-24T22:42:47.294Z] tick · discovery:rotation:tick · spawning
[2026-08-24T22:42:49.901Z] tick · discovery:rotation:tick · exit=0 signal=- · OK
[2026-08-24T22:43:18.637Z] tick · orchestration:zombie-reconciler · spawning
[2026-08-24T22:43:18.952Z] tick · brain:cron-tick · fetching GET http://localhost:3008/api/nex/brain/cron-tick
[2026-08-24T22:43:19.050Z] tick · orchestration:zombie-reconciler · exit=0 signal=- · OK
[2026-08-24T22:43:20.567Z] tick · brain:cron-tick · status=200 · OK
[2026-08-24T22:43:20.692Z] tick · discovery:orchestrator:tick · spawning
[2026-08-24T22:43:20.970Z] tick · discovery:orchestrator:tick · exit=0 signal=- · OK
[2026-08-24T22:43:21.802Z] tick · social:cron-tick · fetching GET http://localhost:3008/api/cron/comms-social-worker
[2026-08-24T22:43:21.990Z] tick · social:cron-tick · status=200 · OK
[2026-08-24T22:44:20.709Z] tick · discovery:orchestrator:tick · spawning
[2026-08-24T22:44:21.808Z] tick · social:cron-tick · fetching GET http://localhost:3008/api/cron/comms-social-worker
[2026-08-24T22:44:21.969Z] tick · discovery:orchestrator:tick · exit=0 signal=- · OK
[2026-08-24T22:44:23.491Z] tick · social:cron-tick · status=200 · OK
[2026-08-24T22:45:20.721Z] tick · discovery:orchestrator:tick · spawning
[2026-08-24T22:45:21.319Z] tick · discovery:orchestrator:tick · exit=0 signal=- · OK
[2026-08-24T22:45:21.815Z] tick · social:cron-tick · fetching GET http://localhost:3008/api/cron/comms-social-worker
[2026-08-24T22:45:22.501Z] tick · social:cron-tick · status=200 · OK
[2026-08-24T22:46:18.638Z] tick · orchestration:zombie-reconciler · spawning
[2026-08-24T22:46:18.959Z] tick · brain:cron-tick · fetching GET http://localhost:3008/api/nex/brain/cron-tick
[2026-08-24T22:46:19.350Z] tick · orchestration:zombie-reconciler · exit=0 signal=- · OK
[2026-08-24T22:46:19.911Z] tick · brain:cron-tick · status=200 · OK
[2026-08-24T22:46:20.733Z] tick · discovery:orchestrator:tick · spawning
[2026-08-24T22:46:21.292Z] tick · discovery:orchestrator:tick · exit=0 signal=- · OK
[2026-08-24T22:46:21.818Z] tick · social:cron-tick · fetching GET http://localhost:3008/api/cron/comms-social-worker
[2026-08-24T22:46:22.029Z] tick · social:cron-tick · status=200 · OK
[2026-08-24T22:47:20.741Z] tick · discovery:orchestrator:tick · spawning
[2026-08-24T22:47:21.246Z] tick · discovery:orchestrator:tick · exit=0 signal=- · OK
[2026-08-24T22:47:21.832Z] tick · social:cron-tick · fetching GET http://localhost:3008/api/cron/comms-social-worker
[2026-08-24T22:47:22.164Z] tick · social:cron-tick · status=200 · OK
[2026-08-24T22:48:20.752Z] tick · discovery:orchestrator:tick · spawning
[2026-08-24T22:48:21.407Z] tick · discovery:orchestrator:tick · exit=0 signal=- · OK
[2026-08-24T22:48:21.833Z] tick · social:cron-tick · fetching GET http://localhost:3008/api/cron/comms-social-worker
[2026-08-24T22:48:22.412Z] tick · social:cron-tick · status=200 · OK
[2026-08-24T22:49:18.648Z] tick · orchestration:zombie-reconciler · spawning
[2026-08-24T22:49:18.984Z] tick · brain:cron-tick · fetching GET http://localhost:3008/api/nex/brain/cron-tick
[2026-08-24T22:49:19.717Z] tick · orchestration:zombie-reconciler · exit=0 signal=- · OK
[2026-08-24T22:49:20.760Z] tick · discovery:orchestrator:tick · spawning
[2026-08-24T22:49:21.551Z] tick · discovery:orchestrator:tick · exit=0 signal=- · OK
[2026-08-24T22:49:21.859Z] tick · social:cron-tick · fetching GET http://localhost:3008/api/cron/comms-social-worker
[2026-08-24T22:49:22.333Z] tick · social:cron-tick · status=200 · OK
[2026-08-24T22:49:27.407Z] tick · brain:cron-tick · status=200 · OK
[2026-08-24T22:50:20.823Z] tick · discovery:orchestrator:tick · spawning
[2026-08-24T22:50:21.852Z] tick · social:cron-tick · fetching GET http://localhost:3008/api/cron/comms-social-worker
[2026-08-24T22:50:22.552Z] tick · discovery:orchestrator:tick · exit=0 signal=- · OK
[2026-08-24T22:50:24.319Z] tick · social:cron-tick · status=200 · OK
[2026-08-24T22:51:20.820Z] tick · discovery:orchestrator:tick · spawning
[2026-08-24T22:51:21.860Z] tick · social:cron-tick · fetching GET http://localhost:3008/api/cron/comms-social-worker
[2026-08-24T22:51:22.203Z] tick · discovery:orchestrator:tick · exit=0 signal=- · OK
[2026-08-24T22:51:24.783Z] tick · social:cron-tick · status=200 · OK
[2026-08-24T22:52:17.433Z] tick · promotion:food:Yogyakarta:quality-check · spawning
[2026-08-24T22:52:17.575Z] tick · cle:conversation · spawning
[2026-08-24T22:52:18.371Z] tick · cle:conversation · exit=0 signal=- · OK
[2026-08-24T22:52:18.652Z] tick · orchestration:zombie-reconciler · spawning
[2026-08-24T22:52:18.702Z] tick · promotion:food:Yogyakarta:quality-check · exit=0 signal=- · OK
[2026-08-24T22:52:18.964Z] tick · brain:cron-tick · fetching GET http://localhost:3008/api/nex/brain/cron-tick
[2026-08-24T22:52:19.189Z] tick · orchestration:zombie-reconciler · exit=0 signal=- · OK
[2026-08-24T22:52:20.466Z] tick · brain:cron-tick · status=200 · OK
[2026-08-24T22:52:20.825Z] tick · discovery:orchestrator:tick · spawning
[2026-08-24T22:52:21.405Z] tick · discovery:orchestrator:tick · exit=0 signal=- · OK
[2026-08-24T22:52:21.872Z] tick · social:cron-tick · fetching GET http://localhost:3008/api/cron/comms-social-worker
[2026-08-24T22:52:22.156Z] tick · social:cron-tick · status=200 · OK
[2026-08-24T22:52:47.286Z] tick · discovery:rotation:tick · spawning
[2026-08-24T22:52:49.130Z] tick · discovery:rotation:tick · exit=0 signal=- · OK
[2026-08-24T22:53:20.847Z] tick · discovery:orchestrator:tick · spawning
[2026-08-24T22:53:21.858Z] tick · discovery:orchestrator:tick · exit=0 signal=- · OK
[2026-08-24T22:53:21.882Z] tick · social:cron-tick · fetching GET http://localhost:3008/api/cron/comms-social-worker
[2026-08-24T22:53:22.868Z] tick · social:cron-tick · status=200 · OK
[2026-08-24T22:54:20.865Z] tick · discovery:orchestrator:tick · spawning
[2026-08-24T22:54:21.643Z] tick · discovery:orchestrator:tick · exit=0 signal=- · OK
[2026-08-24T22:54:21.886Z] tick · social:cron-tick · fetching GET http://localhost:3008/api/cron/comms-social-worker
[2026-08-24T22:54:25.781Z] tick · social:cron-tick · status=200 · OK
[2026-08-24T22:55:18.658Z] tick · orchestration:zombie-reconciler · spawning
[2026-08-24T22:55:18.964Z] tick · brain:cron-tick · fetching GET http://localhost:3008/api/nex/brain/cron-tick
[2026-08-24T22:55:19.030Z] tick · orchestration:zombie-reconciler · exit=0 signal=- · OK
[2026-08-24T22:55:19.491Z] tick · brain:cron-tick · status=200 · OK
[2026-08-24T22:55:20.864Z] tick · discovery:orchestrator:tick · spawning
[2026-08-24T22:55:21.335Z] tick · discovery:orchestrator:tick · exit=0 signal=- · OK
[2026-08-24T22:55:21.889Z] tick · social:cron-tick · fetching GET http://localhost:3008/api/cron/comms-social-worker
[2026-08-24T22:55:22.015Z] tick · social:cron-tick · status=200 · OK
[2026-08-24T22:56:20.878Z] tick · discovery:orchestrator:tick · spawning
[2026-08-24T22:56:21.152Z] tick · discovery:orchestrator:tick · exit=0 signal=- · OK
[2026-08-24T22:56:21.893Z] tick · social:cron-tick · fetching GET http://localhost:3008/api/cron/comms-social-worker
[2026-08-24T22:56:22.104Z] tick · social:cron-tick · status=200 · OK
[2026-08-24T22:57:20.880Z] tick · discovery:orchestrator:tick · spawning
[2026-08-24T22:57:21.249Z] tick · discovery:orchestrator:tick · exit=0 signal=- · OK
[2026-08-24T22:57:21.893Z] tick · social:cron-tick · fetching GET http://localhost:3008/api/cron/comms-social-worker
[2026-08-24T22:57:22.179Z] tick · social:cron-tick · status=200 · OK
[2026-08-24T22:58:18.672Z] tick · orchestration:zombie-reconciler · spawning
[2026-08-24T22:58:18.974Z] tick · brain:cron-tick · fetching GET http://localhost:3008/api/nex/brain/cron-tick
[2026-08-24T22:58:19.023Z] tick · orchestration:zombie-reconciler · exit=0 signal=- · OK
[2026-08-24T22:58:19.702Z] tick · brain:cron-tick · status=200 · OK
[2026-08-24T22:58:20.887Z] tick · discovery:orchestrator:tick · spawning
[2026-08-24T22:58:21.218Z] tick · discovery:orchestrator:tick · exit=0 signal=- · OK
[2026-08-24T22:58:21.900Z] tick · social:cron-tick · fetching GET http://localhost:3008/api/cron/comms-social-worker
[2026-08-24T22:58:22.081Z] tick · social:cron-tick · status=200 · OK
[2026-08-24T22:59:20.894Z] tick · discovery:orchestrator:tick · spawning
[2026-08-24T22:59:21.096Z] tick · discovery:orchestrator:tick · exit=0 signal=- · OK
[2026-08-24T22:59:21.902Z] tick · social:cron-tick · fetching GET http://localhost:3008/api/cron/comms-social-worker
[2026-08-24T22:59:22.072Z] tick · social:cron-tick · status=200 · OK
[2026-08-24T23:00:20.894Z] tick · discovery:orchestrator:tick · spawning
[2026-08-24T23:00:21.112Z] tick · discovery:orchestrator:tick · exit=0 signal=- · OK
[2026-08-24T23:00:21.909Z] tick · social:cron-tick · fetching GET http://localhost:3008/api/cron/comms-social-worker
[2026-08-24T23:00:22.048Z] tick · social:cron-tick · status=200 · OK
[2026-08-24T23:01:18.684Z] tick · orchestration:zombie-reconciler · spawning
[2026-08-24T23:01:18.933Z] tick · orchestration:zombie-reconciler · exit=0 signal=- · OK
[2026-08-24T23:01:18.983Z] tick · brain:cron-tick · fetching GET http://localhost:3008/api/nex/brain/cron-tick
[2026-08-24T23:01:19.579Z] tick · brain:cron-tick · status=200 · OK
[2026-08-24T23:01:20.899Z] tick · discovery:orchestrator:tick · spawning
[2026-08-24T23:01:21.215Z] tick · discovery:orchestrator:tick · exit=0 signal=- · OK
[2026-08-24T23:01:21.914Z] tick · social:cron-tick · fetching GET http://localhost:3008/api/cron/comms-social-worker
[2026-08-24T23:01:21.992Z] tick · social:cron-tick · status=200 · OK
[2026-08-24T23:02:17.592Z] tick · cle:conversation · spawning
[2026-08-24T23:02:17.951Z] tick · cle:conversation · exit=0 signal=- · OK
[2026-08-24T23:02:20.905Z] tick · discovery:orchestrator:tick · spawning
[2026-08-24T23:02:21.209Z] tick · discovery:orchestrator:tick · exit=0 signal=- · OK
[2026-08-24T23:02:21.917Z] tick · social:cron-tick · fetching GET http://localhost:3008/api/cron/comms-social-worker
[2026-08-24T23:02:22.220Z] tick · social:cron-tick · status=200 · OK
[2026-08-24T23:02:47.292Z] tick · discovery:rotation:tick · spawning
[2026-08-24T23:02:47.882Z] tick · discovery:rotation:tick · exit=0 signal=- · OK
[2026-08-24T23:03:20.912Z] tick · discovery:orchestrator:tick · spawning
[2026-08-24T23:03:21.170Z] tick · discovery:orchestrator:tick · exit=0 signal=- · OK
[2026-08-24T23:03:21.931Z] tick · social:cron-tick · fetching GET http://localhost:3008/api/cron/comms-social-worker
[2026-08-24T23:03:22.111Z] tick · social:cron-tick · status=200 · OK
[2026-08-24T23:04:18.690Z] tick · orchestration:zombie-reconciler · spawning
[2026-08-24T23:04:18.985Z] tick · brain:cron-tick · fetching GET http://localhost:3008/api/nex/brain/cron-tick
[2026-08-24T23:04:19.413Z] tick · orchestration:zombie-reconciler · exit=0 signal=- · OK
[2026-08-24T23:04:20.922Z] tick · discovery:orchestrator:tick · spawning
[2026-08-24T23:04:22.020Z] tick · social:cron-tick · fetching GET http://localhost:3008/api/cron/comms-social-worker
[2026-08-24T23:04:22.264Z] tick · discovery:orchestrator:tick · exit=0 signal=- · OK
[2026-08-24T23:04:55.225Z] tick · social:cron-tick · status=200 · OK
[2026-08-24T23:04:57.221Z] tick · brain:cron-tick · status=200 · OK
[2026-08-24T23:05:20.931Z] tick · discovery:orchestrator:tick · spawning
[2026-08-24T23:05:22.023Z] tick · social:cron-tick · fetching GET http://localhost:3008/api/cron/comms-social-worker
[2026-08-24T23:05:22.236Z] tick · discovery:orchestrator:tick · exit=0 signal=- · OK
[2026-08-24T23:05:28.043Z] tick · social:cron-tick · status=200 · OK
[2026-08-24T23:06:20.933Z] tick · discovery:orchestrator:tick · spawning
[2026-08-24T23:06:21.781Z] tick · discovery:orchestrator:tick · exit=0 signal=- · OK
[2026-08-24T23:06:22.024Z] tick · social:cron-tick · fetching GET http://localhost:3008/api/cron/comms-social-worker
[2026-08-24T23:06:31.849Z] tick · social:cron-tick · status=200 · OK
[2026-08-24T23:07:18.734Z] tick · orchestration:zombie-reconciler · spawning
[2026-08-24T23:07:19.204Z] tick · brain:cron-tick · fetching GET http://localhost:3008/api/nex/brain/cron-tick
[2026-08-24T23:07:20.950Z] tick · discovery:orchestrator:tick · spawning
[2026-08-24T23:07:22.043Z] tick · social:cron-tick · fetching GET http://localhost:3008/api/cron/comms-social-worker
[2026-08-24T23:07:23.778Z] tick · orchestration:zombie-reconciler · exit=0 signal=- · OK
[2026-08-24T23:07:24.122Z] tick · discovery:orchestrator:tick · exit=0 signal=- · OK
[2026-08-24T23:07:28.353Z] tick · social:cron-tick · status=200 · OK
[2026-08-24T23:07:29.621Z] tick · brain:cron-tick · status=200 · OK
[2026-08-24T23:08:20.970Z] tick · discovery:orchestrator:tick · spawning
[2026-08-24T23:08:22.043Z] tick · social:cron-tick · fetching GET http://localhost:3008/api/cron/comms-social-worker
[2026-08-24T23:08:23.394Z] tick · discovery:orchestrator:tick · exit=0 signal=- · OK
[2026-08-24T23:09:20.974Z] tick · discovery:orchestrator:tick · spawning
[2026-08-24T23:09:21.384Z] tick · social:cron-tick · status=200 · OK
[2026-08-24T23:09:22.051Z] tick · social:cron-tick · fetching GET http://localhost:3008/api/cron/comms-social-worker
[2026-08-24T23:09:22.423Z] tick · social:cron-tick · status=200 · OK
[2026-08-24T23:09:22.951Z] tick · discovery:orchestrator:tick · exit=0 signal=- · OK
[2026-08-24T23:10:18.755Z] tick · orchestration:zombie-reconciler · spawning
[2026-08-24T23:10:19.208Z] tick · brain:cron-tick · fetching GET http://localhost:3008/api/nex/brain/cron-tick
[2026-08-24T23:10:19.752Z] tick · orchestration:zombie-reconciler · exit=0 signal=- · OK
[2026-08-24T23:10:20.983Z] tick · discovery:orchestrator:tick · spawning
[2026-08-24T23:10:21.650Z] tick · discovery:orchestrator:tick · exit=0 signal=- · OK
[2026-08-24T23:10:22.064Z] tick · social:cron-tick · fetching GET http://localhost:3008/api/cron/comms-social-worker
[2026-08-24T23:10:30.404Z] tick · social:cron-tick · status=200 · OK
[2026-08-24T23:10:31.813Z] tick · brain:cron-tick · status=200 · OK
[2026-08-24T23:11:20.993Z] tick · discovery:orchestrator:tick · spawning
[2026-08-24T23:11:21.552Z] tick · discovery:orchestrator:tick · exit=0 signal=- · OK
[2026-08-24T23:11:22.078Z] tick · social:cron-tick · fetching GET http://localhost:3008/api/cron/comms-social-worker
[2026-08-24T23:11:22.638Z] tick · social:cron-tick · status=200 · OK
[2026-08-24T23:12:17.623Z] tick · cle:conversation · spawning
[2026-08-24T23:12:18.991Z] tick · cle:conversation · exit=0 signal=- · OK
[2026-08-24T23:12:21.007Z] tick · discovery:orchestrator:tick · spawning
[2026-08-24T23:12:22.086Z] tick · social:cron-tick · fetching GET http://localhost:3008/api/cron/comms-social-worker
[2026-08-24T23:12:22.290Z] tick · discovery:orchestrator:tick · exit=0 signal=- · OK
[2026-08-24T23:12:24.893Z] tick · social:cron-tick · status=200 · OK
[2026-08-24T23:12:47.297Z] tick · discovery:rotation:tick · spawning
[2026-08-24T23:12:49.145Z] tick · discovery:rotation:tick · exit=0 signal=- · OK
[2026-08-24T23:13:18.776Z] tick · orchestration:zombie-reconciler · spawning
[2026-08-24T23:13:19.216Z] tick · brain:cron-tick · fetching GET http://localhost:3008/api/nex/brain/cron-tick
[2026-08-24T23:13:20.181Z] tick · orchestration:zombie-reconciler · exit=0 signal=- · OK
[2026-08-24T23:13:21.008Z] tick · discovery:orchestrator:tick · spawning
[2026-08-24T23:13:21.832Z] tick · discovery:orchestrator:tick · exit=0 signal=- · OK
[2026-08-24T23:13:22.092Z] tick · social:cron-tick · fetching GET http://localhost:3008/api/cron/comms-social-worker
[2026-08-24T23:13:24.247Z] tick · social:cron-tick · status=200 · OK
[2026-08-24T23:13:26.710Z] tick · brain:cron-tick · status=200 · OK
[2026-08-24T23:14:21.885Z] tick · discovery:orchestrator:tick · spawning
[2026-08-24T23:14:23.530Z] tick · social:cron-tick · fetching GET http://localhost:3008/api/cron/comms-social-worker
[2026-08-24T23:14:25.988Z] tick · discovery:orchestrator:tick · exit=0 signal=- · OK
[2026-08-24T23:14:33.917Z] tick · social:cron-tick · status=200 · OK
[2026-08-24T23:15:21.719Z] tick · discovery:orchestrator:tick · spawning
[2026-08-24T23:15:22.460Z] tick · discovery:orchestrator:tick · exit=0 signal=- · OK
[2026-08-24T23:15:23.519Z] tick · social:cron-tick · fetching GET http://localhost:3008/api/cron/comms-social-worker
[2026-08-24T23:15:23.953Z] tick · social:cron-tick · status=200 · OK
[2026-08-24T23:16:18.770Z] tick · orchestration:zombie-reconciler · spawning
[2026-08-24T23:16:19.185Z] tick · orchestration:zombie-reconciler · exit=0 signal=- · OK
[2026-08-24T23:16:19.209Z] tick · brain:cron-tick · fetching GET http://localhost:3008/api/nex/brain/cron-tick
[2026-08-24T23:16:20.020Z] tick · brain:cron-tick · status=200 · OK
[2026-08-24T23:16:21.718Z] tick · discovery:orchestrator:tick · spawning
[2026-08-24T23:16:22.235Z] tick · discovery:orchestrator:tick · exit=0 signal=- · OK
[2026-08-24T23:16:23.518Z] tick · social:cron-tick · fetching GET http://localhost:3008/api/cron/comms-social-worker
[2026-08-24T23:16:23.743Z] tick · social:cron-tick · status=200 · OK
[2026-08-24T23:17:21.724Z] tick · discovery:orchestrator:tick · spawning
[2026-08-24T23:17:22.101Z] tick · discovery:orchestrator:tick · exit=0 signal=- · OK
[2026-08-24T23:17:23.522Z] tick · social:cron-tick · fetching GET http://localhost:3008/api/cron/comms-social-worker
[2026-08-24T23:17:23.752Z] tick · social:cron-tick · status=200 · OK
[2026-08-24T23:18:21.729Z] tick · discovery:orchestrator:tick · spawning
[2026-08-24T23:18:22.166Z] tick · discovery:orchestrator:tick · exit=0 signal=- · OK
[2026-08-24T23:18:23.534Z] tick · social:cron-tick · fetching GET http://localhost:3008/api/cron/comms-social-worker
[2026-08-24T23:18:23.809Z] tick · social:cron-tick · status=200 · OK
[2026-08-24T23:19:18.775Z] tick · orchestration:zombie-reconciler · spawning
[2026-08-24T23:19:19.188Z] tick · orchestration:zombie-reconciler · exit=0 signal=- · OK
[2026-08-24T23:19:19.213Z] tick · brain:cron-tick · fetching GET http://localhost:3008/api/nex/brain/cron-tick
[2026-08-24T23:19:19.835Z] tick · brain:cron-tick · status=200 · OK
[2026-08-24T23:19:21.744Z] tick · discovery:orchestrator:tick · spawning
[2026-08-24T23:19:22.101Z] tick · discovery:orchestrator:tick · exit=0 signal=- · OK
[2026-08-24T23:19:23.540Z] tick · social:cron-tick · fetching GET http://localhost:3008/api/cron/comms-social-worker
[2026-08-24T23:19:23.779Z] tick · social:cron-tick · status=200 · OK
[2026-08-24T23:20:21.750Z] tick · discovery:orchestrator:tick · spawning
[2026-08-24T23:20:22.310Z] tick · discovery:orchestrator:tick · exit=0 signal=- · OK
[2026-08-24T23:20:23.549Z] tick · social:cron-tick · fetching GET http://localhost:3008/api/cron/comms-social-worker
[2026-08-24T23:20:23.872Z] tick · social:cron-tick · status=200 · OK
[2026-08-24T23:21:21.757Z] tick · discovery:orchestrator:tick · spawning
[2026-08-24T23:21:22.007Z] tick · discovery:orchestrator:tick · exit=0 signal=- · OK
[2026-08-24T23:21:23.561Z] tick · social:cron-tick · fetching GET http://localhost:3008/api/cron/comms-social-worker
[2026-08-24T23:21:23.763Z] tick · social:cron-tick · status=200 · OK
[2026-08-24T23:22:17.442Z] tick · promotion:food:Yogyakarta:quality-check · spawning
[2026-08-24T23:22:17.632Z] tick · cle:conversation · spawning
[2026-08-24T23:22:17.928Z] tick · cle:conversation · exit=0 signal=- · OK
[2026-08-24T23:22:17.940Z] tick · promotion:food:Yogyakarta:quality-check · exit=0 signal=- · OK
[2026-08-24T23:22:18.779Z] tick · orchestration:zombie-reconciler · spawning
[2026-08-24T23:22:18.984Z] tick · orchestration:zombie-reconciler · exit=0 signal=- · OK
[2026-08-24T23:22:19.221Z] tick · brain:cron-tick · fetching GET http://localhost:3008/api/nex/brain/cron-tick
[2026-08-24T23:22:19.824Z] tick · brain:cron-tick · status=200 · OK
[2026-08-24T23:22:21.760Z] tick · discovery:orchestrator:tick · spawning
[2026-08-24T23:22:21.987Z] tick · discovery:orchestrator:tick · exit=0 signal=- · OK
[2026-08-24T23:22:23.576Z] tick · social:cron-tick · fetching GET http://localhost:3008/api/cron/comms-social-worker
[2026-08-24T23:22:23.709Z] tick · social:cron-tick · status=200 · OK
[2026-08-24T23:22:47.299Z] tick · discovery:rotation:tick · spawning
[2026-08-24T23:22:47.867Z] tick · discovery:rotation:tick · exit=0 signal=- · OK
[2026-08-24T23:23:21.767Z] tick · discovery:orchestrator:tick · spawning
[2026-08-24T23:23:22.040Z] tick · discovery:orchestrator:tick · exit=0 signal=- · OK
[2026-08-24T23:23:23.586Z] tick · social:cron-tick · fetching GET http://localhost:3008/api/cron/comms-social-worker
[2026-08-24T23:23:23.771Z] tick · social:cron-tick · status=200 · OK
[2026-08-24T23:24:21.779Z] tick · discovery:orchestrator:tick · spawning
[2026-08-24T23:24:22.075Z] tick · discovery:orchestrator:tick · exit=0 signal=- · OK
[2026-08-24T23:24:23.592Z] tick · social:cron-tick · fetching GET http://localhost:3008/api/cron/comms-social-worker
[2026-08-24T23:24:23.796Z] tick · social:cron-tick · status=200 · OK
[2026-08-24T23:25:18.782Z] tick · orchestration:zombie-reconciler · spawning
[2026-08-24T23:25:19.041Z] tick · orchestration:zombie-reconciler · exit=0 signal=- · OK
[2026-08-24T23:25:19.237Z] tick · brain:cron-tick · fetching GET http://localhost:3008/api/nex/brain/cron-tick
[2026-08-24T23:25:19.715Z] tick · brain:cron-tick · status=200 · OK
[2026-08-24T23:25:21.784Z] tick · discovery:orchestrator:tick · spawning
[2026-08-24T23:25:22.221Z] tick · discovery:orchestrator:tick · exit=0 signal=- · OK
[2026-08-24T23:25:23.593Z] tick · social:cron-tick · fetching GET http://localhost:3008/api/cron/comms-social-worker
[2026-08-24T23:25:23.729Z] tick · social:cron-tick · status=200 · OK
[2026-08-24T23:26:21.789Z] tick · discovery:orchestrator:tick · spawning
[2026-08-24T23:26:22.255Z] tick · discovery:orchestrator:tick · exit=0 signal=- · OK
[2026-08-24T23:26:23.599Z] tick · social:cron-tick · fetching GET http://localhost:3008/api/cron/comms-social-worker
[2026-08-24T23:26:23.940Z] tick · social:cron-tick · status=200 · OK
[2026-08-24T23:27:21.792Z] tick · discovery:orchestrator:tick · spawning
[2026-08-24T23:27:22.835Z] tick · discovery:orchestrator:tick · exit=0 signal=- · OK
[2026-08-24T23:27:23.609Z] tick · social:cron-tick · fetching GET http://localhost:3008/api/cron/comms-social-worker
[2026-08-24T23:27:24.444Z] tick · social:cron-tick · status=200 · OK
[2026-08-24T23:28:18.787Z] tick · orchestration:zombie-reconciler · spawning
[2026-08-24T23:28:19.165Z] tick · orchestration:zombie-reconciler · exit=0 signal=- · OK
[2026-08-24T23:28:19.237Z] tick · brain:cron-tick · fetching GET http://localhost:3008/api/nex/brain/cron-tick
[2026-08-24T23:28:20.833Z] tick · brain:cron-tick · status=200 · OK
[2026-08-24T23:28:21.794Z] tick · discovery:orchestrator:tick · spawning
[2026-08-24T23:28:22.332Z] tick · discovery:orchestrator:tick · exit=0 signal=- · OK
[2026-08-24T23:28:23.612Z] tick · social:cron-tick · fetching GET http://localhost:3008/api/cron/comms-social-worker
[2026-08-24T23:28:24.060Z] tick · social:cron-tick · status=200 · OK
[2026-08-24T23:29:21.799Z] tick · discovery:orchestrator:tick · spawning
[2026-08-24T23:29:22.178Z] tick · discovery:orchestrator:tick · exit=0 signal=- · OK
[2026-08-24T23:29:23.618Z] tick · social:cron-tick · fetching GET http://localhost:3008/api/cron/comms-social-worker
[2026-08-24T23:29:26.218Z] tick · social:cron-tick · status=200 · OK
[2026-08-24T23:30:21.799Z] tick · discovery:orchestrator:tick · spawning
[2026-08-24T23:30:22.458Z] tick · discovery:orchestrator:tick · exit=0 signal=- · OK
[2026-08-24T23:30:23.623Z] tick · social:cron-tick · fetching GET http://localhost:3008/api/cron/comms-social-worker
[2026-08-24T23:30:24.054Z] tick · social:cron-tick · status=200 · OK
[2026-08-24T23:31:18.810Z] tick · orchestration:zombie-reconciler · spawning
[2026-08-24T23:31:19.244Z] tick · brain:cron-tick · fetching GET http://localhost:3008/api/nex/brain/cron-tick
[2026-08-24T23:31:20.749Z] tick · orchestration:zombie-reconciler · exit=0 signal=- · OK
[2026-08-24T23:31:21.811Z] tick · discovery:orchestrator:tick · spawning
[2026-08-24T23:31:22.749Z] tick · discovery:orchestrator:tick · exit=0 signal=- · OK
[2026-08-24T23:31:23.632Z] tick · social:cron-tick · fetching GET http://localhost:3008/api/cron/comms-social-worker
[2026-08-24T23:31:27.077Z] tick · social:cron-tick · status=200 · OK
[2026-08-24T23:31:28.031Z] tick · brain:cron-tick · status=200 · OK
[2026-08-24T23:32:17.683Z] tick · cle:conversation · spawning
[2026-08-24T23:32:20.010Z] tick · cle:conversation · exit=0 signal=- · OK
[2026-08-24T23:32:21.842Z] tick · discovery:orchestrator:tick · spawning
[2026-08-24T23:32:22.547Z] tick · discovery:orchestrator:tick · exit=0 signal=- · OK
[2026-08-24T23:32:23.636Z] tick · social:cron-tick · fetching GET http://localhost:3008/api/cron/comms-social-worker
[2026-08-24T23:32:26.291Z] tick · social:cron-tick · status=200 · OK
[2026-08-24T23:32:47.326Z] tick · discovery:rotation:tick · spawning
[2026-08-24T23:32:51.286Z] tick · discovery:rotation:tick · exit=0 signal=- · OK
[2026-08-24T23:33:21.848Z] tick · discovery:orchestrator:tick · spawning
[2026-08-24T23:33:23.652Z] tick · social:cron-tick · fetching GET http://localhost:3008/api/cron/comms-social-worker
[2026-08-24T23:33:24.065Z] tick · discovery:orchestrator:tick · exit=0 signal=- · OK
[2026-08-24T23:33:26.937Z] tick · social:cron-tick · status=200 · OK
[2026-08-24T23:34:18.810Z] tick · orchestration:zombie-reconciler · spawning
[2026-08-24T23:34:19.254Z] tick · brain:cron-tick · fetching GET http://localhost:3008/api/nex/brain/cron-tick
[2026-08-24T23:34:20.459Z] tick · orchestration:zombie-reconciler · exit=0 signal=- · OK
[2026-08-24T23:34:21.865Z] tick · discovery:orchestrator:tick · spawning
[2026-08-24T23:34:23.151Z] tick · discovery:orchestrator:tick · exit=0 signal=- · OK
[2026-08-24T23:34:23.656Z] tick · social:cron-tick · fetching GET http://localhost:3008/api/cron/comms-social-worker
[2026-08-24T23:34:24.701Z] tick · social:cron-tick · status=200 · OK
[2026-08-24T23:34:25.013Z] tick · brain:cron-tick · status=200 · OK
[2026-08-24T23:35:21.876Z] tick · discovery:orchestrator:tick · spawning
[2026-08-24T23:35:22.587Z] tick · discovery:orchestrator:tick · exit=0 signal=- · OK
[2026-08-24T23:35:23.669Z] tick · social:cron-tick · fetching GET http://localhost:3008/api/cron/comms-social-worker
[2026-08-24T23:35:24.999Z] tick · social:cron-tick · status=200 · OK
[2026-08-24T23:36:21.889Z] tick · discovery:orchestrator:tick · spawning
[2026-08-24T23:36:22.841Z] tick · discovery:orchestrator:tick · exit=0 signal=- · OK
[2026-08-24T23:36:23.674Z] tick · social:cron-tick · fetching GET http://localhost:3008/api/cron/comms-social-worker
[2026-08-24T23:36:25.535Z] tick · social:cron-tick · status=200 · OK
[2026-08-24T23:37:18.809Z] tick · orchestration:zombie-reconciler · spawning
[2026-08-24T23:37:19.209Z] tick · orchestration:zombie-reconciler · exit=0 signal=- · OK
[2026-08-24T23:37:19.253Z] tick · brain:cron-tick · fetching GET http://localhost:3008/api/nex/brain/cron-tick
[2026-08-24T23:37:20.445Z] tick · brain:cron-tick · status=200 · OK
[2026-08-24T23:37:21.885Z] tick · discovery:orchestrator:tick · spawning
[2026-08-24T23:37:22.255Z] tick · discovery:orchestrator:tick · exit=0 signal=- · OK
[2026-08-24T23:37:23.677Z] tick · social:cron-tick · fetching GET http://localhost:3008/api/cron/comms-social-worker
[2026-08-24T23:37:23.844Z] tick · social:cron-tick · status=200 · OK
[2026-08-24T23:38:21.892Z] tick · discovery:orchestrator:tick · spawning
[2026-08-24T23:38:22.423Z] tick · discovery:orchestrator:tick · exit=0 signal=- · OK
[2026-08-24T23:38:23.679Z] tick · social:cron-tick · fetching GET http://localhost:3008/api/cron/comms-social-worker
[2026-08-24T23:38:24.049Z] tick · social:cron-tick · status=200 · OK
[2026-08-24T23:39:21.900Z] tick · discovery:orchestrator:tick · spawning
[2026-08-24T23:39:22.732Z] tick · discovery:orchestrator:tick · exit=0 signal=- · OK
[2026-08-24T23:39:23.681Z] tick · social:cron-tick · fetching GET http://localhost:3008/api/cron/comms-social-worker
[2026-08-24T23:39:23.980Z] tick · social:cron-tick · status=200 · OK
[2026-08-24T23:40:18.822Z] tick · orchestration:zombie-reconciler · spawning
[2026-08-24T23:40:19.179Z] tick · orchestration:zombie-reconciler · exit=0 signal=- · OK
[2026-08-24T23:40:19.265Z] tick · brain:cron-tick · fetching GET http://localhost:3008/api/nex/brain/cron-tick
[2026-08-24T23:40:20.086Z] tick · brain:cron-tick · status=200 · OK
[2026-08-24T23:40:21.911Z] tick · discovery:orchestrator:tick · spawning
[2026-08-24T23:40:22.296Z] tick · discovery:orchestrator:tick · exit=0 signal=- · OK
[2026-08-24T23:40:23.687Z] tick · social:cron-tick · fetching GET http://localhost:3008/api/cron/comms-social-worker
[2026-08-24T23:40:23.798Z] tick · social:cron-tick · status=200 · OK
[2026-08-24T23:41:21.911Z] tick · discovery:orchestrator:tick · spawning
[2026-08-24T23:41:22.218Z] tick · discovery:orchestrator:tick · exit=0 signal=- · OK
[2026-08-24T23:41:23.692Z] tick · social:cron-tick · fetching GET http://localhost:3008/api/cron/comms-social-worker
[2026-08-24T23:41:23.939Z] tick · social:cron-tick · status=200 · OK
[2026-08-24T23:42:17.698Z] tick · cle:conversation · spawning
[2026-08-24T23:42:17.987Z] tick · cle:conversation · exit=0 signal=- · OK
[2026-08-24T23:42:21.923Z] tick · discovery:orchestrator:tick · spawning
[2026-08-24T23:42:22.131Z] tick · discovery:orchestrator:tick · exit=0 signal=- · OK
[2026-08-24T23:42:23.704Z] tick · social:cron-tick · fetching GET http://localhost:3008/api/cron/comms-social-worker
[2026-08-24T23:42:23.830Z] tick · social:cron-tick · status=200 · OK
[2026-08-24T23:42:47.327Z] tick · discovery:rotation:tick · spawning
[2026-08-24T23:42:47.965Z] tick · discovery:rotation:tick · exit=0 signal=- · OK
[2026-08-24T23:43:18.832Z] tick · orchestration:zombie-reconciler · spawning
[2026-08-24T23:43:19.193Z] tick · orchestration:zombie-reconciler · exit=0 signal=- · OK
[2026-08-24T23:43:19.274Z] tick · brain:cron-tick · fetching GET http://localhost:3008/api/nex/brain/cron-tick
[2026-08-24T23:43:20.069Z] tick · brain:cron-tick · status=200 · OK
[2026-08-24T23:43:21.927Z] tick · discovery:orchestrator:tick · spawning
[2026-08-24T23:43:22.386Z] tick · discovery:orchestrator:tick · exit=0 signal=- · OK
[2026-08-24T23:43:23.704Z] tick · social:cron-tick · fetching GET http://localhost:3008/api/cron/comms-social-worker
[2026-08-24T23:43:23.940Z] tick · social:cron-tick · status=200 · OK
[2026-08-24T23:44:21.937Z] tick · discovery:orchestrator:tick · spawning
[2026-08-24T23:44:22.229Z] tick · discovery:orchestrator:tick · exit=0 signal=- · OK
[2026-08-24T23:44:23.704Z] tick · social:cron-tick · fetching GET http://localhost:3008/api/cron/comms-social-worker
[2026-08-24T23:44:24.039Z] tick · social:cron-tick · status=200 · OK
[2026-08-24T23:45:21.951Z] tick · discovery:orchestrator:tick · spawning
[2026-08-24T23:45:22.260Z] tick · discovery:orchestrator:tick · exit=0 signal=- · OK
[2026-08-24T23:45:23.710Z] tick · social:cron-tick · fetching GET http://localhost:3008/api/cron/comms-social-worker
[2026-08-24T23:45:24.023Z] tick · social:cron-tick · status=200 · OK
[2026-08-24T23:46:18.840Z] tick · orchestration:zombie-reconciler · spawning
[2026-08-24T23:46:19.087Z] tick · orchestration:zombie-reconciler · exit=0 signal=- · OK
[2026-08-24T23:46:19.277Z] tick · brain:cron-tick · fetching GET http://localhost:3008/api/nex/brain/cron-tick
[2026-08-24T23:46:19.943Z] tick · brain:cron-tick · status=200 · OK
[2026-08-24T23:46:21.958Z] tick · discovery:orchestrator:tick · spawning
[2026-08-24T23:46:22.300Z] tick · discovery:orchestrator:tick · exit=0 signal=- · OK
[2026-08-24T23:46:23.715Z] tick · social:cron-tick · fetching GET http://localhost:3008/api/cron/comms-social-worker
[2026-08-24T23:46:23.899Z] tick · social:cron-tick · status=200 · OK
[2026-08-24T23:47:21.957Z] tick · discovery:orchestrator:tick · spawning
[2026-08-24T23:47:22.323Z] tick · discovery:orchestrator:tick · exit=0 signal=- · OK
[2026-08-24T23:47:23.719Z] tick · social:cron-tick · fetching GET http://localhost:3008/api/cron/comms-social-worker
[2026-08-24T23:47:23.966Z] tick · social:cron-tick · status=200 · OK
[2026-08-24T23:48:21.963Z] tick · discovery:orchestrator:tick · spawning
[2026-08-24T23:48:22.263Z] tick · discovery:orchestrator:tick · exit=0 signal=- · OK
[2026-08-24T23:48:23.726Z] tick · social:cron-tick · fetching GET http://localhost:3008/api/cron/comms-social-worker
[2026-08-24T23:48:24.045Z] tick · social:cron-tick · status=200 · OK
[2026-08-24T23:49:18.844Z] tick · orchestration:zombie-reconciler · spawning
[2026-08-24T23:49:19.115Z] tick · orchestration:zombie-reconciler · exit=0 signal=- · OK
[2026-08-24T23:49:19.278Z] tick · brain:cron-tick · fetching GET http://localhost:3008/api/nex/brain/cron-tick
[2026-08-24T23:49:19.796Z] tick · brain:cron-tick · status=200 · OK
[2026-08-24T23:49:21.977Z] tick · discovery:orchestrator:tick · spawning
[2026-08-24T23:49:22.563Z] tick · discovery:orchestrator:tick · exit=0 signal=- · OK
[2026-08-24T23:49:23.737Z] tick · social:cron-tick · fetching GET http://localhost:3008/api/cron/comms-social-worker
[2026-08-24T23:49:23.848Z] tick · social:cron-tick · status=200 · OK
[2026-08-24T23:50:21.993Z] tick · discovery:orchestrator:tick · spawning
[2026-08-24T23:50:22.665Z] tick · discovery:orchestrator:tick · exit=0 signal=- · OK
[2026-08-24T23:50:23.737Z] tick · social:cron-tick · fetching GET http://localhost:3008/api/cron/comms-social-worker
[2026-08-24T23:50:24.018Z] tick · social:cron-tick · status=200 · OK
[2026-08-24T23:51:22.003Z] tick · discovery:orchestrator:tick · spawning
[2026-08-24T23:51:22.481Z] tick · discovery:orchestrator:tick · exit=0 signal=- · OK
[2026-08-24T23:51:23.753Z] tick · social:cron-tick · fetching GET http://localhost:3008/api/cron/comms-social-worker
[2026-08-24T23:51:24.058Z] tick · social:cron-tick · status=200 · OK
[2026-08-24T23:52:17.444Z] tick · promotion:food:Yogyakarta:quality-check · spawning
[2026-08-24T23:52:17.700Z] tick · cle:conversation · spawning
[2026-08-24T23:52:18.176Z] tick · cle:conversation · exit=0 signal=- · OK
[2026-08-24T23:52:18.194Z] tick · promotion:food:Yogyakarta:quality-check · exit=0 signal=- · OK
[2026-08-24T23:52:18.846Z] tick · orchestration:zombie-reconciler · spawning
[2026-08-24T23:52:19.139Z] tick · orchestration:zombie-reconciler · exit=0 signal=- · OK
[2026-08-24T23:52:19.284Z] tick · brain:cron-tick · fetching GET http://localhost:3008/api/nex/brain/cron-tick
[2026-08-24T23:52:20.052Z] tick · brain:cron-tick · status=200 · OK
[2026-08-24T23:52:22.009Z] tick · discovery:orchestrator:tick · spawning
[2026-08-24T23:52:22.368Z] tick · discovery:orchestrator:tick · exit=0 signal=- · OK
[2026-08-24T23:52:23.757Z] tick · social:cron-tick · fetching GET http://localhost:3008/api/cron/comms-social-worker
[2026-08-24T23:52:24.021Z] tick · social:cron-tick · status=200 · OK
[2026-08-24T23:52:47.339Z] tick · discovery:rotation:tick · spawning
[2026-08-24T23:52:48.013Z] tick · discovery:rotation:tick · exit=0 signal=- · OK
[2026-08-24T23:53:22.012Z] tick · discovery:orchestrator:tick · spawning
[2026-08-24T23:53:22.614Z] tick · discovery:orchestrator:tick · exit=0 signal=- · OK
[2026-08-24T23:53:23.765Z] tick · social:cron-tick · fetching GET http://localhost:3008/api/cron/comms-social-worker
[2026-08-24T23:53:24.091Z] tick · social:cron-tick · status=200 · OK
[2026-08-24T23:54:22.011Z] tick · discovery:orchestrator:tick · spawning
[2026-08-24T23:54:22.750Z] tick · discovery:orchestrator:tick · exit=0 signal=- · OK
[2026-08-24T23:54:23.766Z] tick · social:cron-tick · fetching GET http://localhost:3008/api/cron/comms-social-worker
[2026-08-24T23:54:24.243Z] tick · social:cron-tick · status=200 · OK
[2026-08-24T23:55:18.849Z] tick · orchestration:zombie-reconciler · spawning
[2026-08-24T23:55:19.286Z] tick · brain:cron-tick · fetching GET http://localhost:3008/api/nex/brain/cron-tick
[2026-08-24T23:55:19.375Z] tick · orchestration:zombie-reconciler · exit=0 signal=- · OK
[2026-08-24T23:55:20.401Z] tick · brain:cron-tick · status=200 · OK
[2026-08-24T23:55:22.016Z] tick · discovery:orchestrator:tick · spawning
[2026-08-24T23:55:22.402Z] tick · discovery:orchestrator:tick · exit=0 signal=- · OK
[2026-08-24T23:55:23.772Z] tick · social:cron-tick · fetching GET http://localhost:3008/api/cron/comms-social-worker
[2026-08-24T23:55:23.889Z] tick · social:cron-tick · status=200 · OK
[2026-08-24T23:56:22.023Z] tick · discovery:orchestrator:tick · spawning
[2026-08-24T23:56:22.259Z] tick · discovery:orchestrator:tick · exit=0 signal=- · OK
[2026-08-24T23:56:23.771Z] tick · social:cron-tick · fetching GET http://localhost:3008/api/cron/comms-social-worker
[2026-08-24T23:56:23.980Z] tick · social:cron-tick · status=200 · OK
[2026-08-24T23:57:22.024Z] tick · discovery:orchestrator:tick · spawning
[2026-08-24T23:57:22.358Z] tick · discovery:orchestrator:tick · exit=0 signal=- · OK
[2026-08-24T23:57:23.768Z] tick · social:cron-tick · fetching GET http://localhost:3008/api/cron/comms-social-worker
[2026-08-24T23:57:24.015Z] tick · social:cron-tick · status=200 · OK
[2026-08-24T23:58:18.852Z] tick · orchestration:zombie-reconciler · spawning
[2026-08-24T23:58:19.249Z] tick · orchestration:zombie-reconciler · exit=0 signal=- · OK
[2026-08-24T23:58:19.289Z] tick · brain:cron-tick · fetching GET http://localhost:3008/api/nex/brain/cron-tick
[2026-08-24T23:58:20.343Z] tick · brain:cron-tick · status=200 · OK
[2026-08-24T23:58:22.033Z] tick · discovery:orchestrator:tick · spawning
[2026-08-24T23:58:22.622Z] tick · discovery:orchestrator:tick · exit=0 signal=- · OK
[2026-08-24T23:58:23.777Z] tick · social:cron-tick · fetching GET http://localhost:3008/api/cron/comms-social-worker
[2026-08-24T23:58:23.909Z] tick · social:cron-tick · status=200 · OK
[2026-08-24T23:59:22.034Z] tick · discovery:orchestrator:tick · spawning
[2026-08-24T23:59:22.291Z] tick · discovery:orchestrator:tick · exit=0 signal=- · OK
[2026-08-24T23:59:23.784Z] tick · social:cron-tick · fetching GET http://localhost:3008/api/cron/comms-social-worker
[2026-08-24T23:59:24.030Z] tick · social:cron-tick · status=200 · OK
[2026-08-25T00:00:22.038Z] tick · discovery:orchestrator:tick · spawning
[2026-08-25T00:00:22.535Z] tick · discovery:orchestrator:tick · exit=0 signal=- · OK
[2026-08-25T00:00:23.787Z] tick · social:cron-tick · fetching GET http://localhost:3008/api/cron/comms-social-worker
[2026-08-25T00:00:24.206Z] tick · social:cron-tick · status=200 · OK
[2026-08-25T00:01:18.856Z] tick · orchestration:zombie-reconciler · spawning
[2026-08-25T00:01:19.135Z] tick · orchestration:zombie-reconciler · exit=0 signal=- · OK
[2026-08-25T00:01:19.293Z] tick · brain:cron-tick · fetching GET http://localhost:3008/api/nex/brain/cron-tick
[2026-08-25T00:01:19.875Z] tick · brain:cron-tick · status=200 · OK
[2026-08-25T00:01:22.042Z] tick · discovery:orchestrator:tick · spawning
[2026-08-25T00:01:22.383Z] tick · discovery:orchestrator:tick · exit=0 signal=- · OK
[2026-08-25T00:01:23.792Z] tick · social:cron-tick · fetching GET http://localhost:3008/api/cron/comms-social-worker
[2026-08-25T00:01:23.961Z] tick · social:cron-tick · status=200 · OK
[2026-08-25T00:02:17.703Z] tick · cle:conversation · spawning
[2026-08-25T00:02:18.068Z] tick · cle:conversation · exit=0 signal=- · OK
[2026-08-25T00:02:22.043Z] tick · discovery:orchestrator:tick · spawning
[2026-08-25T00:02:22.380Z] tick · discovery:orchestrator:tick · exit=0 signal=- · OK
[2026-08-25T00:02:23.798Z] tick · social:cron-tick · fetching GET http://localhost:3008/api/cron/comms-social-worker
[2026-08-25T00:02:24.075Z] tick · social:cron-tick · status=200 · OK
[2026-08-25T00:02:47.347Z] tick · discovery:rotation:tick · spawning
[2026-08-25T00:02:48.170Z] tick · discovery:rotation:tick · exit=0 signal=- · OK
[2026-08-25T00:03:22.060Z] tick · discovery:orchestrator:tick · spawning
[2026-08-25T00:03:22.352Z] tick · discovery:orchestrator:tick · exit=0 signal=- · OK
[2026-08-25T00:03:23.798Z] tick · social:cron-tick · fetching GET http://localhost:3008/api/cron/comms-social-worker
[2026-08-25T00:03:24.061Z] tick · social:cron-tick · status=200 · OK
[2026-08-25T00:04:18.904Z] tick · orchestration:zombie-reconciler · spawning
[2026-08-25T00:04:19.300Z] tick · brain:cron-tick · fetching GET http://localhost:3008/api/nex/brain/cron-tick
[2026-08-25T00:04:20.078Z] tick · orchestration:zombie-reconciler · exit=0 signal=- · OK
[2026-08-25T00:04:22.063Z] tick · discovery:orchestrator:tick · spawning
[2026-08-25T00:04:22.856Z] tick · discovery:orchestrator:tick · exit=0 signal=- · OK
[2026-08-25T00:04:23.806Z] tick · social:cron-tick · fetching GET http://localhost:3008/api/cron/comms-social-worker
[2026-08-25T00:04:38.167Z] tick · social:cron-tick · status=200 · OK
[2026-08-25T00:04:38.577Z] tick · brain:cron-tick · status=200 · OK
[2026-08-25T00:05:22.064Z] tick · discovery:orchestrator:tick · spawning
[2026-08-25T00:05:22.504Z] tick · discovery:orchestrator:tick · exit=0 signal=- · OK
[2026-08-25T00:05:23.814Z] tick · social:cron-tick · fetching GET http://localhost:3008/api/cron/comms-social-worker
[2026-08-25T00:05:24.076Z] tick · social:cron-tick · status=200 · OK
[2026-08-25T00:06:22.077Z] tick · discovery:orchestrator:tick · spawning
[2026-08-25T00:06:23.615Z] tick · discovery:orchestrator:tick · exit=0 signal=- · OK
[2026-08-25T00:06:23.827Z] tick · social:cron-tick · fetching GET http://localhost:3008/api/cron/comms-social-worker
[2026-08-25T00:06:25.075Z] tick · social:cron-tick · status=200 · OK
[2026-08-25T00:07:18.931Z] tick · orchestration:zombie-reconciler · spawning
[2026-08-25T00:07:19.304Z] tick · brain:cron-tick · fetching GET http://localhost:3008/api/nex/brain/cron-tick
[2026-08-25T00:07:20.636Z] tick · orchestration:zombie-reconciler · exit=0 signal=- · OK
[2026-08-25T00:07:22.080Z] tick · discovery:orchestrator:tick · spawning
[2026-08-25T00:07:23.550Z] tick · discovery:orchestrator:tick · exit=0 signal=- · OK
[2026-08-25T00:07:23.828Z] tick · social:cron-tick · fetching GET http://localhost:3008/api/cron/comms-social-worker
[2026-08-25T00:07:31.226Z] tick · social:cron-tick · status=200 · OK
[2026-08-25T00:07:31.945Z] tick · brain:cron-tick · status=200 · OK
[2026-08-25T00:08:22.121Z] tick · discovery:orchestrator:tick · spawning
[2026-08-25T00:08:23.287Z] tick · discovery:orchestrator:tick · exit=0 signal=- · OK
[2026-08-25T00:08:23.830Z] tick · social:cron-tick · fetching GET http://localhost:3008/api/cron/comms-social-worker
[2026-08-25T00:08:25.497Z] tick · social:cron-tick · status=200 · OK
[2026-08-25T00:09:22.144Z] tick · discovery:orchestrator:tick · spawning
[2026-08-25T00:09:22.936Z] tick · discovery:orchestrator:tick · exit=0 signal=- · OK
[2026-08-25T00:09:23.838Z] tick · social:cron-tick · fetching GET http://localhost:3008/api/cron/comms-social-worker
[2026-08-25T00:09:24.331Z] tick · social:cron-tick · status=200 · OK
[2026-08-25T00:10:18.952Z] tick · orchestration:zombie-reconciler · spawning
[2026-08-25T00:10:19.305Z] tick · brain:cron-tick · fetching GET http://localhost:3008/api/nex/brain/cron-tick
[2026-08-25T00:10:20.585Z] tick · orchestration:zombie-reconciler · exit=0 signal=- · OK
[2026-08-25T00:10:21.769Z] tick · brain:cron-tick · status=200 · OK
[2026-08-25T00:10:22.142Z] tick · discovery:orchestrator:tick · spawning
[2026-08-25T00:10:23.110Z] tick · discovery:orchestrator:tick · exit=0 signal=- · OK
[2026-08-25T00:10:23.839Z] tick · social:cron-tick · fetching GET http://localhost:3008/api/cron/comms-social-worker
[2026-08-25T00:10:24.201Z] tick · social:cron-tick · status=200 · OK
[2026-08-25T00:11:22.189Z] tick · discovery:orchestrator:tick · spawning
[2026-08-25T00:11:23.849Z] tick · social:cron-tick · fetching GET http://localhost:3008/api/cron/comms-social-worker
[2026-08-25T00:11:24.117Z] tick · discovery:orchestrator:tick · exit=0 signal=- · OK
[2026-08-25T00:11:27.543Z] tick · social:cron-tick · status=200 · OK
[2026-08-25T00:12:17.769Z] tick · cle:conversation · spawning
[2026-08-25T00:12:21.244Z] tick · cle:conversation · exit=0 signal=- · OK
[2026-08-25T00:12:22.194Z] tick · discovery:orchestrator:tick · spawning
[2026-08-25T00:12:22.753Z] tick · discovery:orchestrator:tick · exit=0 signal=- · OK
[2026-08-25T00:12:23.845Z] tick · social:cron-tick · fetching GET http://localhost:3008/api/cron/comms-social-worker
[2026-08-25T00:12:24.573Z] tick · social:cron-tick · status=200 · OK
[2026-08-25T00:12:47.347Z] tick · discovery:rotation:tick · spawning
[2026-08-25T00:12:48.470Z] tick · discovery:rotation:tick · exit=0 signal=- · OK
[2026-08-25T00:13:18.951Z] tick · orchestration:zombie-reconciler · spawning
[2026-08-25T00:13:19.306Z] tick · brain:cron-tick · fetching GET http://localhost:3008/api/nex/brain/cron-tick
[2026-08-25T00:13:19.428Z] tick · orchestration:zombie-reconciler · exit=0 signal=- · OK
[2026-08-25T00:13:20.137Z] tick · brain:cron-tick · status=200 · OK
[2026-08-25T00:13:22.197Z] tick · discovery:orchestrator:tick · spawning
[2026-08-25T00:13:23.418Z] tick · discovery:orchestrator:tick · exit=0 signal=- · OK
[2026-08-25T00:13:23.850Z] tick · social:cron-tick · fetching GET http://localhost:3008/api/cron/comms-social-worker
[2026-08-25T00:13:24.741Z] tick · social:cron-tick · status=200 · OK
[2026-08-25T00:14:22.206Z] tick · discovery:orchestrator:tick · spawning
[2026-08-25T00:14:22.691Z] tick · discovery:orchestrator:tick · exit=0 signal=- · OK
[2026-08-25T00:14:23.856Z] tick · social:cron-tick · fetching GET http://localhost:3008/api/cron/comms-social-worker
[2026-08-25T00:14:24.504Z] tick · social:cron-tick · status=200 · OK
[2026-08-25T00:15:22.207Z] tick · discovery:orchestrator:tick · spawning
[2026-08-25T00:15:22.828Z] tick · discovery:orchestrator:tick · exit=0 signal=- · OK
[2026-08-25T00:15:23.860Z] tick · social:cron-tick · fetching GET http://localhost:3008/api/cron/comms-social-worker
[2026-08-25T00:15:24.618Z] tick · social:cron-tick · status=200 · OK
[2026-08-25T00:16:18.966Z] tick · orchestration:zombie-reconciler · spawning
[2026-08-25T00:16:19.321Z] tick · brain:cron-tick · fetching GET http://localhost:3008/api/nex/brain/cron-tick
[2026-08-25T00:16:20.633Z] tick · orchestration:zombie-reconciler · exit=0 signal=- · OK
[2026-08-25T00:16:22.223Z] tick · discovery:orchestrator:tick · spawning
[2026-08-25T00:16:23.517Z] tick · discovery:orchestrator:tick · exit=0 signal=- · OK
[2026-08-25T00:16:23.862Z] tick · social:cron-tick · fetching GET http://localhost:3008/api/cron/comms-social-worker
[2026-08-25T00:16:28.290Z] tick · social:cron-tick · status=200 · OK
[2026-08-25T00:16:28.691Z] tick · brain:cron-tick · status=200 · OK
[2026-08-25T00:17:22.237Z] tick · discovery:orchestrator:tick · spawning
[2026-08-25T00:17:23.070Z] tick · discovery:orchestrator:tick · exit=0 signal=- · OK
[2026-08-25T00:17:23.866Z] tick · social:cron-tick · fetching GET http://localhost:3008/api/cron/comms-social-worker
[2026-08-25T00:17:25.333Z] tick · social:cron-tick · status=200 · OK
[2026-08-25T00:18:22.243Z] tick · discovery:orchestrator:tick · spawning
[2026-08-25T00:18:22.751Z] tick · discovery:orchestrator:tick · exit=0 signal=- · OK
[2026-08-25T00:18:23.872Z] tick · social:cron-tick · fetching GET http://localhost:3008/api/cron/comms-social-worker
[2026-08-25T00:18:24.715Z] tick · social:cron-tick · status=200 · OK
[2026-08-25T00:19:18.966Z] tick · orchestration:zombie-reconciler · spawning
[2026-08-25T00:19:19.322Z] tick · brain:cron-tick · fetching GET http://localhost:3008/api/nex/brain/cron-tick
[2026-08-25T00:19:19.842Z] tick · orchestration:zombie-reconciler · exit=0 signal=- · OK
[2026-08-25T00:19:22.257Z] tick · discovery:orchestrator:tick · spawning
[2026-08-25T00:19:23.288Z] tick · discovery:orchestrator:tick · exit=0 signal=- · OK
[2026-08-25T00:19:23.873Z] tick · social:cron-tick · fetching GET http://localhost:3008/api/cron/comms-social-worker
[2026-08-25T00:19:27.474Z] tick · social:cron-tick · status=200 · OK
[2026-08-25T00:19:28.711Z] tick · brain:cron-tick · status=200 · OK
[2026-08-25T00:20:22.290Z] tick · discovery:orchestrator:tick · spawning
[2026-08-25T00:20:23.580Z] tick · discovery:orchestrator:tick · exit=0 signal=- · OK
[2026-08-25T00:20:23.875Z] tick · social:cron-tick · fetching GET http://localhost:3008/api/cron/comms-social-worker
[2026-08-25T00:20:25.794Z] tick · social:cron-tick · status=200 · OK
[2026-08-25T00:21:22.297Z] tick · discovery:orchestrator:tick · spawning
[2026-08-25T00:21:23.888Z] tick · social:cron-tick · fetching GET http://localhost:3008/api/cron/comms-social-worker
[2026-08-25T00:21:25.797Z] tick · social:cron-tick · status=200 · OK
[2026-08-25T00:21:26.674Z] tick · discovery:orchestrator:tick · exit=2147483651 signal=- · FAIL
  --- last 20 lines of output ---
  #
  # Fatal process out of memory: Re-embedded builtins: set permissions
  #
  ----- Native stack trace -----
   1: 00007FF6E922E43D node::MultiIsolatePlatform::DisposeIsolate+8061
   2: 00007FF6E8693956 v8::base::FatalOOM+54
   3: 00007FF6E7F2DC96 v8::Function::NewInstance+390
   4: 00007FF6E7D94E7E v8::CppHeap::CollectGarbageInYoungGenerationForTesting+111502
   5: 00007FF6E7DC84DF SSL_CTX_set_default_read_buffer_len+41247
   6: 00007FF6E7DC8F92 SSL_CTX_set_default_read_buffer_len+43986
   7: 00007FF6E7DC9972 SSL_CTX_set_default_read_buffer_len+46514
   8: 00007FF6E78C48B3 v8::internal::Version::GetSONAME+125171
   9: 00007FF6E7F58BA6 v8::Isolate::Initialize+662
  10: 00007FF6E93F512D node::SetIsolateUpForNode+685
  11: 00007FF6E9273675 node::MultiIsolatePlatform::DisposeIsolate+291253
  12: 00007FF6E9345E7F node::Start+3887
  13: 00007FF6E93FD222 node::AsyncResource::CallbackScope::CallbackScope+610
  14: 00007FF6E961BBB4 node::AsyncResource::CallbackScope::CallbackScope+2223092
  15: 00007FFEB806CCB7 BaseThreadInitThunk+23
  16: 00007FFEB980AD6C RtlUserThreadStart+44
  --------------------------------
[2026-08-25T00:22:17.464Z] tick · promotion:food:Yogyakarta:quality-check · spawning
[2026-08-25T00:22:17.769Z] tick · cle:conversation · spawning
[2026-08-25T00:22:18.346Z] tick · cle:conversation · exit=0 signal=- · OK
[2026-08-25T00:22:18.456Z] tick · promotion:food:Yogyakarta:quality-check · exit=0 signal=- · OK
[2026-08-25T00:22:18.969Z] tick · orchestration:zombie-reconciler · spawning
[2026-08-25T00:22:19.326Z] tick · brain:cron-tick · fetching GET http://localhost:3008/api/nex/brain/cron-tick
[2026-08-25T00:22:19.673Z] tick · orchestration:zombie-reconciler · exit=0 signal=- · OK
[2026-08-25T00:22:22.270Z] tick · brain:cron-tick · status=200 · OK
[2026-08-25T00:22:22.302Z] tick · discovery:orchestrator:tick · spawning
[2026-08-25T00:22:22.708Z] tick · discovery:orchestrator:tick · exit=0 signal=- · OK
[2026-08-25T00:22:23.893Z] tick · social:cron-tick · fetching GET http://localhost:3008/api/cron/comms-social-worker
[2026-08-25T00:22:24.427Z] tick · social:cron-tick · status=200 · OK
[2026-08-25T00:22:47.361Z] tick · discovery:rotation:tick · spawning
[2026-08-25T00:22:48.920Z] tick · discovery:rotation:tick · exit=0 signal=- · OK
[2026-08-25T00:35:58.994Z] tick · discovery:orchestrator:tick · spawning
[2026-08-25T00:35:59.339Z] tick · social:cron-tick · fetching GET http://localhost:3008/api/cron/comms-social-worker
[2026-08-25T00:35:59.393Z] tick · orchestration:zombie-reconciler · spawning
[2026-08-25T00:35:59.405Z] tick · brain:cron-tick · fetching GET http://localhost:3008/api/nex/brain/cron-tick
[2026-08-25T00:35:59.436Z] tick · cle:conversation · spawning
[2026-08-25T00:35:59.452Z] tick · discovery:rotation:tick · spawning
[2026-08-25T00:36:01.038Z] tick · orchestration:zombie-reconciler · exit=0 signal=- · OK
[2026-08-25T00:36:01.039Z] tick · discovery:orchestrator:tick · exit=0 signal=- · OK
[2026-08-25T00:36:01.085Z] tick · cle:conversation · exit=0 signal=- · OK
[2026-08-25T00:36:01.517Z] tick · discovery:rotation:tick · exit=0 signal=- · OK
[2026-08-25T08:35:52.039Z] tick · discovery:orchestrator:tick · spawning
[2026-08-25T08:35:52.611Z] tick · social:cron-tick · fetch error · This operation was aborted
[2026-08-25T08:35:52.615Z] tick · social:cron-tick · fetching GET http://localhost:3008/api/cron/comms-social-worker
[2026-08-25T08:35:52.621Z] tick · brain:cron-tick · fetch error · This operation was aborted
[2026-08-25T08:35:52.622Z] tick · orchestration:zombie-reconciler · spawning
[2026-08-25T08:35:53.481Z] tick · brain:cron-tick · fetching GET http://localhost:3008/api/nex/brain/cron-tick
[2026-08-25T08:35:53.550Z] tick · cle:conversation · spawning
[2026-08-25T08:35:53.968Z] tick · discovery:rotation:tick · spawning
[2026-08-25T08:35:54.052Z] tick · promotion:food:Yogyakarta:quality-check · spawning
[2026-08-25T08:35:55.224Z] tick · discovery:orchestrator:tick · exit=0 signal=- · OK
[2026-08-25T08:35:55.303Z] tick · orchestration:zombie-reconciler · exit=0 signal=- · OK
[2026-08-25T08:35:56.651Z] tick · cle:conversation · exit=0 signal=- · OK
[2026-08-25T08:35:56.807Z] tick · promotion:food:Yogyakarta:quality-check · exit=0 signal=- · OK
[2026-08-25T08:35:57.829Z] tick · discovery:rotation:tick · exit=0 signal=- · OK
[2026-08-25T08:36:24.395Z] tick · social:cron-tick · status=200 · OK
[2026-08-25T08:36:30.283Z] tick · brain:cron-tick · status=200 · OK
[2026-08-25T08:36:52.073Z] tick · discovery:orchestrator:tick · spawning
[2026-08-25T08:36:52.627Z] tick · social:cron-tick · fetching GET http://localhost:3008/api/cron/comms-social-worker
[2026-08-25T08:36:53.499Z] tick · discovery:orchestrator:tick · exit=0 signal=- · OK
[2026-08-25T08:36:55.567Z] tick · social:cron-tick · status=200 · OK
[2026-08-25T08:37:52.878Z] tick · discovery:orchestrator:tick · spawning
[2026-08-25T08:37:53.387Z] tick · social:cron-tick · fetching GET http://localhost:3008/api/cron/comms-social-worker
[2026-08-25T08:37:54.837Z] tick · discovery:orchestrator:tick · exit=0 signal=- · OK
