
> xrated-trades@0.1.0 dev:workers
> node --env-file=.env.local scripts/nex-dev-scheduler.mjs


nex-dev-scheduler · started 2026-08-25T09:00:17.197Z
opt-in gate: NEX_DEV_WORKERS=1 (verified)
scheduled workers:
  · discovery:rotation:tick  every 600s  →  spawn node scripts/nex-discovery-rotation/_rotation-tick.mjs
  · discovery:orchestrator:tick  every 60s  →  spawn node scripts/nex-discovery-orchestrator/_orchestrator-tick.mjs
  · orchestration:zombie-reconciler  every 180s  →  spawn node scripts/nex-orchestration/_zombie-reconciler.mjs
  · cle:conversation  every 600s  →  spawn node scripts/nex-conv/cle/run-cle-cycle.mjs --config=staircase --apply
  · brain:cron-tick  every 180s  →  HTTP GET http://localhost:3008/api/nex/brain/cron-tick
  · social:cron-tick  every 60s  →  HTTP GET http://localhost:3008/api/cron/comms-social-worker
  · promotion:food:Yogyakarta:quality-check  every 1800s  →  spawn node scripts/nex-promotion/run-quality-check.mjs --vertical=food --city=Yogyakarta --apply
ctrl+c to stop · runs foreground · logs every tick + outcome

[2026-08-25T09:00:17.205Z] discovery:rotation:tick · deferred first tick by 30s (offset from orchestrator cadence)
[2026-08-25T09:00:17.206Z] tick · discovery:orchestrator:tick · spawning
[2026-08-25T09:00:17.222Z] tick · orchestration:zombie-reconciler · spawning
[2026-08-25T09:00:17.241Z] tick · cle:conversation · spawning
[2026-08-25T09:00:17.258Z] tick · brain:cron-tick · fetching GET http://localhost:3008/api/nex/brain/cron-tick
[2026-08-25T09:00:17.326Z] tick · social:cron-tick · fetching GET http://localhost:3008/api/cron/comms-social-worker
[2026-08-25T09:00:17.328Z] tick · promotion:food:Yogyakarta:quality-check · spawning
[2026-08-25T09:00:19.661Z] tick · orchestration:zombie-reconciler · exit=0 signal=- · OK
[2026-08-25T09:00:19.666Z] tick · discovery:orchestrator:tick · exit=0 signal=- · OK
[2026-08-25T09:00:19.732Z] tick · social:cron-tick · status=200 · OK
[2026-08-25T09:00:19.803Z] tick · cle:conversation · exit=0 signal=- · OK
[2026-08-25T09:00:19.955Z] tick · promotion:food:Yogyakarta:quality-check · exit=0 signal=- · OK
[2026-08-25T09:00:20.063Z] tick · brain:cron-tick · status=200 · OK
[2026-08-25T09:00:47.211Z] tick · discovery:rotation:tick · spawning
[2026-08-25T09:00:48.023Z] tick · discovery:rotation:tick · exit=0 signal=- · OK
[2026-08-25T09:01:17.236Z] tick · discovery:orchestrator:tick · spawning
[2026-08-25T09:01:17.340Z] tick · social:cron-tick · fetching GET http://localhost:3008/api/cron/comms-social-worker
[2026-08-25T09:01:17.453Z] tick · social:cron-tick · status=200 · OK
[2026-08-25T09:01:17.705Z] tick · discovery:orchestrator:tick · exit=0 signal=- · OK
[2026-08-25T09:02:17.251Z] tick · discovery:orchestrator:tick · spawning
[2026-08-25T09:02:17.354Z] tick · social:cron-tick · fetching GET http://localhost:3008/api/cron/comms-social-worker
[2026-08-25T09:02:17.492Z] tick · social:cron-tick · status=200 · OK
[2026-08-25T09:02:17.500Z] tick · discovery:orchestrator:tick · exit=0 signal=- · OK
[2026-08-25T09:03:17.250Z] tick · orchestration:zombie-reconciler · spawning
[2026-08-25T09:03:17.263Z] tick · discovery:orchestrator:tick · spawning
[2026-08-25T09:03:17.335Z] tick · brain:cron-tick · fetching GET http://localhost:3008/api/nex/brain/cron-tick
[2026-08-25T09:03:17.351Z] tick · social:cron-tick · fetching GET http://localhost:3008/api/cron/comms-social-worker
[2026-08-25T09:03:17.852Z] tick · orchestration:zombie-reconciler · exit=0 signal=- · OK
[2026-08-25T09:03:17.860Z] tick · social:cron-tick · status=200 · OK
[2026-08-25T09:03:17.876Z] tick · discovery:orchestrator:tick · exit=0 signal=- · OK
[2026-08-25T09:03:17.991Z] tick · brain:cron-tick · status=200 · OK
[2026-08-25T09:04:17.267Z] tick · discovery:orchestrator:tick · spawning
[2026-08-25T09:04:17.359Z] tick · social:cron-tick · fetching GET http://localhost:3008/api/cron/comms-social-worker
[2026-08-25T09:04:17.466Z] tick · social:cron-tick · status=200 · OK
[2026-08-25T09:04:17.500Z] tick · discovery:orchestrator:tick · exit=0 signal=- · OK
[2026-08-25T09:05:17.267Z] tick · discovery:orchestrator:tick · spawning
[2026-08-25T09:05:17.377Z] tick · social:cron-tick · fetching GET http://localhost:3008/api/cron/comms-social-worker
[2026-08-25T09:05:17.524Z] tick · discovery:orchestrator:tick · exit=0 signal=- · OK
[2026-08-25T09:05:17.574Z] tick · social:cron-tick · status=200 · OK
[2026-08-25T09:06:17.253Z] tick · orchestration:zombie-reconciler · spawning
[2026-08-25T09:06:17.266Z] tick · discovery:orchestrator:tick · spawning
[2026-08-25T09:06:17.338Z] tick · brain:cron-tick · fetching GET http://localhost:3008/api/nex/brain/cron-tick
[2026-08-25T09:06:17.379Z] tick · social:cron-tick · fetching GET http://localhost:3008/api/cron/comms-social-worker
[2026-08-25T09:06:17.472Z] tick · orchestration:zombie-reconciler · exit=0 signal=- · OK
[2026-08-25T09:06:17.491Z] tick · discovery:orchestrator:tick · exit=0 signal=- · OK
[2026-08-25T09:06:17.507Z] tick · social:cron-tick · status=200 · OK
[2026-08-25T09:06:17.618Z] tick · brain:cron-tick · status=200 · OK
[2026-08-25T09:07:17.269Z] tick · discovery:orchestrator:tick · spawning
[2026-08-25T09:07:17.387Z] tick · social:cron-tick · fetching GET http://localhost:3008/api/cron/comms-social-worker
[2026-08-25T09:07:17.565Z] tick · social:cron-tick · status=200 · OK
[2026-08-25T09:07:17.639Z] tick · discovery:orchestrator:tick · exit=0 signal=- · OK
[2026-08-25T09:08:17.283Z] tick · discovery:orchestrator:tick · spawning
[2026-08-25T09:08:17.393Z] tick · social:cron-tick · fetching GET http://localhost:3008/api/cron/comms-social-worker
[2026-08-25T09:08:17.508Z] tick · social:cron-tick · status=200 · OK
[2026-08-25T09:08:17.782Z] tick · discovery:orchestrator:tick · exit=0 signal=- · OK
[2026-08-25T09:09:17.253Z] tick · orchestration:zombie-reconciler · spawning
[2026-08-25T09:09:17.288Z] tick · discovery:orchestrator:tick · spawning
[2026-08-25T09:09:17.343Z] tick · brain:cron-tick · fetching GET http://localhost:3008/api/nex/brain/cron-tick
[2026-08-25T09:09:17.399Z] tick · social:cron-tick · fetching GET http://localhost:3008/api/cron/comms-social-worker
[2026-08-25T09:09:17.495Z] tick · social:cron-tick · status=200 · OK
[2026-08-25T09:09:17.513Z] tick · orchestration:zombie-reconciler · exit=0 signal=- · OK
[2026-08-25T09:09:17.541Z] tick · discovery:orchestrator:tick · exit=0 signal=- · OK
[2026-08-25T09:09:17.565Z] tick · brain:cron-tick · status=200 · OK
[2026-08-25T09:10:17.266Z] tick · cle:conversation · spawning
[2026-08-25T09:10:17.294Z] tick · discovery:orchestrator:tick · spawning
[2026-08-25T09:10:17.404Z] tick · social:cron-tick · fetching GET http://localhost:3008/api/cron/comms-social-worker
[2026-08-25T09:10:17.509Z] tick · social:cron-tick · status=200 · OK
[2026-08-25T09:10:17.568Z] tick · discovery:orchestrator:tick · exit=0 signal=- · OK
[2026-08-25T09:10:17.715Z] tick · cle:conversation · exit=0 signal=- · OK
[2026-08-25T09:10:47.249Z] tick · discovery:rotation:tick · spawning
[2026-08-25T09:10:47.881Z] tick · discovery:rotation:tick · exit=0 signal=- · OK
[2026-08-25T09:11:17.309Z] tick · discovery:orchestrator:tick · spawning
[2026-08-25T09:11:17.419Z] tick · social:cron-tick · fetching GET http://localhost:3008/api/cron/comms-social-worker
[2026-08-25T09:11:17.551Z] tick · social:cron-tick · status=200 · OK
[2026-08-25T09:11:17.573Z] tick · discovery:orchestrator:tick · exit=0 signal=- · OK
[2026-08-25T09:12:17.264Z] tick · orchestration:zombie-reconciler · spawning
[2026-08-25T09:12:17.312Z] tick · discovery:orchestrator:tick · spawning
[2026-08-25T09:12:17.356Z] tick · brain:cron-tick · fetching GET http://localhost:3008/api/nex/brain/cron-tick
[2026-08-25T09:12:17.419Z] tick · social:cron-tick · fetching GET http://localhost:3008/api/cron/comms-social-worker
[2026-08-25T09:12:17.492Z] tick · orchestration:zombie-reconciler · exit=0 signal=- · OK
[2026-08-25T09:12:17.524Z] tick · social:cron-tick · status=200 · OK
[2026-08-25T09:12:17.534Z] tick · discovery:orchestrator:tick · exit=0 signal=- · OK
[2026-08-25T09:12:17.619Z] tick · brain:cron-tick · status=200 · OK
[2026-08-25T09:13:17.321Z] tick · discovery:orchestrator:tick · spawning
[2026-08-25T09:13:17.424Z] tick · social:cron-tick · fetching GET http://localhost:3008/api/cron/comms-social-worker
[2026-08-25T09:13:17.582Z] tick · social:cron-tick · status=200 · OK
[2026-08-25T09:13:17.726Z] tick · discovery:orchestrator:tick · exit=0 signal=- · OK
[2026-08-25T09:14:17.325Z] tick · discovery:orchestrator:tick · spawning
[2026-08-25T09:14:17.424Z] tick · social:cron-tick · fetching GET http://localhost:3008/api/cron/comms-social-worker
[2026-08-25T09:14:17.560Z] tick · social:cron-tick · status=200 · OK
[2026-08-25T09:14:17.587Z] tick · discovery:orchestrator:tick · exit=0 signal=- · OK
[2026-08-25T09:15:17.269Z] tick · orchestration:zombie-reconciler · spawning
[2026-08-25T09:15:17.331Z] tick · discovery:orchestrator:tick · spawning
[2026-08-25T09:15:17.377Z] tick · brain:cron-tick · fetching GET http://localhost:3008/api/nex/brain/cron-tick
[2026-08-25T09:15:17.425Z] tick · social:cron-tick · fetching GET http://localhost:3008/api/cron/comms-social-worker
[2026-08-25T09:15:17.526Z] tick · orchestration:zombie-reconciler · exit=0 signal=- · OK
[2026-08-25T09:15:17.544Z] tick · social:cron-tick · status=200 · OK
[2026-08-25T09:15:17.577Z] tick · discovery:orchestrator:tick · exit=0 signal=- · OK
[2026-08-25T09:15:17.639Z] tick · brain:cron-tick · status=200 · OK
[2026-08-25T09:16:17.339Z] tick · discovery:orchestrator:tick · spawning
[2026-08-25T09:16:17.433Z] tick · social:cron-tick · fetching GET http://localhost:3008/api/cron/comms-social-worker
[2026-08-25T09:16:17.681Z] tick · social:cron-tick · status=200 · OK
[2026-08-25T09:16:17.735Z] tick · discovery:orchestrator:tick · exit=0 signal=- · OK
[2026-08-25T09:17:17.344Z] tick · discovery:orchestrator:tick · spawning
[2026-08-25T09:17:17.438Z] tick · social:cron-tick · fetching GET http://localhost:3008/api/cron/comms-social-worker
[2026-08-25T09:17:17.576Z] tick · social:cron-tick · status=200 · OK
[2026-08-25T09:17:17.583Z] tick · discovery:orchestrator:tick · exit=0 signal=- · OK
[2026-08-25T09:18:17.274Z] tick · orchestration:zombie-reconciler · spawning
[2026-08-25T09:18:17.363Z] tick · discovery:orchestrator:tick · spawning
[2026-08-25T09:18:17.405Z] tick · brain:cron-tick · fetching GET http://localhost:3008/api/nex/brain/cron-tick
[2026-08-25T09:18:17.454Z] tick · social:cron-tick · fetching GET http://localhost:3008/api/cron/comms-social-worker
[2026-08-25T09:18:17.579Z] tick · orchestration:zombie-reconciler · exit=0 signal=- · OK
[2026-08-25T09:18:17.658Z] tick · social:cron-tick · status=200 · OK
[2026-08-25T09:18:17.828Z] tick · discovery:orchestrator:tick · exit=0 signal=- · OK
[2026-08-25T09:18:17.939Z] tick · brain:cron-tick · status=200 · OK
[2026-08-25T09:19:17.366Z] tick · discovery:orchestrator:tick · spawning
[2026-08-25T09:19:17.466Z] tick · social:cron-tick · fetching GET http://localhost:3008/api/cron/comms-social-worker
[2026-08-25T09:19:17.603Z] tick · social:cron-tick · status=200 · OK
[2026-08-25T09:19:17.781Z] tick · discovery:orchestrator:tick · exit=0 signal=- · OK
[2026-08-25T09:20:17.299Z] tick · cle:conversation · spawning
[2026-08-25T09:20:17.378Z] tick · discovery:orchestrator:tick · spawning
[2026-08-25T09:20:17.473Z] tick · social:cron-tick · fetching GET http://localhost:3008/api/cron/comms-social-worker
[2026-08-25T09:20:17.588Z] tick · social:cron-tick · status=200 · OK
[2026-08-25T09:20:17.619Z] tick · discovery:orchestrator:tick · exit=0 signal=- · OK
[2026-08-25T09:20:17.661Z] tick · cle:conversation · exit=0 signal=- · OK
[2026-08-25T09:20:47.250Z] tick · discovery:rotation:tick · spawning
[2026-08-25T09:20:47.848Z] tick · discovery:rotation:tick · exit=0 signal=- · OK
[2026-08-25T09:21:17.285Z] tick · orchestration:zombie-reconciler · spawning
[2026-08-25T09:21:17.393Z] tick · discovery:orchestrator:tick · spawning
[2026-08-25T09:21:17.408Z] tick · brain:cron-tick · fetching GET http://localhost:3008/api/nex/brain/cron-tick
[2026-08-25T09:21:17.487Z] tick · social:cron-tick · fetching GET http://localhost:3008/api/cron/comms-social-worker
[2026-08-25T09:21:17.614Z] tick · social:cron-tick · status=200 · OK
[2026-08-25T09:21:17.650Z] tick · discovery:orchestrator:tick · exit=0 signal=- · OK
[2026-08-25T09:21:17.663Z] tick · orchestration:zombie-reconciler · exit=0 signal=- · OK
[2026-08-25T09:21:17.710Z] tick · brain:cron-tick · status=200 · OK
[2026-08-25T09:22:17.407Z] tick · discovery:orchestrator:tick · spawning
[2026-08-25T09:22:17.502Z] tick · social:cron-tick · fetching GET http://localhost:3008/api/cron/comms-social-worker
[2026-08-25T09:22:17.672Z] tick · social:cron-tick · status=200 · OK
[2026-08-25T09:22:17.748Z] tick · discovery:orchestrator:tick · exit=0 signal=- · OK
[2026-08-25T09:23:17.417Z] tick · discovery:orchestrator:tick · spawning
[2026-08-25T09:23:17.516Z] tick · social:cron-tick · fetching GET http://localhost:3008/api/cron/comms-social-worker
[2026-08-25T09:23:17.617Z] tick · social:cron-tick · status=200 · OK
[2026-08-25T09:23:17.636Z] tick · discovery:orchestrator:tick · exit=0 signal=- · OK
[2026-08-25T09:24:17.296Z] tick · orchestration:zombie-reconciler · spawning
[2026-08-25T09:24:17.408Z] tick · brain:cron-tick · fetching GET http://localhost:3008/api/nex/brain/cron-tick
[2026-08-25T09:24:17.424Z] tick · discovery:orchestrator:tick · spawning
[2026-08-25T09:24:17.518Z] tick · social:cron-tick · fetching GET http://localhost:3008/api/cron/comms-social-worker
[2026-08-25T09:24:17.549Z] tick · orchestration:zombie-reconciler · exit=0 signal=- · OK
[2026-08-25T09:24:17.630Z] tick · social:cron-tick · status=200 · OK
[2026-08-25T09:24:17.710Z] tick · discovery:orchestrator:tick · exit=0 signal=- · OK
[2026-08-25T09:24:17.717Z] tick · brain:cron-tick · status=200 · OK
[2026-08-25T09:25:17.435Z] tick · discovery:orchestrator:tick · spawning
[2026-08-25T09:25:17.530Z] tick · social:cron-tick · fetching GET http://localhost:3008/api/cron/comms-social-worker
[2026-08-25T09:25:17.644Z] tick · social:cron-tick · status=200 · OK
[2026-08-25T09:25:17.724Z] tick · discovery:orchestrator:tick · exit=0 signal=- · OK
[2026-08-25T09:26:17.447Z] tick · discovery:orchestrator:tick · spawning
[2026-08-25T09:26:17.536Z] tick · social:cron-tick · fetching GET http://localhost:3008/api/cron/comms-social-worker
[2026-08-25T09:26:17.715Z] tick · social:cron-tick · status=200 · OK
[2026-08-25T09:26:17.922Z] tick · discovery:orchestrator:tick · exit=0 signal=- · OK
[2026-08-25T09:27:17.301Z] tick · orchestration:zombie-reconciler · spawning
[2026-08-25T09:27:17.411Z] tick · brain:cron-tick · fetching GET http://localhost:3008/api/nex/brain/cron-tick
[2026-08-25T09:27:17.459Z] tick · discovery:orchestrator:tick · spawning
[2026-08-25T09:27:17.498Z] tick · orchestration:zombie-reconciler · exit=0 signal=- · OK
[2026-08-25T09:27:17.538Z] tick · social:cron-tick · fetching GET http://localhost:3008/api/cron/comms-social-worker
[2026-08-25T09:27:17.655Z] tick · discovery:orchestrator:tick · exit=0 signal=- · OK
[2026-08-25T09:27:17.912Z] tick · social:cron-tick · status=200 · OK
[2026-08-25T09:27:18.093Z] tick · brain:cron-tick · status=200 · OK
[2026-08-25T09:28:17.474Z] tick · discovery:orchestrator:tick · spawning
[2026-08-25T09:28:17.553Z] tick · social:cron-tick · fetching GET http://localhost:3008/api/cron/comms-social-worker
[2026-08-25T09:28:17.662Z] tick · social:cron-tick · status=200 · OK
[2026-08-25T09:28:17.717Z] tick · discovery:orchestrator:tick · exit=0 signal=- · OK
[2026-08-25T09:29:17.475Z] tick · discovery:orchestrator:tick · spawning
[2026-08-25T09:29:17.556Z] tick · social:cron-tick · fetching GET http://localhost:3008/api/cron/comms-social-worker
[2026-08-25T09:29:17.654Z] tick · social:cron-tick · status=200 · OK
[2026-08-25T09:29:17.715Z] tick · discovery:orchestrator:tick · exit=0 signal=- · OK
[2026-08-25T09:30:17.305Z] tick · cle:conversation · spawning
[2026-08-25T09:30:17.324Z] tick · orchestration:zombie-reconciler · spawning
[2026-08-25T09:30:17.346Z] tick · promotion:food:Yogyakarta:quality-check · spawning
[2026-08-25T09:30:17.416Z] tick · brain:cron-tick · fetching GET http://localhost:3008/api/nex/brain/cron-tick
[2026-08-25T09:30:17.478Z] tick · discovery:orchestrator:tick · spawning
[2026-08-25T09:30:17.557Z] tick · social:cron-tick · fetching GET http://localhost:3008/api/cron/comms-social-worker
[2026-08-25T09:30:17.581Z] tick · orchestration:zombie-reconciler · exit=0 signal=- · OK
[2026-08-25T09:30:17.611Z] tick · social:cron-tick · status=200 · OK
[2026-08-25T09:30:17.688Z] tick · cle:conversation · exit=0 signal=- · OK
[2026-08-25T09:30:17.699Z] tick · brain:cron-tick · status=200 · OK
[2026-08-25T09:30:17.725Z] tick · discovery:orchestrator:tick · exit=0 signal=- · OK
[2026-08-25T09:30:17.788Z] tick · promotion:food:Yogyakarta:quality-check · exit=0 signal=- · OK
[2026-08-25T09:30:47.255Z] tick · discovery:rotation:tick · spawning
[2026-08-25T09:30:47.769Z] tick · discovery:rotation:tick · exit=0 signal=- · OK
[2026-08-25T09:31:17.484Z] tick · discovery:orchestrator:tick · spawning
[2026-08-25T09:31:17.560Z] tick · social:cron-tick · fetching GET http://localhost:3008/api/cron/comms-social-worker
[2026-08-25T09:31:17.712Z] tick · social:cron-tick · status=200 · OK
[2026-08-25T09:31:17.777Z] tick · discovery:orchestrator:tick · exit=0 signal=- · OK
[2026-08-25T09:32:17.490Z] tick · discovery:orchestrator:tick · spawning
[2026-08-25T09:32:17.566Z] tick · social:cron-tick · fetching GET http://localhost:3008/api/cron/comms-social-worker
[2026-08-25T09:32:17.730Z] tick · discovery:orchestrator:tick · exit=0 signal=- · OK
[2026-08-25T09:32:17.755Z] tick · social:cron-tick · status=200 · OK
[2026-08-25T09:33:17.337Z] tick · orchestration:zombie-reconciler · spawning
[2026-08-25T09:33:17.417Z] tick · brain:cron-tick · fetching GET http://localhost:3008/api/nex/brain/cron-tick
[2026-08-25T09:33:17.497Z] tick · discovery:orchestrator:tick · spawning
[2026-08-25T09:33:17.572Z] tick · social:cron-tick · fetching GET http://localhost:3008/api/cron/comms-social-worker
[2026-08-25T09:33:17.623Z] tick · orchestration:zombie-reconciler · exit=0 signal=- · OK
[2026-08-25T09:33:17.650Z] tick · social:cron-tick · status=200 · OK
[2026-08-25T09:33:17.730Z] tick · brain:cron-tick · status=200 · OK
[2026-08-25T09:33:17.748Z] tick · discovery:orchestrator:tick · exit=0 signal=- · OK
[2026-08-25T09:34:17.509Z] tick · discovery:orchestrator:tick · spawning
[2026-08-25T09:34:17.574Z] tick · social:cron-tick · fetching GET http://localhost:3008/api/cron/comms-social-worker
[2026-08-25T09:34:17.667Z] tick · social:cron-tick · status=200 · OK
[2026-08-25T09:34:17.718Z] tick · discovery:orchestrator:tick · exit=0 signal=- · OK
[2026-08-25T09:35:17.522Z] tick · discovery:orchestrator:tick · spawning
[2026-08-25T09:35:17.577Z] tick · social:cron-tick · fetching GET http://localhost:3008/api/cron/comms-social-worker
[2026-08-25T09:35:17.721Z] tick · social:cron-tick · status=200 · OK
[2026-08-25T09:35:17.960Z] tick · discovery:orchestrator:tick · exit=0 signal=- · OK
[2026-08-25T09:36:17.345Z] tick · orchestration:zombie-reconciler · spawning
[2026-08-25T09:36:17.425Z] tick · brain:cron-tick · fetching GET http://localhost:3008/api/nex/brain/cron-tick
[2026-08-25T09:36:17.534Z] tick · discovery:orchestrator:tick · spawning
[2026-08-25T09:36:17.577Z] tick · social:cron-tick · fetching GET http://localhost:3008/api/cron/comms-social-worker
[2026-08-25T09:36:17.608Z] tick · orchestration:zombie-reconciler · exit=0 signal=- · OK
[2026-08-25T09:36:17.627Z] tick · social:cron-tick · status=200 · OK
[2026-08-25T09:36:17.655Z] tick · brain:cron-tick · status=200 · OK
[2026-08-25T09:36:17.878Z] tick · discovery:orchestrator:tick · exit=0 signal=- · OK
[2026-08-25T09:37:17.539Z] tick · discovery:orchestrator:tick · spawning
[2026-08-25T09:37:17.592Z] tick · social:cron-tick · fetching GET http://localhost:3008/api/cron/comms-social-worker
[2026-08-25T09:37:17.788Z] tick · social:cron-tick · status=200 · OK
[2026-08-25T09:37:17.874Z] tick · discovery:orchestrator:tick · exit=0 signal=- · OK
[2026-08-25T09:38:17.545Z] tick · discovery:orchestrator:tick · spawning
[2026-08-25T09:38:17.591Z] tick · social:cron-tick · fetching GET http://localhost:3008/api/cron/comms-social-worker
[2026-08-25T09:38:17.739Z] tick · social:cron-tick · status=200 · OK
[2026-08-25T09:38:17.848Z] tick · discovery:orchestrator:tick · exit=0 signal=- · OK
[2026-08-25T09:39:17.347Z] tick · orchestration:zombie-reconciler · spawning
[2026-08-25T09:39:17.427Z] tick · brain:cron-tick · fetching GET http://localhost:3008/api/nex/brain/cron-tick
[2026-08-25T09:39:17.556Z] tick · discovery:orchestrator:tick · spawning
[2026-08-25T09:39:17.603Z] tick · social:cron-tick · fetching GET http://localhost:3008/api/cron/comms-social-worker
[2026-08-25T09:39:17.627Z] tick · orchestration:zombie-reconciler · exit=0 signal=- · OK
[2026-08-25T09:39:17.679Z] tick · social:cron-tick · status=200 · OK
[2026-08-25T09:39:17.744Z] tick · brain:cron-tick · status=200 · OK
[2026-08-25T09:39:17.779Z] tick · discovery:orchestrator:tick · exit=0 signal=- · OK
[2026-08-25T09:40:17.311Z] tick · cle:conversation · spawning
[2026-08-25T09:40:17.560Z] tick · discovery:orchestrator:tick · spawning
[2026-08-25T09:40:17.604Z] tick · social:cron-tick · fetching GET http://localhost:3008/api/cron/comms-social-worker
[2026-08-25T09:40:17.624Z] tick · cle:conversation · exit=0 signal=- · OK
[2026-08-25T09:40:17.720Z] tick · social:cron-tick · status=200 · OK
[2026-08-25T09:40:17.805Z] tick · discovery:orchestrator:tick · exit=0 signal=- · OK
[2026-08-25T09:40:47.270Z] tick · discovery:rotation:tick · spawning
[2026-08-25T09:40:47.866Z] tick · discovery:rotation:tick · exit=0 signal=- · OK
[2026-08-25T09:41:17.573Z] tick · discovery:orchestrator:tick · spawning
[2026-08-25T09:41:17.606Z] tick · social:cron-tick · fetching GET http://localhost:3008/api/cron/comms-social-worker
[2026-08-25T09:41:17.754Z] tick · social:cron-tick · status=200 · OK
[2026-08-25T09:41:17.846Z] tick · discovery:orchestrator:tick · exit=0 signal=- · OK
[2026-08-25T09:42:17.353Z] tick · orchestration:zombie-reconciler · spawning
[2026-08-25T09:42:17.432Z] tick · brain:cron-tick · fetching GET http://localhost:3008/api/nex/brain/cron-tick
[2026-08-25T09:42:17.585Z] tick · discovery:orchestrator:tick · spawning
[2026-08-25T09:42:17.612Z] tick · social:cron-tick · fetching GET http://localhost:3008/api/cron/comms-social-worker
[2026-08-25T09:42:17.731Z] tick · orchestration:zombie-reconciler · exit=0 signal=- · OK
[2026-08-25T09:42:17.846Z] tick · social:cron-tick · status=200 · OK
[2026-08-25T09:42:17.940Z] tick · brain:cron-tick · status=200 · OK
[2026-08-25T09:42:18.011Z] tick · discovery:orchestrator:tick · exit=0 signal=- · OK
[2026-08-25T09:43:17.589Z] tick · discovery:orchestrator:tick · spawning
[2026-08-25T09:43:17.621Z] tick · social:cron-tick · fetching GET http://localhost:3008/api/cron/comms-social-worker
[2026-08-25T09:43:17.796Z] tick · social:cron-tick · status=200 · OK
[2026-08-25T09:43:18.066Z] tick · discovery:orchestrator:tick · exit=0 signal=- · OK
[2026-08-25T09:44:17.593Z] tick · discovery:orchestrator:tick · spawning
[2026-08-25T09:44:17.624Z] tick · social:cron-tick · fetching GET http://localhost:3008/api/cron/comms-social-worker
[2026-08-25T09:44:17.747Z] tick · social:cron-tick · status=200 · OK
[2026-08-25T09:44:17.834Z] tick · discovery:orchestrator:tick · exit=0 signal=- · OK
[2026-08-25T09:45:17.354Z] tick · orchestration:zombie-reconciler · spawning
[2026-08-25T09:45:17.434Z] tick · brain:cron-tick · fetching GET http://localhost:3008/api/nex/brain/cron-tick
[2026-08-25T09:45:17.566Z] tick · orchestration:zombie-reconciler · exit=0 signal=- · OK
[2026-08-25T09:45:17.609Z] tick · discovery:orchestrator:tick · spawning
[2026-08-25T09:45:17.624Z] tick · social:cron-tick · fetching GET http://localhost:3008/api/cron/comms-social-worker
[2026-08-25T09:45:17.684Z] tick · social:cron-tick · status=200 · OK
[2026-08-25T09:45:17.807Z] tick · brain:cron-tick · status=200 · OK
[2026-08-25T09:45:17.862Z] tick · discovery:orchestrator:tick · exit=0 signal=- · OK
[2026-08-25T09:46:17.612Z] tick · discovery:orchestrator:tick · spawning
[2026-08-25T09:46:17.624Z] tick · social:cron-tick · fetching GET http://localhost:3008/api/cron/comms-social-worker
[2026-08-25T09:46:17.789Z] tick · social:cron-tick · status=200 · OK
[2026-08-25T09:46:17.900Z] tick · discovery:orchestrator:tick · exit=0 signal=- · OK
[2026-08-25T09:47:17.617Z] tick · discovery:orchestrator:tick · spawning
[2026-08-25T09:47:17.634Z] tick · social:cron-tick · fetching GET http://localhost:3008/api/cron/comms-social-worker
[2026-08-25T09:47:17.804Z] tick · social:cron-tick · status=200 · OK
[2026-08-25T09:47:17.944Z] tick · discovery:orchestrator:tick · exit=0 signal=- · OK
[2026-08-25T09:48:17.363Z] tick · orchestration:zombie-reconciler · spawning
[2026-08-25T09:48:17.451Z] tick · brain:cron-tick · fetching GET http://localhost:3008/api/nex/brain/cron-tick
[2026-08-25T09:48:17.619Z] tick · discovery:orchestrator:tick · spawning
[2026-08-25T09:48:17.629Z] tick · orchestration:zombie-reconciler · exit=0 signal=- · OK
[2026-08-25T09:48:17.634Z] tick · social:cron-tick · fetching GET http://localhost:3008/api/cron/comms-social-worker
[2026-08-25T09:48:17.828Z] tick · discovery:orchestrator:tick · exit=0 signal=- · OK
[2026-08-25T09:48:19.796Z] tick · social:cron-tick · status=200 · OK
[2026-08-25T09:48:19.875Z] tick · brain:cron-tick · status=200 · OK
[2026-08-25T09:49:17.636Z] tick · discovery:orchestrator:tick · spawning
[2026-08-25T09:49:17.714Z] tick · social:cron-tick · fetching GET http://localhost:3008/api/cron/comms-social-worker
[2026-08-25T09:49:18.102Z] tick · discovery:orchestrator:tick · exit=0 signal=- · OK
[2026-08-25T09:49:18.485Z] tick · social:cron-tick · status=200 · OK
[2026-08-25T09:50:17.309Z] tick · cle:conversation · spawning
[2026-08-25T09:50:17.638Z] tick · discovery:orchestrator:tick · spawning
[2026-08-25T09:50:17.730Z] tick · social:cron-tick · fetching GET http://localhost:3008/api/cron/comms-social-worker
[2026-08-25T09:50:19.329Z] tick · discovery:orchestrator:tick · exit=0 signal=- · OK
[2026-08-25T09:50:19.953Z] tick · cle:conversation · exit=0 signal=- · OK
[2026-08-25T09:50:20.443Z] tick · social:cron-tick · status=200 · OK
[2026-08-25T09:50:47.265Z] tick · discovery:rotation:tick · spawning
[2026-08-25T09:50:49.789Z] tick · discovery:rotation:tick · exit=0 signal=- · OK
[2026-08-25T09:51:17.362Z] tick · orchestration:zombie-reconciler · spawning
[2026-08-25T09:51:17.458Z] tick · brain:cron-tick · fetching GET http://localhost:3008/api/nex/brain/cron-tick
[2026-08-25T09:51:17.641Z] tick · discovery:orchestrator:tick · spawning
[2026-08-25T09:51:17.734Z] tick · social:cron-tick · fetching GET http://localhost:3008/api/cron/comms-social-worker
[2026-08-25T09:51:18.194Z] tick · orchestration:zombie-reconciler · exit=0 signal=- · OK
[2026-08-25T09:51:18.329Z] tick · social:cron-tick · status=200 · OK
[2026-08-25T09:51:18.702Z] tick · discovery:orchestrator:tick · exit=0 signal=- · OK
[2026-08-25T09:51:18.771Z] tick · brain:cron-tick · status=200 · OK
[2026-08-25T09:52:17.647Z] tick · discovery:orchestrator:tick · spawning
[2026-08-25T09:52:17.734Z] tick · social:cron-tick · fetching GET http://localhost:3008/api/cron/comms-social-worker
[2026-08-25T09:52:18.006Z] tick · social:cron-tick · status=200 · OK
[2026-08-25T09:52:18.303Z] tick · discovery:orchestrator:tick · exit=0 signal=- · OK
[2026-08-25T09:53:17.648Z] tick · discovery:orchestrator:tick · spawning
[2026-08-25T09:53:17.738Z] tick · social:cron-tick · fetching GET http://localhost:3008/api/cron/comms-social-worker
[2026-08-25T09:53:17.875Z] tick · social:cron-tick · status=200 · OK
[2026-08-25T09:53:17.951Z] tick · discovery:orchestrator:tick · exit=0 signal=- · OK
[2026-08-25T09:54:17.367Z] tick · orchestration:zombie-reconciler · spawning
[2026-08-25T09:54:17.465Z] tick · brain:cron-tick · fetching GET http://localhost:3008/api/nex/brain/cron-tick
[2026-08-25T09:54:17.557Z] tick · orchestration:zombie-reconciler · exit=0 signal=- · OK
[2026-08-25T09:54:17.649Z] tick · discovery:orchestrator:tick · spawning
[2026-08-25T09:54:17.706Z] tick · brain:cron-tick · status=200 · OK
[2026-08-25T09:54:17.744Z] tick · social:cron-tick · fetching GET http://localhost:3008/api/cron/comms-social-worker
[2026-08-25T09:54:17.796Z] tick · social:cron-tick · status=200 · OK
[2026-08-25T09:54:17.905Z] tick · discovery:orchestrator:tick · exit=0 signal=- · OK
[2026-08-25T09:55:17.652Z] tick · discovery:orchestrator:tick · spawning
[2026-08-25T09:55:17.747Z] tick · social:cron-tick · fetching GET http://localhost:3008/api/cron/comms-social-worker
[2026-08-25T09:55:17.850Z] tick · discovery:orchestrator:tick · exit=0 signal=- · OK
[2026-08-25T09:55:17.956Z] tick · social:cron-tick · status=200 · OK
[2026-08-25T09:56:17.654Z] tick · discovery:orchestrator:tick · spawning
[2026-08-25T09:56:17.751Z] tick · social:cron-tick · fetching GET http://localhost:3008/api/cron/comms-social-worker
[2026-08-25T09:56:17.882Z] tick · social:cron-tick · status=200 · OK
[2026-08-25T09:56:17.910Z] tick · discovery:orchestrator:tick · exit=0 signal=- · OK
[2026-08-25T09:57:17.371Z] tick · orchestration:zombie-reconciler · spawning
[2026-08-25T09:57:17.477Z] tick · brain:cron-tick · fetching GET http://localhost:3008/api/nex/brain/cron-tick
[2026-08-25T09:57:17.645Z] tick · orchestration:zombie-reconciler · exit=0 signal=- · OK
[2026-08-25T09:57:17.659Z] tick · discovery:orchestrator:tick · spawning
[2026-08-25T09:57:17.751Z] tick · social:cron-tick · fetching GET http://localhost:3008/api/cron/comms-social-worker
[2026-08-25T09:57:17.785Z] tick · brain:cron-tick · status=200 · OK
[2026-08-25T09:57:17.800Z] tick · social:cron-tick · status=200 · OK
[2026-08-25T09:57:17.876Z] tick · discovery:orchestrator:tick · exit=0 signal=- · OK
[2026-08-25T09:58:17.662Z] tick · discovery:orchestrator:tick · spawning
[2026-08-25T09:58:17.753Z] tick · social:cron-tick · fetching GET http://localhost:3008/api/cron/comms-social-worker
[2026-08-25T09:58:17.854Z] tick · social:cron-tick · status=200 · OK
[2026-08-25T09:58:17.875Z] tick · discovery:orchestrator:tick · exit=0 signal=- · OK
[2026-08-25T09:59:17.665Z] tick · discovery:orchestrator:tick · spawning
[2026-08-25T09:59:17.754Z] tick · social:cron-tick · fetching GET http://localhost:3008/api/cron/comms-social-worker
[2026-08-25T09:59:17.871Z] tick · social:cron-tick · status=200 · OK
[2026-08-25T09:59:17.935Z] tick · discovery:orchestrator:tick · exit=0 signal=- · OK
[2026-08-25T10:00:17.315Z] tick · cle:conversation · spawning
[2026-08-25T10:00:17.347Z] tick · promotion:food:Yogyakarta:quality-check · spawning
[2026-08-25T10:00:17.377Z] tick · orchestration:zombie-reconciler · spawning
[2026-08-25T10:00:17.478Z] tick · brain:cron-tick · fetching GET http://localhost:3008/api/nex/brain/cron-tick
[2026-08-25T10:00:17.657Z] tick · orchestration:zombie-reconciler · exit=0 signal=- · OK
[2026-08-25T10:00:17.667Z] tick · discovery:orchestrator:tick · spawning
[2026-08-25T10:00:17.727Z] tick · cle:conversation · exit=0 signal=- · OK
[2026-08-25T10:00:17.758Z] tick · social:cron-tick · fetching GET http://localhost:3008/api/cron/comms-social-worker
[2026-08-25T10:00:17.814Z] tick · brain:cron-tick · status=200 · OK
[2026-08-25T10:00:17.817Z] tick · social:cron-tick · status=200 · OK
[2026-08-25T10:00:17.895Z] tick · discovery:orchestrator:tick · exit=0 signal=- · OK
[2026-08-25T10:00:17.904Z] tick · promotion:food:Yogyakarta:quality-check · exit=0 signal=- · OK
[2026-08-25T10:00:47.272Z] tick · discovery:rotation:tick · spawning
[2026-08-25T10:00:47.858Z] tick · discovery:rotation:tick · exit=0 signal=- · OK
[2026-08-25T10:01:17.668Z] tick · discovery:orchestrator:tick · spawning
[2026-08-25T10:01:17.767Z] tick · social:cron-tick · fetching GET http://localhost:3008/api/cron/comms-social-worker
[2026-08-25T10:01:17.864Z] tick · social:cron-tick · status=200 · OK
[2026-08-25T10:01:17.875Z] tick · discovery:orchestrator:tick · exit=0 signal=- · OK
[2026-08-25T10:02:17.669Z] tick · discovery:orchestrator:tick · spawning
[2026-08-25T10:02:17.777Z] tick · social:cron-tick · fetching GET http://localhost:3008/api/cron/comms-social-worker
[2026-08-25T10:02:17.865Z] tick · social:cron-tick · status=200 · OK
[2026-08-25T10:02:17.870Z] tick · discovery:orchestrator:tick · exit=0 signal=- · OK
[2026-08-25T10:03:17.379Z] tick · orchestration:zombie-reconciler · spawning
[2026-08-25T10:03:17.484Z] tick · brain:cron-tick · fetching GET http://localhost:3008/api/nex/brain/cron-tick
[2026-08-25T10:03:17.667Z] tick · orchestration:zombie-reconciler · exit=0 signal=- · OK
[2026-08-25T10:03:17.676Z] tick · discovery:orchestrator:tick · spawning
[2026-08-25T10:03:17.750Z] tick · brain:cron-tick · status=200 · OK
[2026-08-25T10:03:17.790Z] tick · social:cron-tick · fetching GET http://localhost:3008/api/cron/comms-social-worker
[2026-08-25T10:03:17.854Z] tick · social:cron-tick · status=200 · OK
[2026-08-25T10:03:17.902Z] tick · discovery:orchestrator:tick · exit=0 signal=- · OK
[2026-08-25T10:04:17.678Z] tick · discovery:orchestrator:tick · spawning
[2026-08-25T10:04:17.798Z] tick · social:cron-tick · fetching GET http://localhost:3008/api/cron/comms-social-worker
[2026-08-25T10:04:17.955Z] tick · social:cron-tick · status=200 · OK
[2026-08-25T10:04:17.972Z] tick · discovery:orchestrator:tick · exit=0 signal=- · OK
[2026-08-25T10:05:17.683Z] tick · discovery:orchestrator:tick · spawning
[2026-08-25T10:05:17.809Z] tick · social:cron-tick · fetching GET http://localhost:3008/api/cron/comms-social-worker
[2026-08-25T10:05:17.957Z] tick · social:cron-tick · status=200 · OK
[2026-08-25T10:05:18.147Z] tick · discovery:orchestrator:tick · exit=0 signal=- · OK
[2026-08-25T10:06:17.384Z] tick · orchestration:zombie-reconciler · spawning
[2026-08-25T10:06:17.485Z] tick · brain:cron-tick · fetching GET http://localhost:3008/api/nex/brain/cron-tick
[2026-08-25T10:06:17.672Z] tick · discovery:orchestrator:tick · spawning
[2026-08-25T10:06:17.684Z] tick · orchestration:zombie-reconciler · exit=0 signal=- · OK
[2026-08-25T10:06:17.796Z] tick · brain:cron-tick · status=200 · OK
[2026-08-25T10:06:17.796Z] tick · social:cron-tick · fetching GET http://localhost:3008/api/cron/comms-social-worker
[2026-08-25T10:06:17.849Z] tick · social:cron-tick · status=200 · OK
[2026-08-25T10:06:17.930Z] tick · discovery:orchestrator:tick · exit=0 signal=- · OK
[2026-08-25T10:07:17.693Z] tick · discovery:orchestrator:tick · spawning
[2026-08-25T10:07:17.817Z] tick · social:cron-tick · fetching GET http://localhost:3008/api/cron/comms-social-worker
[2026-08-25T10:07:17.995Z] tick · social:cron-tick · status=200 · OK
[2026-08-25T10:07:18.168Z] tick · discovery:orchestrator:tick · exit=0 signal=- · OK
[2026-08-25T10:08:17.695Z] tick · discovery:orchestrator:tick · spawning
[2026-08-25T10:08:17.826Z] tick · social:cron-tick · fetching GET http://localhost:3008/api/cron/comms-social-worker
[2026-08-25T10:08:17.920Z] tick · social:cron-tick · status=200 · OK
[2026-08-25T10:08:17.983Z] tick · discovery:orchestrator:tick · exit=0 signal=- · OK
[2026-08-25T10:09:17.402Z] tick · orchestration:zombie-reconciler · spawning
[2026-08-25T10:09:17.497Z] tick · brain:cron-tick · fetching GET http://localhost:3008/api/nex/brain/cron-tick
[2026-08-25T10:09:17.615Z] tick · orchestration:zombie-reconciler · exit=0 signal=- · OK
[2026-08-25T10:09:17.677Z] tick · brain:cron-tick · status=200 · OK
[2026-08-25T10:09:17.707Z] tick · discovery:orchestrator:tick · spawning
[2026-08-25T10:09:17.829Z] tick · social:cron-tick · fetching GET http://localhost:3008/api/cron/comms-social-worker
[2026-08-25T10:09:17.872Z] tick · social:cron-tick · status=200 · OK
[2026-08-25T10:09:17.959Z] tick · discovery:orchestrator:tick · exit=0 signal=- · OK
[2026-08-25T10:10:17.317Z] tick · cle:conversation · spawning
[2026-08-25T10:10:17.553Z] tick · cle:conversation · exit=0 signal=- · OK
[2026-08-25T10:10:17.711Z] tick · discovery:orchestrator:tick · spawning
[2026-08-25T10:10:17.830Z] tick · social:cron-tick · fetching GET http://localhost:3008/api/cron/comms-social-worker
[2026-08-25T10:10:17.904Z] tick · social:cron-tick · status=200 · OK
[2026-08-25T10:10:17.928Z] tick · discovery:orchestrator:tick · exit=0 signal=- · OK
[2026-08-25T10:10:47.277Z] tick · discovery:rotation:tick · spawning
[2026-08-25T10:10:47.818Z] tick · discovery:rotation:tick · exit=0 signal=- · OK
[2026-08-25T10:11:17.723Z] tick · discovery:orchestrator:tick · spawning
[2026-08-25T10:11:17.834Z] tick · social:cron-tick · fetching GET http://localhost:3008/api/cron/comms-social-worker
[2026-08-25T10:11:17.906Z] tick · social:cron-tick · status=200 · OK
[2026-08-25T10:11:17.948Z] tick · discovery:orchestrator:tick · exit=0 signal=- · OK
[2026-08-25T10:12:17.403Z] tick · orchestration:zombie-reconciler · spawning
[2026-08-25T10:12:17.498Z] tick · brain:cron-tick · fetching GET http://localhost:3008/api/nex/brain/cron-tick
[2026-08-25T10:12:17.723Z] tick · discovery:orchestrator:tick · spawning
[2026-08-25T10:12:17.838Z] tick · social:cron-tick · fetching GET http://localhost:3008/api/cron/comms-social-worker
[2026-08-25T10:12:17.984Z] tick · social:cron-tick · status=200 · OK
[2026-08-25T10:12:18.010Z] tick · orchestration:zombie-reconciler · exit=0 signal=- · OK
[2026-08-25T10:12:18.274Z] tick · brain:cron-tick · status=200 · OK
[2026-08-25T10:12:18.492Z] tick · discovery:orchestrator:tick · exit=0 signal=- · OK
[2026-08-25T10:13:17.730Z] tick · discovery:orchestrator:tick · spawning
[2026-08-25T10:13:17.839Z] tick · social:cron-tick · fetching GET http://localhost:3008/api/cron/comms-social-worker
[2026-08-25T10:13:18.138Z] tick · social:cron-tick · status=200 · OK
[2026-08-25T10:13:18.208Z] tick · discovery:orchestrator:tick · exit=0 signal=- · OK
[2026-08-25T10:14:17.738Z] tick · discovery:orchestrator:tick · spawning
[2026-08-25T10:14:17.846Z] tick · social:cron-tick · fetching GET http://localhost:3008/api/cron/comms-social-worker
[2026-08-25T10:14:18.122Z] tick · social:cron-tick · status=200 · OK
[2026-08-25T10:14:18.289Z] tick · discovery:orchestrator:tick · exit=0 signal=- · OK
[2026-08-25T10:15:17.403Z] tick · orchestration:zombie-reconciler · spawning
[2026-08-25T10:15:17.499Z] tick · brain:cron-tick · fetching GET http://localhost:3008/api/nex/brain/cron-tick
[2026-08-25T10:15:17.741Z] tick · discovery:orchestrator:tick · spawning
[2026-08-25T10:15:17.859Z] tick · social:cron-tick · fetching GET http://localhost:3008/api/cron/comms-social-worker
[2026-08-25T10:15:17.976Z] tick · social:cron-tick · status=200 · OK
[2026-08-25T10:15:17.995Z] tick · orchestration:zombie-reconciler · exit=0 signal=- · OK
[2026-08-25T10:15:18.153Z] tick · brain:cron-tick · status=200 · OK
[2026-08-25T10:15:18.216Z] tick · discovery:orchestrator:tick · exit=0 signal=- · OK
[2026-08-25T10:16:17.743Z] tick · discovery:orchestrator:tick · spawning
[2026-08-25T10:16:17.861Z] tick · social:cron-tick · fetching GET http://localhost:3008/api/cron/comms-social-worker
[2026-08-25T10:16:18.151Z] tick · social:cron-tick · status=200 · OK
[2026-08-25T10:16:18.425Z] tick · discovery:orchestrator:tick · exit=0 signal=- · OK
[2026-08-25T10:17:17.743Z] tick · discovery:orchestrator:tick · spawning
[2026-08-25T10:17:17.864Z] tick · social:cron-tick · fetching GET http://localhost:3008/api/cron/comms-social-worker
[2026-08-25T10:17:18.221Z] tick · social:cron-tick · status=200 · OK
[2026-08-25T10:17:18.566Z] tick · discovery:orchestrator:tick · exit=0 signal=- · OK
[2026-08-25T10:18:17.408Z] tick · orchestration:zombie-reconciler · spawning
[2026-08-25T10:18:17.501Z] tick · brain:cron-tick · fetching GET http://localhost:3008/api/nex/brain/cron-tick
[2026-08-25T10:18:17.747Z] tick · discovery:orchestrator:tick · spawning
[2026-08-25T10:18:17.869Z] tick · social:cron-tick · fetching GET http://localhost:3008/api/cron/comms-social-worker
[2026-08-25T10:18:17.934Z] tick · orchestration:zombie-reconciler · exit=0 signal=- · OK
[2026-08-25T10:18:18.128Z] tick · social:cron-tick · status=200 · OK
[2026-08-25T10:18:18.322Z] tick · brain:cron-tick · status=200 · OK
[2026-08-25T10:18:18.410Z] tick · discovery:orchestrator:tick · exit=0 signal=- · OK
[2026-08-25T10:19:17.749Z] tick · discovery:orchestrator:tick · spawning
[2026-08-25T10:19:17.868Z] tick · social:cron-tick · fetching GET http://localhost:3008/api/cron/comms-social-worker
[2026-08-25T10:19:18.100Z] tick · social:cron-tick · status=200 · OK
[2026-08-25T10:19:18.326Z] tick · discovery:orchestrator:tick · exit=0 signal=- · OK
[2026-08-25T10:20:17.321Z] tick · cle:conversation · spawning
[2026-08-25T10:20:17.752Z] tick · discovery:orchestrator:tick · spawning
[2026-08-25T10:20:17.872Z] tick · social:cron-tick · fetching GET http://localhost:3008/api/cron/comms-social-worker
[2026-08-25T10:20:18.156Z] tick · cle:conversation · exit=0 signal=- · OK
[2026-08-25T10:20:18.178Z] tick · social:cron-tick · status=200 · OK
[2026-08-25T10:20:18.452Z] tick · discovery:orchestrator:tick · exit=0 signal=- · OK
[2026-08-25T10:20:47.286Z] tick · discovery:rotation:tick · spawning
[2026-08-25T10:20:48.729Z] tick · discovery:rotation:tick · exit=0 signal=- · OK
[2026-08-25T10:21:17.421Z] tick · orchestration:zombie-reconciler · spawning
[2026-08-25T10:21:17.503Z] tick · brain:cron-tick · fetching GET http://localhost:3008/api/nex/brain/cron-tick
[2026-08-25T10:21:17.753Z] tick · discovery:orchestrator:tick · spawning
[2026-08-25T10:21:17.877Z] tick · social:cron-tick · fetching GET http://localhost:3008/api/cron/comms-social-worker
[2026-08-25T10:21:17.898Z] tick · orchestration:zombie-reconciler · exit=0 signal=- · OK
[2026-08-25T10:21:17.985Z] tick · social:cron-tick · status=200 · OK
[2026-08-25T10:21:18.191Z] tick · brain:cron-tick · status=200 · OK
[2026-08-25T10:21:18.342Z] tick · discovery:orchestrator:tick · exit=0 signal=- · OK
[2026-08-25T10:22:17.763Z] tick · discovery:orchestrator:tick · spawning
[2026-08-25T10:22:17.878Z] tick · social:cron-tick · fetching GET http://localhost:3008/api/cron/comms-social-worker
[2026-08-25T10:22:18.083Z] tick · social:cron-tick · status=200 · OK
[2026-08-25T10:22:18.350Z] tick · discovery:orchestrator:tick · exit=0 signal=- · OK
[2026-08-25T10:23:17.769Z] tick · discovery:orchestrator:tick · spawning
[2026-08-25T10:23:17.879Z] tick · social:cron-tick · fetching GET http://localhost:3008/api/cron/comms-social-worker
[2026-08-25T10:23:18.101Z] tick · social:cron-tick · status=200 · OK
[2026-08-25T10:23:18.346Z] tick · discovery:orchestrator:tick · exit=0 signal=- · OK
[2026-08-25T10:24:17.426Z] tick · orchestration:zombie-reconciler · spawning
[2026-08-25T10:24:17.505Z] tick · brain:cron-tick · fetching GET http://localhost:3008/api/nex/brain/cron-tick
[2026-08-25T10:24:17.774Z] tick · discovery:orchestrator:tick · spawning
[2026-08-25T10:24:17.885Z] tick · social:cron-tick · fetching GET http://localhost:3008/api/cron/comms-social-worker
[2026-08-25T10:24:18.071Z] tick · social:cron-tick · status=200 · OK
[2026-08-25T10:24:18.202Z] tick · orchestration:zombie-reconciler · exit=0 signal=- · OK
[2026-08-25T10:24:18.302Z] tick · brain:cron-tick · status=200 · OK
[2026-08-25T10:24:18.533Z] tick · discovery:orchestrator:tick · exit=0 signal=- · OK
[2026-08-25T10:25:17.775Z] tick · discovery:orchestrator:tick · spawning
[2026-08-25T10:25:17.895Z] tick · social:cron-tick · fetching GET http://localhost:3008/api/cron/comms-social-worker
[2026-08-25T10:25:18.116Z] tick · social:cron-tick · status=200 · OK
[2026-08-25T10:25:18.359Z] tick · discovery:orchestrator:tick · exit=0 signal=- · OK
[2026-08-25T10:26:17.776Z] tick · discovery:orchestrator:tick · spawning
[2026-08-25T10:26:17.899Z] tick · social:cron-tick · fetching GET http://localhost:3008/api/cron/comms-social-worker
[2026-08-25T10:26:18.145Z] tick · social:cron-tick · status=200 · OK
[2026-08-25T10:26:18.436Z] tick · discovery:orchestrator:tick · exit=0 signal=- · OK
[2026-08-25T10:27:17.428Z] tick · orchestration:zombie-reconciler · spawning
[2026-08-25T10:27:17.511Z] tick · brain:cron-tick · fetching GET http://localhost:3008/api/nex/brain/cron-tick
[2026-08-25T10:27:17.784Z] tick · discovery:orchestrator:tick · spawning
[2026-08-25T10:27:17.908Z] tick · social:cron-tick · fetching GET http://localhost:3008/api/cron/comms-social-worker
[2026-08-25T10:27:18.016Z] tick · orchestration:zombie-reconciler · exit=0 signal=- · OK
[2026-08-25T10:27:18.092Z] tick · social:cron-tick · status=200 · OK
[2026-08-25T10:27:18.346Z] tick · brain:cron-tick · status=200 · OK
[2026-08-25T10:27:18.470Z] tick · discovery:orchestrator:tick · exit=0 signal=- · OK
[2026-08-25T10:28:17.786Z] tick · discovery:orchestrator:tick · spawning
[2026-08-25T10:28:17.912Z] tick · social:cron-tick · fetching GET http://localhost:3008/api/cron/comms-social-worker
[2026-08-25T10:28:18.169Z] tick · social:cron-tick · status=200 · OK
[2026-08-25T10:28:18.524Z] tick · discovery:orchestrator:tick · exit=0 signal=- · OK
[2026-08-25T10:29:17.793Z] tick · discovery:orchestrator:tick · spawning
[2026-08-25T10:29:17.920Z] tick · social:cron-tick · fetching GET http://localhost:3008/api/cron/comms-social-worker
[2026-08-25T10:29:18.155Z] tick · social:cron-tick · status=200 · OK
[2026-08-25T10:29:18.263Z] tick · discovery:orchestrator:tick · exit=0 signal=- · OK
[2026-08-25T10:30:17.321Z] tick · cle:conversation · spawning
[2026-08-25T10:30:17.350Z] tick · promotion:food:Yogyakarta:quality-check · spawning
[2026-08-25T10:30:17.437Z] tick · orchestration:zombie-reconciler · spawning
[2026-08-25T10:30:17.520Z] tick · brain:cron-tick · fetching GET http://localhost:3008/api/nex/brain/cron-tick
[2026-08-25T10:30:17.797Z] tick · discovery:orchestrator:tick · spawning
[2026-08-25T10:30:17.922Z] tick · social:cron-tick · fetching GET http://localhost:3008/api/cron/comms-social-worker
[2026-08-25T10:30:18.171Z] tick · orchestration:zombie-reconciler · exit=0 signal=- · OK
[2026-08-25T10:30:18.271Z] tick · cle:conversation · exit=0 signal=- · OK
[2026-08-25T10:30:18.312Z] tick · social:cron-tick · status=200 · OK
[2026-08-25T10:30:18.506Z] tick · brain:cron-tick · status=200 · OK
[2026-08-25T10:30:18.523Z] tick · discovery:orchestrator:tick · exit=0 signal=- · OK
[2026-08-25T10:30:18.682Z] tick · promotion:food:Yogyakarta:quality-check · exit=0 signal=- · OK
[2026-08-25T10:30:47.290Z] tick · discovery:rotation:tick · spawning
[2026-08-25T10:30:48.559Z] tick · discovery:rotation:tick · exit=0 signal=- · OK
[2026-08-25T10:31:17.822Z] tick · discovery:orchestrator:tick · spawning
[2026-08-25T10:31:17.939Z] tick · social:cron-tick · fetching GET http://localhost:3008/api/cron/comms-social-worker
[2026-08-25T10:31:18.201Z] tick · social:cron-tick · status=200 · OK
[2026-08-25T10:31:18.237Z] tick · discovery:orchestrator:tick · exit=0 signal=- · OK
[2026-08-25T10:32:17.824Z] tick · discovery:orchestrator:tick · spawning
[2026-08-25T10:32:17.944Z] tick · social:cron-tick · fetching GET http://localhost:3008/api/cron/comms-social-worker
[2026-08-25T10:32:18.181Z] tick · social:cron-tick · status=200 · OK
[2026-08-25T10:32:18.585Z] tick · discovery:orchestrator:tick · exit=0 signal=- · OK
[2026-08-25T10:33:17.440Z] tick · orchestration:zombie-reconciler · spawning
[2026-08-25T10:33:17.523Z] tick · brain:cron-tick · fetching GET http://localhost:3008/api/nex/brain/cron-tick
[2026-08-25T10:33:17.804Z] tick · orchestration:zombie-reconciler · exit=0 signal=- · OK
[2026-08-25T10:33:17.828Z] tick · discovery:orchestrator:tick · spawning
[2026-08-25T10:33:17.940Z] tick · brain:cron-tick · status=200 · OK
[2026-08-25T10:33:17.953Z] tick · social:cron-tick · fetching GET http://localhost:3008/api/cron/comms-social-worker
[2026-08-25T10:33:18.041Z] tick · social:cron-tick · status=200 · OK
[2026-08-25T10:33:18.124Z] tick · discovery:orchestrator:tick · exit=0 signal=- · OK
[2026-08-25T10:34:17.841Z] tick · discovery:orchestrator:tick · spawning
[2026-08-25T10:34:17.968Z] tick · social:cron-tick · fetching GET http://localhost:3008/api/cron/comms-social-worker
[2026-08-25T10:34:18.293Z] tick · social:cron-tick · status=200 · OK
[2026-08-25T10:34:18.442Z] tick · discovery:orchestrator:tick · exit=0 signal=- · OK
[2026-08-25T10:35:17.844Z] tick · discovery:orchestrator:tick · spawning
[2026-08-25T10:35:17.968Z] tick · social:cron-tick · fetching GET http://localhost:3008/api/cron/comms-social-worker
[2026-08-25T10:35:18.096Z] tick · social:cron-tick · status=200 · OK
[2026-08-25T10:35:18.154Z] tick · discovery:orchestrator:tick · exit=0 signal=- · OK
[2026-08-25T10:36:17.448Z] tick · orchestration:zombie-reconciler · spawning
[2026-08-25T10:36:17.526Z] tick · brain:cron-tick · fetching GET http://localhost:3008/api/nex/brain/cron-tick
[2026-08-25T10:36:17.742Z] tick · orchestration:zombie-reconciler · exit=0 signal=- · OK
[2026-08-25T10:36:17.848Z] tick · discovery:orchestrator:tick · spawning
[2026-08-25T10:36:17.969Z] tick · social:cron-tick · fetching GET http://localhost:3008/api/cron/comms-social-worker
[2026-08-25T10:36:18.021Z] tick · social:cron-tick · status=200 · OK
[2026-08-25T10:36:18.032Z] tick · brain:cron-tick · status=200 · OK
[2026-08-25T10:36:18.185Z] tick · discovery:orchestrator:tick · exit=0 signal=- · OK
[2026-08-25T10:37:17.854Z] tick · discovery:orchestrator:tick · spawning
[2026-08-25T10:37:17.971Z] tick · social:cron-tick · fetching GET http://localhost:3008/api/cron/comms-social-worker
[2026-08-25T10:37:18.288Z] tick · social:cron-tick · status=200 · OK
[2026-08-25T10:37:18.529Z] tick · discovery:orchestrator:tick · exit=0 signal=- · OK
[2026-08-25T10:38:17.860Z] tick · discovery:orchestrator:tick · spawning
[2026-08-25T10:38:17.975Z] tick · social:cron-tick · fetching GET http://localhost:3008/api/cron/comms-social-worker
[2026-08-25T10:38:18.094Z] tick · social:cron-tick · status=200 · OK
[2026-08-25T10:38:18.132Z] tick · discovery:orchestrator:tick · exit=0 signal=- · OK
[2026-08-25T10:39:17.455Z] tick · orchestration:zombie-reconciler · spawning
[2026-08-25T10:39:17.529Z] tick · brain:cron-tick · fetching GET http://localhost:3008/api/nex/brain/cron-tick
[2026-08-25T10:39:17.825Z] tick · orchestration:zombie-reconciler · exit=0 signal=- · OK
[2026-08-25T10:39:17.863Z] tick · brain:cron-tick · status=200 · OK
[2026-08-25T10:39:17.863Z] tick · discovery:orchestrator:tick · spawning
[2026-08-25T10:39:17.984Z] tick · social:cron-tick · fetching GET http://localhost:3008/api/cron/comms-social-worker
[2026-08-25T10:39:18.059Z] tick · social:cron-tick · status=200 · OK
[2026-08-25T10:39:18.175Z] tick · discovery:orchestrator:tick · exit=0 signal=- · OK
[2026-08-25T10:40:17.323Z] tick · cle:conversation · spawning
[2026-08-25T10:40:17.716Z] tick · cle:conversation · exit=0 signal=- · OK
[2026-08-25T10:40:17.866Z] tick · discovery:orchestrator:tick · spawning
[2026-08-25T10:40:17.989Z] tick · social:cron-tick · fetching GET http://localhost:3008/api/cron/comms-social-worker
[2026-08-25T10:40:18.139Z] tick · social:cron-tick · status=200 · OK
[2026-08-25T10:40:18.191Z] tick · discovery:orchestrator:tick · exit=0 signal=- · OK
[2026-08-25T10:40:47.291Z] tick · discovery:rotation:tick · spawning
[2026-08-25T10:40:47.828Z] tick · discovery:rotation:tick · exit=0 signal=- · OK
[2026-08-25T10:41:17.867Z] tick · discovery:orchestrator:tick · spawning
[2026-08-25T10:41:17.992Z] tick · social:cron-tick · fetching GET http://localhost:3008/api/cron/comms-social-worker
[2026-08-25T10:41:18.192Z] tick · discovery:orchestrator:tick · exit=0 signal=- · OK
[2026-08-25T10:41:18.232Z] tick · social:cron-tick · status=200 · OK
[2026-08-25T10:42:17.462Z] tick · orchestration:zombie-reconciler · spawning
[2026-08-25T10:42:17.531Z] tick · brain:cron-tick · fetching GET http://localhost:3008/api/nex/brain/cron-tick
[2026-08-25T10:42:17.823Z] tick · orchestration:zombie-reconciler · exit=0 signal=- · OK
[2026-08-25T10:42:17.870Z] tick · discovery:orchestrator:tick · spawning
[2026-08-25T10:42:17.951Z] tick · brain:cron-tick · status=200 · OK
[2026-08-25T10:42:17.995Z] tick · social:cron-tick · fetching GET http://localhost:3008/api/cron/comms-social-worker
[2026-08-25T10:42:18.079Z] tick · social:cron-tick · status=200 · OK
[2026-08-25T10:42:18.088Z] tick · discovery:orchestrator:tick · exit=0 signal=- · OK
[2026-08-25T10:43:17.875Z] tick · discovery:orchestrator:tick · spawning
[2026-08-25T10:43:17.999Z] tick · social:cron-tick · fetching GET http://localhost:3008/api/cron/comms-social-worker
[2026-08-25T10:43:18.131Z] tick · social:cron-tick · status=200 · OK
[2026-08-25T10:43:18.193Z] tick · discovery:orchestrator:tick · exit=0 signal=- · OK
[2026-08-25T10:44:17.880Z] tick · discovery:orchestrator:tick · spawning
[2026-08-25T10:44:18.004Z] tick · social:cron-tick · fetching GET http://localhost:3008/api/cron/comms-social-worker
[2026-08-25T10:44:18.130Z] tick · discovery:orchestrator:tick · exit=0 signal=- · OK
[2026-08-25T10:44:18.146Z] tick · social:cron-tick · status=200 · OK
[2026-08-25T10:45:17.464Z] tick · orchestration:zombie-reconciler · spawning
[2026-08-25T10:45:17.538Z] tick · brain:cron-tick · fetching GET http://localhost:3008/api/nex/brain/cron-tick
[2026-08-25T10:45:17.665Z] tick · orchestration:zombie-reconciler · exit=0 signal=- · OK
[2026-08-25T10:45:17.884Z] tick · discovery:orchestrator:tick · spawning
[2026-08-25T10:45:17.982Z] tick · brain:cron-tick · status=200 · OK
[2026-08-25T10:45:18.005Z] tick · social:cron-tick · fetching GET http://localhost:3008/api/cron/comms-social-worker
[2026-08-25T10:45:18.066Z] tick · social:cron-tick · status=200 · OK
[2026-08-25T10:45:18.222Z] tick · discovery:orchestrator:tick · exit=0 signal=- · OK
[2026-08-25T10:46:17.890Z] tick · discovery:orchestrator:tick · spawning
[2026-08-25T10:46:18.008Z] tick · social:cron-tick · fetching GET http://localhost:3008/api/cron/comms-social-worker
[2026-08-25T10:46:18.147Z] tick · social:cron-tick · status=200 · OK
[2026-08-25T10:46:18.175Z] tick · discovery:orchestrator:tick · exit=0 signal=- · OK
[2026-08-25T10:47:17.890Z] tick · discovery:orchestrator:tick · spawning
[2026-08-25T10:47:18.009Z] tick · social:cron-tick · fetching GET http://localhost:3008/api/cron/comms-social-worker
[2026-08-25T10:47:18.165Z] tick · discovery:orchestrator:tick · exit=0 signal=- · OK
[2026-08-25T10:47:18.205Z] tick · social:cron-tick · status=200 · OK
[2026-08-25T10:48:17.464Z] tick · orchestration:zombie-reconciler · spawning
[2026-08-25T10:48:17.543Z] tick · brain:cron-tick · fetching GET http://localhost:3008/api/nex/brain/cron-tick
[2026-08-25T10:48:17.729Z] tick · orchestration:zombie-reconciler · exit=0 signal=- · OK
[2026-08-25T10:48:17.896Z] tick · discovery:orchestrator:tick · spawning
[2026-08-25T10:48:17.969Z] tick · brain:cron-tick · status=200 · OK
[2026-08-25T10:48:18.009Z] tick · social:cron-tick · fetching GET http://localhost:3008/api/cron/comms-social-worker
[2026-08-25T10:48:18.080Z] tick · social:cron-tick · status=200 · OK
[2026-08-25T10:48:18.239Z] tick · discovery:orchestrator:tick · exit=0 signal=- · OK
[2026-08-25T10:49:17.911Z] tick · discovery:orchestrator:tick · spawning
[2026-08-25T10:49:18.014Z] tick · social:cron-tick · fetching GET http://localhost:3008/api/cron/comms-social-worker
[2026-08-25T10:49:18.132Z] tick · social:cron-tick · status=200 · OK
[2026-08-25T10:49:18.140Z] tick · discovery:orchestrator:tick · exit=0 signal=- · OK
[2026-08-25T10:50:17.326Z] tick · cle:conversation · spawning
[2026-08-25T10:50:17.664Z] tick · cle:conversation · exit=0 signal=- · OK
[2026-08-25T10:50:17.918Z] tick · discovery:orchestrator:tick · spawning
[2026-08-25T10:50:18.021Z] tick · social:cron-tick · fetching GET http://localhost:3008/api/cron/comms-social-worker
[2026-08-25T10:50:18.154Z] tick · social:cron-tick · status=200 · OK
[2026-08-25T10:50:18.170Z] tick · discovery:orchestrator:tick · exit=0 signal=- · OK
[2026-08-25T10:50:47.306Z] tick · discovery:rotation:tick · spawning
[2026-08-25T10:50:47.917Z] tick · discovery:rotation:tick · exit=0 signal=- · OK
[2026-08-25T10:51:17.478Z] tick · orchestration:zombie-reconciler · spawning
[2026-08-25T10:51:17.557Z] tick · brain:cron-tick · fetching GET http://localhost:3008/api/nex/brain/cron-tick
[2026-08-25T10:51:17.736Z] tick · orchestration:zombie-reconciler · exit=0 signal=- · OK
[2026-08-25T10:51:17.910Z] tick · brain:cron-tick · status=200 · OK
[2026-08-25T10:51:17.922Z] tick · discovery:orchestrator:tick · spawning
[2026-08-25T10:51:18.028Z] tick · social:cron-tick · fetching GET http://localhost:3008/api/cron/comms-social-worker
[2026-08-25T10:51:18.093Z] tick · social:cron-tick · status=200 · OK
[2026-08-25T10:51:18.210Z] tick · discovery:orchestrator:tick · exit=0 signal=- · OK
[2026-08-25T10:52:17.928Z] tick · discovery:orchestrator:tick · spawning
[2026-08-25T10:52:18.038Z] tick · social:cron-tick · fetching GET http://localhost:3008/api/cron/comms-social-worker
[2026-08-25T10:52:18.182Z] tick · social:cron-tick · status=200 · OK
[2026-08-25T10:52:18.187Z] tick · discovery:orchestrator:tick · exit=0 signal=- · OK
[2026-08-25T10:53:17.940Z] tick · discovery:orchestrator:tick · spawning
[2026-08-25T10:53:18.045Z] tick · social:cron-tick · fetching GET http://localhost:3008/api/cron/comms-social-worker
[2026-08-25T10:53:18.205Z] tick · social:cron-tick · status=200 · OK
[2026-08-25T10:53:18.231Z] tick · discovery:orchestrator:tick · exit=0 signal=- · OK
[2026-08-25T10:54:17.487Z] tick · orchestration:zombie-reconciler · spawning
[2026-08-25T10:54:17.561Z] tick · brain:cron-tick · fetching GET http://localhost:3008/api/nex/brain/cron-tick
[2026-08-25T10:54:17.671Z] tick · orchestration:zombie-reconciler · exit=0 signal=- · OK
[2026-08-25T10:54:17.842Z] tick · brain:cron-tick · status=200 · OK
[2026-08-25T10:54:17.943Z] tick · discovery:orchestrator:tick · spawning
[2026-08-25T10:54:18.048Z] tick · social:cron-tick · fetching GET http://localhost:3008/api/cron/comms-social-worker
[2026-08-25T10:54:18.102Z] tick · social:cron-tick · status=200 · OK
[2026-08-25T10:54:18.263Z] tick · discovery:orchestrator:tick · exit=0 signal=- · OK
[2026-08-25T10:55:17.943Z] tick · discovery:orchestrator:tick · spawning
[2026-08-25T10:55:18.060Z] tick · social:cron-tick · fetching GET http://localhost:3008/api/cron/comms-social-worker
[2026-08-25T10:55:18.263Z] tick · discovery:orchestrator:tick · exit=0 signal=- · OK
[2026-08-25T10:55:18.281Z] tick · social:cron-tick · status=200 · OK
[2026-08-25T10:56:17.945Z] tick · discovery:orchestrator:tick · spawning
[2026-08-25T10:56:18.074Z] tick · social:cron-tick · fetching GET http://localhost:3008/api/cron/comms-social-worker
[2026-08-25T10:56:18.192Z] tick · social:cron-tick · status=200 · OK
[2026-08-25T10:56:18.212Z] tick · discovery:orchestrator:tick · exit=0 signal=- · OK
[2026-08-25T10:57:17.491Z] tick · orchestration:zombie-reconciler · spawning
[2026-08-25T10:57:17.567Z] tick · brain:cron-tick · fetching GET http://localhost:3008/api/nex/brain/cron-tick
[2026-08-25T10:57:17.780Z] tick · orchestration:zombie-reconciler · exit=0 signal=- · OK
[2026-08-25T10:57:17.949Z] tick · discovery:orchestrator:tick · spawning
[2026-08-25T10:57:18.016Z] tick · brain:cron-tick · status=200 · OK
[2026-08-25T10:57:18.081Z] tick · social:cron-tick · fetching GET http://localhost:3008/api/cron/comms-social-worker
[2026-08-25T10:57:18.155Z] tick · social:cron-tick · status=200 · OK
[2026-08-25T10:57:18.257Z] tick · discovery:orchestrator:tick · exit=0 signal=- · OK
[2026-08-25T10:58:17.961Z] tick · discovery:orchestrator:tick · spawning
[2026-08-25T10:58:18.081Z] tick · social:cron-tick · fetching GET http://localhost:3008/api/cron/comms-social-worker
[2026-08-25T10:58:18.204Z] tick · social:cron-tick · status=200 · OK
[2026-08-25T10:58:18.231Z] tick · discovery:orchestrator:tick · exit=0 signal=- · OK
[2026-08-25T10:59:17.970Z] tick · discovery:orchestrator:tick · spawning
[2026-08-25T10:59:18.093Z] tick · social:cron-tick · fetching GET http://localhost:3008/api/cron/comms-social-worker
[2026-08-25T10:59:18.225Z] tick · social:cron-tick · status=200 · OK
[2026-08-25T10:59:18.240Z] tick · discovery:orchestrator:tick · exit=0 signal=- · OK
[2026-08-25T11:00:17.333Z] tick · cle:conversation · spawning
[2026-08-25T11:00:17.355Z] tick · promotion:food:Yogyakarta:quality-check · spawning
[2026-08-25T11:00:17.492Z] tick · orchestration:zombie-reconciler · spawning
[2026-08-25T11:00:17.569Z] tick · brain:cron-tick · fetching GET http://localhost:3008/api/nex/brain/cron-tick
[2026-08-25T11:00:17.682Z] tick · cle:conversation · exit=0 signal=- · OK
[2026-08-25T11:00:17.760Z] tick · orchestration:zombie-reconciler · exit=0 signal=- · OK
[2026-08-25T11:00:17.836Z] tick · brain:cron-tick · status=200 · OK
[2026-08-25T11:00:17.845Z] tick · promotion:food:Yogyakarta:quality-check · exit=0 signal=- · OK
[2026-08-25T11:00:17.978Z] tick · discovery:orchestrator:tick · spawning
[2026-08-25T11:00:18.096Z] tick · social:cron-tick · fetching GET http://localhost:3008/api/cron/comms-social-worker
[2026-08-25T11:00:18.154Z] tick · social:cron-tick · status=200 · OK
[2026-08-25T11:00:18.254Z] tick · discovery:orchestrator:tick · exit=0 signal=- · OK
[2026-08-25T11:00:47.311Z] tick · discovery:rotation:tick · spawning
[2026-08-25T11:00:47.822Z] tick · discovery:rotation:tick · exit=0 signal=- · OK
[2026-08-25T11:01:17.986Z] tick · discovery:orchestrator:tick · spawning
[2026-08-25T11:01:18.105Z] tick · social:cron-tick · fetching GET http://localhost:3008/api/cron/comms-social-worker
[2026-08-25T11:01:18.336Z] tick · social:cron-tick · status=200 · OK
[2026-08-25T11:01:18.454Z] tick · discovery:orchestrator:tick · exit=0 signal=- · OK
[2026-08-25T11:02:17.997Z] tick · discovery:orchestrator:tick · spawning
[2026-08-25T11:02:18.107Z] tick · social:cron-tick · fetching GET http://localhost:3008/api/cron/comms-social-worker
[2026-08-25T11:02:18.290Z] tick · social:cron-tick · status=200 · OK
[2026-08-25T11:02:18.303Z] tick · discovery:orchestrator:tick · exit=0 signal=- · OK
[2026-08-25T11:03:17.496Z] tick · orchestration:zombie-reconciler · spawning
[2026-08-25T11:03:17.574Z] tick · brain:cron-tick · fetching GET http://localhost:3008/api/nex/brain/cron-tick
[2026-08-25T11:03:17.780Z] tick · orchestration:zombie-reconciler · exit=0 signal=- · OK
[2026-08-25T11:03:17.878Z] tick · brain:cron-tick · status=200 · OK
[2026-08-25T11:03:18.011Z] tick · discovery:orchestrator:tick · spawning
[2026-08-25T11:03:18.118Z] tick · social:cron-tick · fetching GET http://localhost:3008/api/cron/comms-social-worker
[2026-08-25T11:03:18.182Z] tick · social:cron-tick · status=200 · OK
[2026-08-25T11:03:18.271Z] tick · discovery:orchestrator:tick · exit=0 signal=- · OK
[2026-08-25T11:04:18.019Z] tick · discovery:orchestrator:tick · spawning
[2026-08-25T11:04:18.125Z] tick · social:cron-tick · fetching GET http://localhost:3008/api/cron/comms-social-worker
[2026-08-25T11:04:18.249Z] tick · social:cron-tick · status=200 · OK
[2026-08-25T11:04:18.261Z] tick · discovery:orchestrator:tick · exit=0 signal=- · OK
[2026-08-25T11:05:18.029Z] tick · discovery:orchestrator:tick · spawning
[2026-08-25T11:05:18.133Z] tick · social:cron-tick · fetching GET http://localhost:3008/api/cron/comms-social-worker
[2026-08-25T11:05:18.230Z] tick · social:cron-tick · status=200 · OK
[2026-08-25T11:05:18.231Z] tick · discovery:orchestrator:tick · exit=0 signal=- · OK
[2026-08-25T11:06:17.508Z] tick · orchestration:zombie-reconciler · spawning
[2026-08-25T11:06:17.580Z] tick · brain:cron-tick · fetching GET http://localhost:3008/api/nex/brain/cron-tick
[2026-08-25T11:06:17.715Z] tick · orchestration:zombie-reconciler · exit=0 signal=- · OK
[2026-08-25T11:06:17.823Z] tick · brain:cron-tick · status=200 · OK
[2026-08-25T11:06:18.029Z] tick · discovery:orchestrator:tick · spawning
[2026-08-25T11:06:18.137Z] tick · social:cron-tick · fetching GET http://localhost:3008/api/cron/comms-social-worker
[2026-08-25T11:06:18.200Z] tick · social:cron-tick · status=200 · OK
[2026-08-25T11:06:18.255Z] tick · discovery:orchestrator:tick · exit=0 signal=- · OK
[2026-08-25T11:07:18.041Z] tick · discovery:orchestrator:tick · spawning
[2026-08-25T11:07:18.141Z] tick · social:cron-tick · fetching GET http://localhost:3008/api/cron/comms-social-worker
[2026-08-25T11:07:18.241Z] tick · social:cron-tick · status=200 · OK
[2026-08-25T11:07:18.265Z] tick · discovery:orchestrator:tick · exit=0 signal=- · OK
[2026-08-25T11:08:18.044Z] tick · discovery:orchestrator:tick · spawning
[2026-08-25T11:08:18.147Z] tick · social:cron-tick · fetching GET http://localhost:3008/api/cron/comms-social-worker
[2026-08-25T11:08:18.247Z] tick · social:cron-tick · status=200 · OK
[2026-08-25T11:08:18.252Z] tick · discovery:orchestrator:tick · exit=0 signal=- · OK
[2026-08-25T11:09:17.519Z] tick · orchestration:zombie-reconciler · spawning
[2026-08-25T11:09:17.580Z] tick · brain:cron-tick · fetching GET http://localhost:3008/api/nex/brain/cron-tick
[2026-08-25T11:09:17.724Z] tick · orchestration:zombie-reconciler · exit=0 signal=- · OK
[2026-08-25T11:09:17.918Z] tick · brain:cron-tick · status=200 · OK
[2026-08-25T11:09:18.052Z] tick · discovery:orchestrator:tick · spawning
[2026-08-25T11:09:18.148Z] tick · social:cron-tick · fetching GET http://localhost:3008/api/cron/comms-social-worker
[2026-08-25T11:09:18.211Z] tick · social:cron-tick · status=200 · OK
[2026-08-25T11:09:18.240Z] tick · discovery:orchestrator:tick · exit=0 signal=- · OK
[2026-08-25T11:10:17.334Z] tick · cle:conversation · spawning
[2026-08-25T11:10:17.747Z] tick · cle:conversation · exit=0 signal=- · OK
[2026-08-25T11:10:18.056Z] tick · discovery:orchestrator:tick · spawning
[2026-08-25T11:10:18.153Z] tick · social:cron-tick · fetching GET http://localhost:3008/api/cron/comms-social-worker
[2026-08-25T11:10:18.230Z] tick · social:cron-tick · status=200 · OK
[2026-08-25T11:10:18.496Z] tick · discovery:orchestrator:tick · exit=0 signal=- · OK
[2026-08-25T11:10:47.313Z] tick · discovery:rotation:tick · spawning
[2026-08-25T11:10:47.922Z] tick · discovery:rotation:tick · exit=0 signal=- · OK
[2026-08-25T11:11:18.061Z] tick · discovery:orchestrator:tick · spawning
[2026-08-25T11:11:18.152Z] tick · social:cron-tick · fetching GET http://localhost:3008/api/cron/comms-social-worker
[2026-08-25T11:11:18.399Z] tick · social:cron-tick · status=200 · OK
[2026-08-25T11:11:18.430Z] tick · discovery:orchestrator:tick · exit=0 signal=- · OK
[2026-08-25T11:12:17.523Z] tick · orchestration:zombie-reconciler · spawning
[2026-08-25T11:12:17.589Z] tick · brain:cron-tick · fetching GET http://localhost:3008/api/nex/brain/cron-tick
[2026-08-25T11:12:17.805Z] tick · orchestration:zombie-reconciler · exit=0 signal=- · OK
[2026-08-25T11:12:17.852Z] tick · brain:cron-tick · status=200 · OK
[2026-08-25T11:12:18.065Z] tick · discovery:orchestrator:tick · spawning
[2026-08-25T11:12:18.161Z] tick · social:cron-tick · fetching GET http://localhost:3008/api/cron/comms-social-worker
[2026-08-25T11:12:18.195Z] tick · social:cron-tick · status=200 · OK
[2026-08-25T11:12:18.357Z] tick · discovery:orchestrator:tick · exit=0 signal=- · OK
[2026-08-25T11:13:18.068Z] tick · discovery:orchestrator:tick · spawning
[2026-08-25T11:13:18.172Z] tick · social:cron-tick · fetching GET http://localhost:3008/api/cron/comms-social-worker
[2026-08-25T11:13:18.267Z] tick · social:cron-tick · status=200 · OK
[2026-08-25T11:13:18.333Z] tick · discovery:orchestrator:tick · exit=0 signal=- · OK
[2026-08-25T11:14:18.074Z] tick · discovery:orchestrator:tick · spawning
[2026-08-25T11:14:18.176Z] tick · social:cron-tick · fetching GET http://localhost:3008/api/cron/comms-social-worker
[2026-08-25T11:14:18.268Z] tick · social:cron-tick · status=200 · OK
[2026-08-25T11:14:18.321Z] tick · discovery:orchestrator:tick · exit=0 signal=- · OK
[2026-08-25T11:15:17.525Z] tick · orchestration:zombie-reconciler · spawning
[2026-08-25T11:15:17.595Z] tick · brain:cron-tick · fetching GET http://localhost:3008/api/nex/brain/cron-tick
[2026-08-25T11:15:17.758Z] tick · orchestration:zombie-reconciler · exit=0 signal=- · OK
[2026-08-25T11:15:17.809Z] tick · brain:cron-tick · status=200 · OK
[2026-08-25T11:15:18.082Z] tick · discovery:orchestrator:tick · spawning
[2026-08-25T11:15:18.177Z] tick · social:cron-tick · fetching GET http://localhost:3008/api/cron/comms-social-worker
[2026-08-25T11:15:18.222Z] tick · social:cron-tick · status=200 · OK
[2026-08-25T11:15:18.456Z] tick · discovery:orchestrator:tick · exit=0 signal=- · OK
[2026-08-25T11:16:18.086Z] tick · discovery:orchestrator:tick · spawning
[2026-08-25T11:16:18.176Z] tick · social:cron-tick · fetching GET http://localhost:3008/api/cron/comms-social-worker
[2026-08-25T11:16:18.281Z] tick · social:cron-tick · status=200 · OK
[2026-08-25T11:16:18.302Z] tick · discovery:orchestrator:tick · exit=0 signal=- · OK
[2026-08-25T11:17:18.092Z] tick · discovery:orchestrator:tick · spawning
[2026-08-25T11:17:18.182Z] tick · social:cron-tick · fetching GET http://localhost:3008/api/cron/comms-social-worker
[2026-08-25T11:17:18.267Z] tick · social:cron-tick · status=200 · OK
[2026-08-25T11:17:18.396Z] tick · discovery:orchestrator:tick · exit=0 signal=- · OK
[2026-08-25T11:18:17.528Z] tick · orchestration:zombie-reconciler · spawning
[2026-08-25T11:18:17.598Z] tick · brain:cron-tick · fetching GET http://localhost:3008/api/nex/brain/cron-tick
[2026-08-25T11:18:17.739Z] tick · orchestration:zombie-reconciler · exit=0 signal=- · OK
[2026-08-25T11:18:17.787Z] tick · brain:cron-tick · status=200 · OK
[2026-08-25T11:18:18.092Z] tick · discovery:orchestrator:tick · spawning
[2026-08-25T11:18:18.183Z] tick · social:cron-tick · fetching GET http://localhost:3008/api/cron/comms-social-worker
[2026-08-25T11:18:18.222Z] tick · social:cron-tick · status=200 · OK
[2026-08-25T11:18:18.389Z] tick · discovery:orchestrator:tick · exit=0 signal=- · OK
[2026-08-25T11:19:18.095Z] tick · discovery:orchestrator:tick · spawning
[2026-08-25T11:19:18.185Z] tick · social:cron-tick · fetching GET http://localhost:3008/api/cron/comms-social-worker
[2026-08-25T11:19:18.295Z] tick · social:cron-tick · status=200 · OK
[2026-08-25T11:19:18.344Z] tick · discovery:orchestrator:tick · exit=0 signal=- · OK
[2026-08-25T11:20:17.338Z] tick · cle:conversation · spawning
[2026-08-25T11:20:17.637Z] tick · cle:conversation · exit=0 signal=- · OK
[2026-08-25T11:20:18.098Z] tick · discovery:orchestrator:tick · spawning
[2026-08-25T11:20:18.191Z] tick · social:cron-tick · fetching GET http://localhost:3008/api/cron/comms-social-worker
[2026-08-25T11:20:18.315Z] tick · social:cron-tick · status=200 · OK
[2026-08-25T11:20:18.339Z] tick · discovery:orchestrator:tick · exit=0 signal=- · OK
[2026-08-25T11:20:47.323Z] tick · discovery:rotation:tick · spawning
[2026-08-25T11:20:47.775Z] tick · discovery:rotation:tick · exit=0 signal=- · OK
[2026-08-25T11:21:17.530Z] tick · orchestration:zombie-reconciler · spawning
[2026-08-25T11:21:17.599Z] tick · brain:cron-tick · fetching GET http://localhost:3008/api/nex/brain/cron-tick
[2026-08-25T11:21:17.736Z] tick · orchestration:zombie-reconciler · exit=0 signal=- · OK
[2026-08-25T11:21:17.770Z] tick · brain:cron-tick · status=200 · OK
[2026-08-25T11:21:18.100Z] tick · discovery:orchestrator:tick · spawning
[2026-08-25T11:21:18.196Z] tick · social:cron-tick · fetching GET http://localhost:3008/api/cron/comms-social-worker
[2026-08-25T11:21:18.267Z] tick · social:cron-tick · status=200 · OK
[2026-08-25T11:21:18.514Z] tick · discovery:orchestrator:tick · exit=0 signal=- · OK
[2026-08-25T11:22:18.117Z] tick · discovery:orchestrator:tick · spawning
[2026-08-25T11:22:18.202Z] tick · social:cron-tick · fetching GET http://localhost:3008/api/cron/comms-social-worker
[2026-08-25T11:22:18.350Z] tick · social:cron-tick · status=200 · OK
[2026-08-25T11:22:18.395Z] tick · discovery:orchestrator:tick · exit=0 signal=- · OK
[2026-08-25T11:23:18.129Z] tick · discovery:orchestrator:tick · spawning
[2026-08-25T11:23:18.202Z] tick · social:cron-tick · fetching GET http://localhost:3008/api/cron/comms-social-worker
[2026-08-25T11:23:18.367Z] tick · social:cron-tick · status=200 · OK
[2026-08-25T11:23:18.398Z] tick · discovery:orchestrator:tick · exit=0 signal=- · OK
[2026-08-25T11:24:17.531Z] tick · orchestration:zombie-reconciler · spawning
[2026-08-25T11:24:17.608Z] tick · brain:cron-tick · fetching GET http://localhost:3008/api/nex/brain/cron-tick
[2026-08-25T11:24:17.810Z] tick · orchestration:zombie-reconciler · exit=0 signal=- · OK
[2026-08-25T11:24:18.034Z] tick · brain:cron-tick · status=200 · OK
[2026-08-25T11:24:18.130Z] tick · discovery:orchestrator:tick · spawning
[2026-08-25T11:24:18.206Z] tick · social:cron-tick · fetching GET http://localhost:3008/api/cron/comms-social-worker
[2026-08-25T11:24:18.262Z] tick · social:cron-tick · status=200 · OK
[2026-08-25T11:24:18.492Z] tick · discovery:orchestrator:tick · exit=0 signal=- · OK
[2026-08-25T11:25:18.135Z] tick · discovery:orchestrator:tick · spawning
[2026-08-25T11:25:18.210Z] tick · social:cron-tick · fetching GET http://localhost:3008/api/cron/comms-social-worker
[2026-08-25T11:25:18.300Z] tick · social:cron-tick · status=200 · OK
[2026-08-25T11:25:18.460Z] tick · discovery:orchestrator:tick · exit=0 signal=- · OK
[2026-08-25T11:26:18.137Z] tick · discovery:orchestrator:tick · spawning
[2026-08-25T11:26:18.221Z] tick · social:cron-tick · fetching GET http://localhost:3008/api/cron/comms-social-worker
[2026-08-25T11:26:18.317Z] tick · social:cron-tick · status=200 · OK
[2026-08-25T11:26:18.358Z] tick · discovery:orchestrator:tick · exit=0 signal=- · OK
[2026-08-25T11:27:17.532Z] tick · orchestration:zombie-reconciler · spawning
[2026-08-25T11:27:17.613Z] tick · brain:cron-tick · fetching GET http://localhost:3008/api/nex/brain/cron-tick
[2026-08-25T11:27:17.747Z] tick · orchestration:zombie-reconciler · exit=0 signal=- · OK
[2026-08-25T11:27:17.976Z] tick · brain:cron-tick · status=200 · OK
[2026-08-25T11:27:18.142Z] tick · discovery:orchestrator:tick · spawning
[2026-08-25T11:27:18.224Z] tick · social:cron-tick · fetching GET http://localhost:3008/api/cron/comms-social-worker
[2026-08-25T11:27:18.269Z] tick · social:cron-tick · status=200 · OK
[2026-08-25T11:27:18.449Z] tick · discovery:orchestrator:tick · exit=0 signal=- · OK
[2026-08-25T11:28:18.144Z] tick · discovery:orchestrator:tick · spawning
[2026-08-25T11:28:18.230Z] tick · social:cron-tick · fetching GET http://localhost:3008/api/cron/comms-social-worker
[2026-08-25T11:28:18.345Z] tick · social:cron-tick · status=200 · OK
[2026-08-25T11:28:18.502Z] tick · discovery:orchestrator:tick · exit=0 signal=- · OK
[2026-08-25T11:29:18.159Z] tick · discovery:orchestrator:tick · spawning
[2026-08-25T11:29:18.232Z] tick · social:cron-tick · fetching GET http://localhost:3008/api/cron/comms-social-worker
[2026-08-25T11:29:18.431Z] tick · social:cron-tick · status=200 · OK
[2026-08-25T11:29:18.477Z] tick · discovery:orchestrator:tick · exit=0 signal=- · OK
[2026-08-25T11:30:17.349Z] tick · cle:conversation · spawning
[2026-08-25T11:30:17.362Z] tick · promotion:food:Yogyakarta:quality-check · spawning
[2026-08-25T11:30:17.539Z] tick · orchestration:zombie-reconciler · spawning
[2026-08-25T11:30:17.618Z] tick · brain:cron-tick · fetching GET http://localhost:3008/api/nex/brain/cron-tick
[2026-08-25T11:30:17.638Z] tick · cle:conversation · exit=0 signal=- · OK
[2026-08-25T11:30:17.750Z] tick · orchestration:zombie-reconciler · exit=0 signal=- · OK
[2026-08-25T11:30:17.791Z] tick · promotion:food:Yogyakarta:quality-check · exit=0 signal=- · OK
[2026-08-25T11:30:17.850Z] tick · brain:cron-tick · status=200 · OK
[2026-08-25T11:30:18.159Z] tick · discovery:orchestrator:tick · spawning
[2026-08-25T11:30:18.246Z] tick · social:cron-tick · fetching GET http://localhost:3008/api/cron/comms-social-worker
[2026-08-25T11:30:18.306Z] tick · social:cron-tick · status=200 · OK
[2026-08-25T11:30:18.417Z] tick · discovery:orchestrator:tick · exit=0 signal=- · OK
[2026-08-25T11:30:47.330Z] tick · discovery:rotation:tick · spawning
[2026-08-25T11:30:47.808Z] tick · discovery:rotation:tick · exit=0 signal=- · OK
[2026-08-25T11:31:18.165Z] tick · discovery:orchestrator:tick · spawning
[2026-08-25T11:31:18.259Z] tick · social:cron-tick · fetching GET http://localhost:3008/api/cron/comms-social-worker
[2026-08-25T11:31:18.509Z] tick · discovery:orchestrator:tick · exit=0 signal=- · OK
[2026-08-25T11:31:18.588Z] tick · social:cron-tick · status=200 · OK
[2026-08-25T11:32:18.178Z] tick · discovery:orchestrator:tick · spawning
[2026-08-25T11:32:18.262Z] tick · social:cron-tick · fetching GET http://localhost:3008/api/cron/comms-social-worker
[2026-08-25T11:32:18.488Z] tick · discovery:orchestrator:tick · exit=0 signal=- · OK
[2026-08-25T11:32:18.534Z] tick · social:cron-tick · status=200 · OK
[2026-08-25T11:33:17.543Z] tick · orchestration:zombie-reconciler · spawning
[2026-08-25T11:33:17.620Z] tick · brain:cron-tick · fetching GET http://localhost:3008/api/nex/brain/cron-tick
[2026-08-25T11:33:17.857Z] tick · orchestration:zombie-reconciler · exit=0 signal=- · OK
[2026-08-25T11:33:18.181Z] tick · discovery:orchestrator:tick · spawning
[2026-08-25T11:33:18.256Z] tick · brain:cron-tick · status=200 · OK
[2026-08-25T11:33:18.265Z] tick · social:cron-tick · fetching GET http://localhost:3008/api/cron/comms-social-worker
[2026-08-25T11:33:18.331Z] tick · social:cron-tick · status=200 · OK
[2026-08-25T11:33:18.499Z] tick · discovery:orchestrator:tick · exit=0 signal=- · OK
[2026-08-25T11:34:18.185Z] tick · discovery:orchestrator:tick · spawning
[2026-08-25T11:34:18.267Z] tick · social:cron-tick · fetching GET http://localhost:3008/api/cron/comms-social-worker
[2026-08-25T11:34:18.550Z] tick · discovery:orchestrator:tick · exit=0 signal=- · OK
[2026-08-25T11:34:18.594Z] tick · social:cron-tick · status=200 · OK
[2026-08-25T11:35:18.187Z] tick · discovery:orchestrator:tick · spawning
[2026-08-25T11:35:18.272Z] tick · social:cron-tick · fetching GET http://localhost:3008/api/cron/comms-social-worker
[2026-08-25T11:35:19.002Z] tick · discovery:orchestrator:tick · exit=0 signal=- · OK
[2026-08-25T11:35:20.102Z] tick · social:cron-tick · status=200 · OK
[2026-08-25T11:36:17.551Z] tick · orchestration:zombie-reconciler · spawning
[2026-08-25T11:36:17.626Z] tick · brain:cron-tick · fetching GET http://localhost:3008/api/nex/brain/cron-tick
[2026-08-25T11:36:18.167Z] tick · brain:cron-tick · status=200 · OK
[2026-08-25T11:36:18.169Z] tick · orchestration:zombie-reconciler · exit=0 signal=- · OK
[2026-08-25T11:36:18.191Z] tick · discovery:orchestrator:tick · spawning
[2026-08-25T11:36:18.276Z] tick · social:cron-tick · fetching GET http://localhost:3008/api/cron/comms-social-worker
[2026-08-25T11:36:18.358Z] tick · social:cron-tick · status=200 · OK
[2026-08-25T11:36:18.546Z] tick · discovery:orchestrator:tick · exit=0 signal=- · OK
[2026-08-25T11:37:18.196Z] tick · discovery:orchestrator:tick · spawning
[2026-08-25T11:37:18.277Z] tick · social:cron-tick · fetching GET http://localhost:3008/api/cron/comms-social-worker
[2026-08-25T11:37:18.412Z] tick · social:cron-tick · status=200 · OK
[2026-08-25T11:37:18.451Z] tick · discovery:orchestrator:tick · exit=0 signal=- · OK
[2026-08-25T11:38:18.201Z] tick · discovery:orchestrator:tick · spawning
[2026-08-25T11:38:18.277Z] tick · social:cron-tick · fetching GET http://localhost:3008/api/cron/comms-social-worker
[2026-08-25T11:38:18.389Z] tick · social:cron-tick · status=200 · OK
[2026-08-25T11:38:18.411Z] tick · discovery:orchestrator:tick · exit=0 signal=- · OK
[2026-08-25T11:39:17.559Z] tick · orchestration:zombie-reconciler · spawning
[2026-08-25T11:39:17.629Z] tick · brain:cron-tick · fetching GET http://localhost:3008/api/nex/brain/cron-tick
[2026-08-25T11:39:17.857Z] tick · orchestration:zombie-reconciler · exit=0 signal=- · OK
[2026-08-25T11:39:18.208Z] tick · discovery:orchestrator:tick · spawning
[2026-08-25T11:39:18.282Z] tick · social:cron-tick · fetching GET http://localhost:3008/api/cron/comms-social-worker
[2026-08-25T11:39:18.307Z] tick · brain:cron-tick · status=200 · OK
[2026-08-25T11:39:18.451Z] tick · social:cron-tick · status=200 · OK
[2026-08-25T11:39:18.541Z] tick · discovery:orchestrator:tick · exit=0 signal=- · OK
[2026-08-25T11:40:17.357Z] tick · cle:conversation · spawning
[2026-08-25T11:40:18.210Z] tick · discovery:orchestrator:tick · spawning
[2026-08-25T11:40:18.248Z] tick · cle:conversation · exit=0 signal=- · OK
[2026-08-25T11:40:18.292Z] tick · social:cron-tick · fetching GET http://localhost:3008/api/cron/comms-social-worker
[2026-08-25T11:40:18.565Z] tick · discovery:orchestrator:tick · exit=0 signal=- · OK
[2026-08-25T11:40:19.269Z] tick · social:cron-tick · status=200 · OK
[2026-08-25T11:40:47.334Z] tick · discovery:rotation:tick · spawning
[2026-08-25T11:40:47.810Z] tick · discovery:rotation:tick · exit=0 signal=- · OK
[2026-08-25T11:41:18.218Z] tick · discovery:orchestrator:tick · spawning
[2026-08-25T11:41:18.295Z] tick · social:cron-tick · fetching GET http://localhost:3008/api/cron/comms-social-worker
[2026-08-25T11:41:18.553Z] tick · social:cron-tick · status=200 · OK
[2026-08-25T11:41:18.572Z] tick · discovery:orchestrator:tick · exit=0 signal=- · OK
[2026-08-25T11:42:17.566Z] tick · orchestration:zombie-reconciler · spawning
[2026-08-25T11:42:17.630Z] tick · brain:cron-tick · fetching GET http://localhost:3008/api/nex/brain/cron-tick
[2026-08-25T11:42:17.780Z] tick · orchestration:zombie-reconciler · exit=0 signal=- · OK
[2026-08-25T11:42:17.959Z] tick · brain:cron-tick · status=200 · OK
[2026-08-25T11:42:18.229Z] tick · discovery:orchestrator:tick · spawning
[2026-08-25T11:42:18.306Z] tick · social:cron-tick · fetching GET http://localhost:3008/api/cron/comms-social-worker
[2026-08-25T11:42:18.394Z] tick · social:cron-tick · status=200 · OK
[2026-08-25T11:42:18.488Z] tick · discovery:orchestrator:tick · exit=0 signal=- · OK
[2026-08-25T11:43:18.233Z] tick · discovery:orchestrator:tick · spawning
[2026-08-25T11:43:18.315Z] tick · social:cron-tick · fetching GET http://localhost:3008/api/cron/comms-social-worker
[2026-08-25T11:43:18.431Z] tick · social:cron-tick · status=200 · OK
[2026-08-25T11:43:18.463Z] tick · discovery:orchestrator:tick · exit=0 signal=- · OK
[2026-08-25T11:44:18.234Z] tick · discovery:orchestrator:tick · spawning
[2026-08-25T11:44:18.325Z] tick · social:cron-tick · fetching GET http://localhost:3008/api/cron/comms-social-worker
[2026-08-25T11:44:18.420Z] tick · social:cron-tick · status=200 · OK
[2026-08-25T11:44:18.563Z] tick · discovery:orchestrator:tick · exit=0 signal=- · OK
[2026-08-25T11:45:17.566Z] tick · orchestration:zombie-reconciler · spawning
[2026-08-25T11:45:17.644Z] tick · brain:cron-tick · fetching GET http://localhost:3008/api/nex/brain/cron-tick
[2026-08-25T11:45:17.776Z] tick · orchestration:zombie-reconciler · exit=0 signal=- · OK
[2026-08-25T11:45:17.897Z] tick · brain:cron-tick · status=200 · OK
[2026-08-25T11:45:18.236Z] tick · discovery:orchestrator:tick · spawning
[2026-08-25T11:45:18.339Z] tick · social:cron-tick · fetching GET http://localhost:3008/api/cron/comms-social-worker
[2026-08-25T11:45:18.414Z] tick · social:cron-tick · status=200 · OK
[2026-08-25T11:45:18.495Z] tick · discovery:orchestrator:tick · exit=0 signal=- · OK
[2026-08-25T11:46:18.247Z] tick · discovery:orchestrator:tick · spawning
[2026-08-25T11:46:18.345Z] tick · social:cron-tick · fetching GET http://localhost:3008/api/cron/comms-social-worker
[2026-08-25T11:46:18.469Z] tick · social:cron-tick · status=200 · OK
[2026-08-25T11:46:18.507Z] tick · discovery:orchestrator:tick · exit=0 signal=- · OK
[2026-08-25T11:47:18.249Z] tick · discovery:orchestrator:tick · spawning
[2026-08-25T11:47:18.344Z] tick · social:cron-tick · fetching GET http://localhost:3008/api/cron/comms-social-worker
[2026-08-25T11:47:18.451Z] tick · social:cron-tick · status=200 · OK
[2026-08-25T11:47:18.645Z] tick · discovery:orchestrator:tick · exit=0 signal=- · OK
[2026-08-25T11:48:17.573Z] tick · orchestration:zombie-reconciler · spawning
[2026-08-25T11:48:17.649Z] tick · brain:cron-tick · fetching GET http://localhost:3008/api/nex/brain/cron-tick
[2026-08-25T11:48:17.757Z] tick · orchestration:zombie-reconciler · exit=0 signal=- · OK
[2026-08-25T11:48:17.903Z] tick · brain:cron-tick · status=200 · OK
[2026-08-25T11:48:18.252Z] tick · discovery:orchestrator:tick · spawning
[2026-08-25T11:48:18.351Z] tick · social:cron-tick · fetching GET http://localhost:3008/api/cron/comms-social-worker
[2026-08-25T11:48:18.403Z] tick · social:cron-tick · status=200 · OK
[2026-08-25T11:48:18.445Z] tick · discovery:orchestrator:tick · exit=0 signal=- · OK
[2026-08-25T11:49:18.256Z] tick · discovery:orchestrator:tick · spawning
[2026-08-25T11:49:18.353Z] tick · social:cron-tick · fetching GET http://localhost:3008/api/cron/comms-social-worker
[2026-08-25T11:49:18.447Z] tick · discovery:orchestrator:tick · exit=0 signal=- · OK
[2026-08-25T11:49:18.452Z] tick · social:cron-tick · status=200 · OK
[2026-08-25T11:50:17.361Z] tick · cle:conversation · spawning
[2026-08-25T11:50:17.747Z] tick · cle:conversation · exit=0 signal=- · OK
[2026-08-25T11:50:18.259Z] tick · discovery:orchestrator:tick · spawning
[2026-08-25T11:50:18.366Z] tick · social:cron-tick · fetching GET http://localhost:3008/api/cron/comms-social-worker
[2026-08-25T11:50:18.481Z] tick · discovery:orchestrator:tick · exit=0 signal=- · OK
[2026-08-25T11:50:18.578Z] tick · social:cron-tick · status=200 · OK
[2026-08-25T11:50:47.349Z] tick · discovery:rotation:tick · spawning
[2026-08-25T11:50:48.120Z] tick · discovery:rotation:tick · exit=0 signal=- · OK
[2026-08-25T11:51:17.575Z] tick · orchestration:zombie-reconciler · spawning
[2026-08-25T11:51:17.651Z] tick · brain:cron-tick · fetching GET http://localhost:3008/api/nex/brain/cron-tick
[2026-08-25T11:51:18.231Z] tick · orchestration:zombie-reconciler · exit=0 signal=- · OK
[2026-08-25T11:51:18.267Z] tick · discovery:orchestrator:tick · spawning
[2026-08-25T11:51:18.370Z] tick · social:cron-tick · fetching GET http://localhost:3008/api/cron/comms-social-worker
[2026-08-25T11:51:18.710Z] tick · discovery:orchestrator:tick · exit=0 signal=- · OK
[2026-08-25T11:51:19.950Z] tick · social:cron-tick · status=200 · OK
[2026-08-25T11:51:20.108Z] tick · brain:cron-tick · status=200 · OK
[2026-08-25T11:52:18.272Z] tick · discovery:orchestrator:tick · spawning
[2026-08-25T11:52:18.375Z] tick · social:cron-tick · fetching GET http://localhost:3008/api/cron/comms-social-worker
[2026-08-25T11:52:18.528Z] tick · social:cron-tick · status=200 · OK
[2026-08-25T11:52:18.541Z] tick · discovery:orchestrator:tick · exit=0 signal=- · OK
[2026-08-25T11:53:18.273Z] tick · discovery:orchestrator:tick · spawning
[2026-08-25T11:53:18.378Z] tick · social:cron-tick · fetching GET http://localhost:3008/api/cron/comms-social-worker
[2026-08-25T11:53:18.546Z] tick · discovery:orchestrator:tick · exit=0 signal=- · OK
[2026-08-25T11:53:18.577Z] tick · social:cron-tick · status=200 · OK
[2026-08-25T11:54:17.579Z] tick · orchestration:zombie-reconciler · spawning
[2026-08-25T11:54:17.663Z] tick · brain:cron-tick · fetching GET http://localhost:3008/api/nex/brain/cron-tick
[2026-08-25T11:54:17.797Z] tick · orchestration:zombie-reconciler · exit=0 signal=- · OK
[2026-08-25T11:54:18.033Z] tick · brain:cron-tick · status=200 · OK
[2026-08-25T11:54:18.274Z] tick · discovery:orchestrator:tick · spawning
[2026-08-25T11:54:18.383Z] tick · social:cron-tick · fetching GET http://localhost:3008/api/cron/comms-social-worker
[2026-08-25T11:54:18.439Z] tick · social:cron-tick · status=200 · OK
[2026-08-25T11:54:18.595Z] tick · discovery:orchestrator:tick · exit=0 signal=- · OK
[2026-08-25T11:55:18.277Z] tick · discovery:orchestrator:tick · spawning
[2026-08-25T11:55:18.392Z] tick · social:cron-tick · fetching GET http://localhost:3008/api/cron/comms-social-worker
[2026-08-25T11:55:18.539Z] tick · discovery:orchestrator:tick · exit=0 signal=- · OK
[2026-08-25T11:55:18.597Z] tick · social:cron-tick · status=200 · OK
[2026-08-25T11:56:18.277Z] tick · discovery:orchestrator:tick · spawning
[2026-08-25T11:56:18.396Z] tick · social:cron-tick · fetching GET http://localhost:3008/api/cron/comms-social-worker
[2026-08-25T11:56:18.507Z] tick · social:cron-tick · status=200 · OK
[2026-08-25T11:56:18.655Z] tick · discovery:orchestrator:tick · exit=0 signal=- · OK
[2026-08-25T11:57:17.589Z] tick · orchestration:zombie-reconciler · spawning
[2026-08-25T11:57:17.667Z] tick · brain:cron-tick · fetching GET http://localhost:3008/api/nex/brain/cron-tick
[2026-08-25T11:57:17.857Z] tick · orchestration:zombie-reconciler · exit=0 signal=- · OK
[2026-08-25T11:57:18.278Z] tick · discovery:orchestrator:tick · spawning
[2026-08-25T11:57:18.399Z] tick · social:cron-tick · fetching GET http://localhost:3008/api/cron/comms-social-worker
[2026-08-25T11:57:18.541Z] tick · discovery:orchestrator:tick · exit=0 signal=- · OK
[2026-08-25T11:57:18.620Z] tick · social:cron-tick · status=200 · OK
[2026-08-25T11:57:18.663Z] tick · brain:cron-tick · status=200 · OK
[2026-08-25T11:58:18.288Z] tick · discovery:orchestrator:tick · spawning
[2026-08-25T11:58:18.411Z] tick · social:cron-tick · fetching GET http://localhost:3008/api/cron/comms-social-worker
[2026-08-25T11:58:18.688Z] tick · discovery:orchestrator:tick · exit=0 signal=- · OK
[2026-08-25T11:58:18.806Z] tick · social:cron-tick · status=200 · OK
[2026-08-25T11:59:18.296Z] tick · discovery:orchestrator:tick · spawning
[2026-08-25T11:59:18.453Z] tick · social:cron-tick · fetching GET http://localhost:3008/api/cron/comms-social-worker
[2026-08-25T11:59:19.073Z] tick · discovery:orchestrator:tick · exit=0 signal=- · OK
[2026-08-25T11:59:20.340Z] tick · social:cron-tick · status=200 · OK
[2026-08-25T12:00:17.363Z] tick · cle:conversation · spawning
[2026-08-25T12:00:17.383Z] tick · promotion:food:Yogyakarta:quality-check · spawning
[2026-08-25T12:00:17.591Z] tick · orchestration:zombie-reconciler · spawning
[2026-08-25T12:00:17.670Z] tick · brain:cron-tick · fetching GET http://localhost:3008/api/nex/brain/cron-tick
[2026-08-25T12:00:17.798Z] tick · orchestration:zombie-reconciler · exit=0 signal=- · OK
[2026-08-25T12:00:17.825Z] tick · cle:conversation · exit=0 signal=- · OK
[2026-08-25T12:00:18.006Z] tick · promotion:food:Yogyakarta:quality-check · exit=0 signal=- · OK
[2026-08-25T12:00:18.296Z] tick · discovery:orchestrator:tick · spawning
[2026-08-25T12:00:18.462Z] tick · social:cron-tick · fetching GET http://localhost:3008/api/cron/comms-social-worker
[2026-08-25T12:00:18.543Z] tick · discovery:orchestrator:tick · exit=0 signal=- · OK
[2026-08-25T12:00:18.567Z] tick · social:cron-tick · status=200 · OK
[2026-08-25T12:00:18.647Z] tick · brain:cron-tick · status=200 · OK
[2026-08-25T12:00:47.356Z] tick · discovery:rotation:tick · spawning
[2026-08-25T12:00:47.892Z] tick · discovery:rotation:tick · exit=0 signal=- · OK
[2026-08-25T12:01:18.297Z] tick · discovery:orchestrator:tick · spawning
[2026-08-25T12:01:18.468Z] tick · social:cron-tick · fetching GET http://localhost:3008/api/cron/comms-social-worker
[2026-08-25T12:01:18.506Z] tick · discovery:orchestrator:tick · exit=0 signal=- · OK
[2026-08-25T12:01:18.594Z] tick · social:cron-tick · status=200 · OK
[2026-08-25T12:02:18.303Z] tick · discovery:orchestrator:tick · spawning
[2026-08-25T12:02:18.470Z] tick · social:cron-tick · fetching GET http://localhost:3008/api/cron/comms-social-worker
[2026-08-25T12:02:18.611Z] tick · discovery:orchestrator:tick · exit=0 signal=- · OK
[2026-08-25T12:02:18.642Z] tick · social:cron-tick · status=200 · OK
[2026-08-25T12:03:17.591Z] tick · orchestration:zombie-reconciler · spawning
[2026-08-25T12:03:17.684Z] tick · brain:cron-tick · fetching GET http://localhost:3008/api/nex/brain/cron-tick
[2026-08-25T12:03:17.933Z] tick · orchestration:zombie-reconciler · exit=0 signal=- · OK
[2026-08-25T12:03:17.983Z] tick · brain:cron-tick · status=200 · OK
[2026-08-25T12:03:18.303Z] tick · discovery:orchestrator:tick · spawning
[2026-08-25T12:03:18.482Z] tick · social:cron-tick · fetching GET http://localhost:3008/api/cron/comms-social-worker
[2026-08-25T12:03:18.550Z] tick · social:cron-tick · status=200 · OK
[2026-08-25T12:03:18.670Z] tick · discovery:orchestrator:tick · exit=0 signal=- · OK
[2026-08-25T12:04:18.320Z] tick · discovery:orchestrator:tick · spawning
[2026-08-25T12:04:18.491Z] tick · social:cron-tick · fetching GET http://localhost:3008/api/cron/comms-social-worker
[2026-08-25T12:04:18.819Z] tick · discovery:orchestrator:tick · exit=0 signal=- · OK
[2026-08-25T12:04:18.985Z] tick · social:cron-tick · status=200 · OK
[2026-08-25T12:05:18.319Z] tick · discovery:orchestrator:tick · spawning
[2026-08-25T12:05:18.500Z] tick · social:cron-tick · fetching GET http://localhost:3008/api/cron/comms-social-worker
[2026-08-25T12:05:18.933Z] tick · discovery:orchestrator:tick · exit=0 signal=- · OK
[2026-08-25T12:05:21.755Z] tick · social:cron-tick · status=200 · OK
[2026-08-25T12:06:17.607Z] tick · orchestration:zombie-reconciler · spawning
[2026-08-25T12:06:17.697Z] tick · brain:cron-tick · fetching GET http://localhost:3008/api/nex/brain/cron-tick
[2026-08-25T12:06:18.258Z] tick · orchestration:zombie-reconciler · exit=0 signal=- · OK
[2026-08-25T12:06:18.326Z] tick · discovery:orchestrator:tick · spawning
[2026-08-25T12:06:18.509Z] tick · social:cron-tick · fetching GET http://localhost:3008/api/cron/comms-social-worker
[2026-08-25T12:06:18.664Z] tick · discovery:orchestrator:tick · exit=0 signal=- · OK
[2026-08-25T12:06:18.804Z] tick · social:cron-tick · status=200 · OK
[2026-08-25T12:06:18.902Z] tick · brain:cron-tick · status=200 · OK
[2026-08-25T12:07:18.334Z] tick · discovery:orchestrator:tick · spawning
[2026-08-25T12:07:18.522Z] tick · social:cron-tick · fetching GET http://localhost:3008/api/cron/comms-social-worker
[2026-08-25T12:07:19.237Z] tick · discovery:orchestrator:tick · exit=0 signal=- · OK
[2026-08-25T12:07:19.547Z] tick · social:cron-tick · status=200 · OK
[2026-08-25T12:08:18.341Z] tick · discovery:orchestrator:tick · spawning
[2026-08-25T12:08:18.528Z] tick · social:cron-tick · fetching GET http://localhost:3008/api/cron/comms-social-worker
[2026-08-25T12:08:18.739Z] tick · social:cron-tick · status=200 · OK
[2026-08-25T12:08:18.783Z] tick · discovery:orchestrator:tick · exit=0 signal=- · OK
[2026-08-25T12:09:17.612Z] tick · orchestration:zombie-reconciler · spawning
[2026-08-25T12:09:17.697Z] tick · brain:cron-tick · fetching GET http://localhost:3008/api/nex/brain/cron-tick
[2026-08-25T12:09:17.846Z] tick · orchestration:zombie-reconciler · exit=0 signal=- · OK
[2026-08-25T12:09:18.090Z] tick · brain:cron-tick · status=200 · OK
[2026-08-25T12:09:18.355Z] tick · discovery:orchestrator:tick · spawning
[2026-08-25T12:09:18.542Z] tick · social:cron-tick · fetching GET http://localhost:3008/api/cron/comms-social-worker
[2026-08-25T12:09:18.608Z] tick · social:cron-tick · status=200 · OK
[2026-08-25T12:09:18.627Z] tick · discovery:orchestrator:tick · exit=0 signal=- · OK
[2026-08-25T12:10:17.369Z] tick · cle:conversation · spawning
[2026-08-25T12:10:17.660Z] tick · cle:conversation · exit=0 signal=- · OK
[2026-08-25T12:10:18.363Z] tick · discovery:orchestrator:tick · spawning
[2026-08-25T12:10:18.545Z] tick · social:cron-tick · fetching GET http://localhost:3008/api/cron/comms-social-worker
[2026-08-25T12:10:18.558Z] tick · discovery:orchestrator:tick · exit=0 signal=- · OK
[2026-08-25T12:10:18.628Z] tick · social:cron-tick · status=200 · OK
[2026-08-25T12:10:47.357Z] tick · discovery:rotation:tick · spawning
[2026-08-25T12:10:47.989Z] tick · discovery:rotation:tick · exit=0 signal=- · OK
[2026-08-25T12:11:18.367Z] tick · discovery:orchestrator:tick · spawning
[2026-08-25T12:11:18.557Z] tick · social:cron-tick · fetching GET http://localhost:3008/api/cron/comms-social-worker
[2026-08-25T12:11:18.594Z] tick · discovery:orchestrator:tick · exit=0 signal=- · OK
[2026-08-25T12:11:18.662Z] tick · social:cron-tick · status=200 · OK
[2026-08-25T12:12:17.616Z] tick · orchestration:zombie-reconciler · spawning
[2026-08-25T12:12:17.699Z] tick · brain:cron-tick · fetching GET http://localhost:3008/api/nex/brain/cron-tick
[2026-08-25T12:12:17.956Z] tick · orchestration:zombie-reconciler · exit=0 signal=- · OK
[2026-08-25T12:12:18.111Z] tick · brain:cron-tick · status=200 · OK
[2026-08-25T12:12:18.372Z] tick · discovery:orchestrator:tick · spawning
[2026-08-25T12:12:18.559Z] tick · social:cron-tick · fetching GET http://localhost:3008/api/cron/comms-social-worker
[2026-08-25T12:12:18.602Z] tick · discovery:orchestrator:tick · exit=0 signal=- · OK
[2026-08-25T12:12:18.632Z] tick · social:cron-tick · status=200 · OK
[2026-08-25T12:13:18.374Z] tick · discovery:orchestrator:tick · spawning
[2026-08-25T12:13:18.565Z] tick · social:cron-tick · fetching GET http://localhost:3008/api/cron/comms-social-worker
[2026-08-25T12:13:18.677Z] tick · social:cron-tick · status=200 · OK
[2026-08-25T12:13:18.702Z] tick · discovery:orchestrator:tick · exit=0 signal=- · OK
[2026-08-25T12:14:18.388Z] tick · discovery:orchestrator:tick · spawning
[2026-08-25T12:14:18.574Z] tick · social:cron-tick · fetching GET http://localhost:3008/api/cron/comms-social-worker
[2026-08-25T12:14:18.757Z] tick · discovery:orchestrator:tick · exit=0 signal=- · OK
[2026-08-25T12:14:18.865Z] tick · social:cron-tick · status=200 · OK
[2026-08-25T12:15:17.618Z] tick · orchestration:zombie-reconciler · spawning
[2026-08-25T12:15:17.706Z] tick · brain:cron-tick · fetching GET http://localhost:3008/api/nex/brain/cron-tick
[2026-08-25T12:15:18.318Z] tick · orchestration:zombie-reconciler · exit=0 signal=- · OK
[2026-08-25T12:15:18.388Z] tick · discovery:orchestrator:tick · spawning
[2026-08-25T12:15:18.576Z] tick · social:cron-tick · fetching GET http://localhost:3008/api/cron/comms-social-worker
[2026-08-25T12:15:18.768Z] tick · discovery:orchestrator:tick · exit=0 signal=- · OK
[2026-08-25T12:15:26.513Z] tick · social:cron-tick · status=200 · OK
[2026-08-25T12:15:27.721Z] tick · brain:cron-tick · status=200 · OK
[2026-08-25T12:16:18.402Z] tick · discovery:orchestrator:tick · spawning
[2026-08-25T12:16:18.577Z] tick · social:cron-tick · fetching GET http://localhost:3008/api/cron/comms-social-worker
[2026-08-25T12:16:19.172Z] tick · discovery:orchestrator:tick · exit=0 signal=- · OK
[2026-08-25T12:16:19.235Z] tick · social:cron-tick · status=200 · OK
[2026-08-25T12:17:18.408Z] tick · discovery:orchestrator:tick · spawning
[2026-08-25T12:17:18.578Z] tick · social:cron-tick · fetching GET http://localhost:3008/api/cron/comms-social-worker
[2026-08-25T12:17:19.341Z] tick · discovery:orchestrator:tick · exit=0 signal=- · OK
[2026-08-25T12:17:19.438Z] tick · social:cron-tick · status=200 · OK
[2026-08-25T12:18:17.622Z] tick · orchestration:zombie-reconciler · spawning
[2026-08-25T12:18:17.706Z] tick · brain:cron-tick · fetching GET http://localhost:3008/api/nex/brain/cron-tick
[2026-08-25T12:18:17.942Z] tick · orchestration:zombie-reconciler · exit=0 signal=- · OK
[2026-08-25T12:18:18.408Z] tick · discovery:orchestrator:tick · spawning
[2026-08-25T12:18:18.584Z] tick · social:cron-tick · fetching GET http://localhost:3008/api/cron/comms-social-worker
[2026-08-25T12:18:18.701Z] tick · discovery:orchestrator:tick · exit=0 signal=- · OK
[2026-08-25T12:18:18.735Z] tick · social:cron-tick · status=200 · OK
[2026-08-25T12:18:18.918Z] tick · brain:cron-tick · status=200 · OK
[2026-08-25T12:19:18.411Z] tick · discovery:orchestrator:tick · spawning
[2026-08-25T12:19:18.590Z] tick · social:cron-tick · fetching GET http://localhost:3008/api/cron/comms-social-worker
[2026-08-25T12:19:18.723Z] tick · discovery:orchestrator:tick · exit=0 signal=- · OK
[2026-08-25T12:19:18.755Z] tick · social:cron-tick · status=200 · OK
[2026-08-25T12:20:17.375Z] tick · cle:conversation · spawning
[2026-08-25T12:20:17.951Z] tick · cle:conversation · exit=0 signal=- · OK
[2026-08-25T12:20:18.415Z] tick · discovery:orchestrator:tick · spawning
[2026-08-25T12:20:18.595Z] tick · social:cron-tick · fetching GET http://localhost:3008/api/cron/comms-social-worker
[2026-08-25T12:20:18.678Z] tick · discovery:orchestrator:tick · exit=0 signal=- · OK
[2026-08-25T12:20:18.699Z] tick · social:cron-tick · status=200 · OK
[2026-08-25T12:20:47.360Z] tick · discovery:rotation:tick · spawning
[2026-08-25T12:20:48.067Z] tick · discovery:rotation:tick · exit=0 signal=- · OK
[2026-08-25T12:21:17.637Z] tick · orchestration:zombie-reconciler · spawning
[2026-08-25T12:21:17.717Z] tick · brain:cron-tick · fetching GET http://localhost:3008/api/nex/brain/cron-tick
[2026-08-25T12:21:17.838Z] tick · orchestration:zombie-reconciler · exit=0 signal=- · OK
[2026-08-25T12:21:17.969Z] tick · brain:cron-tick · status=200 · OK
[2026-08-25T12:21:18.420Z] tick · discovery:orchestrator:tick · spawning
[2026-08-25T12:21:18.597Z] tick · social:cron-tick · fetching GET http://localhost:3008/api/cron/comms-social-worker
[2026-08-25T12:21:18.689Z] tick · social:cron-tick · status=200 · OK
[2026-08-25T12:21:18.730Z] tick · discovery:orchestrator:tick · exit=0 signal=- · OK
[2026-08-25T12:22:18.423Z] tick · discovery:orchestrator:tick · spawning
[2026-08-25T12:22:18.598Z] tick · social:cron-tick · fetching GET http://localhost:3008/api/cron/comms-social-worker
[2026-08-25T12:22:18.768Z] tick · social:cron-tick · status=200 · OK
[2026-08-25T12:22:18.794Z] tick · discovery:orchestrator:tick · exit=0 signal=- · OK
[2026-08-25T12:23:18.424Z] tick · discovery:orchestrator:tick · spawning
[2026-08-25T12:23:18.597Z] tick · social:cron-tick · fetching GET http://localhost:3008/api/cron/comms-social-worker
[2026-08-25T12:23:18.697Z] tick · discovery:orchestrator:tick · exit=0 signal=- · OK
[2026-08-25T12:23:18.759Z] tick · social:cron-tick · status=200 · OK
[2026-08-25T12:24:17.644Z] tick · orchestration:zombie-reconciler · spawning
[2026-08-25T12:24:17.720Z] tick · brain:cron-tick · fetching GET http://localhost:3008/api/nex/brain/cron-tick
[2026-08-25T12:24:18.078Z] tick · orchestration:zombie-reconciler · exit=0 signal=- · OK
[2026-08-25T12:24:18.182Z] tick · brain:cron-tick · status=200 · OK
[2026-08-25T12:24:18.425Z] tick · discovery:orchestrator:tick · spawning
[2026-08-25T12:24:18.597Z] tick · social:cron-tick · fetching GET http://localhost:3008/api/cron/comms-social-worker
[2026-08-25T12:24:18.683Z] tick · social:cron-tick · status=200 · OK
[2026-08-25T12:24:18.693Z] tick · discovery:orchestrator:tick · exit=0 signal=- · OK
[2026-08-25T12:25:18.436Z] tick · discovery:orchestrator:tick · spawning
[2026-08-25T12:25:18.598Z] tick · social:cron-tick · fetching GET http://localhost:3008/api/cron/comms-social-worker
[2026-08-25T12:25:19.011Z] tick · social:cron-tick · status=200 · OK
[2026-08-25T12:25:19.019Z] tick · discovery:orchestrator:tick · exit=0 signal=- · OK
[2026-08-25T12:26:18.439Z] tick · discovery:orchestrator:tick · spawning
[2026-08-25T12:26:18.602Z] tick · social:cron-tick · fetching GET http://localhost:3008/api/cron/comms-social-worker
[2026-08-25T12:26:18.832Z] tick · discovery:orchestrator:tick · exit=0 signal=- · OK
[2026-08-25T12:26:18.858Z] tick · social:cron-tick · status=200 · OK
[2026-08-25T12:27:17.651Z] tick · orchestration:zombie-reconciler · spawning
[2026-08-25T12:27:17.726Z] tick · brain:cron-tick · fetching GET http://localhost:3008/api/nex/brain/cron-tick
[2026-08-25T12:27:18.186Z] tick · orchestration:zombie-reconciler · exit=0 signal=- · OK
[2026-08-25T12:27:18.442Z] tick · discovery:orchestrator:tick · spawning
[2026-08-25T12:27:18.608Z] tick · social:cron-tick · fetching GET http://localhost:3008/api/cron/comms-social-worker
[2026-08-25T12:27:18.756Z] tick · social:cron-tick · status=200 · OK
[2026-08-25T12:27:18.886Z] tick · brain:cron-tick · status=200 · OK
[2026-08-25T12:27:18.923Z] tick · discovery:orchestrator:tick · exit=0 signal=- · OK
[2026-08-25T12:28:18.447Z] tick · discovery:orchestrator:tick · spawning
[2026-08-25T12:28:18.608Z] tick · social:cron-tick · fetching GET http://localhost:3008/api/cron/comms-social-worker
[2026-08-25T12:28:18.766Z] tick · discovery:orchestrator:tick · exit=0 signal=- · OK
[2026-08-25T12:28:18.882Z] tick · social:cron-tick · status=200 · OK
[2026-08-25T12:29:18.462Z] tick · discovery:orchestrator:tick · spawning
[2026-08-25T12:29:18.622Z] tick · social:cron-tick · fetching GET http://localhost:3008/api/cron/comms-social-worker
[2026-08-25T12:29:18.914Z] tick · discovery:orchestrator:tick · exit=0 signal=- · OK
[2026-08-25T12:29:19.294Z] tick · social:cron-tick · status=200 · OK
[2026-08-25T12:30:17.374Z] tick · cle:conversation · spawning
[2026-08-25T12:30:17.402Z] tick · promotion:food:Yogyakarta:quality-check · spawning
[2026-08-25T12:30:17.649Z] tick · orchestration:zombie-reconciler · spawning
[2026-08-25T12:30:17.667Z] tick · cle:conversation · exit=0 signal=- · OK
[2026-08-25T12:30:17.727Z] tick · brain:cron-tick · fetching GET http://localhost:3008/api/nex/brain/cron-tick
[2026-08-25T12:30:17.782Z] tick · promotion:food:Yogyakarta:quality-check · exit=0 signal=- · OK
[2026-08-25T12:30:17.830Z] tick · orchestration:zombie-reconciler · exit=0 signal=- · OK
[2026-08-25T12:30:18.208Z] tick · brain:cron-tick · status=200 · OK
[2026-08-25T12:30:18.465Z] tick · discovery:orchestrator:tick · spawning
[2026-08-25T12:30:18.626Z] tick · social:cron-tick · fetching GET http://localhost:3008/api/cron/comms-social-worker
[2026-08-25T12:30:18.676Z] tick · social:cron-tick · status=200 · OK
[2026-08-25T12:30:18.737Z] tick · discovery:orchestrator:tick · exit=0 signal=- · OK
[2026-08-25T12:30:47.361Z] tick · discovery:rotation:tick · spawning
[2026-08-25T12:30:47.921Z] tick · discovery:rotation:tick · exit=0 signal=- · OK
[2026-08-25T12:31:18.465Z] tick · discovery:orchestrator:tick · spawning
[2026-08-25T12:31:18.639Z] tick · social:cron-tick · fetching GET http://localhost:3008/api/cron/comms-social-worker
[2026-08-25T12:31:18.842Z] tick · social:cron-tick · status=200 · OK
[2026-08-25T12:31:18.855Z] tick · discovery:orchestrator:tick · exit=0 signal=- · OK
[2026-08-25T12:32:18.465Z] tick · discovery:orchestrator:tick · spawning
[2026-08-25T12:32:18.646Z] tick · social:cron-tick · fetching GET http://localhost:3008/api/cron/comms-social-worker
[2026-08-25T12:32:18.911Z] tick · social:cron-tick · status=200 · OK
[2026-08-25T12:32:18.937Z] tick · discovery:orchestrator:tick · exit=0 signal=- · OK
[2026-08-25T12:33:17.654Z] tick · orchestration:zombie-reconciler · spawning
[2026-08-25T12:33:17.730Z] tick · brain:cron-tick · fetching GET http://localhost:3008/api/nex/brain/cron-tick
[2026-08-25T12:33:17.939Z] tick · orchestration:zombie-reconciler · exit=0 signal=- · OK
[2026-08-25T12:33:18.018Z] tick · brain:cron-tick · status=200 · OK
[2026-08-25T12:33:18.469Z] tick · discovery:orchestrator:tick · spawning
[2026-08-25T12:33:18.648Z] tick · social:cron-tick · fetching GET http://localhost:3008/api/cron/comms-social-worker
[2026-08-25T12:33:18.728Z] tick · social:cron-tick · status=200 · OK
[2026-08-25T12:33:18.950Z] tick · discovery:orchestrator:tick · exit=0 signal=- · OK
[2026-08-25T12:34:18.482Z] tick · discovery:orchestrator:tick · spawning
[2026-08-25T12:34:18.664Z] tick · social:cron-tick · fetching GET http://localhost:3008/api/cron/comms-social-worker
[2026-08-25T12:34:18.962Z] tick · discovery:orchestrator:tick · exit=0 signal=- · OK
[2026-08-25T12:34:18.966Z] tick · social:cron-tick · status=200 · OK
[2026-08-25T12:35:18.485Z] tick · discovery:orchestrator:tick · spawning
[2026-08-25T12:35:18.664Z] tick · social:cron-tick · fetching GET http://localhost:3008/api/cron/comms-social-worker
[2026-08-25T12:35:18.779Z] tick · social:cron-tick · status=200 · OK
[2026-08-25T12:35:18.822Z] tick · discovery:orchestrator:tick · exit=0 signal=- · OK
[2026-08-25T12:36:17.658Z] tick · orchestration:zombie-reconciler · spawning
[2026-08-25T12:36:17.744Z] tick · brain:cron-tick · fetching GET http://localhost:3008/api/nex/brain/cron-tick
[2026-08-25T12:36:18.017Z] tick · orchestration:zombie-reconciler · exit=0 signal=- · OK
[2026-08-25T12:36:18.486Z] tick · discovery:orchestrator:tick · spawning
[2026-08-25T12:36:18.667Z] tick · social:cron-tick · fetching GET http://localhost:3008/api/cron/comms-social-worker
[2026-08-25T12:36:18.693Z] tick · brain:cron-tick · status=200 · OK
[2026-08-25T12:36:18.787Z] tick · social:cron-tick · status=200 · OK
[2026-08-25T12:36:18.834Z] tick · discovery:orchestrator:tick · exit=0 signal=- · OK
[2026-08-25T12:37:18.497Z] tick · discovery:orchestrator:tick · spawning
[2026-08-25T12:37:18.681Z] tick · social:cron-tick · fetching GET http://localhost:3008/api/cron/comms-social-worker
[2026-08-25T12:37:18.946Z] tick · discovery:orchestrator:tick · exit=0 signal=- · OK
[2026-08-25T12:37:18.978Z] tick · social:cron-tick · status=200 · OK
[2026-08-25T12:38:18.506Z] tick · discovery:orchestrator:tick · spawning
[2026-08-25T12:38:18.693Z] tick · social:cron-tick · fetching GET http://localhost:3008/api/cron/comms-social-worker
[2026-08-25T12:38:18.844Z] tick · discovery:orchestrator:tick · exit=0 signal=- · OK
[2026-08-25T12:38:19.268Z] tick · social:cron-tick · status=200 · OK
[2026-08-25T12:39:17.673Z] tick · orchestration:zombie-reconciler · spawning
[2026-08-25T12:39:17.753Z] tick · brain:cron-tick · fetching GET http://localhost:3008/api/nex/brain/cron-tick
[2026-08-25T12:39:18.070Z] tick · orchestration:zombie-reconciler · exit=0 signal=- · OK
[2026-08-25T12:39:18.516Z] tick · discovery:orchestrator:tick · spawning
[2026-08-25T12:39:18.616Z] tick · brain:cron-tick · status=200 · OK
[2026-08-25T12:39:18.703Z] tick · social:cron-tick · fetching GET http://localhost:3008/api/cron/comms-social-worker
[2026-08-25T12:39:18.769Z] tick · social:cron-tick · status=200 · OK
[2026-08-25T12:39:18.785Z] tick · discovery:orchestrator:tick · exit=0 signal=- · OK
[2026-08-25T12:40:17.381Z] tick · cle:conversation · spawning
[2026-08-25T12:40:17.668Z] tick · cle:conversation · exit=0 signal=- · OK
[2026-08-25T12:40:18.520Z] tick · discovery:orchestrator:tick · spawning
[2026-08-25T12:40:18.710Z] tick · social:cron-tick · fetching GET http://localhost:3008/api/cron/comms-social-worker
[2026-08-25T12:40:18.806Z] tick · discovery:orchestrator:tick · exit=0 signal=- · OK
[2026-08-25T12:40:18.823Z] tick · social:cron-tick · status=200 · OK
[2026-08-25T12:40:47.371Z] tick · discovery:rotation:tick · spawning
[2026-08-25T12:40:47.861Z] tick · discovery:rotation:tick · exit=0 signal=- · OK
[2026-08-25T12:41:18.531Z] tick · discovery:orchestrator:tick · spawning
[2026-08-25T12:41:18.716Z] tick · social:cron-tick · fetching GET http://localhost:3008/api/cron/comms-social-worker
[2026-08-25T12:41:18.733Z] tick · discovery:orchestrator:tick · exit=0 signal=- · OK
[2026-08-25T12:41:18.880Z] tick · social:cron-tick · status=200 · OK
[2026-08-25T12:42:17.682Z] tick · orchestration:zombie-reconciler · spawning
[2026-08-25T12:42:17.761Z] tick · brain:cron-tick · fetching GET http://localhost:3008/api/nex/brain/cron-tick
[2026-08-25T12:42:17.919Z] tick · orchestration:zombie-reconciler · exit=0 signal=- · OK
[2026-08-25T12:42:18.211Z] tick · brain:cron-tick · status=200 · OK
[2026-08-25T12:42:18.543Z] tick · discovery:orchestrator:tick · spawning
[2026-08-25T12:42:18.717Z] tick · social:cron-tick · fetching GET http://localhost:3008/api/cron/comms-social-worker
[2026-08-25T12:42:18.794Z] tick · discovery:orchestrator:tick · exit=0 signal=- · OK
[2026-08-25T12:42:18.799Z] tick · social:cron-tick · status=200 · OK
[2026-08-25T12:43:18.547Z] tick · discovery:orchestrator:tick · spawning
[2026-08-25T12:43:18.722Z] tick · social:cron-tick · fetching GET http://localhost:3008/api/cron/comms-social-worker
[2026-08-25T12:43:18.785Z] tick · discovery:orchestrator:tick · exit=0 signal=- · OK
[2026-08-25T12:43:18.861Z] tick · social:cron-tick · status=200 · OK
[2026-08-25T12:44:18.562Z] tick · discovery:orchestrator:tick · spawning
[2026-08-25T12:44:18.730Z] tick · social:cron-tick · fetching GET http://localhost:3008/api/cron/comms-social-worker
[2026-08-25T12:44:18.843Z] tick · social:cron-tick · status=200 · OK
[2026-08-25T12:44:18.980Z] tick · discovery:orchestrator:tick · exit=0 signal=- · OK
[2026-08-25T12:45:17.687Z] tick · orchestration:zombie-reconciler · spawning
[2026-08-25T12:45:17.766Z] tick · brain:cron-tick · fetching GET http://localhost:3008/api/nex/brain/cron-tick
[2026-08-25T12:45:18.001Z] tick · orchestration:zombie-reconciler · exit=0 signal=- · OK
[2026-08-25T12:45:18.113Z] tick · brain:cron-tick · status=200 · OK
[2026-08-25T12:45:18.565Z] tick · discovery:orchestrator:tick · spawning
[2026-08-25T12:45:18.737Z] tick · social:cron-tick · fetching GET http://localhost:3008/api/cron/comms-social-worker
[2026-08-25T12:45:18.830Z] tick · social:cron-tick · status=200 · OK
[2026-08-25T12:45:18.840Z] tick · discovery:orchestrator:tick · exit=0 signal=- · OK
[2026-08-25T12:46:18.570Z] tick · discovery:orchestrator:tick · spawning
[2026-08-25T12:46:18.743Z] tick · social:cron-tick · fetching GET http://localhost:3008/api/cron/comms-social-worker
[2026-08-25T12:46:18.823Z] tick · discovery:orchestrator:tick · exit=0 signal=- · OK
[2026-08-25T12:46:18.866Z] tick · social:cron-tick · status=200 · OK
[2026-08-25T12:47:18.570Z] tick · discovery:orchestrator:tick · spawning
[2026-08-25T12:47:18.758Z] tick · social:cron-tick · fetching GET http://localhost:3008/api/cron/comms-social-worker
[2026-08-25T12:47:18.795Z] tick · discovery:orchestrator:tick · exit=0 signal=- · OK
[2026-08-25T12:47:18.898Z] tick · social:cron-tick · status=200 · OK
[2026-08-25T12:48:17.694Z] tick · orchestration:zombie-reconciler · spawning
[2026-08-25T12:48:17.772Z] tick · brain:cron-tick · fetching GET http://localhost:3008/api/nex/brain/cron-tick
[2026-08-25T12:48:18.011Z] tick · orchestration:zombie-reconciler · exit=0 signal=- · OK
[2026-08-25T12:48:18.253Z] tick · brain:cron-tick · status=200 · OK
[2026-08-25T12:48:18.582Z] tick · discovery:orchestrator:tick · spawning
[2026-08-25T12:48:18.770Z] tick · social:cron-tick · fetching GET http://localhost:3008/api/cron/comms-social-worker
[2026-08-25T12:48:18.837Z] tick · discovery:orchestrator:tick · exit=0 signal=- · OK
[2026-08-25T12:48:18.873Z] tick · social:cron-tick · status=200 · OK
[2026-08-25T12:49:18.588Z] tick · discovery:orchestrator:tick · spawning
[2026-08-25T12:49:18.775Z] tick · social:cron-tick · fetching GET http://localhost:3008/api/cron/comms-social-worker
[2026-08-25T12:49:18.973Z] tick · discovery:orchestrator:tick · exit=0 signal=- · OK
[2026-08-25T12:49:18.976Z] tick · social:cron-tick · status=200 · OK
[2026-08-25T12:50:17.394Z] tick · cle:conversation · spawning
[2026-08-25T12:50:17.776Z] tick · cle:conversation · exit=0 signal=- · OK
[2026-08-25T12:50:18.591Z] tick · discovery:orchestrator:tick · spawning
[2026-08-25T12:50:18.778Z] tick · social:cron-tick · fetching GET http://localhost:3008/api/cron/comms-social-worker
[2026-08-25T12:50:18.915Z] tick · discovery:orchestrator:tick · exit=0 signal=- · OK
[2026-08-25T12:50:18.952Z] tick · social:cron-tick · status=200 · OK
[2026-08-25T12:50:47.380Z] tick · discovery:rotation:tick · spawning
[2026-08-25T12:50:48.125Z] tick · discovery:rotation:tick · exit=0 signal=- · OK
[2026-08-25T12:51:17.707Z] tick · orchestration:zombie-reconciler · spawning
[2026-08-25T12:51:17.784Z] tick · brain:cron-tick · fetching GET http://localhost:3008/api/nex/brain/cron-tick
[2026-08-25T12:51:18.058Z] tick · orchestration:zombie-reconciler · exit=0 signal=- · OK
[2026-08-25T12:51:18.595Z] tick · discovery:orchestrator:tick · spawning
[2026-08-25T12:51:18.785Z] tick · social:cron-tick · fetching GET http://localhost:3008/api/cron/comms-social-worker
[2026-08-25T12:51:18.954Z] tick · discovery:orchestrator:tick · exit=0 signal=- · OK
[2026-08-25T12:51:29.600Z] tick · social:cron-tick · status=200 · OK
[2026-08-25T12:51:30.082Z] tick · brain:cron-tick · status=200 · OK
[2026-08-25T12:52:18.606Z] tick · discovery:orchestrator:tick · spawning
[2026-08-25T12:52:18.803Z] tick · social:cron-tick · fetching GET http://localhost:3008/api/cron/comms-social-worker
[2026-08-25T12:52:19.750Z] tick · discovery:orchestrator:tick · exit=0 signal=- · OK
[2026-08-25T12:52:19.916Z] tick · social:cron-tick · status=200 · OK
[2026-08-25T12:53:18.617Z] tick · discovery:orchestrator:tick · spawning
[2026-08-25T12:53:18.804Z] tick · social:cron-tick · fetching GET http://localhost:3008/api/cron/comms-social-worker
[2026-08-25T12:53:19.181Z] tick · discovery:orchestrator:tick · exit=0 signal=- · OK
[2026-08-25T12:53:19.362Z] tick · social:cron-tick · status=200 · OK
[2026-08-25T12:54:17.715Z] tick · orchestration:zombie-reconciler · spawning
[2026-08-25T12:54:17.792Z] tick · brain:cron-tick · fetching GET http://localhost:3008/api/nex/brain/cron-tick
[2026-08-25T12:54:18.051Z] tick · orchestration:zombie-reconciler · exit=0 signal=- · OK
[2026-08-25T12:54:18.611Z] tick · brain:cron-tick · status=200 · OK
[2026-08-25T12:54:18.618Z] tick · discovery:orchestrator:tick · spawning
[2026-08-25T12:54:18.807Z] tick · social:cron-tick · fetching GET http://localhost:3008/api/cron/comms-social-worker
[2026-08-25T12:54:18.862Z] tick · social:cron-tick · status=200 · OK
[2026-08-25T12:54:18.924Z] tick · discovery:orchestrator:tick · exit=0 signal=- · OK
[2026-08-25T12:55:18.625Z] tick · discovery:orchestrator:tick · spawning
[2026-08-25T12:55:18.813Z] tick · social:cron-tick · fetching GET http://localhost:3008/api/cron/comms-social-worker
[2026-08-25T12:55:18.947Z] tick · discovery:orchestrator:tick · exit=0 signal=- · OK
[2026-08-25T12:55:18.965Z] tick · social:cron-tick · status=200 · OK
[2026-08-25T12:56:18.632Z] tick · discovery:orchestrator:tick · spawning
[2026-08-25T12:56:18.818Z] tick · social:cron-tick · fetching GET http://localhost:3008/api/cron/comms-social-worker
[2026-08-25T12:56:18.924Z] tick · discovery:orchestrator:tick · exit=0 signal=- · OK
[2026-08-25T12:56:18.946Z] tick · social:cron-tick · status=200 · OK
[2026-08-25T12:57:17.730Z] tick · orchestration:zombie-reconciler · spawning
[2026-08-25T12:57:17.805Z] tick · brain:cron-tick · fetching GET http://localhost:3008/api/nex/brain/cron-tick
[2026-08-25T12:57:18.016Z] tick · orchestration:zombie-reconciler · exit=0 signal=- · OK
[2026-08-25T12:57:18.094Z] tick · brain:cron-tick · status=200 · OK
[2026-08-25T12:57:18.642Z] tick · discovery:orchestrator:tick · spawning
[2026-08-25T12:57:18.829Z] tick · social:cron-tick · fetching GET http://localhost:3008/api/cron/comms-social-worker
[2026-08-25T12:57:18.902Z] tick · social:cron-tick · status=200 · OK
[2026-08-25T12:57:18.923Z] tick · discovery:orchestrator:tick · exit=0 signal=- · OK
[2026-08-25T12:58:18.646Z] tick · discovery:orchestrator:tick · spawning
[2026-08-25T12:58:18.832Z] tick · social:cron-tick · fetching GET http://localhost:3008/api/cron/comms-social-worker
[2026-08-25T12:58:18.938Z] tick · discovery:orchestrator:tick · exit=0 signal=- · OK
[2026-08-25T12:58:18.970Z] tick · social:cron-tick · status=200 · OK
[2026-08-25T12:59:18.653Z] tick · discovery:orchestrator:tick · spawning
[2026-08-25T12:59:18.842Z] tick · social:cron-tick · fetching GET http://localhost:3008/api/cron/comms-social-worker
[2026-08-25T12:59:19.001Z] tick · social:cron-tick · status=200 · OK
[2026-08-25T12:59:19.042Z] tick · discovery:orchestrator:tick · exit=0 signal=- · OK
[2026-08-25T13:00:17.408Z] tick · cle:conversation · spawning
[2026-08-25T13:00:17.423Z] tick · promotion:food:Yogyakarta:quality-check · spawning
[2026-08-25T13:00:17.737Z] tick · orchestration:zombie-reconciler · spawning
[2026-08-25T13:00:17.760Z] tick · cle:conversation · exit=0 signal=- · OK
[2026-08-25T13:00:17.816Z] tick · brain:cron-tick · fetching GET http://localhost:3008/api/nex/brain/cron-tick
[2026-08-25T13:00:17.925Z] tick · promotion:food:Yogyakarta:quality-check · exit=0 signal=- · OK
[2026-08-25T13:00:17.967Z] tick · orchestration:zombie-reconciler · exit=0 signal=- · OK
[2026-08-25T13:00:18.099Z] tick · brain:cron-tick · status=200 · OK
[2026-08-25T13:00:18.656Z] tick · discovery:orchestrator:tick · spawning
[2026-08-25T13:00:18.842Z] tick · social:cron-tick · fetching GET http://localhost:3008/api/cron/comms-social-worker
[2026-08-25T13:00:18.927Z] tick · social:cron-tick · status=200 · OK
[2026-08-25T13:00:18.970Z] tick · discovery:orchestrator:tick · exit=0 signal=- · OK
[2026-08-25T13:00:47.389Z] tick · discovery:rotation:tick · spawning
[2026-08-25T13:00:48.002Z] tick · discovery:rotation:tick · exit=0 signal=- · OK
[2026-08-25T13:01:18.656Z] tick · discovery:orchestrator:tick · spawning
[2026-08-25T13:01:18.844Z] tick · social:cron-tick · fetching GET http://localhost:3008/api/cron/comms-social-worker
[2026-08-25T13:01:18.942Z] tick · discovery:orchestrator:tick · exit=0 signal=- · OK
[2026-08-25T13:01:18.967Z] tick · social:cron-tick · status=200 · OK
[2026-08-25T13:02:18.668Z] tick · discovery:orchestrator:tick · spawning
[2026-08-25T13:02:18.845Z] tick · social:cron-tick · fetching GET http://localhost:3008/api/cron/comms-social-worker
[2026-08-25T13:02:18.997Z] tick · social:cron-tick · status=200 · OK
[2026-08-25T13:02:19.002Z] tick · discovery:orchestrator:tick · exit=0 signal=- · OK
[2026-08-25T13:03:17.747Z] tick · orchestration:zombie-reconciler · spawning
[2026-08-25T13:03:17.824Z] tick · brain:cron-tick · fetching GET http://localhost:3008/api/nex/brain/cron-tick
[2026-08-25T13:03:18.037Z] tick · orchestration:zombie-reconciler · exit=0 signal=- · OK
[2026-08-25T13:03:18.094Z] tick · brain:cron-tick · status=200 · OK
[2026-08-25T13:03:18.674Z] tick · discovery:orchestrator:tick · spawning
[2026-08-25T13:03:18.848Z] tick · social:cron-tick · fetching GET http://localhost:3008/api/cron/comms-social-worker
[2026-08-25T13:03:18.916Z] tick · social:cron-tick · status=200 · OK
[2026-08-25T13:03:19.001Z] tick · discovery:orchestrator:tick · exit=0 signal=- · OK
[2026-08-25T13:04:18.684Z] tick · discovery:orchestrator:tick · spawning
[2026-08-25T13:04:18.857Z] tick · social:cron-tick · fetching GET http://localhost:3008/api/cron/comms-social-worker
[2026-08-25T13:04:19.143Z] tick · social:cron-tick · status=200 · OK
[2026-08-25T13:04:19.184Z] tick · discovery:orchestrator:tick · exit=0 signal=- · OK
[2026-08-25T13:05:18.696Z] tick · discovery:orchestrator:tick · spawning
[2026-08-25T13:05:18.867Z] tick · social:cron-tick · fetching GET http://localhost:3008/api/cron/comms-social-worker
[2026-08-25T13:05:19.023Z] tick · discovery:orchestrator:tick · exit=0 signal=- · OK
[2026-08-25T13:05:19.047Z] tick · social:cron-tick · status=200 · OK
[2026-08-25T13:06:17.759Z] tick · orchestration:zombie-reconciler · spawning
[2026-08-25T13:06:17.841Z] tick · brain:cron-tick · fetching GET http://localhost:3008/api/nex/brain/cron-tick
[2026-08-25T13:06:18.204Z] tick · orchestration:zombie-reconciler · exit=0 signal=- · OK
[2026-08-25T13:06:18.710Z] tick · discovery:orchestrator:tick · spawning
[2026-08-25T13:06:18.867Z] tick · social:cron-tick · fetching GET http://localhost:3008/api/cron/comms-social-worker
[2026-08-25T13:06:19.003Z] tick · discovery:orchestrator:tick · exit=0 signal=- · OK
[2026-08-25T13:06:37.747Z] tick · social:cron-tick · status=200 · OK
[2026-08-25T13:06:38.217Z] tick · brain:cron-tick · status=200 · OK
[2026-08-25T13:07:18.715Z] tick · discovery:orchestrator:tick · spawning
[2026-08-25T13:07:18.870Z] tick · social:cron-tick · fetching GET http://localhost:3008/api/cron/comms-social-worker
[2026-08-25T13:07:19.256Z] tick · discovery:orchestrator:tick · exit=0 signal=- · OK
[2026-08-25T13:07:20.910Z] tick · social:cron-tick · status=200 · OK
[2026-08-25T13:08:18.727Z] tick · discovery:orchestrator:tick · spawning
[2026-08-25T13:08:18.898Z] tick · social:cron-tick · fetching GET http://localhost:3008/api/cron/comms-social-worker
[2026-08-25T13:08:20.871Z] tick · discovery:orchestrator:tick · exit=0 signal=- · OK
[2026-08-25T13:08:21.218Z] tick · social:cron-tick · status=200 · OK
[2026-08-25T13:09:17.778Z] tick · orchestration:zombie-reconciler · spawning
[2026-08-25T13:09:18.330Z] tick · brain:cron-tick · fetching GET http://localhost:3008/api/nex/brain/cron-tick
[2026-08-25T13:09:18.734Z] tick · discovery:orchestrator:tick · spawning
[2026-08-25T13:09:18.808Z] tick · orchestration:zombie-reconciler · exit=0 signal=- · OK
[2026-08-25T13:09:18.906Z] tick · social:cron-tick · fetching GET http://localhost:3008/api/cron/comms-social-worker
[2026-08-25T13:09:19.149Z] tick · discovery:orchestrator:tick · exit=0 signal=- · OK
[2026-08-25T13:09:27.420Z] tick · social:cron-tick · status=200 · OK
[2026-08-25T13:09:30.734Z] tick · brain:cron-tick · status=200 · OK
[2026-08-25T13:10:17.410Z] tick · cle:conversation · spawning
[2026-08-25T13:10:18.000Z] tick · cle:conversation · exit=0 signal=- · OK
[2026-08-25T13:10:18.738Z] tick · discovery:orchestrator:tick · spawning
[2026-08-25T13:10:18.909Z] tick · social:cron-tick · fetching GET http://localhost:3008/api/cron/comms-social-worker
[2026-08-25T13:10:19.028Z] tick · social:cron-tick · status=200 · OK
[2026-08-25T13:10:19.048Z] tick · discovery:orchestrator:tick · exit=0 signal=- · OK
[2026-08-25T13:10:47.391Z] tick · discovery:rotation:tick · spawning
[2026-08-25T13:10:48.011Z] tick · discovery:rotation:tick · exit=0 signal=- · OK
[2026-08-25T13:11:18.746Z] tick · discovery:orchestrator:tick · spawning
[2026-08-25T13:11:18.918Z] tick · social:cron-tick · fetching GET http://localhost:3008/api/cron/comms-social-worker
[2026-08-25T13:11:19.124Z] tick · social:cron-tick · status=200 · OK
[2026-08-25T13:11:19.166Z] tick · discovery:orchestrator:tick · exit=0 signal=- · OK
[2026-08-25T13:12:17.787Z] tick · orchestration:zombie-reconciler · spawning
[2026-08-25T13:12:18.259Z] tick · orchestration:zombie-reconciler · exit=0 signal=- · OK
[2026-08-25T13:12:18.331Z] tick · brain:cron-tick · fetching GET http://localhost:3008/api/nex/brain/cron-tick
[2026-08-25T13:12:18.753Z] tick · discovery:orchestrator:tick · spawning
[2026-08-25T13:12:18.923Z] tick · social:cron-tick · fetching GET http://localhost:3008/api/cron/comms-social-worker
[2026-08-25T13:12:19.204Z] tick · discovery:orchestrator:tick · exit=0 signal=- · OK
[2026-08-25T13:12:19.437Z] tick · social:cron-tick · status=200 · OK
[2026-08-25T13:12:19.638Z] tick · brain:cron-tick · status=200 · OK
[2026-08-25T13:13:18.763Z] tick · discovery:orchestrator:tick · spawning
[2026-08-25T13:13:18.932Z] tick · social:cron-tick · fetching GET http://localhost:3008/api/cron/comms-social-worker
[2026-08-25T13:13:19.014Z] tick · social:cron-tick · status=200 · OK
[2026-08-25T13:13:19.150Z] tick · discovery:orchestrator:tick · exit=0 signal=- · OK
[2026-08-25T13:14:18.773Z] tick · discovery:orchestrator:tick · spawning
[2026-08-25T13:14:18.944Z] tick · social:cron-tick · fetching GET http://localhost:3008/api/cron/comms-social-worker
[2026-08-25T13:14:19.118Z] tick · social:cron-tick · status=200 · OK
[2026-08-25T13:14:19.192Z] tick · discovery:orchestrator:tick · exit=0 signal=- · OK
[2026-08-25T13:15:17.804Z] tick · orchestration:zombie-reconciler · spawning
[2026-08-25T13:15:18.060Z] tick · orchestration:zombie-reconciler · exit=0 signal=- · OK
[2026-08-25T13:15:18.346Z] tick · brain:cron-tick · fetching GET http://localhost:3008/api/nex/brain/cron-tick
[2026-08-25T13:15:18.772Z] tick · brain:cron-tick · status=200 · OK
[2026-08-25T13:15:18.773Z] tick · discovery:orchestrator:tick · spawning
[2026-08-25T13:15:18.954Z] tick · social:cron-tick · fetching GET http://localhost:3008/api/cron/comms-social-worker
[2026-08-25T13:15:19.023Z] tick · discovery:orchestrator:tick · exit=0 signal=- · OK
[2026-08-25T13:15:19.027Z] tick · social:cron-tick · status=200 · OK
[2026-08-25T13:16:18.782Z] tick · discovery:orchestrator:tick · spawning
[2026-08-25T13:16:18.967Z] tick · social:cron-tick · fetching GET http://localhost:3008/api/cron/comms-social-worker
[2026-08-25T13:16:19.088Z] tick · social:cron-tick · status=200 · OK
[2026-08-25T13:16:19.199Z] tick · discovery:orchestrator:tick · exit=0 signal=- · OK
[2026-08-25T13:17:18.783Z] tick · discovery:orchestrator:tick · spawning
[2026-08-25T13:17:18.974Z] tick · social:cron-tick · fetching GET http://localhost:3008/api/cron/comms-social-worker
[2026-08-25T13:17:19.174Z] tick · social:cron-tick · status=200 · OK
[2026-08-25T13:17:19.248Z] tick · discovery:orchestrator:tick · exit=0 signal=- · OK
[2026-08-25T13:18:17.821Z] tick · orchestration:zombie-reconciler · spawning
[2026-08-25T13:18:18.193Z] tick · orchestration:zombie-reconciler · exit=0 signal=- · OK
[2026-08-25T13:18:18.350Z] tick · brain:cron-tick · fetching GET http://localhost:3008/api/nex/brain/cron-tick
[2026-08-25T13:18:18.605Z] tick · brain:cron-tick · status=200 · OK
[2026-08-25T13:18:18.790Z] tick · discovery:orchestrator:tick · spawning
[2026-08-25T13:18:18.984Z] tick · social:cron-tick · fetching GET http://localhost:3008/api/cron/comms-social-worker
[2026-08-25T13:18:19.041Z] tick · social:cron-tick · status=200 · OK
[2026-08-25T13:18:19.072Z] tick · discovery:orchestrator:tick · exit=0 signal=- · OK
[2026-08-25T13:19:18.796Z] tick · discovery:orchestrator:tick · spawning
[2026-08-25T13:19:18.992Z] tick · social:cron-tick · fetching GET http://localhost:3008/api/cron/comms-social-worker
[2026-08-25T13:19:19.097Z] tick · discovery:orchestrator:tick · exit=0 signal=- · OK
[2026-08-25T13:19:19.129Z] tick · social:cron-tick · status=200 · OK
[2026-08-25T13:20:17.421Z] tick · cle:conversation · spawning
[2026-08-25T13:20:17.989Z] tick · cle:conversation · exit=0 signal=- · OK
[2026-08-25T13:20:18.796Z] tick · discovery:orchestrator:tick · spawning
[2026-08-25T13:20:18.994Z] tick · social:cron-tick · fetching GET http://localhost:3008/api/cron/comms-social-worker
[2026-08-25T13:20:19.183Z] tick · discovery:orchestrator:tick · exit=0 signal=- · OK
[2026-08-25T13:20:19.464Z] tick · social:cron-tick · status=200 · OK
[2026-08-25T13:20:47.405Z] tick · discovery:rotation:tick · spawning
[2026-08-25T13:20:48.481Z] tick · discovery:rotation:tick · exit=0 signal=- · OK
[2026-08-25T13:21:17.829Z] tick · orchestration:zombie-reconciler · spawning
[2026-08-25T13:21:18.358Z] tick · brain:cron-tick · fetching GET http://localhost:3008/api/nex/brain/cron-tick
[2026-08-25T13:21:18.624Z] tick · orchestration:zombie-reconciler · exit=0 signal=- · OK
[2026-08-25T13:21:18.808Z] tick · discovery:orchestrator:tick · spawning
[2026-08-25T13:21:18.993Z] tick · social:cron-tick · fetching GET http://localhost:3008/api/cron/comms-social-worker
[2026-08-25T13:21:19.433Z] tick · discovery:orchestrator:tick · exit=0 signal=- · OK
[2026-08-25T13:21:21.194Z] tick · social:cron-tick · status=200 · OK
[2026-08-25T13:21:21.685Z] tick · brain:cron-tick · status=200 · OK
[2026-08-25T13:22:18.813Z] tick · discovery:orchestrator:tick · spawning
[2026-08-25T13:22:18.993Z] tick · social:cron-tick · fetching GET http://localhost:3008/api/cron/comms-social-worker
[2026-08-25T13:22:19.168Z] tick · social:cron-tick · status=200 · OK
[2026-08-25T13:22:19.226Z] tick · discovery:orchestrator:tick · exit=0 signal=- · OK
[2026-08-25T13:23:18.819Z] tick · discovery:orchestrator:tick · spawning
[2026-08-25T13:23:19.003Z] tick · social:cron-tick · fetching GET http://localhost:3008/api/cron/comms-social-worker
[2026-08-25T13:23:19.134Z] tick · social:cron-tick · status=200 · OK
[2026-08-25T13:23:19.218Z] tick · discovery:orchestrator:tick · exit=0 signal=- · OK
[2026-08-25T13:24:17.830Z] tick · orchestration:zombie-reconciler · spawning
[2026-08-25T13:24:18.337Z] tick · orchestration:zombie-reconciler · exit=0 signal=- · OK
[2026-08-25T13:24:18.364Z] tick · brain:cron-tick · fetching GET http://localhost:3008/api/nex/brain/cron-tick
[2026-08-25T13:24:18.828Z] tick · discovery:orchestrator:tick · spawning
[2026-08-25T13:24:18.947Z] tick · brain:cron-tick · status=200 · OK
[2026-08-25T13:24:19.006Z] tick · social:cron-tick · fetching GET http://localhost:3008/api/cron/comms-social-worker
[2026-08-25T13:24:19.147Z] tick · social:cron-tick · status=200 · OK
[2026-08-25T13:24:19.194Z] tick · discovery:orchestrator:tick · exit=0 signal=- · OK
[2026-08-25T13:25:18.837Z] tick · discovery:orchestrator:tick · spawning
[2026-08-25T13:25:19.010Z] tick · social:cron-tick · fetching GET http://localhost:3008/api/cron/comms-social-worker
[2026-08-25T13:25:19.421Z] tick · discovery:orchestrator:tick · exit=0 signal=- · OK
[2026-08-25T13:25:19.709Z] tick · social:cron-tick · status=200 · OK
[2026-08-25T13:26:18.842Z] tick · discovery:orchestrator:tick · spawning
[2026-08-25T13:26:19.017Z] tick · social:cron-tick · fetching GET http://localhost:3008/api/cron/comms-social-worker
[2026-08-25T13:26:19.344Z] tick · discovery:orchestrator:tick · exit=0 signal=- · OK
[2026-08-25T13:26:19.363Z] tick · social:cron-tick · status=200 · OK
[2026-08-25T13:27:17.833Z] tick · orchestration:zombie-reconciler · spawning
[2026-08-25T13:27:18.315Z] tick · orchestration:zombie-reconciler · exit=0 signal=- · OK
[2026-08-25T13:27:18.366Z] tick · brain:cron-tick · fetching GET http://localhost:3008/api/nex/brain/cron-tick
[2026-08-25T13:27:18.855Z] tick · discovery:orchestrator:tick · spawning
[2026-08-25T13:27:19.019Z] tick · social:cron-tick · fetching GET http://localhost:3008/api/cron/comms-social-worker
[2026-08-25T13:27:19.117Z] tick · social:cron-tick · status=200 · OK
[2026-08-25T13:27:19.150Z] tick · discovery:orchestrator:tick · exit=0 signal=- · OK
[2026-08-25T13:27:19.192Z] tick · brain:cron-tick · status=200 · OK
[2026-08-25T13:28:18.854Z] tick · discovery:orchestrator:tick · spawning
[2026-08-25T13:28:19.020Z] tick · social:cron-tick · fetching GET http://localhost:3008/api/cron/comms-social-worker
[2026-08-25T13:28:19.211Z] tick · social:cron-tick · status=200 · OK
[2026-08-25T13:28:19.288Z] tick · discovery:orchestrator:tick · exit=0 signal=- · OK
[2026-08-25T13:29:18.858Z] tick · discovery:orchestrator:tick · spawning
[2026-08-25T13:29:19.023Z] tick · social:cron-tick · fetching GET http://localhost:3008/api/cron/comms-social-worker
[2026-08-25T13:29:19.189Z] tick · social:cron-tick · status=200 · OK
[2026-08-25T13:29:19.250Z] tick · discovery:orchestrator:tick · exit=0 signal=- · OK
[2026-08-25T13:30:17.429Z] tick · cle:conversation · spawning
[2026-08-25T13:30:17.454Z] tick · promotion:food:Yogyakarta:quality-check · spawning
[2026-08-25T13:30:17.833Z] tick · orchestration:zombie-reconciler · spawning
[2026-08-25T13:30:18.055Z] tick · cle:conversation · exit=0 signal=- · OK
[2026-08-25T13:30:18.102Z] tick · orchestration:zombie-reconciler · exit=0 signal=- · OK
[2026-08-25T13:30:18.193Z] tick · promotion:food:Yogyakarta:quality-check · exit=0 signal=- · OK
[2026-08-25T13:30:18.377Z] tick · brain:cron-tick · fetching GET http://localhost:3008/api/nex/brain/cron-tick
[2026-08-25T13:30:18.871Z] tick · discovery:orchestrator:tick · spawning
[2026-08-25T13:30:19.041Z] tick · social:cron-tick · fetching GET http://localhost:3008/api/cron/comms-social-worker
[2026-08-25T13:30:19.221Z] tick · social:cron-tick · status=200 · OK
[2026-08-25T13:30:19.364Z] tick · brain:cron-tick · status=200 · OK
[2026-08-25T13:30:19.488Z] tick · discovery:orchestrator:tick · exit=0 signal=- · OK
[2026-08-25T13:30:47.414Z] tick · discovery:rotation:tick · spawning
[2026-08-25T13:30:48.235Z] tick · discovery:rotation:tick · exit=0 signal=- · OK
[2026-08-25T13:31:18.883Z] tick · discovery:orchestrator:tick · spawning
[2026-08-25T13:31:19.043Z] tick · social:cron-tick · fetching GET http://localhost:3008/api/cron/comms-social-worker
[2026-08-25T13:31:19.237Z] tick · social:cron-tick · status=200 · OK
[2026-08-25T13:31:19.524Z] tick · discovery:orchestrator:tick · exit=0 signal=- · OK
[2026-08-25T13:32:18.883Z] tick · discovery:orchestrator:tick · spawning
[2026-08-25T13:32:19.048Z] tick · social:cron-tick · fetching GET http://localhost:3008/api/cron/comms-social-worker
[2026-08-25T13:32:19.169Z] tick · discovery:orchestrator:tick · exit=0 signal=- · OK
[2026-08-25T13:32:19.259Z] tick · social:cron-tick · status=200 · OK
[2026-08-25T13:33:17.834Z] tick · orchestration:zombie-reconciler · spawning
[2026-08-25T13:33:18.221Z] tick · orchestration:zombie-reconciler · exit=0 signal=- · OK
[2026-08-25T13:33:18.388Z] tick · brain:cron-tick · fetching GET http://localhost:3008/api/nex/brain/cron-tick
[2026-08-25T13:33:18.888Z] tick · discovery:orchestrator:tick · spawning
[2026-08-25T13:33:18.985Z] tick · brain:cron-tick · status=200 · OK
[2026-08-25T13:33:19.055Z] tick · social:cron-tick · fetching GET http://localhost:3008/api/cron/comms-social-worker
[2026-08-25T13:33:19.201Z] tick · social:cron-tick · status=200 · OK
[2026-08-25T13:33:19.215Z] tick · discovery:orchestrator:tick · exit=0 signal=- · OK
[2026-08-25T13:34:18.888Z] tick · discovery:orchestrator:tick · spawning
[2026-08-25T13:34:19.065Z] tick · social:cron-tick · fetching GET http://localhost:3008/api/cron/comms-social-worker
[2026-08-25T13:34:19.208Z] tick · discovery:orchestrator:tick · exit=0 signal=- · OK
[2026-08-25T13:34:19.244Z] tick · social:cron-tick · status=200 · OK
[2026-08-25T13:35:18.902Z] tick · discovery:orchestrator:tick · spawning
[2026-08-25T13:35:19.064Z] tick · social:cron-tick · fetching GET http://localhost:3008/api/cron/comms-social-worker
[2026-08-25T13:35:19.277Z] tick · discovery:orchestrator:tick · exit=0 signal=- · OK
[2026-08-25T13:35:19.362Z] tick · social:cron-tick · status=200 · OK
[2026-08-25T13:36:17.840Z] tick · orchestration:zombie-reconciler · spawning
[2026-08-25T13:36:18.249Z] tick · orchestration:zombie-reconciler · exit=0 signal=- · OK
[2026-08-25T13:36:18.391Z] tick · brain:cron-tick · fetching GET http://localhost:3008/api/nex/brain/cron-tick
[2026-08-25T13:36:18.907Z] tick · discovery:orchestrator:tick · spawning
[2026-08-25T13:36:19.064Z] tick · social:cron-tick · fetching GET http://localhost:3008/api/cron/comms-social-worker
[2026-08-25T13:36:19.189Z] tick · discovery:orchestrator:tick · exit=0 signal=- · OK
[2026-08-25T13:36:19.359Z] tick · social:cron-tick · status=200 · OK
[2026-08-25T13:36:19.593Z] tick · brain:cron-tick · status=200 · OK
[2026-08-25T13:37:18.929Z] tick · discovery:orchestrator:tick · spawning
[2026-08-25T13:37:19.065Z] tick · social:cron-tick · fetching GET http://localhost:3008/api/cron/comms-social-worker
[2026-08-25T13:37:19.289Z] tick · discovery:orchestrator:tick · exit=0 signal=- · OK
[2026-08-25T13:37:20.784Z] tick · social:cron-tick · status=200 · OK
[2026-08-25T13:38:18.944Z] tick · discovery:orchestrator:tick · spawning
[2026-08-25T13:38:19.071Z] tick · social:cron-tick · fetching GET http://localhost:3008/api/cron/comms-social-worker
[2026-08-25T13:38:19.233Z] tick · discovery:orchestrator:tick · exit=0 signal=- · OK
[2026-08-25T13:38:19.836Z] tick · social:cron-tick · status=200 · OK
[2026-08-25T13:39:17.840Z] tick · orchestration:zombie-reconciler · spawning
[2026-08-25T13:39:18.390Z] tick · orchestration:zombie-reconciler · exit=0 signal=- · OK
[2026-08-25T13:39:18.390Z] tick · brain:cron-tick · fetching GET http://localhost:3008/api/nex/brain/cron-tick
[2026-08-25T13:39:18.961Z] tick · discovery:orchestrator:tick · spawning
[2026-08-25T13:39:19.075Z] tick · social:cron-tick · fetching GET http://localhost:3008/api/cron/comms-social-worker
[2026-08-25T13:39:19.655Z] tick · discovery:orchestrator:tick · exit=0 signal=- · OK
[2026-08-25T13:39:20.475Z] tick · social:cron-tick · status=200 · OK
[2026-08-25T13:39:20.747Z] tick · brain:cron-tick · status=200 · OK
[2026-08-25T13:40:17.431Z] tick · cle:conversation · spawning
[2026-08-25T13:40:17.826Z] tick · cle:conversation · exit=0 signal=- · OK
[2026-08-25T13:40:18.965Z] tick · discovery:orchestrator:tick · spawning
[2026-08-25T13:40:19.075Z] tick · social:cron-tick · fetching GET http://localhost:3008/api/cron/comms-social-worker
[2026-08-25T13:40:19.279Z] tick · social:cron-tick · status=200 · OK
[2026-08-25T13:40:19.304Z] tick · discovery:orchestrator:tick · exit=0 signal=- · OK
[2026-08-25T13:40:47.423Z] tick · discovery:rotation:tick · spawning
[2026-08-25T13:40:47.936Z] tick · discovery:rotation:tick · exit=0 signal=- · OK
[2026-08-25T13:41:18.979Z] tick · discovery:orchestrator:tick · spawning
[2026-08-25T13:41:19.081Z] tick · social:cron-tick · fetching GET http://localhost:3008/api/cron/comms-social-worker
[2026-08-25T13:41:19.236Z] tick · discovery:orchestrator:tick · exit=0 signal=- · OK
[2026-08-25T13:41:19.523Z] tick · social:cron-tick · status=200 · OK
[2026-08-25T13:42:17.844Z] tick · orchestration:zombie-reconciler · spawning
[2026-08-25T13:42:18.096Z] tick · orchestration:zombie-reconciler · exit=0 signal=- · OK
[2026-08-25T13:42:18.394Z] tick · brain:cron-tick · fetching GET http://localhost:3008/api/nex/brain/cron-tick
[2026-08-25T13:42:18.983Z] tick · discovery:orchestrator:tick · spawning
[2026-08-25T13:42:19.055Z] tick · brain:cron-tick · status=200 · OK
[2026-08-25T13:42:19.089Z] tick · social:cron-tick · fetching GET http://localhost:3008/api/cron/comms-social-worker
[2026-08-25T13:42:19.206Z] tick · discovery:orchestrator:tick · exit=0 signal=- · OK
[2026-08-25T13:42:19.231Z] tick · social:cron-tick · status=200 · OK
[2026-08-25T13:43:18.987Z] tick · discovery:orchestrator:tick · spawning
[2026-08-25T13:43:19.092Z] tick · social:cron-tick · fetching GET http://localhost:3008/api/cron/comms-social-worker
[2026-08-25T13:43:19.189Z] tick · social:cron-tick · status=200 · OK
[2026-08-25T13:43:19.212Z] tick · discovery:orchestrator:tick · exit=0 signal=- · OK
[2026-08-25T13:44:18.997Z] tick · discovery:orchestrator:tick · spawning
[2026-08-25T13:44:19.102Z] tick · social:cron-tick · fetching GET http://localhost:3008/api/cron/comms-social-worker
[2026-08-25T13:44:19.248Z] tick · social:cron-tick · status=200 · OK
[2026-08-25T13:44:19.301Z] tick · discovery:orchestrator:tick · exit=0 signal=- · OK
[2026-08-25T13:45:17.847Z] tick · orchestration:zombie-reconciler · spawning
[2026-08-25T13:45:18.263Z] tick · orchestration:zombie-reconciler · exit=0 signal=- · OK
[2026-08-25T13:45:18.402Z] tick · brain:cron-tick · fetching GET http://localhost:3008/api/nex/brain/cron-tick
[2026-08-25T13:45:19.003Z] tick · discovery:orchestrator:tick · spawning
[2026-08-25T13:45:19.107Z] tick · social:cron-tick · fetching GET http://localhost:3008/api/cron/comms-social-worker
[2026-08-25T13:45:19.270Z] tick · discovery:orchestrator:tick · exit=0 signal=- · OK
[2026-08-25T13:45:19.335Z] tick · social:cron-tick · status=200 · OK
[2026-08-25T13:45:19.369Z] tick · brain:cron-tick · status=200 · OK
[2026-08-25T13:46:19.006Z] tick · discovery:orchestrator:tick · spawning
[2026-08-25T13:46:19.110Z] tick · social:cron-tick · fetching GET http://localhost:3008/api/cron/comms-social-worker
[2026-08-25T13:46:19.509Z] tick · discovery:orchestrator:tick · exit=0 signal=- · OK
[2026-08-25T13:46:20.338Z] tick · social:cron-tick · status=200 · OK
[2026-08-25T13:47:19.292Z] tick · discovery:orchestrator:tick · spawning
[2026-08-25T13:47:19.404Z] tick · social:cron-tick · fetching GET http://localhost:3008/api/cron/comms-social-worker
[2026-08-25T13:47:19.926Z] tick · discovery:orchestrator:tick · exit=0 signal=- · OK
[2026-08-25T13:47:19.998Z] tick · social:cron-tick · status=200 · OK
[2026-08-25T13:48:17.848Z] tick · orchestration:zombie-reconciler · spawning
[2026-08-25T13:48:18.297Z] tick · orchestration:zombie-reconciler · exit=0 signal=- · OK
[2026-08-25T13:48:18.404Z] tick · brain:cron-tick · fetching GET http://localhost:3008/api/nex/brain/cron-tick
[2026-08-25T13:48:19.292Z] tick · discovery:orchestrator:tick · spawning
[2026-08-25T13:48:19.403Z] tick · social:cron-tick · fetching GET http://localhost:3008/api/cron/comms-social-worker
[2026-08-25T13:48:19.471Z] tick · brain:cron-tick · status=200 · OK
[2026-08-25T13:48:19.493Z] tick · social:cron-tick · status=200 · OK
[2026-08-25T13:48:19.579Z] tick · discovery:orchestrator:tick · exit=0 signal=- · OK
[2026-08-25T13:49:19.300Z] tick · discovery:orchestrator:tick · spawning
[2026-08-25T13:49:19.409Z] tick · social:cron-tick · fetching GET http://localhost:3008/api/cron/comms-social-worker
[2026-08-25T13:49:19.535Z] tick · social:cron-tick · status=200 · OK
[2026-08-25T13:49:19.537Z] tick · discovery:orchestrator:tick · exit=0 signal=- · OK
[2026-08-25T13:50:17.437Z] tick · cle:conversation · spawning
[2026-08-25T13:50:17.791Z] tick · cle:conversation · exit=0 signal=- · OK
[2026-08-25T13:50:19.305Z] tick · discovery:orchestrator:tick · spawning
[2026-08-25T13:50:19.414Z] tick · social:cron-tick · fetching GET http://localhost:3008/api/cron/comms-social-worker
[2026-08-25T13:50:19.533Z] tick · social:cron-tick · status=200 · OK
[2026-08-25T13:50:19.537Z] tick · discovery:orchestrator:tick · exit=0 signal=- · OK
[2026-08-25T13:50:47.429Z] tick · discovery:rotation:tick · spawning
[2026-08-25T13:50:47.974Z] tick · discovery:rotation:tick · exit=0 signal=- · OK
[2026-08-25T13:51:17.852Z] tick · orchestration:zombie-reconciler · spawning
[2026-08-25T13:51:18.258Z] tick · orchestration:zombie-reconciler · exit=0 signal=- · OK
[2026-08-25T13:51:18.406Z] tick · brain:cron-tick · fetching GET http://localhost:3008/api/nex/brain/cron-tick
[2026-08-25T13:51:18.931Z] tick · brain:cron-tick · status=200 · OK
[2026-08-25T13:51:19.310Z] tick · discovery:orchestrator:tick · spawning
[2026-08-25T13:51:19.420Z] tick · social:cron-tick · fetching GET http://localhost:3008/api/cron/comms-social-worker
[2026-08-25T13:51:19.493Z] tick · social:cron-tick · status=200 · OK
[2026-08-25T13:51:19.573Z] tick · discovery:orchestrator:tick · exit=0 signal=- · OK
[2026-08-25T13:52:19.315Z] tick · discovery:orchestrator:tick · spawning
[2026-08-25T13:52:19.426Z] tick · social:cron-tick · fetching GET http://localhost:3008/api/cron/comms-social-worker
[2026-08-25T13:52:19.592Z] tick · social:cron-tick · status=200 · OK
[2026-08-25T13:52:19.605Z] tick · discovery:orchestrator:tick · exit=0 signal=- · OK
[2026-08-25T13:53:19.321Z] tick · discovery:orchestrator:tick · spawning
[2026-08-25T13:53:19.431Z] tick · social:cron-tick · fetching GET http://localhost:3008/api/cron/comms-social-worker
[2026-08-25T13:53:19.672Z] tick · discovery:orchestrator:tick · exit=0 signal=- · OK
[2026-08-25T13:53:19.786Z] tick · social:cron-tick · status=200 · OK
[2026-08-25T13:54:17.871Z] tick · orchestration:zombie-reconciler · spawning
[2026-08-25T13:54:18.297Z] tick · orchestration:zombie-reconciler · exit=0 signal=- · OK
[2026-08-25T13:54:18.422Z] tick · brain:cron-tick · fetching GET http://localhost:3008/api/nex/brain/cron-tick
[2026-08-25T13:54:19.334Z] tick · discovery:orchestrator:tick · spawning
[2026-08-25T13:54:19.434Z] tick · social:cron-tick · fetching GET http://localhost:3008/api/cron/comms-social-worker
[2026-08-25T13:54:19.953Z] tick · discovery:orchestrator:tick · exit=0 signal=- · OK
[2026-08-25T13:54:20.154Z] tick · social:cron-tick · status=200 · OK
[2026-08-25T13:54:20.307Z] tick · brain:cron-tick · status=200 · OK
[2026-08-25T13:55:19.341Z] tick · discovery:orchestrator:tick · spawning
[2026-08-25T13:55:19.436Z] tick · social:cron-tick · fetching GET http://localhost:3008/api/cron/comms-social-worker
[2026-08-25T13:55:19.779Z] tick · social:cron-tick · status=200 · OK
[2026-08-25T13:55:19.868Z] tick · discovery:orchestrator:tick · exit=0 signal=- · OK
[2026-08-25T13:56:19.351Z] tick · discovery:orchestrator:tick · spawning
[2026-08-25T13:56:19.441Z] tick · social:cron-tick · fetching GET http://localhost:3008/api/cron/comms-social-worker
[2026-08-25T13:56:19.555Z] tick · social:cron-tick · status=200 · OK
[2026-08-25T13:56:19.620Z] tick · discovery:orchestrator:tick · exit=0 signal=- · OK
[2026-08-25T13:57:17.873Z] tick · orchestration:zombie-reconciler · spawning
[2026-08-25T13:57:18.173Z] tick · orchestration:zombie-reconciler · exit=0 signal=- · OK
[2026-08-25T13:57:18.427Z] tick · brain:cron-tick · fetching GET http://localhost:3008/api/nex/brain/cron-tick
[2026-08-25T13:57:18.881Z] tick · brain:cron-tick · status=200 · OK
[2026-08-25T13:57:19.358Z] tick · discovery:orchestrator:tick · spawning
[2026-08-25T13:57:19.447Z] tick · social:cron-tick · fetching GET http://localhost:3008/api/cron/comms-social-worker
[2026-08-25T13:57:19.521Z] tick · social:cron-tick · status=200 · OK
[2026-08-25T13:57:19.623Z] tick · discovery:orchestrator:tick · exit=0 signal=- · OK
[2026-08-25T13:58:19.371Z] tick · discovery:orchestrator:tick · spawning
[2026-08-25T13:58:19.460Z] tick · social:cron-tick · fetching GET http://localhost:3008/api/cron/comms-social-worker
[2026-08-25T13:58:19.817Z] tick · discovery:orchestrator:tick · exit=0 signal=- · OK
[2026-08-25T13:58:20.157Z] tick · social:cron-tick · status=200 · OK
[2026-08-25T13:59:19.375Z] tick · discovery:orchestrator:tick · spawning
[2026-08-25T13:59:19.466Z] tick · social:cron-tick · fetching GET http://localhost:3008/api/cron/comms-social-worker
[2026-08-25T13:59:19.572Z] tick · social:cron-tick · status=200 · OK
[2026-08-25T13:59:19.669Z] tick · discovery:orchestrator:tick · exit=0 signal=- · OK
[2026-08-25T14:00:17.439Z] tick · cle:conversation · spawning
[2026-08-25T14:00:17.467Z] tick · promotion:food:Yogyakarta:quality-check · spawning
[2026-08-25T14:00:17.879Z] tick · orchestration:zombie-reconciler · spawning
[2026-08-25T14:00:18.125Z] tick · orchestration:zombie-reconciler · exit=0 signal=- · OK
[2026-08-25T14:00:18.246Z] tick · cle:conversation · exit=0 signal=- · OK
[2026-08-25T14:00:18.346Z] tick · promotion:food:Yogyakarta:quality-check · exit=0 signal=- · OK
[2026-08-25T14:00:18.430Z] tick · brain:cron-tick · fetching GET http://localhost:3008/api/nex/brain/cron-tick
[2026-08-25T14:00:19.381Z] tick · discovery:orchestrator:tick · spawning
[2026-08-25T14:00:19.469Z] tick · social:cron-tick · fetching GET http://localhost:3008/api/cron/comms-social-worker
[2026-08-25T14:00:20.137Z] tick · discovery:orchestrator:tick · exit=0 signal=- · OK
[2026-08-25T14:00:21.453Z] tick · social:cron-tick · status=200 · OK
[2026-08-25T14:00:21.907Z] tick · brain:cron-tick · status=200 · OK
[2026-08-25T14:00:47.430Z] tick · discovery:rotation:tick · spawning
[2026-08-25T14:00:48.192Z] tick · discovery:rotation:tick · exit=0 signal=- · OK
[2026-08-25T14:01:19.389Z] tick · discovery:orchestrator:tick · spawning
[2026-08-25T14:01:19.470Z] tick · social:cron-tick · fetching GET http://localhost:3008/api/cron/comms-social-worker
[2026-08-25T14:01:20.200Z] tick · social:cron-tick · status=200 · OK
[2026-08-25T14:01:20.216Z] tick · discovery:orchestrator:tick · exit=0 signal=- · OK
[2026-08-25T14:02:19.393Z] tick · discovery:orchestrator:tick · spawning
[2026-08-25T14:02:19.476Z] tick · social:cron-tick · fetching GET http://localhost:3008/api/cron/comms-social-worker
[2026-08-25T14:02:20.013Z] tick · discovery:orchestrator:tick · exit=0 signal=- · OK
[2026-08-25T14:02:20.871Z] tick · social:cron-tick · status=200 · OK
[2026-08-25T14:03:17.879Z] tick · orchestration:zombie-reconciler · spawning
[2026-08-25T14:03:18.386Z] tick · orchestration:zombie-reconciler · exit=0 signal=- · OK
[2026-08-25T14:03:18.431Z] tick · brain:cron-tick · fetching GET http://localhost:3008/api/nex/brain/cron-tick
[2026-08-25T14:03:19.395Z] tick · discovery:orchestrator:tick · spawning
[2026-08-25T14:03:19.482Z] tick · social:cron-tick · fetching GET http://localhost:3008/api/cron/comms-social-worker
[2026-08-25T14:03:19.741Z] tick · discovery:orchestrator:tick · exit=0 signal=- · OK
[2026-08-25T14:03:20.619Z] tick · social:cron-tick · status=200 · OK
[2026-08-25T14:03:20.862Z] tick · brain:cron-tick · status=200 · OK
[2026-08-25T14:04:19.403Z] tick · discovery:orchestrator:tick · spawning
[2026-08-25T14:04:19.482Z] tick · social:cron-tick · fetching GET http://localhost:3008/api/cron/comms-social-worker
[2026-08-25T14:04:19.732Z] tick · social:cron-tick · status=200 · OK
[2026-08-25T14:04:19.814Z] tick · discovery:orchestrator:tick · exit=0 signal=- · OK
[2026-08-25T14:05:19.406Z] tick · discovery:orchestrator:tick · spawning
[2026-08-25T14:05:19.486Z] tick · social:cron-tick · fetching GET http://localhost:3008/api/cron/comms-social-worker
[2026-08-25T14:05:19.661Z] tick · discovery:orchestrator:tick · exit=0 signal=- · OK
[2026-08-25T14:05:19.714Z] tick · social:cron-tick · status=200 · OK
[2026-08-25T14:06:17.881Z] tick · orchestration:zombie-reconciler · spawning
[2026-08-25T14:06:18.240Z] tick · orchestration:zombie-reconciler · exit=0 signal=- · OK
[2026-08-25T14:06:18.437Z] tick · brain:cron-tick · fetching GET http://localhost:3008/api/nex/brain/cron-tick
[2026-08-25T14:06:18.871Z] tick · brain:cron-tick · status=200 · OK
[2026-08-25T14:06:19.408Z] tick · discovery:orchestrator:tick · spawning
[2026-08-25T14:06:19.491Z] tick · social:cron-tick · fetching GET http://localhost:3008/api/cron/comms-social-worker
[2026-08-25T14:06:19.556Z] tick · social:cron-tick · status=200 · OK
[2026-08-25T14:06:19.687Z] tick · discovery:orchestrator:tick · exit=0 signal=- · OK
[2026-08-25T14:07:19.407Z] tick · discovery:orchestrator:tick · spawning
[2026-08-25T14:07:19.502Z] tick · social:cron-tick · fetching GET http://localhost:3008/api/cron/comms-social-worker
[2026-08-25T14:07:19.864Z] tick · discovery:orchestrator:tick · exit=0 signal=- · OK
[2026-08-25T14:07:19.951Z] tick · social:cron-tick · status=200 · OK
[2026-08-25T14:08:19.418Z] tick · discovery:orchestrator:tick · spawning
[2026-08-25T14:08:19.516Z] tick · social:cron-tick · fetching GET http://localhost:3008/api/cron/comms-social-worker
[2026-08-25T14:08:19.987Z] tick · discovery:orchestrator:tick · exit=0 signal=- · OK
[2026-08-25T14:08:21.586Z] tick · social:cron-tick · status=200 · OK
[2026-08-25T14:09:17.885Z] tick · orchestration:zombie-reconciler · spawning
[2026-08-25T14:09:18.392Z] tick · orchestration:zombie-reconciler · exit=0 signal=- · OK
[2026-08-25T14:09:18.439Z] tick · brain:cron-tick · fetching GET http://localhost:3008/api/nex/brain/cron-tick
[2026-08-25T14:09:19.425Z] tick · discovery:orchestrator:tick · spawning
[2026-08-25T14:09:19.523Z] tick · social:cron-tick · fetching GET http://localhost:3008/api/cron/comms-social-worker
[2026-08-25T14:09:19.583Z] tick · brain:cron-tick · status=200 · OK
[2026-08-25T14:09:19.650Z] tick · social:cron-tick · status=200 · OK
[2026-08-25T14:09:19.659Z] tick · discovery:orchestrator:tick · exit=0 signal=- · OK
[2026-08-25T14:10:17.439Z] tick · cle:conversation · spawning
[2026-08-25T14:10:17.837Z] tick · cle:conversation · exit=0 signal=- · OK
[2026-08-25T14:10:19.425Z] tick · discovery:orchestrator:tick · spawning
[2026-08-25T14:10:19.529Z] tick · social:cron-tick · fetching GET http://localhost:3008/api/cron/comms-social-worker
[2026-08-25T14:10:19.685Z] tick · social:cron-tick · status=200 · OK
[2026-08-25T14:10:19.715Z] tick · discovery:orchestrator:tick · exit=0 signal=- · OK
[2026-08-25T14:10:47.434Z] tick · discovery:rotation:tick · spawning
[2026-08-25T14:10:47.982Z] tick · discovery:rotation:tick · exit=0 signal=- · OK
[2026-08-25T14:11:19.434Z] tick · discovery:orchestrator:tick · spawning
[2026-08-25T14:11:19.531Z] tick · social:cron-tick · fetching GET http://localhost:3008/api/cron/comms-social-worker
[2026-08-25T14:11:19.752Z] tick · social:cron-tick · status=200 · OK
[2026-08-25T14:11:19.894Z] tick · discovery:orchestrator:tick · exit=0 signal=- · OK
[2026-08-25T14:12:17.889Z] tick · orchestration:zombie-reconciler · spawning
[2026-08-25T14:12:18.410Z] tick · orchestration:zombie-reconciler · exit=0 signal=- · OK
[2026-08-25T14:12:18.445Z] tick · brain:cron-tick · fetching GET http://localhost:3008/api/nex/brain/cron-tick
[2026-08-25T14:12:18.922Z] tick · brain:cron-tick · status=200 · OK
[2026-08-25T14:12:19.436Z] tick · discovery:orchestrator:tick · spawning
[2026-08-25T14:12:19.534Z] tick · social:cron-tick · fetching GET http://localhost:3008/api/cron/comms-social-worker
[2026-08-25T14:12:19.656Z] tick · social:cron-tick · status=200 · OK
[2026-08-25T14:12:19.769Z] tick · discovery:orchestrator:tick · exit=0 signal=- · OK
[2026-08-25T14:13:19.442Z] tick · discovery:orchestrator:tick · spawning
[2026-08-25T14:13:19.546Z] tick · social:cron-tick · fetching GET http://localhost:3008/api/cron/comms-social-worker
[2026-08-25T14:13:19.670Z] tick · discovery:orchestrator:tick · exit=0 signal=- · OK
[2026-08-25T14:13:19.675Z] tick · social:cron-tick · status=200 · OK
[2026-08-25T14:14:19.449Z] tick · discovery:orchestrator:tick · spawning
[2026-08-25T14:14:19.560Z] tick · social:cron-tick · fetching GET http://localhost:3008/api/cron/comms-social-worker
[2026-08-25T14:14:19.748Z] tick · social:cron-tick · status=200 · OK
[2026-08-25T14:14:20.098Z] tick · discovery:orchestrator:tick · exit=0 signal=- · OK
[2026-08-25T14:15:17.892Z] tick · orchestration:zombie-reconciler · spawning
[2026-08-25T14:15:18.325Z] tick · orchestration:zombie-reconciler · exit=0 signal=- · OK
[2026-08-25T14:15:18.446Z] tick · brain:cron-tick · fetching GET http://localhost:3008/api/nex/brain/cron-tick
[2026-08-25T14:15:18.983Z] tick · brain:cron-tick · status=200 · OK
[2026-08-25T14:15:19.462Z] tick · discovery:orchestrator:tick · spawning
[2026-08-25T14:15:19.573Z] tick · social:cron-tick · fetching GET http://localhost:3008/api/cron/comms-social-worker
[2026-08-25T14:15:19.635Z] tick · social:cron-tick · status=200 · OK
[2026-08-25T14:15:19.737Z] tick · discovery:orchestrator:tick · exit=0 signal=- · OK
[2026-08-25T14:16:19.476Z] tick · discovery:orchestrator:tick · spawning
[2026-08-25T14:16:19.586Z] tick · social:cron-tick · fetching GET http://localhost:3008/api/cron/comms-social-worker
[2026-08-25T14:16:19.717Z] tick · social:cron-tick · status=200 · OK
[2026-08-25T14:16:19.733Z] tick · discovery:orchestrator:tick · exit=0 signal=- · OK
[2026-08-25T14:17:19.486Z] tick · discovery:orchestrator:tick · spawning
[2026-08-25T14:17:19.596Z] tick · social:cron-tick · fetching GET http://localhost:3008/api/cron/comms-social-worker
[2026-08-25T14:17:19.730Z] tick · social:cron-tick · status=200 · OK
[2026-08-25T14:17:19.738Z] tick · discovery:orchestrator:tick · exit=0 signal=- · OK
[2026-08-25T14:18:17.895Z] tick · orchestration:zombie-reconciler · spawning
[2026-08-25T14:18:18.153Z] tick · orchestration:zombie-reconciler · exit=0 signal=- · OK
[2026-08-25T14:18:18.457Z] tick · brain:cron-tick · fetching GET http://localhost:3008/api/nex/brain/cron-tick
[2026-08-25T14:18:18.756Z] tick · brain:cron-tick · status=200 · OK
[2026-08-25T14:18:19.497Z] tick · discovery:orchestrator:tick · spawning
[2026-08-25T14:18:19.605Z] tick · social:cron-tick · fetching GET http://localhost:3008/api/cron/comms-social-worker
[2026-08-25T14:18:19.697Z] tick · social:cron-tick · status=200 · OK
[2026-08-25T14:18:19.727Z] tick · discovery:orchestrator:tick · exit=0 signal=- · OK
[2026-08-25T14:19:19.507Z] tick · discovery:orchestrator:tick · spawning
[2026-08-25T14:19:19.618Z] tick · social:cron-tick · fetching GET http://localhost:3008/api/cron/comms-social-worker
[2026-08-25T14:19:19.738Z] tick · social:cron-tick · status=200 · OK
[2026-08-25T14:19:19.771Z] tick · discovery:orchestrator:tick · exit=0 signal=- · OK
[2026-08-25T14:20:17.444Z] tick · cle:conversation · spawning
[2026-08-25T14:20:17.820Z] tick · cle:conversation · exit=0 signal=- · OK
[2026-08-25T14:20:19.511Z] tick · discovery:orchestrator:tick · spawning
[2026-08-25T14:20:19.623Z] tick · social:cron-tick · fetching GET http://localhost:3008/api/cron/comms-social-worker
[2026-08-25T14:20:19.764Z] tick · social:cron-tick · status=200 · OK
[2026-08-25T14:20:19.796Z] tick · discovery:orchestrator:tick · exit=0 signal=- · OK
[2026-08-25T14:20:47.444Z] tick · discovery:rotation:tick · spawning
[2026-08-25T14:20:47.977Z] tick · discovery:rotation:tick · exit=0 signal=- · OK
[2026-08-25T14:21:17.899Z] tick · orchestration:zombie-reconciler · spawning
[2026-08-25T14:21:18.197Z] tick · orchestration:zombie-reconciler · exit=0 signal=- · OK
[2026-08-25T14:21:18.462Z] tick · brain:cron-tick · fetching GET http://localhost:3008/api/nex/brain/cron-tick
[2026-08-25T14:21:18.875Z] tick · brain:cron-tick · status=200 · OK
[2026-08-25T14:21:19.524Z] tick · discovery:orchestrator:tick · spawning
[2026-08-25T14:21:19.637Z] tick · social:cron-tick · fetching GET http://localhost:3008/api/cron/comms-social-worker
[2026-08-25T14:21:19.712Z] tick · social:cron-tick · status=200 · OK
[2026-08-25T14:21:19.796Z] tick · discovery:orchestrator:tick · exit=0 signal=- · OK
[2026-08-25T14:22:19.527Z] tick · discovery:orchestrator:tick · spawning
[2026-08-25T14:22:19.638Z] tick · social:cron-tick · fetching GET http://localhost:3008/api/cron/comms-social-worker
[2026-08-25T14:22:19.794Z] tick · discovery:orchestrator:tick · exit=0 signal=- · OK
[2026-08-25T14:22:19.800Z] tick · social:cron-tick · status=200 · OK
[2026-08-25T14:23:19.532Z] tick · discovery:orchestrator:tick · spawning
[2026-08-25T14:23:19.643Z] tick · social:cron-tick · fetching GET http://localhost:3008/api/cron/comms-social-worker
[2026-08-25T14:23:19.767Z] tick · social:cron-tick · status=200 · OK
[2026-08-25T14:23:19.829Z] tick · discovery:orchestrator:tick · exit=0 signal=- · OK
[2026-08-25T14:24:17.901Z] tick · orchestration:zombie-reconciler · spawning
[2026-08-25T14:24:18.106Z] tick · orchestration:zombie-reconciler · exit=0 signal=- · OK
[2026-08-25T14:24:18.477Z] tick · brain:cron-tick · fetching GET http://localhost:3008/api/nex/brain/cron-tick
[2026-08-25T14:24:18.895Z] tick · brain:cron-tick · status=200 · OK
[2026-08-25T14:24:19.533Z] tick · discovery:orchestrator:tick · spawning
[2026-08-25T14:24:19.644Z] tick · social:cron-tick · fetching GET http://localhost:3008/api/cron/comms-social-worker
[2026-08-25T14:24:19.733Z] tick · social:cron-tick · status=200 · OK
[2026-08-25T14:24:19.793Z] tick · discovery:orchestrator:tick · exit=0 signal=- · OK
[2026-08-25T14:25:19.535Z] tick · discovery:orchestrator:tick · spawning
[2026-08-25T14:25:19.646Z] tick · social:cron-tick · fetching GET http://localhost:3008/api/cron/comms-social-worker
[2026-08-25T14:25:19.811Z] tick · social:cron-tick · status=200 · OK
[2026-08-25T14:25:19.940Z] tick · discovery:orchestrator:tick · exit=0 signal=- · OK
[2026-08-25T14:26:19.541Z] tick · discovery:orchestrator:tick · spawning
[2026-08-25T14:26:19.651Z] tick · social:cron-tick · fetching GET http://localhost:3008/api/cron/comms-social-worker
[2026-08-25T14:26:19.804Z] tick · social:cron-tick · status=200 · OK
[2026-08-25T14:26:20.011Z] tick · discovery:orchestrator:tick · exit=0 signal=- · OK
[2026-08-25T14:27:17.908Z] tick · orchestration:zombie-reconciler · spawning
[2026-08-25T14:27:18.478Z] tick · brain:cron-tick · fetching GET http://localhost:3008/api/nex/brain/cron-tick
[2026-08-25T14:27:18.545Z] tick · orchestration:zombie-reconciler · exit=0 signal=- · OK
[2026-08-25T14:27:18.971Z] tick · brain:cron-tick · status=200 · OK
[2026-08-25T14:27:19.553Z] tick · discovery:orchestrator:tick · spawning
[2026-08-25T14:27:19.658Z] tick · social:cron-tick · fetching GET http://localhost:3008/api/cron/comms-social-worker
[2026-08-25T14:27:19.783Z] tick · social:cron-tick · status=200 · OK
[2026-08-25T14:27:19.911Z] tick · discovery:orchestrator:tick · exit=0 signal=- · OK
[2026-08-25T14:28:19.561Z] tick · discovery:orchestrator:tick · spawning
[2026-08-25T14:28:19.671Z] tick · social:cron-tick · fetching GET http://localhost:3008/api/cron/comms-social-worker
[2026-08-25T14:28:19.948Z] tick · social:cron-tick · status=200 · OK
[2026-08-25T14:28:20.004Z] tick · discovery:orchestrator:tick · exit=0 signal=- · OK
[2026-08-25T14:29:19.571Z] tick · discovery:orchestrator:tick · spawning
[2026-08-25T14:29:19.677Z] tick · social:cron-tick · fetching GET http://localhost:3008/api/cron/comms-social-worker
[2026-08-25T14:29:19.803Z] tick · social:cron-tick · status=200 · OK
[2026-08-25T14:29:19.880Z] tick · discovery:orchestrator:tick · exit=0 signal=- · OK
[2026-08-25T14:30:17.445Z] tick · cle:conversation · spawning
[2026-08-25T14:30:17.473Z] tick · promotion:food:Yogyakarta:quality-check · spawning
[2026-08-25T14:30:17.909Z] tick · orchestration:zombie-reconciler · spawning
[2026-08-25T14:30:18.068Z] tick · cle:conversation · exit=0 signal=- · OK
[2026-08-25T14:30:18.282Z] tick · promotion:food:Yogyakarta:quality-check · exit=0 signal=- · OK
[2026-08-25T14:30:18.360Z] tick · orchestration:zombie-reconciler · exit=0 signal=- · OK
[2026-08-25T14:30:18.479Z] tick · brain:cron-tick · fetching GET http://localhost:3008/api/nex/brain/cron-tick
[2026-08-25T14:30:19.580Z] tick · discovery:orchestrator:tick · spawning
[2026-08-25T14:30:19.681Z] tick · social:cron-tick · fetching GET http://localhost:3008/api/cron/comms-social-worker
[2026-08-25T14:30:19.983Z] tick · discovery:orchestrator:tick · exit=0 signal=- · OK
[2026-08-25T14:30:20.039Z] tick · social:cron-tick · status=200 · OK
[2026-08-25T14:30:20.147Z] tick · brain:cron-tick · status=200 · OK
[2026-08-25T14:30:47.446Z] tick · discovery:rotation:tick · spawning
[2026-08-25T14:30:48.665Z] tick · discovery:rotation:tick · exit=0 signal=- · OK
[2026-08-25T14:31:19.583Z] tick · discovery:orchestrator:tick · spawning
[2026-08-25T14:31:19.687Z] tick · social:cron-tick · fetching GET http://localhost:3008/api/cron/comms-social-worker
[2026-08-25T14:31:20.160Z] tick · discovery:orchestrator:tick · exit=0 signal=- · OK
[2026-08-25T14:31:20.197Z] tick · social:cron-tick · status=200 · OK
[2026-08-25T14:32:19.584Z] tick · discovery:orchestrator:tick · spawning
[2026-08-25T14:32:19.697Z] tick · social:cron-tick · fetching GET http://localhost:3008/api/cron/comms-social-worker
[2026-08-25T14:32:19.901Z] tick · social:cron-tick · status=200 · OK
[2026-08-25T14:32:20.174Z] tick · discovery:orchestrator:tick · exit=0 signal=- · OK
[2026-08-25T14:33:17.922Z] tick · orchestration:zombie-reconciler · spawning
[2026-08-25T14:33:18.155Z] tick · orchestration:zombie-reconciler · exit=0 signal=- · OK
[2026-08-25T14:33:18.479Z] tick · brain:cron-tick · fetching GET http://localhost:3008/api/nex/brain/cron-tick
[2026-08-25T14:33:19.060Z] tick · brain:cron-tick · status=200 · OK
[2026-08-25T14:33:19.591Z] tick · discovery:orchestrator:tick · spawning
[2026-08-25T14:33:19.696Z] tick · social:cron-tick · fetching GET http://localhost:3008/api/cron/comms-social-worker
[2026-08-25T14:33:19.764Z] tick · social:cron-tick · status=200 · OK
[2026-08-25T14:33:19.795Z] tick · discovery:orchestrator:tick · exit=0 signal=- · OK
[2026-08-25T14:34:19.594Z] tick · discovery:orchestrator:tick · spawning
[2026-08-25T14:34:19.702Z] tick · social:cron-tick · fetching GET http://localhost:3008/api/cron/comms-social-worker
[2026-08-25T14:34:19.842Z] tick · social:cron-tick · status=200 · OK
[2026-08-25T14:34:19.880Z] tick · discovery:orchestrator:tick · exit=0 signal=- · OK
[2026-08-25T14:35:19.605Z] tick · discovery:orchestrator:tick · spawning
[2026-08-25T14:35:19.719Z] tick · social:cron-tick · fetching GET http://localhost:3008/api/cron/comms-social-worker
[2026-08-25T14:35:19.869Z] tick · social:cron-tick · status=200 · OK
[2026-08-25T14:35:19.877Z] tick · discovery:orchestrator:tick · exit=0 signal=- · OK
[2026-08-25T14:36:17.921Z] tick · orchestration:zombie-reconciler · spawning
[2026-08-25T14:36:18.179Z] tick · orchestration:zombie-reconciler · exit=0 signal=- · OK
[2026-08-25T14:36:18.482Z] tick · brain:cron-tick · fetching GET http://localhost:3008/api/nex/brain/cron-tick
[2026-08-25T14:36:19.005Z] tick · brain:cron-tick · status=200 · OK
[2026-08-25T14:36:19.618Z] tick · discovery:orchestrator:tick · spawning
[2026-08-25T14:36:19.723Z] tick · social:cron-tick · fetching GET http://localhost:3008/api/cron/comms-social-worker
[2026-08-25T14:36:19.813Z] tick · social:cron-tick · status=200 · OK
[2026-08-25T14:36:19.878Z] tick · discovery:orchestrator:tick · exit=0 signal=- · OK
[2026-08-25T14:37:19.624Z] tick · discovery:orchestrator:tick · spawning
[2026-08-25T14:37:19.727Z] tick · social:cron-tick · fetching GET http://localhost:3008/api/cron/comms-social-worker
[2026-08-25T14:37:19.894Z] tick · discovery:orchestrator:tick · exit=0 signal=- · OK
[2026-08-25T14:37:19.919Z] tick · social:cron-tick · status=200 · OK
[2026-08-25T14:38:19.624Z] tick · discovery:orchestrator:tick · spawning
[2026-08-25T14:38:19.728Z] tick · social:cron-tick · fetching GET http://localhost:3008/api/cron/comms-social-worker
[2026-08-25T14:38:19.918Z] tick · discovery:orchestrator:tick · exit=0 signal=- · OK
[2026-08-25T14:38:19.966Z] tick · social:cron-tick · status=200 · OK
[2026-08-25T14:39:17.928Z] tick · orchestration:zombie-reconciler · spawning
[2026-08-25T14:39:18.152Z] tick · orchestration:zombie-reconciler · exit=0 signal=- · OK
[2026-08-25T14:39:18.488Z] tick · brain:cron-tick · fetching GET http://localhost:3008/api/nex/brain/cron-tick
[2026-08-25T14:39:18.979Z] tick · brain:cron-tick · status=200 · OK
[2026-08-25T14:39:19.628Z] tick · discovery:orchestrator:tick · spawning
[2026-08-25T14:39:19.731Z] tick · social:cron-tick · fetching GET http://localhost:3008/api/cron/comms-social-worker
[2026-08-25T14:39:19.813Z] tick · social:cron-tick · status=200 · OK
[2026-08-25T14:39:19.830Z] tick · discovery:orchestrator:tick · exit=0 signal=- · OK
[2026-08-25T14:40:17.447Z] tick · cle:conversation · spawning
[2026-08-25T14:40:18.100Z] tick · cle:conversation · exit=0 signal=- · OK
[2026-08-25T14:40:19.643Z] tick · discovery:orchestrator:tick · spawning
[2026-08-25T14:40:19.739Z] tick · social:cron-tick · fetching GET http://localhost:3008/api/cron/comms-social-worker
[2026-08-25T14:40:19.918Z] tick · social:cron-tick · status=200 · OK
[2026-08-25T14:40:19.969Z] tick · discovery:orchestrator:tick · exit=0 signal=- · OK
[2026-08-25T14:40:47.447Z] tick · discovery:rotation:tick · spawning
[2026-08-25T14:40:48.030Z] tick · discovery:rotation:tick · exit=0 signal=- · OK
[2026-08-25T14:41:19.643Z] tick · discovery:orchestrator:tick · spawning
[2026-08-25T14:41:19.741Z] tick · social:cron-tick · fetching GET http://localhost:3008/api/cron/comms-social-worker
[2026-08-25T14:41:19.850Z] tick · discovery:orchestrator:tick · exit=0 signal=- · OK
[2026-08-25T14:41:19.906Z] tick · social:cron-tick · status=200 · OK
[2026-08-25T14:42:17.931Z] tick · orchestration:zombie-reconciler · spawning
[2026-08-25T14:42:18.129Z] tick · orchestration:zombie-reconciler · exit=0 signal=- · OK
[2026-08-25T14:42:18.490Z] tick · brain:cron-tick · fetching GET http://localhost:3008/api/nex/brain/cron-tick
[2026-08-25T14:42:18.828Z] tick · brain:cron-tick · status=200 · OK
[2026-08-25T14:42:19.656Z] tick · discovery:orchestrator:tick · spawning
[2026-08-25T14:42:19.745Z] tick · social:cron-tick · fetching GET http://localhost:3008/api/cron/comms-social-worker
[2026-08-25T14:42:19.829Z] tick · social:cron-tick · status=200 · OK
[2026-08-25T14:42:20.001Z] tick · discovery:orchestrator:tick · exit=0 signal=- · OK
[2026-08-25T14:43:19.666Z] tick · discovery:orchestrator:tick · spawning
[2026-08-25T14:43:19.744Z] tick · social:cron-tick · fetching GET http://localhost:3008/api/cron/comms-social-worker
[2026-08-25T14:43:19.853Z] tick · social:cron-tick · status=200 · OK
[2026-08-25T14:43:19.874Z] tick · discovery:orchestrator:tick · exit=0 signal=- · OK
[2026-08-25T14:44:19.672Z] tick · discovery:orchestrator:tick · spawning
[2026-08-25T14:44:19.747Z] tick · social:cron-tick · fetching GET http://localhost:3008/api/cron/comms-social-worker
[2026-08-25T14:44:19.911Z] tick · social:cron-tick · status=200 · OK
[2026-08-25T14:44:20.032Z] tick · discovery:orchestrator:tick · exit=0 signal=- · OK
[2026-08-25T14:45:17.932Z] tick · orchestration:zombie-reconciler · spawning
[2026-08-25T14:45:18.124Z] tick · orchestration:zombie-reconciler · exit=0 signal=- · OK
[2026-08-25T14:45:18.492Z] tick · brain:cron-tick · fetching GET http://localhost:3008/api/nex/brain/cron-tick
[2026-08-25T14:45:18.842Z] tick · brain:cron-tick · status=200 · OK
[2026-08-25T14:45:19.673Z] tick · discovery:orchestrator:tick · spawning
[2026-08-25T14:45:19.748Z] tick · social:cron-tick · fetching GET http://localhost:3008/api/cron/comms-social-worker
[2026-08-25T14:45:19.822Z] tick · social:cron-tick · status=200 · OK
[2026-08-25T14:45:20.018Z] tick · discovery:orchestrator:tick · exit=0 signal=- · OK
[2026-08-25T14:46:19.679Z] tick · discovery:orchestrator:tick · spawning
[2026-08-25T14:46:19.754Z] tick · social:cron-tick · fetching GET http://localhost:3008/api/cron/comms-social-worker
[2026-08-25T14:46:19.878Z] tick · discovery:orchestrator:tick · exit=0 signal=- · OK
[2026-08-25T14:46:19.985Z] tick · social:cron-tick · status=200 · OK
[2026-08-25T14:47:19.686Z] tick · discovery:orchestrator:tick · spawning
[2026-08-25T14:47:19.755Z] tick · social:cron-tick · fetching GET http://localhost:3008/api/cron/comms-social-worker
[2026-08-25T14:47:19.884Z] tick · social:cron-tick · status=200 · OK
[2026-08-25T14:47:19.919Z] tick · discovery:orchestrator:tick · exit=0 signal=- · OK
[2026-08-25T14:48:17.934Z] tick · orchestration:zombie-reconciler · spawning
[2026-08-25T14:48:18.272Z] tick · orchestration:zombie-reconciler · exit=0 signal=- · OK
[2026-08-25T14:48:18.499Z] tick · brain:cron-tick · fetching GET http://localhost:3008/api/nex/brain/cron-tick
[2026-08-25T14:48:18.981Z] tick · brain:cron-tick · status=200 · OK
[2026-08-25T14:48:19.692Z] tick · discovery:orchestrator:tick · spawning
[2026-08-25T14:48:19.770Z] tick · social:cron-tick · fetching GET http://localhost:3008/api/cron/comms-social-worker
[2026-08-25T14:48:19.844Z] tick · social:cron-tick · status=200 · OK
[2026-08-25T14:48:19.948Z] tick · discovery:orchestrator:tick · exit=0 signal=- · OK
[2026-08-25T14:49:19.693Z] tick · discovery:orchestrator:tick · spawning
[2026-08-25T14:49:19.773Z] tick · social:cron-tick · fetching GET http://localhost:3008/api/cron/comms-social-worker
[2026-08-25T14:49:19.904Z] tick · social:cron-tick · status=200 · OK
[2026-08-25T14:49:19.995Z] tick · discovery:orchestrator:tick · exit=0 signal=- · OK
[2026-08-25T14:50:17.448Z] tick · cle:conversation · spawning
[2026-08-25T14:50:17.839Z] tick · cle:conversation · exit=0 signal=- · OK
[2026-08-25T14:50:19.698Z] tick · discovery:orchestrator:tick · spawning
[2026-08-25T14:50:19.775Z] tick · social:cron-tick · fetching GET http://localhost:3008/api/cron/comms-social-worker
[2026-08-25T14:50:19.914Z] tick · social:cron-tick · status=200 · OK
[2026-08-25T14:50:19.958Z] tick · discovery:orchestrator:tick · exit=0 signal=- · OK
[2026-08-25T14:50:47.450Z] tick · discovery:rotation:tick · spawning
[2026-08-25T14:50:47.956Z] tick · discovery:rotation:tick · exit=0 signal=- · OK
[2026-08-25T14:51:17.941Z] tick · orchestration:zombie-reconciler · spawning
[2026-08-25T14:51:18.163Z] tick · orchestration:zombie-reconciler · exit=0 signal=- · OK
[2026-08-25T14:51:18.503Z] tick · brain:cron-tick · fetching GET http://localhost:3008/api/nex/brain/cron-tick
[2026-08-25T14:51:18.833Z] tick · brain:cron-tick · status=200 · OK
[2026-08-25T14:51:19.704Z] tick · discovery:orchestrator:tick · spawning
[2026-08-25T14:51:19.781Z] tick · social:cron-tick · fetching GET http://localhost:3008/api/cron/comms-social-worker
[2026-08-25T14:51:19.863Z] tick · social:cron-tick · status=200 · OK
[2026-08-25T14:51:20.005Z] tick · discovery:orchestrator:tick · exit=0 signal=- · OK
[2026-08-25T14:52:19.706Z] tick · discovery:orchestrator:tick · spawning
[2026-08-25T14:52:19.783Z] tick · social:cron-tick · fetching GET http://localhost:3008/api/cron/comms-social-worker
[2026-08-25T14:52:20.037Z] tick · social:cron-tick · status=200 · OK
[2026-08-25T14:52:20.126Z] tick · discovery:orchestrator:tick · exit=0 signal=- · OK
[2026-08-25T14:53:19.706Z] tick · discovery:orchestrator:tick · spawning
[2026-08-25T14:53:19.786Z] tick · social:cron-tick · fetching GET http://localhost:3008/api/cron/comms-social-worker
[2026-08-25T14:53:19.888Z] tick · social:cron-tick · status=200 · OK
[2026-08-25T14:53:19.966Z] tick · discovery:orchestrator:tick · exit=0 signal=- · OK
[2026-08-25T14:54:17.947Z] tick · orchestration:zombie-reconciler · spawning
[2026-08-25T14:54:18.208Z] tick · orchestration:zombie-reconciler · exit=0 signal=- · OK
[2026-08-25T14:54:18.515Z] tick · brain:cron-tick · fetching GET http://localhost:3008/api/nex/brain/cron-tick
[2026-08-25T14:54:18.788Z] tick · brain:cron-tick · status=200 · OK
[2026-08-25T14:54:19.720Z] tick · discovery:orchestrator:tick · spawning
[2026-08-25T14:54:19.798Z] tick · social:cron-tick · fetching GET http://localhost:3008/api/cron/comms-social-worker
[2026-08-25T14:54:19.860Z] tick · social:cron-tick · status=200 · OK
[2026-08-25T14:54:20.077Z] tick · discovery:orchestrator:tick · exit=0 signal=- · OK
[2026-08-25T14:55:19.720Z] tick · discovery:orchestrator:tick · spawning
[2026-08-25T14:55:19.800Z] tick · social:cron-tick · fetching GET http://localhost:3008/api/cron/comms-social-worker
[2026-08-25T14:55:19.921Z] tick · social:cron-tick · status=200 · OK
[2026-08-25T14:55:20.111Z] tick · discovery:orchestrator:tick · exit=0 signal=- · OK
[2026-08-25T14:56:19.726Z] tick · discovery:orchestrator:tick · spawning
[2026-08-25T14:56:19.806Z] tick · social:cron-tick · fetching GET http://localhost:3008/api/cron/comms-social-worker
[2026-08-25T14:56:19.948Z] tick · social:cron-tick · status=200 · OK
[2026-08-25T14:56:19.996Z] tick · discovery:orchestrator:tick · exit=0 signal=- · OK
[2026-08-25T14:57:17.949Z] tick · orchestration:zombie-reconciler · spawning
[2026-08-25T14:57:18.296Z] tick · orchestration:zombie-reconciler · exit=0 signal=- · OK
[2026-08-25T14:57:18.517Z] tick · brain:cron-tick · fetching GET http://localhost:3008/api/nex/brain/cron-tick
[2026-08-25T14:57:18.823Z] tick · brain:cron-tick · status=200 · OK
[2026-08-25T14:57:19.741Z] tick · discovery:orchestrator:tick · spawning
[2026-08-25T14:57:19.820Z] tick · social:cron-tick · fetching GET http://localhost:3008/api/cron/comms-social-worker
[2026-08-25T14:57:19.905Z] tick · social:cron-tick · status=200 · OK
[2026-08-25T14:57:20.023Z] tick · discovery:orchestrator:tick · exit=0 signal=- · OK
[2026-08-25T14:58:19.750Z] tick · discovery:orchestrator:tick · spawning
[2026-08-25T14:58:19.822Z] tick · social:cron-tick · fetching GET http://localhost:3008/api/cron/comms-social-worker
[2026-08-25T14:58:19.913Z] tick · social:cron-tick · status=200 · OK
[2026-08-25T14:58:19.981Z] tick · discovery:orchestrator:tick · exit=0 signal=- · OK
[2026-08-25T14:59:19.754Z] tick · discovery:orchestrator:tick · spawning
[2026-08-25T14:59:19.833Z] tick · social:cron-tick · fetching GET http://localhost:3008/api/cron/comms-social-worker
[2026-08-25T14:59:19.957Z] tick · social:cron-tick · status=200 · OK
[2026-08-25T14:59:19.997Z] tick · discovery:orchestrator:tick · exit=0 signal=- · OK
[2026-08-25T15:00:17.463Z] tick · cle:conversation · spawning
[2026-08-25T15:00:17.479Z] tick · promotion:food:Yogyakarta:quality-check · spawning
[2026-08-25T15:00:17.953Z] tick · orchestration:zombie-reconciler · spawning
[2026-08-25T15:00:18.526Z] tick · brain:cron-tick · fetching GET http://localhost:3008/api/nex/brain/cron-tick
[2026-08-25T15:00:18.856Z] tick · brain:cron-tick · status=200 · OK
[2026-08-25T15:00:19.209Z] tick · orchestration:zombie-reconciler · exit=0 signal=- · OK
[2026-08-25T15:00:19.275Z] tick · cle:conversation · exit=0 signal=- · OK
[2026-08-25T15:00:19.353Z] tick · promotion:food:Yogyakarta:quality-check · exit=0 signal=- · OK
[2026-08-25T15:00:19.763Z] tick · discovery:orchestrator:tick · spawning
[2026-08-25T15:00:19.841Z] tick · social:cron-tick · fetching GET http://localhost:3008/api/cron/comms-social-worker
[2026-08-25T15:00:19.977Z] tick · discovery:orchestrator:tick · exit=0 signal=- · OK
[2026-08-25T15:00:19.985Z] tick · social:cron-tick · status=200 · OK
[2026-08-25T15:00:47.462Z] tick · discovery:rotation:tick · spawning
[2026-08-25T15:00:47.905Z] tick · discovery:rotation:tick · exit=0 signal=- · OK
[2026-08-25T15:01:19.777Z] tick · discovery:orchestrator:tick · spawning
[2026-08-25T15:01:21.351Z] tick · social:cron-tick · fetching GET http://localhost:3008/api/cron/comms-social-worker
[2026-08-25T15:01:21.461Z] tick · social:cron-tick · status=200 · OK
[2026-08-25T15:01:21.522Z] tick · discovery:orchestrator:tick · exit=0 signal=- · OK
[2026-08-25T15:02:21.277Z] tick · discovery:orchestrator:tick · spawning
[2026-08-25T15:02:21.352Z] tick · social:cron-tick · fetching GET http://localhost:3008/api/cron/comms-social-worker
[2026-08-25T15:02:21.527Z] tick · social:cron-tick · status=200 · OK
[2026-08-25T15:02:21.627Z] tick · discovery:orchestrator:tick · exit=0 signal=- · OK
[2026-08-25T15:03:19.456Z] tick · orchestration:zombie-reconciler · spawning
[2026-08-25T15:03:20.021Z] tick · orchestration:zombie-reconciler · exit=0 signal=- · OK
[2026-08-25T15:03:20.021Z] tick · brain:cron-tick · fetching GET http://localhost:3008/api/nex/brain/cron-tick
[2026-08-25T15:03:20.520Z] tick · brain:cron-tick · status=200 · OK
[2026-08-25T15:03:21.282Z] tick · discovery:orchestrator:tick · spawning
[2026-08-25T15:03:21.358Z] tick · social:cron-tick · fetching GET http://localhost:3008/api/cron/comms-social-worker
[2026-08-25T15:03:21.456Z] tick · social:cron-tick · status=200 · OK
[2026-08-25T15:03:21.563Z] tick · discovery:orchestrator:tick · exit=0 signal=- · OK
[2026-08-25T15:04:21.287Z] tick · discovery:orchestrator:tick · spawning
[2026-08-25T15:04:21.370Z] tick · social:cron-tick · fetching GET http://localhost:3008/api/cron/comms-social-worker
[2026-08-25T15:04:21.545Z] tick · social:cron-tick · status=200 · OK
[2026-08-25T15:04:21.592Z] tick · discovery:orchestrator:tick · exit=0 signal=- · OK
[2026-08-25T15:05:21.291Z] tick · discovery:orchestrator:tick · spawning
[2026-08-25T15:05:21.379Z] tick · social:cron-tick · fetching GET http://localhost:3008/api/cron/comms-social-worker
[2026-08-25T15:05:21.660Z] tick · social:cron-tick · status=200 · OK
[2026-08-25T15:05:21.757Z] tick · discovery:orchestrator:tick · exit=0 signal=- · OK
[2026-08-25T15:06:19.458Z] tick · orchestration:zombie-reconciler · spawning
[2026-08-25T15:06:19.676Z] tick · orchestration:zombie-reconciler · exit=0 signal=- · OK
[2026-08-25T15:06:20.034Z] tick · brain:cron-tick · fetching GET http://localhost:3008/api/nex/brain/cron-tick
[2026-08-25T15:06:20.510Z] tick · brain:cron-tick · status=200 · OK
[2026-08-25T15:06:21.292Z] tick · discovery:orchestrator:tick · spawning
[2026-08-25T15:06:21.380Z] tick · social:cron-tick · fetching GET http://localhost:3008/api/cron/comms-social-worker
[2026-08-25T15:06:21.467Z] tick · social:cron-tick · status=200 · OK
[2026-08-25T15:06:21.549Z] tick · discovery:orchestrator:tick · exit=0 signal=- · OK
[2026-08-25T15:07:21.297Z] tick · discovery:orchestrator:tick · spawning
[2026-08-25T15:07:21.387Z] tick · social:cron-tick · fetching GET http://localhost:3008/api/cron/comms-social-worker
[2026-08-25T15:07:21.565Z] tick · social:cron-tick · status=200 · OK
[2026-08-25T15:07:21.697Z] tick · discovery:orchestrator:tick · exit=0 signal=- · OK
[2026-08-25T15:08:21.309Z] tick · discovery:orchestrator:tick · spawning
[2026-08-25T15:08:21.402Z] tick · social:cron-tick · fetching GET http://localhost:3008/api/cron/comms-social-worker
[2026-08-25T15:08:21.528Z] tick · social:cron-tick · status=200 · OK
[2026-08-25T15:08:21.544Z] tick · discovery:orchestrator:tick · exit=0 signal=- · OK
[2026-08-25T15:09:19.462Z] tick · orchestration:zombie-reconciler · spawning
[2026-08-25T15:09:19.726Z] tick · orchestration:zombie-reconciler · exit=0 signal=- · OK
[2026-08-25T15:09:20.047Z] tick · brain:cron-tick · fetching GET http://localhost:3008/api/nex/brain/cron-tick
[2026-08-25T15:09:20.423Z] tick · brain:cron-tick · status=200 · OK
[2026-08-25T15:09:21.322Z] tick · discovery:orchestrator:tick · spawning
[2026-08-25T15:09:21.416Z] tick · social:cron-tick · fetching GET http://localhost:3008/api/cron/comms-social-worker
[2026-08-25T15:09:21.497Z] tick · social:cron-tick · status=200 · OK
[2026-08-25T15:09:21.573Z] tick · discovery:orchestrator:tick · exit=0 signal=- · OK
[2026-08-25T15:10:18.969Z] tick · cle:conversation · spawning
[2026-08-25T15:10:19.343Z] tick · cle:conversation · exit=0 signal=- · OK
[2026-08-25T15:10:21.340Z] tick · discovery:orchestrator:tick · spawning
[2026-08-25T15:10:21.431Z] tick · social:cron-tick · fetching GET http://localhost:3008/api/cron/comms-social-worker
[2026-08-25T15:10:21.562Z] tick · social:cron-tick · status=200 · OK
[2026-08-25T15:10:21.600Z] tick · discovery:orchestrator:tick · exit=0 signal=- · OK
[2026-08-25T15:10:48.982Z] tick · discovery:rotation:tick · spawning
[2026-08-25T15:10:49.491Z] tick · discovery:rotation:tick · exit=0 signal=- · OK
[2026-08-25T15:11:21.349Z] tick · discovery:orchestrator:tick · spawning
[2026-08-25T15:11:21.445Z] tick · social:cron-tick · fetching GET http://localhost:3008/api/cron/comms-social-worker
[2026-08-25T15:11:21.577Z] tick · social:cron-tick · status=200 · OK
[2026-08-25T15:11:21.612Z] tick · discovery:orchestrator:tick · exit=0 signal=- · OK
[2026-08-25T15:12:19.466Z] tick · orchestration:zombie-reconciler · spawning
[2026-08-25T15:12:19.700Z] tick · orchestration:zombie-reconciler · exit=0 signal=- · OK
[2026-08-25T15:12:20.058Z] tick · brain:cron-tick · fetching GET http://localhost:3008/api/nex/brain/cron-tick
[2026-08-25T15:12:20.407Z] tick · brain:cron-tick · status=200 · OK
[2026-08-25T15:12:21.349Z] tick · discovery:orchestrator:tick · spawning
[2026-08-25T15:12:21.451Z] tick · social:cron-tick · fetching GET http://localhost:3008/api/cron/comms-social-worker
[2026-08-25T15:12:21.549Z] tick · social:cron-tick · status=200 · OK
[2026-08-25T15:12:21.588Z] tick · discovery:orchestrator:tick · exit=0 signal=- · OK
[2026-08-25T15:13:21.353Z] tick · discovery:orchestrator:tick · spawning
[2026-08-25T15:13:21.456Z] tick · social:cron-tick · fetching GET http://localhost:3008/api/cron/comms-social-worker
[2026-08-25T15:13:21.587Z] tick · social:cron-tick · status=200 · OK
[2026-08-25T15:13:21.592Z] tick · discovery:orchestrator:tick · exit=0 signal=- · OK
[2026-08-25T15:14:21.359Z] tick · discovery:orchestrator:tick · spawning
[2026-08-25T15:14:21.462Z] tick · social:cron-tick · fetching GET http://localhost:3008/api/cron/comms-social-worker
[2026-08-25T15:14:21.595Z] tick · social:cron-tick · status=200 · OK
[2026-08-25T15:14:21.621Z] tick · discovery:orchestrator:tick · exit=0 signal=- · OK
[2026-08-25T15:15:19.468Z] tick · orchestration:zombie-reconciler · spawning
[2026-08-25T15:15:19.721Z] tick · orchestration:zombie-reconciler · exit=0 signal=- · OK
[2026-08-25T15:15:20.063Z] tick · brain:cron-tick · fetching GET http://localhost:3008/api/nex/brain/cron-tick
[2026-08-25T15:15:20.459Z] tick · brain:cron-tick · status=200 · OK
[2026-08-25T15:15:21.364Z] tick · discovery:orchestrator:tick · spawning
[2026-08-25T15:15:21.468Z] tick · social:cron-tick · fetching GET http://localhost:3008/api/cron/comms-social-worker
[2026-08-25T15:15:21.567Z] tick · social:cron-tick · status=200 · OK
[2026-08-25T15:15:21.628Z] tick · discovery:orchestrator:tick · exit=0 signal=- · OK
[2026-08-25T15:16:21.370Z] tick · discovery:orchestrator:tick · spawning
[2026-08-25T15:16:21.473Z] tick · social:cron-tick · fetching GET http://localhost:3008/api/cron/comms-social-worker
[2026-08-25T15:16:21.673Z] tick · social:cron-tick · status=200 · OK
[2026-08-25T15:16:21.760Z] tick · discovery:orchestrator:tick · exit=0 signal=- · OK
[2026-08-25T15:17:21.376Z] tick · discovery:orchestrator:tick · spawning
[2026-08-25T15:17:21.479Z] tick · social:cron-tick · fetching GET http://localhost:3008/api/cron/comms-social-worker
[2026-08-25T15:17:21.665Z] tick · discovery:orchestrator:tick · exit=0 signal=- · OK
[2026-08-25T15:17:21.690Z] tick · social:cron-tick · status=200 · OK
[2026-08-25T15:18:19.470Z] tick · orchestration:zombie-reconciler · spawning
[2026-08-25T15:18:19.734Z] tick · orchestration:zombie-reconciler · exit=0 signal=- · OK
[2026-08-25T15:18:20.074Z] tick · brain:cron-tick · fetching GET http://localhost:3008/api/nex/brain/cron-tick
[2026-08-25T15:18:20.473Z] tick · brain:cron-tick · status=200 · OK
[2026-08-25T15:18:21.380Z] tick · discovery:orchestrator:tick · spawning
[2026-08-25T15:18:21.479Z] tick · social:cron-tick · fetching GET http://localhost:3008/api/cron/comms-social-worker
[2026-08-25T15:18:21.564Z] tick · social:cron-tick · status=200 · OK
[2026-08-25T15:18:21.653Z] tick · discovery:orchestrator:tick · exit=0 signal=- · OK
[2026-08-25T15:19:21.386Z] tick · discovery:orchestrator:tick · spawning
[2026-08-25T15:19:21.483Z] tick · social:cron-tick · fetching GET http://localhost:3008/api/cron/comms-social-worker
[2026-08-25T15:19:21.610Z] tick · social:cron-tick · status=200 · OK
[2026-08-25T15:19:21.625Z] tick · discovery:orchestrator:tick · exit=0 signal=- · OK
[2026-08-25T15:20:18.977Z] tick · cle:conversation · spawning
[2026-08-25T15:20:19.257Z] tick · cle:conversation · exit=0 signal=- · OK
[2026-08-25T15:20:21.398Z] tick · discovery:orchestrator:tick · spawning
[2026-08-25T15:20:21.503Z] tick · social:cron-tick · fetching GET http://localhost:3008/api/cron/comms-social-worker
[2026-08-25T15:20:21.614Z] tick · social:cron-tick · status=200 · OK
[2026-08-25T15:20:21.630Z] tick · discovery:orchestrator:tick · exit=0 signal=- · OK
[2026-08-25T15:20:48.985Z] tick · discovery:rotation:tick · spawning
[2026-08-25T15:20:49.625Z] tick · discovery:rotation:tick · exit=0 signal=- · OK
[2026-08-25T15:21:19.477Z] tick · orchestration:zombie-reconciler · spawning
[2026-08-25T15:21:19.699Z] tick · orchestration:zombie-reconciler · exit=0 signal=- · OK
[2026-08-25T15:21:20.075Z] tick · brain:cron-tick · fetching GET http://localhost:3008/api/nex/brain/cron-tick
[2026-08-25T15:21:20.567Z] tick · brain:cron-tick · status=200 · OK
[2026-08-25T15:21:21.399Z] tick · discovery:orchestrator:tick · spawning
[2026-08-25T15:21:21.504Z] tick · social:cron-tick · fetching GET http://localhost:3008/api/cron/comms-social-worker
[2026-08-25T15:21:21.617Z] tick · social:cron-tick · status=200 · OK
[2026-08-25T15:21:21.731Z] tick · discovery:orchestrator:tick · exit=0 signal=- · OK
[2026-08-25T15:22:21.405Z] tick · discovery:orchestrator:tick · spawning
[2026-08-25T15:22:21.509Z] tick · social:cron-tick · fetching GET http://localhost:3008/api/cron/comms-social-worker
[2026-08-25T15:22:21.698Z] tick · social:cron-tick · status=200 · OK
[2026-08-25T15:22:21.756Z] tick · discovery:orchestrator:tick · exit=0 signal=- · OK
[2026-08-25T15:23:21.410Z] tick · discovery:orchestrator:tick · spawning
[2026-08-25T15:23:21.515Z] tick · social:cron-tick · fetching GET http://localhost:3008/api/cron/comms-social-worker
[2026-08-25T15:23:21.676Z] tick · social:cron-tick · status=200 · OK
[2026-08-25T15:23:21.743Z] tick · discovery:orchestrator:tick · exit=0 signal=- · OK
[2026-08-25T15:24:19.482Z] tick · orchestration:zombie-reconciler · spawning
[2026-08-25T15:24:19.751Z] tick · orchestration:zombie-reconciler · exit=0 signal=- · OK
[2026-08-25T15:24:20.080Z] tick · brain:cron-tick · fetching GET http://localhost:3008/api/nex/brain/cron-tick
[2026-08-25T15:24:20.547Z] tick · brain:cron-tick · status=200 · OK
[2026-08-25T15:24:21.414Z] tick · discovery:orchestrator:tick · spawning
[2026-08-25T15:24:21.527Z] tick · social:cron-tick · fetching GET http://localhost:3008/api/cron/comms-social-worker
[2026-08-25T15:24:21.613Z] tick · social:cron-tick · status=200 · OK
[2026-08-25T15:24:21.716Z] tick · discovery:orchestrator:tick · exit=0 signal=- · OK
[2026-08-25T15:25:21.413Z] tick · discovery:orchestrator:tick · spawning
[2026-08-25T15:25:21.533Z] tick · social:cron-tick · fetching GET http://localhost:3008/api/cron/comms-social-worker
[2026-08-25T15:25:21.661Z] tick · social:cron-tick · status=200 · OK
[2026-08-25T15:25:21.700Z] tick · discovery:orchestrator:tick · exit=0 signal=- · OK
[2026-08-25T15:26:21.420Z] tick · discovery:orchestrator:tick · spawning
[2026-08-25T15:26:21.548Z] tick · social:cron-tick · fetching GET http://localhost:3008/api/cron/comms-social-worker
[2026-08-25T15:26:21.695Z] tick · social:cron-tick · status=200 · OK
[2026-08-25T15:26:21.696Z] tick · discovery:orchestrator:tick · exit=0 signal=- · OK
[2026-08-25T15:27:19.483Z] tick · orchestration:zombie-reconciler · spawning
[2026-08-25T15:27:19.916Z] tick · orchestration:zombie-reconciler · exit=0 signal=- · OK
[2026-08-25T15:27:20.079Z] tick · brain:cron-tick · fetching GET http://localhost:3008/api/nex/brain/cron-tick
[2026-08-25T15:27:20.413Z] tick · brain:cron-tick · status=200 · OK
[2026-08-25T15:27:21.421Z] tick · discovery:orchestrator:tick · spawning
[2026-08-25T15:27:21.550Z] tick · social:cron-tick · fetching GET http://localhost:3008/api/cron/comms-social-worker
[2026-08-25T15:27:21.662Z] tick · social:cron-tick · status=200 · OK
[2026-08-25T15:27:21.747Z] tick · discovery:orchestrator:tick · exit=0 signal=- · OK
[2026-08-25T15:28:21.425Z] tick · discovery:orchestrator:tick · spawning
[2026-08-25T15:28:21.557Z] tick · social:cron-tick · fetching GET http://localhost:3008/api/cron/comms-social-worker
[2026-08-25T15:28:21.856Z] tick · social:cron-tick · status=200 · OK
[2026-08-25T15:28:22.109Z] tick · discovery:orchestrator:tick · exit=0 signal=- · OK
[2026-08-25T15:29:21.425Z] tick · discovery:orchestrator:tick · spawning
[2026-08-25T15:29:21.566Z] tick · social:cron-tick · fetching GET http://localhost:3008/api/cron/comms-social-worker
[2026-08-25T15:29:21.720Z] tick · social:cron-tick · status=200 · OK
[2026-08-25T15:29:21.731Z] tick · discovery:orchestrator:tick · exit=0 signal=- · OK
[2026-08-25T15:30:18.982Z] tick · promotion:food:Yogyakarta:quality-check · spawning
[2026-08-25T15:30:19.004Z] tick · cle:conversation · spawning
[2026-08-25T15:30:19.390Z] tick · cle:conversation · exit=0 signal=- · OK
[2026-08-25T15:30:19.490Z] tick · orchestration:zombie-reconciler · spawning
[2026-08-25T15:30:19.519Z] tick · promotion:food:Yogyakarta:quality-check · exit=0 signal=- · OK
[2026-08-25T15:30:19.670Z] tick · orchestration:zombie-reconciler · exit=0 signal=- · OK
[2026-08-25T15:30:20.083Z] tick · brain:cron-tick · fetching GET http://localhost:3008/api/nex/brain/cron-tick
[2026-08-25T15:30:20.587Z] tick · brain:cron-tick · status=200 · OK
[2026-08-25T15:30:21.431Z] tick · discovery:orchestrator:tick · spawning
[2026-08-25T15:30:21.578Z] tick · social:cron-tick · fetching GET http://localhost:3008/api/cron/comms-social-worker
[2026-08-25T15:30:21.733Z] tick · social:cron-tick · status=200 · OK
[2026-08-25T15:30:21.736Z] tick · discovery:orchestrator:tick · exit=0 signal=- · OK
[2026-08-25T15:30:48.990Z] tick · discovery:rotation:tick · spawning
[2026-08-25T15:30:49.570Z] tick · discovery:rotation:tick · exit=0 signal=- · OK
[2026-08-25T15:31:21.436Z] tick · discovery:orchestrator:tick · spawning
[2026-08-25T15:31:21.579Z] tick · social:cron-tick · fetching GET http://localhost:3008/api/cron/comms-social-worker
[2026-08-25T15:31:21.766Z] tick · discovery:orchestrator:tick · exit=0 signal=- · OK
[2026-08-25T15:31:22.163Z] tick · social:cron-tick · status=200 · OK
[2026-08-25T15:32:21.453Z] tick · discovery:orchestrator:tick · spawning
[2026-08-25T15:32:21.588Z] tick · social:cron-tick · fetching GET http://localhost:3008/api/cron/comms-social-worker
[2026-08-25T15:32:21.802Z] tick · discovery:orchestrator:tick · exit=0 signal=- · OK
[2026-08-25T15:32:22.450Z] tick · social:cron-tick · status=200 · OK
[2026-08-25T15:33:19.494Z] tick · orchestration:zombie-reconciler · spawning
[2026-08-25T15:33:19.844Z] tick · orchestration:zombie-reconciler · exit=0 signal=- · OK
[2026-08-25T15:33:20.082Z] tick · brain:cron-tick · fetching GET http://localhost:3008/api/nex/brain/cron-tick
[2026-08-25T15:33:21.453Z] tick · discovery:orchestrator:tick · spawning
[2026-08-25T15:33:21.586Z] tick · social:cron-tick · fetching GET http://localhost:3008/api/cron/comms-social-worker
[2026-08-25T15:33:21.797Z] tick · social:cron-tick · status=200 · OK
[2026-08-25T15:33:21.806Z] tick · discovery:orchestrator:tick · exit=0 signal=- · OK
[2026-08-25T15:33:21.999Z] tick · brain:cron-tick · status=200 · OK
[2026-08-25T15:34:21.453Z] tick · discovery:orchestrator:tick · spawning
[2026-08-25T15:34:21.599Z] tick · social:cron-tick · fetching GET http://localhost:3008/api/cron/comms-social-worker
[2026-08-25T15:34:22.151Z] tick · discovery:orchestrator:tick · exit=0 signal=- · OK
[2026-08-25T15:34:22.620Z] tick · social:cron-tick · status=200 · OK
[2026-08-25T15:35:21.457Z] tick · discovery:orchestrator:tick · spawning
[2026-08-25T15:35:21.615Z] tick · social:cron-tick · fetching GET http://localhost:3008/api/cron/comms-social-worker
[2026-08-25T15:35:21.847Z] tick · discovery:orchestrator:tick · exit=0 signal=- · OK
[2026-08-25T15:35:22.052Z] tick · social:cron-tick · status=200 · OK
[2026-08-25T15:36:19.499Z] tick · orchestration:zombie-reconciler · spawning
[2026-08-25T15:36:20.082Z] tick · brain:cron-tick · fetching GET http://localhost:3008/api/nex/brain/cron-tick
[2026-08-25T15:36:20.276Z] tick · orchestration:zombie-reconciler · exit=0 signal=- · OK
[2026-08-25T15:36:21.464Z] tick · discovery:orchestrator:tick · spawning
[2026-08-25T15:36:21.617Z] tick · social:cron-tick · fetching GET http://localhost:3008/api/cron/comms-social-worker
[2026-08-25T15:36:21.793Z] tick · discovery:orchestrator:tick · exit=0 signal=- · OK
[2026-08-25T15:36:23.851Z] tick · social:cron-tick · status=200 · OK
[2026-08-25T15:36:25.159Z] tick · brain:cron-tick · status=200 · OK
[2026-08-25T15:37:21.476Z] tick · discovery:orchestrator:tick · spawning
[2026-08-25T15:37:21.620Z] tick · social:cron-tick · fetching GET http://localhost:3008/api/cron/comms-social-worker
[2026-08-25T15:37:21.838Z] tick · social:cron-tick · status=200 · OK
[2026-08-25T15:37:21.853Z] tick · discovery:orchestrator:tick · exit=0 signal=- · OK
[2026-08-25T15:38:21.490Z] tick · discovery:orchestrator:tick · spawning
[2026-08-25T15:38:21.621Z] tick · social:cron-tick · fetching GET http://localhost:3008/api/cron/comms-social-worker
[2026-08-25T15:38:21.753Z] tick · discovery:orchestrator:tick · exit=0 signal=- · OK
[2026-08-25T15:38:21.797Z] tick · social:cron-tick · status=200 · OK
[2026-08-25T15:39:19.500Z] tick · orchestration:zombie-reconciler · spawning
[2026-08-25T15:39:19.788Z] tick · orchestration:zombie-reconciler · exit=0 signal=- · OK
[2026-08-25T15:39:20.083Z] tick · brain:cron-tick · fetching GET http://localhost:3008/api/nex/brain/cron-tick
[2026-08-25T15:39:20.553Z] tick · brain:cron-tick · status=200 · OK
[2026-08-25T15:39:21.501Z] tick · discovery:orchestrator:tick · spawning
[2026-08-25T15:39:21.633Z] tick · social:cron-tick · fetching GET http://localhost:3008/api/cron/comms-social-worker
[2026-08-25T15:39:21.730Z] tick · social:cron-tick · status=200 · OK
[2026-08-25T15:39:21.878Z] tick · discovery:orchestrator:tick · exit=0 signal=- · OK
[2026-08-25T15:40:19.007Z] tick · cle:conversation · spawning
[2026-08-25T15:40:19.424Z] tick · cle:conversation · exit=0 signal=- · OK
[2026-08-25T15:40:21.507Z] tick · discovery:orchestrator:tick · spawning
[2026-08-25T15:40:21.639Z] tick · social:cron-tick · fetching GET http://localhost:3008/api/cron/comms-social-worker
[2026-08-25T15:40:21.831Z] tick · discovery:orchestrator:tick · exit=0 signal=- · OK
[2026-08-25T15:40:22.073Z] tick · social:cron-tick · status=200 · OK
[2026-08-25T15:40:48.997Z] tick · discovery:rotation:tick · spawning
[2026-08-25T15:40:49.525Z] tick · discovery:rotation:tick · exit=0 signal=- · OK
[2026-08-25T15:41:21.509Z] tick · discovery:orchestrator:tick · spawning
[2026-08-25T15:41:21.640Z] tick · social:cron-tick · fetching GET http://localhost:3008/api/cron/comms-social-worker
[2026-08-25T15:41:21.807Z] tick · social:cron-tick · status=200 · OK
[2026-08-25T15:41:21.811Z] tick · discovery:orchestrator:tick · exit=0 signal=- · OK
[2026-08-25T15:42:19.507Z] tick · orchestration:zombie-reconciler · spawning
[2026-08-25T15:42:19.957Z] tick · orchestration:zombie-reconciler · exit=0 signal=- · OK
[2026-08-25T15:42:20.084Z] tick · brain:cron-tick · fetching GET http://localhost:3008/api/nex/brain/cron-tick
[2026-08-25T15:42:20.590Z] tick · brain:cron-tick · status=200 · OK
[2026-08-25T15:42:21.514Z] tick · discovery:orchestrator:tick · spawning
[2026-08-25T15:42:21.645Z] tick · social:cron-tick · fetching GET http://localhost:3008/api/cron/comms-social-worker
[2026-08-25T15:42:21.814Z] tick · social:cron-tick · status=200 · OK
[2026-08-25T15:42:21.837Z] tick · discovery:orchestrator:tick · exit=0 signal=- · OK
[2026-08-25T15:43:21.520Z] tick · discovery:orchestrator:tick · spawning
[2026-08-25T15:43:21.645Z] tick · social:cron-tick · fetching GET http://localhost:3008/api/cron/comms-social-worker
[2026-08-25T15:43:22.249Z] tick · social:cron-tick · status=200 · OK
[2026-08-25T15:43:23.321Z] tick · discovery:orchestrator:tick · exit=0 signal=- · OK
[2026-08-25T15:44:21.521Z] tick · discovery:orchestrator:tick · spawning
[2026-08-25T15:44:21.645Z] tick · social:cron-tick · fetching GET http://localhost:3008/api/cron/comms-social-worker
[2026-08-25T15:44:21.914Z] tick · social:cron-tick · status=200 · OK
[2026-08-25T15:44:21.942Z] tick · discovery:orchestrator:tick · exit=0 signal=- · OK
[2026-08-25T15:45:19.510Z] tick · orchestration:zombie-reconciler · spawning
[2026-08-25T15:45:19.986Z] tick · orchestration:zombie-reconciler · exit=0 signal=- · OK
[2026-08-25T15:45:20.085Z] tick · brain:cron-tick · fetching GET http://localhost:3008/api/nex/brain/cron-tick
[2026-08-25T15:45:20.784Z] tick · brain:cron-tick · status=200 · OK
[2026-08-25T15:45:21.531Z] tick · discovery:orchestrator:tick · spawning
[2026-08-25T15:45:21.649Z] tick · social:cron-tick · fetching GET http://localhost:3008/api/cron/comms-social-worker
[2026-08-25T15:45:21.776Z] tick · social:cron-tick · status=200 · OK
[2026-08-25T15:45:21.908Z] tick · discovery:orchestrator:tick · exit=0 signal=- · OK
[2026-08-25T15:46:21.538Z] tick · discovery:orchestrator:tick · spawning
[2026-08-25T15:46:21.654Z] tick · social:cron-tick · fetching GET http://localhost:3008/api/cron/comms-social-worker
[2026-08-25T15:46:21.936Z] tick · discovery:orchestrator:tick · exit=0 signal=- · OK
[2026-08-25T15:46:21.954Z] tick · social:cron-tick · status=200 · OK
[2026-08-25T15:47:21.542Z] tick · discovery:orchestrator:tick · spawning
[2026-08-25T15:47:21.659Z] tick · social:cron-tick · fetching GET http://localhost:3008/api/cron/comms-social-worker
[2026-08-25T15:47:21.876Z] tick · discovery:orchestrator:tick · exit=0 signal=- · OK
[2026-08-25T15:47:21.879Z] tick · social:cron-tick · status=200 · OK
[2026-08-25T15:48:19.515Z] tick · orchestration:zombie-reconciler · spawning
[2026-08-25T15:48:19.831Z] tick · orchestration:zombie-reconciler · exit=0 signal=- · OK
[2026-08-25T15:48:20.089Z] tick · brain:cron-tick · fetching GET http://localhost:3008/api/nex/brain/cron-tick
[2026-08-25T15:48:20.581Z] tick · brain:cron-tick · status=200 · OK
[2026-08-25T15:48:21.556Z] tick · discovery:orchestrator:tick · spawning
[2026-08-25T15:48:21.667Z] tick · social:cron-tick · fetching GET http://localhost:3008/api/cron/comms-social-worker
[2026-08-25T15:48:21.745Z] tick · social:cron-tick · status=200 · OK
[2026-08-25T15:48:21.873Z] tick · discovery:orchestrator:tick · exit=0 signal=- · OK
[2026-08-25T15:49:21.565Z] tick · discovery:orchestrator:tick · spawning
[2026-08-25T15:49:21.670Z] tick · social:cron-tick · fetching GET http://localhost:3008/api/cron/comms-social-worker
[2026-08-25T15:49:21.817Z] tick · discovery:orchestrator:tick · exit=0 signal=- · OK
[2026-08-25T15:49:22.012Z] tick · social:cron-tick · status=200 · OK
[2026-08-25T15:50:19.011Z] tick · cle:conversation · spawning
[2026-08-25T15:50:19.625Z] tick · cle:conversation · exit=0 signal=- · OK
[2026-08-25T15:50:21.569Z] tick · discovery:orchestrator:tick · spawning
[2026-08-25T15:50:21.681Z] tick · social:cron-tick · fetching GET http://localhost:3008/api/cron/comms-social-worker
[2026-08-25T15:50:22.010Z] tick · discovery:orchestrator:tick · exit=0 signal=- · OK
[2026-08-25T15:50:22.182Z] tick · social:cron-tick · status=200 · OK
[2026-08-25T15:50:49.010Z] tick · discovery:rotation:tick · spawning
[2026-08-25T15:50:49.778Z] tick · discovery:rotation:tick · exit=0 signal=- · OK
[2026-08-25T15:51:19.523Z] tick · orchestration:zombie-reconciler · spawning
[2026-08-25T15:51:19.845Z] tick · orchestration:zombie-reconciler · exit=0 signal=- · OK
[2026-08-25T15:51:20.091Z] tick · brain:cron-tick · fetching GET http://localhost:3008/api/nex/brain/cron-tick
[2026-08-25T15:51:21.570Z] tick · discovery:orchestrator:tick · spawning
[2026-08-25T15:51:21.681Z] tick · social:cron-tick · fetching GET http://localhost:3008/api/cron/comms-social-worker
[2026-08-25T15:51:21.825Z] tick · discovery:orchestrator:tick · exit=0 signal=- · OK
[2026-08-25T15:51:21.924Z] tick · social:cron-tick · status=200 · OK
[2026-08-25T15:51:22.138Z] tick · brain:cron-tick · status=200 · OK
[2026-08-25T15:52:21.577Z] tick · discovery:orchestrator:tick · spawning
[2026-08-25T15:52:21.686Z] tick · social:cron-tick · fetching GET http://localhost:3008/api/cron/comms-social-worker
[2026-08-25T15:52:21.908Z] tick · social:cron-tick · status=200 · OK
[2026-08-25T15:52:21.998Z] tick · discovery:orchestrator:tick · exit=0 signal=- · OK
[2026-08-25T15:53:21.580Z] tick · discovery:orchestrator:tick · spawning
[2026-08-25T15:53:21.691Z] tick · social:cron-tick · fetching GET http://localhost:3008/api/cron/comms-social-worker
[2026-08-25T15:53:21.904Z] tick · social:cron-tick · status=200 · OK
[2026-08-25T15:53:22.068Z] tick · discovery:orchestrator:tick · exit=0 signal=- · OK
[2026-08-25T15:54:19.524Z] tick · orchestration:zombie-reconciler · spawning
[2026-08-25T15:54:19.926Z] tick · orchestration:zombie-reconciler · exit=0 signal=- · OK
[2026-08-25T15:54:20.093Z] tick · brain:cron-tick · fetching GET http://localhost:3008/api/nex/brain/cron-tick
[2026-08-25T15:54:20.820Z] tick · brain:cron-tick · status=200 · OK
[2026-08-25T15:54:21.586Z] tick · discovery:orchestrator:tick · spawning
[2026-08-25T15:54:21.688Z] tick · social:cron-tick · fetching GET http://localhost:3008/api/cron/comms-social-worker
[2026-08-25T15:54:21.777Z] tick · social:cron-tick · status=200 · OK
[2026-08-25T15:54:21.850Z] tick · discovery:orchestrator:tick · exit=0 signal=- · OK
[2026-08-25T15:55:21.599Z] tick · discovery:orchestrator:tick · spawning
[2026-08-25T15:55:21.694Z] tick · social:cron-tick · fetching GET http://localhost:3008/api/cron/comms-social-worker
[2026-08-25T15:55:22.022Z] tick · discovery:orchestrator:tick · exit=0 signal=- · OK
[2026-08-25T15:55:22.453Z] tick · social:cron-tick · status=200 · OK
[2026-08-25T15:56:21.605Z] tick · discovery:orchestrator:tick · spawning
[2026-08-25T15:56:21.701Z] tick · social:cron-tick · fetching GET http://localhost:3008/api/cron/comms-social-worker
[2026-08-25T15:56:22.106Z] tick · discovery:orchestrator:tick · exit=0 signal=- · OK
[2026-08-25T15:56:22.277Z] tick · social:cron-tick · status=200 · OK
[2026-08-25T15:57:19.533Z] tick · orchestration:zombie-reconciler · spawning
[2026-08-25T15:57:20.033Z] tick · orchestration:zombie-reconciler · exit=0 signal=- · OK
[2026-08-25T15:57:20.096Z] tick · brain:cron-tick · fetching GET http://localhost:3008/api/nex/brain/cron-tick
[2026-08-25T15:57:21.611Z] tick · discovery:orchestrator:tick · spawning
[2026-08-25T15:57:21.706Z] tick · social:cron-tick · fetching GET http://localhost:3008/api/cron/comms-social-worker
[2026-08-25T15:57:22.124Z] tick · discovery:orchestrator:tick · exit=0 signal=- · OK
[2026-08-25T15:57:22.434Z] tick · social:cron-tick · status=200 · OK
[2026-08-25T15:57:22.737Z] tick · brain:cron-tick · status=200 · OK
[2026-08-25T15:58:21.616Z] tick · discovery:orchestrator:tick · spawning
[2026-08-25T15:58:21.706Z] tick · social:cron-tick · fetching GET http://localhost:3008/api/cron/comms-social-worker
[2026-08-25T15:58:22.032Z] tick · social:cron-tick · status=200 · OK
[2026-08-25T15:58:22.139Z] tick · discovery:orchestrator:tick · exit=0 signal=- · OK
[2026-08-25T15:59:21.621Z] tick · discovery:orchestrator:tick · spawning
[2026-08-25T15:59:21.708Z] tick · social:cron-tick · fetching GET http://localhost:3008/api/cron/comms-social-worker
[2026-08-25T15:59:22.104Z] tick · discovery:orchestrator:tick · exit=0 signal=- · OK
[2026-08-25T15:59:22.252Z] tick · social:cron-tick · status=200 · OK
[2026-08-25T16:00:18.986Z] tick · promotion:food:Yogyakarta:quality-check · spawning
[2026-08-25T16:00:19.065Z] tick · cle:conversation · spawning
[2026-08-25T16:00:19.537Z] tick · orchestration:zombie-reconciler · spawning
[2026-08-25T16:00:19.986Z] tick · orchestration:zombie-reconciler · exit=0 signal=- · OK
[2026-08-25T16:00:20.026Z] tick · cle:conversation · exit=0 signal=- · OK
[2026-08-25T16:00:20.109Z] tick · brain:cron-tick · fetching GET http://localhost:3008/api/nex/brain/cron-tick
[2026-08-25T16:00:20.340Z] tick · promotion:food:Yogyakarta:quality-check · exit=0 signal=- · OK
[2026-08-25T16:00:21.474Z] tick · brain:cron-tick · status=200 · OK
[2026-08-25T16:00:21.623Z] tick · discovery:orchestrator:tick · spawning
[2026-08-25T16:00:21.710Z] tick · social:cron-tick · fetching GET http://localhost:3008/api/cron/comms-social-worker
[2026-08-25T16:00:21.845Z] tick · social:cron-tick · status=200 · OK
[2026-08-25T16:00:22.018Z] tick · discovery:orchestrator:tick · exit=0 signal=- · OK
[2026-08-25T16:00:49.018Z] tick · discovery:rotation:tick · spawning
[2026-08-25T16:00:49.564Z] tick · discovery:rotation:tick · exit=0 signal=- · OK
[2026-08-25T16:01:21.627Z] tick · discovery:orchestrator:tick · spawning
[2026-08-25T16:01:21.715Z] tick · social:cron-tick · fetching GET http://localhost:3008/api/cron/comms-social-worker
[2026-08-25T16:01:21.832Z] tick · social:cron-tick · status=200 · OK
[2026-08-25T16:01:21.875Z] tick · discovery:orchestrator:tick · exit=0 signal=- · OK
[2026-08-25T16:02:21.634Z] tick · discovery:orchestrator:tick · spawning
[2026-08-25T16:02:21.721Z] tick · social:cron-tick · fetching GET http://localhost:3008/api/cron/comms-social-worker
[2026-08-25T16:02:21.915Z] tick · discovery:orchestrator:tick · exit=0 signal=- · OK
[2026-08-25T16:02:22.149Z] tick · social:cron-tick · status=200 · OK
[2026-08-25T16:03:19.550Z] tick · orchestration:zombie-reconciler · spawning
[2026-08-25T16:03:19.938Z] tick · orchestration:zombie-reconciler · exit=0 signal=- · OK
[2026-08-25T16:03:20.116Z] tick · brain:cron-tick · fetching GET http://localhost:3008/api/nex/brain/cron-tick
[2026-08-25T16:03:20.949Z] tick · brain:cron-tick · status=200 · OK
[2026-08-25T16:03:21.638Z] tick · discovery:orchestrator:tick · spawning
[2026-08-25T16:03:21.733Z] tick · social:cron-tick · fetching GET http://localhost:3008/api/cron/comms-social-worker
[2026-08-25T16:03:21.840Z] tick · social:cron-tick · status=200 · OK
[2026-08-25T16:03:21.921Z] tick · discovery:orchestrator:tick · exit=0 signal=- · OK
[2026-08-25T16:04:21.647Z] tick · discovery:orchestrator:tick · spawning
[2026-08-25T16:04:21.742Z] tick · social:cron-tick · fetching GET http://localhost:3008/api/cron/comms-social-worker
[2026-08-25T16:04:21.941Z] tick · social:cron-tick · status=200 · OK
[2026-08-25T16:04:21.971Z] tick · discovery:orchestrator:tick · exit=0 signal=- · OK
[2026-08-25T16:05:21.659Z] tick · discovery:orchestrator:tick · spawning
[2026-08-25T16:05:21.754Z] tick · social:cron-tick · fetching GET http://localhost:3008/api/cron/comms-social-worker
[2026-08-25T16:05:21.880Z] tick · social:cron-tick · status=200 · OK
[2026-08-25T16:05:22.051Z] tick · discovery:orchestrator:tick · exit=0 signal=- · OK
[2026-08-25T16:06:19.564Z] tick · orchestration:zombie-reconciler · spawning
[2026-08-25T16:06:19.757Z] tick · orchestration:zombie-reconciler · exit=0 signal=- · OK
[2026-08-25T16:06:20.119Z] tick · brain:cron-tick · fetching GET http://localhost:3008/api/nex/brain/cron-tick
[2026-08-25T16:06:20.689Z] tick · brain:cron-tick · status=200 · OK
[2026-08-25T16:06:21.662Z] tick · discovery:orchestrator:tick · spawning
[2026-08-25T16:06:21.757Z] tick · social:cron-tick · fetching GET http://localhost:3008/api/cron/comms-social-worker
[2026-08-25T16:06:21.863Z] tick · social:cron-tick · status=200 · OK
[2026-08-25T16:06:21.921Z] tick · discovery:orchestrator:tick · exit=0 signal=- · OK
[2026-08-25T16:07:21.675Z] tick · discovery:orchestrator:tick · spawning
[2026-08-25T16:07:21.770Z] tick · social:cron-tick · fetching GET http://localhost:3008/api/cron/comms-social-worker
[2026-08-25T16:07:21.949Z] tick · social:cron-tick · status=200 · OK
[2026-08-25T16:07:22.085Z] tick · discovery:orchestrator:tick · exit=0 signal=- · OK
[2026-08-25T16:08:21.678Z] tick · discovery:orchestrator:tick · spawning
[2026-08-25T16:08:21.773Z] tick · social:cron-tick · fetching GET http://localhost:3008/api/cron/comms-social-worker
[2026-08-25T16:08:21.928Z] tick · social:cron-tick · status=200 · OK
[2026-08-25T16:08:21.976Z] tick · discovery:orchestrator:tick · exit=0 signal=- · OK
[2026-08-25T16:09:19.565Z] tick · orchestration:zombie-reconciler · spawning
[2026-08-25T16:09:20.001Z] tick · orchestration:zombie-reconciler · exit=0 signal=- · OK
[2026-08-25T16:09:20.135Z] tick · brain:cron-tick · fetching GET http://localhost:3008/api/nex/brain/cron-tick
[2026-08-25T16:09:20.633Z] tick · brain:cron-tick · status=200 · OK
[2026-08-25T16:09:21.692Z] tick · discovery:orchestrator:tick · spawning
[2026-08-25T16:09:21.786Z] tick · social:cron-tick · fetching GET http://localhost:3008/api/cron/comms-social-worker
[2026-08-25T16:09:21.880Z] tick · social:cron-tick · status=200 · OK
[2026-08-25T16:09:21.985Z] tick · discovery:orchestrator:tick · exit=0 signal=- · OK
[2026-08-25T16:10:19.080Z] tick · cle:conversation · spawning
[2026-08-25T16:10:19.346Z] tick · cle:conversation · exit=0 signal=- · OK
[2026-08-25T16:10:21.694Z] tick · discovery:orchestrator:tick · spawning
[2026-08-25T16:10:21.802Z] tick · social:cron-tick · fetching GET http://localhost:3008/api/cron/comms-social-worker
[2026-08-25T16:10:21.915Z] tick · discovery:orchestrator:tick · exit=0 signal=- · OK
[2026-08-25T16:10:21.944Z] tick · social:cron-tick · status=200 · OK
[2026-08-25T16:10:49.017Z] tick · discovery:rotation:tick · spawning
[2026-08-25T16:10:49.870Z] tick · discovery:rotation:tick · exit=0 signal=- · OK
[2026-08-25T16:11:21.696Z] tick · discovery:orchestrator:tick · spawning
[2026-08-25T16:11:21.807Z] tick · social:cron-tick · fetching GET http://localhost:3008/api/cron/comms-social-worker
[2026-08-25T16:11:21.965Z] tick · discovery:orchestrator:tick · exit=0 signal=- · OK
[2026-08-25T16:11:21.980Z] tick · social:cron-tick · status=200 · OK
[2026-08-25T16:12:19.578Z] tick · orchestration:zombie-reconciler · spawning
[2026-08-25T16:12:19.847Z] tick · orchestration:zombie-reconciler · exit=0 signal=- · OK
[2026-08-25T16:12:20.140Z] tick · brain:cron-tick · fetching GET http://localhost:3008/api/nex/brain/cron-tick
[2026-08-25T16:12:20.707Z] tick · brain:cron-tick · status=200 · OK
[2026-08-25T16:12:21.703Z] tick · discovery:orchestrator:tick · spawning
[2026-08-25T16:12:21.813Z] tick · social:cron-tick · fetching GET http://localhost:3008/api/cron/comms-social-worker
[2026-08-25T16:12:21.926Z] tick · discovery:orchestrator:tick · exit=0 signal=- · OK
[2026-08-25T16:12:21.946Z] tick · social:cron-tick · status=200 · OK
[2026-08-25T16:13:21.709Z] tick · discovery:orchestrator:tick · spawning
[2026-08-25T16:13:21.820Z] tick · social:cron-tick · fetching GET http://localhost:3008/api/cron/comms-social-worker
[2026-08-25T16:13:21.967Z] tick · social:cron-tick · status=200 · OK
[2026-08-25T16:13:21.976Z] tick · discovery:orchestrator:tick · exit=0 signal=- · OK
[2026-08-25T16:14:21.716Z] tick · discovery:orchestrator:tick · spawning
[2026-08-25T16:14:21.824Z] tick · social:cron-tick · fetching GET http://localhost:3008/api/cron/comms-social-worker
[2026-08-25T16:14:22.003Z] tick · social:cron-tick · status=200 · OK
[2026-08-25T16:14:22.003Z] tick · discovery:orchestrator:tick · exit=0 signal=- · OK
[2026-08-25T16:15:19.582Z] tick · orchestration:zombie-reconciler · spawning
[2026-08-25T16:15:19.966Z] tick · orchestration:zombie-reconciler · exit=0 signal=- · OK
[2026-08-25T16:15:20.143Z] tick · brain:cron-tick · fetching GET http://localhost:3008/api/nex/brain/cron-tick
[2026-08-25T16:15:20.665Z] tick · brain:cron-tick · status=200 · OK
[2026-08-25T16:15:21.722Z] tick · discovery:orchestrator:tick · spawning
[2026-08-25T16:15:21.825Z] tick · social:cron-tick · fetching GET http://localhost:3008/api/cron/comms-social-worker
[2026-08-25T16:15:21.920Z] tick · social:cron-tick · status=200 · OK
[2026-08-25T16:15:21.959Z] tick · discovery:orchestrator:tick · exit=0 signal=- · OK
[2026-08-25T16:16:21.725Z] tick · discovery:orchestrator:tick · spawning
[2026-08-25T16:16:21.828Z] tick · social:cron-tick · fetching GET http://localhost:3008/api/cron/comms-social-worker
[2026-08-25T16:16:21.957Z] tick · social:cron-tick · status=200 · OK
[2026-08-25T16:16:22.017Z] tick · discovery:orchestrator:tick · exit=0 signal=- · OK
[2026-08-25T16:17:21.730Z] tick · discovery:orchestrator:tick · spawning
[2026-08-25T16:17:21.833Z] tick · social:cron-tick · fetching GET http://localhost:3008/api/cron/comms-social-worker
[2026-08-25T16:17:22.033Z] tick · social:cron-tick · status=200 · OK
[2026-08-25T16:17:22.053Z] tick · discovery:orchestrator:tick · exit=0 signal=- · OK
[2026-08-25T16:18:19.581Z] tick · orchestration:zombie-reconciler · spawning
[2026-08-25T16:18:20.001Z] tick · orchestration:zombie-reconciler · exit=0 signal=- · OK
[2026-08-25T16:18:20.145Z] tick · brain:cron-tick · fetching GET http://localhost:3008/api/nex/brain/cron-tick
[2026-08-25T16:18:21.106Z] tick · brain:cron-tick · status=200 · OK
[2026-08-25T16:18:21.733Z] tick · discovery:orchestrator:tick · spawning
[2026-08-25T16:18:21.847Z] tick · social:cron-tick · fetching GET http://localhost:3008/api/cron/comms-social-worker
[2026-08-25T16:18:22.029Z] tick · discovery:orchestrator:tick · exit=0 signal=- · OK
[2026-08-25T16:18:22.194Z] tick · social:cron-tick · status=200 · OK
[2026-08-25T16:19:21.736Z] tick · discovery:orchestrator:tick · spawning
[2026-08-25T16:19:21.863Z] tick · social:cron-tick · fetching GET http://localhost:3008/api/cron/comms-social-worker
[2026-08-25T16:19:22.250Z] tick · discovery:orchestrator:tick · exit=0 signal=- · OK
[2026-08-25T16:19:22.333Z] tick · social:cron-tick · status=200 · OK
[2026-08-25T16:20:19.086Z] tick · cle:conversation · spawning
[2026-08-25T16:20:19.518Z] tick · cle:conversation · exit=0 signal=- · OK
[2026-08-25T16:20:21.736Z] tick · discovery:orchestrator:tick · spawning
[2026-08-25T16:20:21.868Z] tick · social:cron-tick · fetching GET http://localhost:3008/api/cron/comms-social-worker
[2026-08-25T16:20:22.032Z] tick · discovery:orchestrator:tick · exit=0 signal=- · OK
[2026-08-25T16:20:22.112Z] tick · social:cron-tick · status=200 · OK
[2026-08-25T16:20:49.020Z] tick · discovery:rotation:tick · spawning
[2026-08-25T16:20:49.561Z] tick · discovery:rotation:tick · exit=0 signal=- · OK
[2026-08-25T16:21:19.585Z] tick · orchestration:zombie-reconciler · spawning
[2026-08-25T16:21:19.806Z] tick · orchestration:zombie-reconciler · exit=0 signal=- · OK
[2026-08-25T16:21:20.150Z] tick · brain:cron-tick · fetching GET http://localhost:3008/api/nex/brain/cron-tick
[2026-08-25T16:21:21.748Z] tick · discovery:orchestrator:tick · spawning
[2026-08-25T16:21:21.806Z] tick · brain:cron-tick · status=200 · OK
[2026-08-25T16:21:21.879Z] tick · social:cron-tick · fetching GET http://localhost:3008/api/cron/comms-social-worker
[2026-08-25T16:21:21.968Z] tick · social:cron-tick · status=200 · OK
[2026-08-25T16:21:22.034Z] tick · discovery:orchestrator:tick · exit=0 signal=- · OK
[2026-08-25T16:22:21.762Z] tick · discovery:orchestrator:tick · spawning
[2026-08-25T16:22:21.882Z] tick · social:cron-tick · fetching GET http://localhost:3008/api/cron/comms-social-worker
[2026-08-25T16:22:22.038Z] tick · discovery:orchestrator:tick · exit=0 signal=- · OK
[2026-08-25T16:22:22.074Z] tick · social:cron-tick · status=200 · OK
[2026-08-25T16:23:21.772Z] tick · discovery:orchestrator:tick · spawning
[2026-08-25T16:23:21.891Z] tick · social:cron-tick · fetching GET http://localhost:3008/api/cron/comms-social-worker
[2026-08-25T16:23:22.145Z] tick · social:cron-tick · status=200 · OK
[2026-08-25T16:23:22.348Z] tick · discovery:orchestrator:tick · exit=0 signal=- · OK
[2026-08-25T16:24:19.597Z] tick · orchestration:zombie-reconciler · spawning
[2026-08-25T16:24:20.058Z] tick · orchestration:zombie-reconciler · exit=0 signal=- · OK
[2026-08-25T16:24:20.159Z] tick · brain:cron-tick · fetching GET http://localhost:3008/api/nex/brain/cron-tick
[2026-08-25T16:24:20.944Z] tick · brain:cron-tick · status=200 · OK
[2026-08-25T16:24:21.777Z] tick · discovery:orchestrator:tick · spawning
[2026-08-25T16:24:21.894Z] tick · social:cron-tick · fetching GET http://localhost:3008/api/cron/comms-social-worker
[2026-08-25T16:24:22.097Z] tick · discovery:orchestrator:tick · exit=0 signal=- · OK
[2026-08-25T16:24:22.123Z] tick · social:cron-tick · status=200 · OK
[2026-08-25T16:25:21.786Z] tick · discovery:orchestrator:tick · spawning
[2026-08-25T16:25:21.899Z] tick · social:cron-tick · fetching GET http://localhost:3008/api/cron/comms-social-worker
[2026-08-25T16:25:22.046Z] tick · social:cron-tick · status=200 · OK
[2026-08-25T16:25:22.074Z] tick · discovery:orchestrator:tick · exit=0 signal=- · OK
[2026-08-25T16:26:21.787Z] tick · discovery:orchestrator:tick · spawning
[2026-08-25T16:26:21.905Z] tick · social:cron-tick · fetching GET http://localhost:3008/api/cron/comms-social-worker
[2026-08-25T16:26:22.109Z] tick · discovery:orchestrator:tick · exit=0 signal=- · OK
[2026-08-25T16:26:22.146Z] tick · social:cron-tick · status=200 · OK
[2026-08-25T16:27:19.599Z] tick · orchestration:zombie-reconciler · spawning
[2026-08-25T16:27:19.919Z] tick · orchestration:zombie-reconciler · exit=0 signal=- · OK
[2026-08-25T16:27:20.162Z] tick · brain:cron-tick · fetching GET http://localhost:3008/api/nex/brain/cron-tick
[2026-08-25T16:27:21.788Z] tick · brain:cron-tick · status=200 · OK
[2026-08-25T16:27:21.789Z] tick · discovery:orchestrator:tick · spawning
[2026-08-25T16:27:21.906Z] tick · social:cron-tick · fetching GET http://localhost:3008/api/cron/comms-social-worker
[2026-08-25T16:27:22.144Z] tick · discovery:orchestrator:tick · exit=0 signal=- · OK
[2026-08-25T16:27:22.385Z] tick · social:cron-tick · status=200 · OK
[2026-08-25T16:28:21.800Z] tick · discovery:orchestrator:tick · spawning
[2026-08-25T16:28:21.922Z] tick · social:cron-tick · fetching GET http://localhost:3008/api/cron/comms-social-worker
[2026-08-25T16:28:22.198Z] tick · social:cron-tick · status=200 · OK
[2026-08-25T16:28:22.209Z] tick · discovery:orchestrator:tick · exit=0 signal=- · OK
[2026-08-25T16:29:21.811Z] tick · discovery:orchestrator:tick · spawning
[2026-08-25T16:29:21.922Z] tick · social:cron-tick · fetching GET http://localhost:3008/api/cron/comms-social-worker
[2026-08-25T16:29:22.139Z] tick · social:cron-tick · status=200 · OK
[2026-08-25T16:29:22.275Z] tick · discovery:orchestrator:tick · exit=0 signal=- · OK
[2026-08-25T16:30:18.994Z] tick · promotion:food:Yogyakarta:quality-check · spawning
[2026-08-25T16:30:19.087Z] tick · cle:conversation · spawning
[2026-08-25T16:30:19.412Z] tick · cle:conversation · exit=0 signal=- · OK
[2026-08-25T16:30:19.506Z] tick · promotion:food:Yogyakarta:quality-check · exit=0 signal=- · OK
[2026-08-25T16:30:19.602Z] tick · orchestration:zombie-reconciler · spawning
[2026-08-25T16:30:19.847Z] tick · orchestration:zombie-reconciler · exit=0 signal=- · OK
[2026-08-25T16:30:20.165Z] tick · brain:cron-tick · fetching GET http://localhost:3008/api/nex/brain/cron-tick
[2026-08-25T16:30:21.388Z] tick · brain:cron-tick · status=200 · OK
[2026-08-25T16:30:21.818Z] tick · discovery:orchestrator:tick · spawning
[2026-08-25T16:30:21.929Z] tick · social:cron-tick · fetching GET http://localhost:3008/api/cron/comms-social-worker
[2026-08-25T16:30:22.133Z] tick · discovery:orchestrator:tick · exit=0 signal=- · OK
[2026-08-25T16:30:23.230Z] tick · social:cron-tick · status=200 · OK
[2026-08-25T16:30:49.020Z] tick · discovery:rotation:tick · spawning
[2026-08-25T16:30:49.867Z] tick · discovery:rotation:tick · exit=0 signal=- · OK
[2026-08-25T16:31:21.822Z] tick · discovery:orchestrator:tick · spawning
[2026-08-25T16:31:21.936Z] tick · social:cron-tick · fetching GET http://localhost:3008/api/cron/comms-social-worker
[2026-08-25T16:31:22.133Z] tick · social:cron-tick · status=200 · OK
[2026-08-25T16:31:22.275Z] tick · discovery:orchestrator:tick · exit=0 signal=- · OK
[2026-08-25T16:32:21.836Z] tick · discovery:orchestrator:tick · spawning
[2026-08-25T16:32:21.939Z] tick · social:cron-tick · fetching GET http://localhost:3008/api/cron/comms-social-worker
[2026-08-25T16:32:22.719Z] tick · social:cron-tick · status=200 · OK
[2026-08-25T16:32:22.979Z] tick · discovery:orchestrator:tick · exit=0 signal=- · OK
[2026-08-25T16:33:19.604Z] tick · orchestration:zombie-reconciler · spawning
[2026-08-25T16:33:20.031Z] tick · orchestration:zombie-reconciler · exit=0 signal=- · OK
[2026-08-25T16:33:20.170Z] tick · brain:cron-tick · fetching GET http://localhost:3008/api/nex/brain/cron-tick
[2026-08-25T16:33:21.057Z] tick · brain:cron-tick · status=200 · OK
[2026-08-25T16:33:21.843Z] tick · discovery:orchestrator:tick · spawning
[2026-08-25T16:33:21.943Z] tick · social:cron-tick · fetching GET http://localhost:3008/api/cron/comms-social-worker
[2026-08-25T16:33:22.143Z] tick · social:cron-tick · status=200 · OK
[2026-08-25T16:33:22.171Z] tick · discovery:orchestrator:tick · exit=0 signal=- · OK
[2026-08-25T16:34:21.858Z] tick · discovery:orchestrator:tick · spawning
[2026-08-25T16:34:21.945Z] tick · social:cron-tick · fetching GET http://localhost:3008/api/cron/comms-social-worker
[2026-08-25T16:34:22.315Z] tick · social:cron-tick · status=200 · OK
[2026-08-25T16:34:22.341Z] tick · discovery:orchestrator:tick · exit=0 signal=- · OK
[2026-08-25T16:35:21.863Z] tick · discovery:orchestrator:tick · spawning
[2026-08-25T16:35:21.963Z] tick · social:cron-tick · fetching GET http://localhost:3008/api/cron/comms-social-worker
[2026-08-25T16:35:22.467Z] tick · discovery:orchestrator:tick · exit=0 signal=- · OK
[2026-08-25T16:35:22.485Z] tick · social:cron-tick · status=200 · OK
[2026-08-25T16:36:19.607Z] tick · orchestration:zombie-reconciler · spawning
[2026-08-25T16:36:20.062Z] tick · orchestration:zombie-reconciler · exit=0 signal=- · OK
[2026-08-25T16:36:20.171Z] tick · brain:cron-tick · fetching GET http://localhost:3008/api/nex/brain/cron-tick
[2026-08-25T16:36:20.939Z] tick · brain:cron-tick · status=200 · OK
[2026-08-25T16:36:21.865Z] tick · discovery:orchestrator:tick · spawning
[2026-08-25T16:36:21.969Z] tick · social:cron-tick · fetching GET http://localhost:3008/api/cron/comms-social-worker
[2026-08-25T16:36:22.153Z] tick · social:cron-tick · status=200 · OK
[2026-08-25T16:36:22.200Z] tick · discovery:orchestrator:tick · exit=0 signal=- · OK
[2026-08-25T16:37:21.871Z] tick · discovery:orchestrator:tick · spawning
[2026-08-25T16:37:21.971Z] tick · social:cron-tick · fetching GET http://localhost:3008/api/cron/comms-social-worker
[2026-08-25T16:37:22.274Z] tick · discovery:orchestrator:tick · exit=0 signal=- · OK
[2026-08-25T16:37:22.538Z] tick · social:cron-tick · status=200 · OK
[2026-08-25T16:38:21.882Z] tick · discovery:orchestrator:tick · spawning
[2026-08-25T16:38:21.975Z] tick · social:cron-tick · fetching GET http://localhost:3008/api/cron/comms-social-worker
[2026-08-25T16:38:22.724Z] tick · social:cron-tick · status=200 · OK
[2026-08-25T16:38:22.798Z] tick · discovery:orchestrator:tick · exit=0 signal=- · OK
[2026-08-25T16:39:19.611Z] tick · orchestration:zombie-reconciler · spawning
[2026-08-25T16:39:19.872Z] tick · orchestration:zombie-reconciler · exit=0 signal=- · OK
[2026-08-25T16:39:20.175Z] tick · brain:cron-tick · fetching GET http://localhost:3008/api/nex/brain/cron-tick
[2026-08-25T16:39:21.032Z] tick · brain:cron-tick · status=200 · OK
[2026-08-25T16:39:21.886Z] tick · discovery:orchestrator:tick · spawning
[2026-08-25T16:39:21.978Z] tick · social:cron-tick · fetching GET http://localhost:3008/api/cron/comms-social-worker
[2026-08-25T16:39:22.049Z] tick · social:cron-tick · status=200 · OK
[2026-08-25T16:39:22.209Z] tick · discovery:orchestrator:tick · exit=0 signal=- · OK
[2026-08-25T16:40:19.090Z] tick · cle:conversation · spawning
[2026-08-25T16:40:19.867Z] tick · cle:conversation · exit=0 signal=- · OK
[2026-08-25T16:40:21.895Z] tick · discovery:orchestrator:tick · spawning
[2026-08-25T16:40:22.015Z] tick · social:cron-tick · fetching GET http://localhost:3008/api/cron/comms-social-worker
[2026-08-25T16:40:22.669Z] tick · discovery:orchestrator:tick · exit=0 signal=- · OK
[2026-08-25T16:40:24.288Z] tick · social:cron-tick · status=200 · OK
[2026-08-25T16:40:49.030Z] tick · discovery:rotation:tick · spawning
[2026-08-25T16:40:49.676Z] tick · discovery:rotation:tick · exit=0 signal=- · OK
[2026-08-25T16:41:21.906Z] tick · discovery:orchestrator:tick · spawning
[2026-08-25T16:41:22.020Z] tick · social:cron-tick · fetching GET http://localhost:3008/api/cron/comms-social-worker
[2026-08-25T16:41:22.286Z] tick · social:cron-tick · status=200 · OK
[2026-08-25T16:41:22.307Z] tick · discovery:orchestrator:tick · exit=0 signal=- · OK
[2026-08-25T16:42:19.626Z] tick · orchestration:zombie-reconciler · spawning
[2026-08-25T16:42:20.182Z] tick · brain:cron-tick · fetching GET http://localhost:3008/api/nex/brain/cron-tick
[2026-08-25T16:42:20.214Z] tick · orchestration:zombie-reconciler · exit=0 signal=- · OK
[2026-08-25T16:42:21.908Z] tick · discovery:orchestrator:tick · spawning
[2026-08-25T16:42:22.055Z] tick · social:cron-tick · fetching GET http://localhost:3008/api/cron/comms-social-worker
[2026-08-25T16:42:22.570Z] tick · discovery:orchestrator:tick · exit=0 signal=- · OK
[2026-08-25T16:42:23.487Z] tick · social:cron-tick · status=200 · OK
[2026-08-25T16:42:23.769Z] tick · brain:cron-tick · status=200 · OK
[2026-08-25T16:43:21.910Z] tick · discovery:orchestrator:tick · spawning
[2026-08-25T16:43:22.065Z] tick · social:cron-tick · fetching GET http://localhost:3008/api/cron/comms-social-worker
[2026-08-25T16:43:22.200Z] tick · social:cron-tick · status=200 · OK
[2026-08-25T16:43:22.328Z] tick · discovery:orchestrator:tick · exit=0 signal=- · OK
[2026-08-25T16:44:21.913Z] tick · discovery:orchestrator:tick · spawning
[2026-08-25T16:44:22.071Z] tick · social:cron-tick · fetching GET http://localhost:3008/api/cron/comms-social-worker
[2026-08-25T16:44:22.260Z] tick · social:cron-tick · status=200 · OK
[2026-08-25T16:44:22.352Z] tick · discovery:orchestrator:tick · exit=0 signal=- · OK
[2026-08-25T16:45:19.637Z] tick · orchestration:zombie-reconciler · spawning
[2026-08-25T16:45:20.188Z] tick · brain:cron-tick · fetching GET http://localhost:3008/api/nex/brain/cron-tick
[2026-08-25T16:45:20.328Z] tick · orchestration:zombie-reconciler · exit=0 signal=- · OK
[2026-08-25T16:45:21.916Z] tick · discovery:orchestrator:tick · spawning
[2026-08-25T16:45:22.076Z] tick · social:cron-tick · fetching GET http://localhost:3008/api/cron/comms-social-worker
[2026-08-25T16:45:22.383Z] tick · discovery:orchestrator:tick · exit=0 signal=- · OK
[2026-08-25T16:45:24.565Z] tick · social:cron-tick · status=200 · OK
[2026-08-25T16:45:24.935Z] tick · brain:cron-tick · status=200 · OK
[2026-08-25T16:46:21.921Z] tick · discovery:orchestrator:tick · spawning
[2026-08-25T16:46:22.087Z] tick · social:cron-tick · fetching GET http://localhost:3008/api/cron/comms-social-worker
[2026-08-25T16:46:22.305Z] tick · social:cron-tick · status=200 · OK
[2026-08-25T16:46:22.372Z] tick · discovery:orchestrator:tick · exit=0 signal=- · OK
[2026-08-25T16:47:21.928Z] tick · discovery:orchestrator:tick · spawning
[2026-08-25T16:47:22.094Z] tick · social:cron-tick · fetching GET http://localhost:3008/api/cron/comms-social-worker
[2026-08-25T16:47:22.218Z] tick · discovery:orchestrator:tick · exit=0 signal=- · OK
[2026-08-25T16:47:22.291Z] tick · social:cron-tick · status=200 · OK
[2026-08-25T16:48:19.642Z] tick · orchestration:zombie-reconciler · spawning
[2026-08-25T16:48:20.005Z] tick · orchestration:zombie-reconciler · exit=0 signal=- · OK
[2026-08-25T16:48:20.189Z] tick · brain:cron-tick · fetching GET http://localhost:3008/api/nex/brain/cron-tick
[2026-08-25T16:48:21.732Z] tick · brain:cron-tick · status=200 · OK
[2026-08-25T16:48:21.933Z] tick · discovery:orchestrator:tick · spawning
[2026-08-25T16:48:22.095Z] tick · social:cron-tick · fetching GET http://localhost:3008/api/cron/comms-social-worker
[2026-08-25T16:48:22.447Z] tick · discovery:orchestrator:tick · exit=0 signal=- · OK
[2026-08-25T16:48:22.888Z] tick · social:cron-tick · status=200 · OK
[2026-08-25T16:49:21.937Z] tick · discovery:orchestrator:tick · spawning
[2026-08-25T16:49:22.098Z] tick · social:cron-tick · fetching GET http://localhost:3008/api/cron/comms-social-worker
[2026-08-25T16:49:22.453Z] tick · discovery:orchestrator:tick · exit=0 signal=- · OK
[2026-08-25T16:49:22.480Z] tick · social:cron-tick · status=200 · OK
[2026-08-25T16:50:19.101Z] tick · cle:conversation · spawning
[2026-08-25T16:50:19.925Z] tick · cle:conversation · exit=0 signal=- · OK
[2026-08-25T16:50:21.938Z] tick · discovery:orchestrator:tick · spawning
[2026-08-25T16:50:22.104Z] tick · social:cron-tick · fetching GET http://localhost:3008/api/cron/comms-social-worker
[2026-08-25T16:50:22.345Z] tick · discovery:orchestrator:tick · exit=0 signal=- · OK
[2026-08-25T16:50:22.845Z] tick · social:cron-tick · status=200 · OK
[2026-08-25T16:50:49.030Z] tick · discovery:rotation:tick · spawning
[2026-08-25T16:50:50.111Z] tick · discovery:rotation:tick · exit=0 signal=- · OK
[2026-08-25T16:51:19.646Z] tick · orchestration:zombie-reconciler · spawning
[2026-08-25T16:51:20.192Z] tick · brain:cron-tick · fetching GET http://localhost:3008/api/nex/brain/cron-tick
[2026-08-25T16:51:20.218Z] tick · orchestration:zombie-reconciler · exit=0 signal=- · OK
[2026-08-25T16:51:21.943Z] tick · discovery:orchestrator:tick · spawning
[2026-08-25T16:51:22.110Z] tick · social:cron-tick · fetching GET http://localhost:3008/api/cron/comms-social-worker
[2026-08-25T16:51:22.622Z] tick · discovery:orchestrator:tick · exit=0 signal=- · OK
[2026-08-25T16:51:22.816Z] tick · social:cron-tick · status=200 · OK
[2026-08-25T16:51:28.354Z] tick · brain:cron-tick · status=200 · OK
[2026-08-25T16:52:21.947Z] tick · discovery:orchestrator:tick · spawning
[2026-08-25T16:52:22.115Z] tick · social:cron-tick · fetching GET http://localhost:3008/api/cron/comms-social-worker
[2026-08-25T16:52:22.364Z] tick · social:cron-tick · status=200 · OK
[2026-08-25T16:52:22.438Z] tick · discovery:orchestrator:tick · exit=0 signal=- · OK
[2026-08-25T16:53:21.946Z] tick · discovery:orchestrator:tick · spawning
[2026-08-25T16:53:22.122Z] tick · social:cron-tick · fetching GET http://localhost:3008/api/cron/comms-social-worker
[2026-08-25T16:53:22.401Z] tick · discovery:orchestrator:tick · exit=0 signal=- · OK
[2026-08-25T16:53:22.430Z] tick · social:cron-tick · status=200 · OK
[2026-08-25T16:54:19.648Z] tick · orchestration:zombie-reconciler · spawning
[2026-08-25T16:54:19.933Z] tick · orchestration:zombie-reconciler · exit=0 signal=- · OK
[2026-08-25T16:54:20.195Z] tick · brain:cron-tick · fetching GET http://localhost:3008/api/nex/brain/cron-tick
[2026-08-25T16:54:21.228Z] tick · brain:cron-tick · status=200 · OK
[2026-08-25T16:54:21.948Z] tick · discovery:orchestrator:tick · spawning
[2026-08-25T16:54:22.128Z] tick · social:cron-tick · fetching GET http://localhost:3008/api/cron/comms-social-worker
[2026-08-25T16:54:22.319Z] tick · social:cron-tick · status=200 · OK
[2026-08-25T16:54:22.327Z] tick · discovery:orchestrator:tick · exit=0 signal=- · OK
[2026-08-25T16:55:21.961Z] tick · discovery:orchestrator:tick · spawning
[2026-08-25T16:55:22.133Z] tick · social:cron-tick · fetching GET http://localhost:3008/api/cron/comms-social-worker
[2026-08-25T16:55:22.950Z] tick · discovery:orchestrator:tick · exit=0 signal=- · OK
[2026-08-25T16:55:23.267Z] tick · social:cron-tick · status=200 · OK
[2026-08-25T16:56:21.965Z] tick · discovery:orchestrator:tick · spawning
[2026-08-25T16:56:22.138Z] tick · social:cron-tick · fetching GET http://localhost:3008/api/cron/comms-social-worker
[2026-08-25T16:56:22.332Z] tick · social:cron-tick · status=200 · OK
[2026-08-25T16:56:22.388Z] tick · discovery:orchestrator:tick · exit=0 signal=- · OK
[2026-08-25T16:57:19.652Z] tick · orchestration:zombie-reconciler · spawning
[2026-08-25T16:57:19.914Z] tick · orchestration:zombie-reconciler · exit=0 signal=- · OK
[2026-08-25T16:57:20.200Z] tick · brain:cron-tick · fetching GET http://localhost:3008/api/nex/brain/cron-tick
[2026-08-25T16:57:21.086Z] tick · brain:cron-tick · status=200 · OK
[2026-08-25T16:57:21.971Z] tick · discovery:orchestrator:tick · spawning
[2026-08-25T16:57:22.138Z] tick · social:cron-tick · fetching GET http://localhost:3008/api/cron/comms-social-worker
[2026-08-25T16:57:22.257Z] tick · social:cron-tick · status=200 · OK
[2026-08-25T16:57:22.261Z] tick · discovery:orchestrator:tick · exit=0 signal=- · OK
[2026-08-25T16:58:21.976Z] tick · discovery:orchestrator:tick · spawning
[2026-08-25T16:58:22.153Z] tick · social:cron-tick · fetching GET http://localhost:3008/api/cron/comms-social-worker
[2026-08-25T16:58:22.474Z] tick · discovery:orchestrator:tick · exit=0 signal=- · OK
[2026-08-25T16:58:22.627Z] tick · social:cron-tick · status=200 · OK
[2026-08-25T16:59:21.984Z] tick · discovery:orchestrator:tick · spawning
[2026-08-25T16:59:22.167Z] tick · social:cron-tick · fetching GET http://localhost:3008/api/cron/comms-social-worker
[2026-08-25T16:59:22.460Z] tick · social:cron-tick · status=200 · OK
[2026-08-25T16:59:22.522Z] tick · discovery:orchestrator:tick · exit=0 signal=- · OK
[2026-08-25T17:00:18.999Z] tick · promotion:food:Yogyakarta:quality-check · spawning
[2026-08-25T17:00:19.105Z] tick · cle:conversation · spawning
[2026-08-25T17:00:19.529Z] tick · cle:conversation · exit=0 signal=- · OK
[2026-08-25T17:00:19.605Z] tick · promotion:food:Yogyakarta:quality-check · exit=0 signal=- · OK
[2026-08-25T17:00:19.653Z] tick · orchestration:zombie-reconciler · spawning
[2026-08-25T17:00:19.869Z] tick · orchestration:zombie-reconciler · exit=0 signal=- · OK
[2026-08-25T17:00:20.202Z] tick · brain:cron-tick · fetching GET http://localhost:3008/api/nex/brain/cron-tick
[2026-08-25T17:00:20.686Z] tick · brain:cron-tick · status=200 · OK
[2026-08-25T17:00:21.987Z] tick · discovery:orchestrator:tick · spawning
[2026-08-25T17:00:22.168Z] tick · social:cron-tick · fetching GET http://localhost:3008/api/cron/comms-social-worker
[2026-08-25T17:00:22.239Z] tick · social:cron-tick · status=200 · OK
[2026-08-25T17:00:22.279Z] tick · discovery:orchestrator:tick · exit=0 signal=- · OK
[2026-08-25T17:00:49.035Z] tick · discovery:rotation:tick · spawning
[2026-08-25T17:00:49.639Z] tick · discovery:rotation:tick · exit=0 signal=- · OK
[2026-08-25T17:01:21.992Z] tick · discovery:orchestrator:tick · spawning
[2026-08-25T17:01:22.172Z] tick · social:cron-tick · fetching GET http://localhost:3008/api/cron/comms-social-worker
[2026-08-25T17:01:22.272Z] tick · discovery:orchestrator:tick · exit=0 signal=- · OK
[2026-08-25T17:01:22.335Z] tick · social:cron-tick · status=200 · OK
[2026-08-25T17:02:21.995Z] tick · discovery:orchestrator:tick · spawning
[2026-08-25T17:02:22.172Z] tick · social:cron-tick · fetching GET http://localhost:3008/api/cron/comms-social-worker
[2026-08-25T17:02:22.340Z] tick · discovery:orchestrator:tick · exit=0 signal=- · OK
[2026-08-25T17:02:22.403Z] tick · social:cron-tick · status=200 · OK
[2026-08-25T17:03:19.657Z] tick · orchestration:zombie-reconciler · spawning
[2026-08-25T17:03:19.999Z] tick · orchestration:zombie-reconciler · exit=0 signal=- · OK
[2026-08-25T17:03:20.206Z] tick · brain:cron-tick · fetching GET http://localhost:3008/api/nex/brain/cron-tick
[2026-08-25T17:03:20.529Z] tick · brain:cron-tick · status=200 · OK
[2026-08-25T17:03:21.997Z] tick · discovery:orchestrator:tick · spawning
[2026-08-25T17:03:22.178Z] tick · social:cron-tick · fetching GET http://localhost:3008/api/cron/comms-social-worker
[2026-08-25T17:03:22.245Z] tick · social:cron-tick · status=200 · OK
[2026-08-25T17:03:22.439Z] tick · discovery:orchestrator:tick · exit=0 signal=- · OK
[2026-08-25T17:04:21.997Z] tick · discovery:orchestrator:tick · spawning
[2026-08-25T17:04:22.183Z] tick · social:cron-tick · fetching GET http://localhost:3008/api/cron/comms-social-worker
[2026-08-25T17:04:22.548Z] tick · social:cron-tick · status=200 · OK
[2026-08-25T17:04:22.703Z] tick · discovery:orchestrator:tick · exit=0 signal=- · OK
[2026-08-25T17:05:22.048Z] tick · discovery:orchestrator:tick · spawning
[2026-08-25T17:05:22.193Z] tick · social:cron-tick · fetching GET http://localhost:3008/api/cron/comms-social-worker
[2026-08-25T17:05:24.499Z] tick · discovery:orchestrator:tick · exit=0 signal=- · OK
[2026-08-25T17:05:43.541Z] tick · social:cron-tick · status=200 · OK
[2026-08-25T17:06:19.665Z] tick · orchestration:zombie-reconciler · spawning
[2026-08-25T17:06:20.210Z] tick · brain:cron-tick · fetching GET http://localhost:3008/api/nex/brain/cron-tick
[2026-08-25T17:06:20.390Z] tick · orchestration:zombie-reconciler · exit=0 signal=- · OK
[2026-08-25T17:06:22.049Z] tick · discovery:orchestrator:tick · spawning
[2026-08-25T17:06:22.196Z] tick · social:cron-tick · fetching GET http://localhost:3008/api/cron/comms-social-worker
[2026-08-25T17:06:22.585Z] tick · discovery:orchestrator:tick · exit=0 signal=- · OK
[2026-08-25T17:06:24.447Z] tick · social:cron-tick · status=200 · OK
[2026-08-25T17:06:31.786Z] tick · brain:cron-tick · status=200 · OK
[2026-08-25T17:07:22.099Z] tick · discovery:orchestrator:tick · spawning
[2026-08-25T17:07:22.808Z] tick · social:cron-tick · fetching GET http://localhost:3008/api/cron/comms-social-worker
[2026-08-25T17:07:25.080Z] tick · discovery:orchestrator:tick · exit=0 signal=- · OK
[2026-08-25T17:07:45.601Z] tick · social:cron-tick · status=200 · OK
[2026-08-25T17:08:22.127Z] tick · discovery:orchestrator:tick · spawning
[2026-08-25T17:08:22.811Z] tick · social:cron-tick · fetching GET http://localhost:3008/api/cron/comms-social-worker
[2026-08-25T17:08:23.770Z] tick · discovery:orchestrator:tick · exit=0 signal=- · OK
[2026-08-25T17:08:24.403Z] tick · social:cron-tick · status=200 · OK
[2026-08-25T17:09:19.669Z] tick · orchestration:zombie-reconciler · spawning
[2026-08-25T17:09:20.146Z] tick · orchestration:zombie-reconciler · exit=0 signal=- · OK
[2026-08-25T17:09:20.214Z] tick · brain:cron-tick · fetching GET http://localhost:3008/api/nex/brain/cron-tick
[2026-08-25T17:09:20.587Z] tick · brain:cron-tick · status=200 · OK
[2026-08-25T17:09:22.125Z] tick · discovery:orchestrator:tick · spawning
[2026-08-25T17:09:22.428Z] tick · discovery:orchestrator:tick · exit=0 signal=- · OK
[2026-08-25T17:09:22.815Z] tick · social:cron-tick · fetching GET http://localhost:3008/api/cron/comms-social-worker
[2026-08-25T17:09:22.879Z] tick · social:cron-tick · status=200 · OK
[2026-08-25T17:10:19.106Z] tick · cle:conversation · spawning
[2026-08-25T17:10:19.679Z] tick · cle:conversation · exit=0 signal=- · OK
[2026-08-25T17:10:22.127Z] tick · discovery:orchestrator:tick · spawning
[2026-08-25T17:10:22.437Z] tick · discovery:orchestrator:tick · exit=0 signal=- · OK
[2026-08-25T17:10:22.821Z] tick · social:cron-tick · fetching GET http://localhost:3008/api/cron/comms-social-worker
[2026-08-25T17:10:22.937Z] tick · social:cron-tick · status=200 · OK
[2026-08-25T17:10:49.036Z] tick · discovery:rotation:tick · spawning
[2026-08-25T17:10:49.871Z] tick · discovery:rotation:tick · exit=0 signal=- · OK
[2026-08-25T17:11:22.133Z] tick · discovery:orchestrator:tick · spawning
[2026-08-25T17:11:22.414Z] tick · discovery:orchestrator:tick · exit=0 signal=- · OK
[2026-08-25T17:11:22.827Z] tick · social:cron-tick · fetching GET http://localhost:3008/api/cron/comms-social-worker
[2026-08-25T17:11:22.948Z] tick · social:cron-tick · status=200 · OK
[2026-08-25T17:12:19.671Z] tick · orchestration:zombie-reconciler · spawning
[2026-08-25T17:12:20.222Z] tick · brain:cron-tick · fetching GET http://localhost:3008/api/nex/brain/cron-tick
[2026-08-25T17:12:20.230Z] tick · orchestration:zombie-reconciler · exit=0 signal=- · OK
[2026-08-25T17:12:20.779Z] tick · brain:cron-tick · status=200 · OK
[2026-08-25T17:12:22.137Z] tick · discovery:orchestrator:tick · spawning
[2026-08-25T17:12:22.512Z] tick · discovery:orchestrator:tick · exit=0 signal=- · OK
[2026-08-25T17:12:22.827Z] tick · social:cron-tick · fetching GET http://localhost:3008/api/cron/comms-social-worker
[2026-08-25T17:12:22.943Z] tick · social:cron-tick · status=200 · OK
[2026-08-25T17:13:22.144Z] tick · discovery:orchestrator:tick · spawning
[2026-08-25T17:13:22.408Z] tick · discovery:orchestrator:tick · exit=0 signal=- · OK
[2026-08-25T17:13:22.830Z] tick · social:cron-tick · fetching GET http://localhost:3008/api/cron/comms-social-worker
[2026-08-25T17:13:22.959Z] tick · social:cron-tick · status=200 · OK
[2026-08-25T17:14:22.151Z] tick · discovery:orchestrator:tick · spawning
[2026-08-25T17:14:22.838Z] tick · social:cron-tick · fetching GET http://localhost:3008/api/cron/comms-social-worker
[2026-08-25T17:14:22.939Z] tick · discovery:orchestrator:tick · exit=0 signal=- · OK
[2026-08-25T17:14:25.989Z] tick · social:cron-tick · status=200 · OK
[2026-08-25T17:15:19.691Z] tick · orchestration:zombie-reconciler · spawning
[2026-08-25T17:15:20.113Z] tick · orchestration:zombie-reconciler · exit=0 signal=- · OK
[2026-08-25T17:15:20.229Z] tick · brain:cron-tick · fetching GET http://localhost:3008/api/nex/brain/cron-tick
[2026-08-25T17:15:22.155Z] tick · discovery:orchestrator:tick · spawning
[2026-08-25T17:15:22.657Z] tick · discovery:orchestrator:tick · exit=0 signal=- · OK
[2026-08-25T17:15:22.842Z] tick · social:cron-tick · fetching GET http://localhost:3008/api/cron/comms-social-worker
[2026-08-25T17:15:23.464Z] tick · social:cron-tick · status=200 · OK
[2026-08-25T17:15:23.492Z] tick · brain:cron-tick · status=200 · OK
[2026-08-25T17:16:22.160Z] tick · discovery:orchestrator:tick · spawning
[2026-08-25T17:16:22.848Z] tick · social:cron-tick · fetching GET http://localhost:3008/api/cron/comms-social-worker
[2026-08-25T17:16:23.044Z] tick · discovery:orchestrator:tick · exit=0 signal=- · OK
[2026-08-25T17:16:25.197Z] tick · social:cron-tick · status=200 · OK
[2026-08-25T17:17:22.237Z] tick · discovery:orchestrator:tick · spawning
[2026-08-25T17:17:22.853Z] tick · social:cron-tick · fetching GET http://localhost:3008/api/cron/comms-social-worker
[2026-08-25T17:17:22.929Z] tick · discovery:orchestrator:tick · exit=0 signal=- · OK
[2026-08-25T17:17:23.482Z] tick · social:cron-tick · status=200 · OK
[2026-08-25T17:18:19.693Z] tick · orchestration:zombie-reconciler · spawning
[2026-08-25T17:18:19.984Z] tick · orchestration:zombie-reconciler · exit=0 signal=- · OK
[2026-08-25T17:18:20.235Z] tick · brain:cron-tick · fetching GET http://localhost:3008/api/nex/brain/cron-tick
[2026-08-25T17:18:21.479Z] tick · brain:cron-tick · status=200 · OK
[2026-08-25T17:18:22.235Z] tick · discovery:orchestrator:tick · spawning
[2026-08-25T17:18:22.468Z] tick · discovery:orchestrator:tick · exit=0 signal=- · OK
[2026-08-25T17:18:22.861Z] tick · social:cron-tick · fetching GET http://localhost:3008/api/cron/comms-social-worker
[2026-08-25T17:18:22.923Z] tick · social:cron-tick · status=200 · OK
[2026-08-25T17:19:22.244Z] tick · discovery:orchestrator:tick · spawning
[2026-08-25T17:19:22.555Z] tick · discovery:orchestrator:tick · exit=0 signal=- · OK
[2026-08-25T17:19:22.868Z] tick · social:cron-tick · fetching GET http://localhost:3008/api/cron/comms-social-worker
[2026-08-25T17:19:23.051Z] tick · social:cron-tick · status=200 · OK
[2026-08-25T17:20:19.118Z] tick · cle:conversation · spawning
[2026-08-25T17:20:19.552Z] tick · cle:conversation · exit=0 signal=- · OK
[2026-08-25T17:20:22.247Z] tick · discovery:orchestrator:tick · spawning
[2026-08-25T17:20:22.503Z] tick · discovery:orchestrator:tick · exit=0 signal=- · OK
[2026-08-25T17:20:22.877Z] tick · social:cron-tick · fetching GET http://localhost:3008/api/cron/comms-social-worker
[2026-08-25T17:20:23.045Z] tick · social:cron-tick · status=200 · OK
[2026-08-25T17:20:49.050Z] tick · discovery:rotation:tick · spawning
[2026-08-25T17:20:49.575Z] tick · discovery:rotation:tick · exit=0 signal=- · OK
[2026-08-25T17:21:19.695Z] tick · orchestration:zombie-reconciler · spawning
[2026-08-25T17:21:19.890Z] tick · orchestration:zombie-reconciler · exit=0 signal=- · OK
[2026-08-25T17:21:20.245Z] tick · brain:cron-tick · fetching GET http://localhost:3008/api/nex/brain/cron-tick
[2026-08-25T17:21:20.594Z] tick · brain:cron-tick · status=200 · OK
[2026-08-25T17:21:22.246Z] tick · discovery:orchestrator:tick · spawning
[2026-08-25T17:21:22.580Z] tick · discovery:orchestrator:tick · exit=0 signal=- · OK
[2026-08-25T17:21:22.889Z] tick · social:cron-tick · fetching GET http://localhost:3008/api/cron/comms-social-worker
[2026-08-25T17:21:23.014Z] tick · social:cron-tick · status=200 · OK
[2026-08-25T17:22:22.251Z] tick · discovery:orchestrator:tick · spawning
[2026-08-25T17:22:22.765Z] tick · discovery:orchestrator:tick · exit=0 signal=- · OK
[2026-08-25T17:22:22.892Z] tick · social:cron-tick · fetching GET http://localhost:3008/api/cron/comms-social-worker
[2026-08-25T17:22:23.157Z] tick · social:cron-tick · status=200 · OK
[2026-08-25T17:23:22.260Z] tick · discovery:orchestrator:tick · spawning
[2026-08-25T17:23:22.552Z] tick · discovery:orchestrator:tick · exit=0 signal=- · OK
[2026-08-25T17:23:22.893Z] tick · social:cron-tick · fetching GET http://localhost:3008/api/cron/comms-social-worker
[2026-08-25T17:23:23.161Z] tick · social:cron-tick · status=200 · OK
[2026-08-25T17:24:19.715Z] tick · orchestration:zombie-reconciler · spawning
[2026-08-25T17:24:20.257Z] tick · brain:cron-tick · fetching GET http://localhost:3008/api/nex/brain/cron-tick
[2026-08-25T17:24:20.452Z] tick · orchestration:zombie-reconciler · exit=0 signal=- · OK
[2026-08-25T17:24:22.262Z] tick · discovery:orchestrator:tick · spawning
[2026-08-25T17:24:22.891Z] tick · discovery:orchestrator:tick · exit=0 signal=- · OK
[2026-08-25T17:24:22.894Z] tick · social:cron-tick · fetching GET http://localhost:3008/api/cron/comms-social-worker
[2026-08-25T17:24:49.240Z] tick · social:cron-tick · status=200 · OK
[2026-08-25T17:24:50.426Z] tick · brain:cron-tick · status=200 · OK
[2026-08-25T17:25:22.276Z] tick · discovery:orchestrator:tick · spawning
[2026-08-25T17:25:22.895Z] tick · social:cron-tick · fetching GET http://localhost:3008/api/cron/comms-social-worker
[2026-08-25T17:25:23.462Z] tick · discovery:orchestrator:tick · exit=0 signal=- · OK
[2026-08-25T17:25:24.408Z] tick · social:cron-tick · status=200 · OK
[2026-08-25T17:26:22.297Z] tick · discovery:orchestrator:tick · spawning
[2026-08-25T17:26:22.901Z] tick · social:cron-tick · fetching GET http://localhost:3008/api/cron/comms-social-worker
[2026-08-25T17:26:23.019Z] tick · discovery:orchestrator:tick · exit=0 signal=- · OK
[2026-08-25T17:26:23.451Z] tick · social:cron-tick · status=200 · OK
[2026-08-25T17:27:19.718Z] tick · orchestration:zombie-reconciler · spawning
[2026-08-25T17:27:19.961Z] tick · orchestration:zombie-reconciler · exit=0 signal=- · OK
[2026-08-25T17:27:20.258Z] tick · brain:cron-tick · fetching GET http://localhost:3008/api/nex/brain/cron-tick
[2026-08-25T17:27:20.959Z] tick · brain:cron-tick · status=200 · OK
[2026-08-25T17:27:22.307Z] tick · discovery:orchestrator:tick · spawning
[2026-08-25T17:27:22.628Z] tick · discovery:orchestrator:tick · exit=0 signal=- · OK
[2026-08-25T17:27:22.905Z] tick · social:cron-tick · fetching GET http://localhost:3008/api/cron/comms-social-worker
[2026-08-25T17:27:23.109Z] tick · social:cron-tick · status=200 · OK
[2026-08-25T17:28:22.311Z] tick · discovery:orchestrator:tick · spawning
[2026-08-25T17:28:22.617Z] tick · discovery:orchestrator:tick · exit=0 signal=- · OK
[2026-08-25T17:28:22.905Z] tick · social:cron-tick · fetching GET http://localhost:3008/api/cron/comms-social-worker
[2026-08-25T17:28:23.713Z] tick · social:cron-tick · status=200 · OK
[2026-08-25T17:29:22.319Z] tick · discovery:orchestrator:tick · spawning
[2026-08-25T17:29:22.812Z] tick · discovery:orchestrator:tick · exit=0 signal=- · OK
[2026-08-25T17:29:22.907Z] tick · social:cron-tick · fetching GET http://localhost:3008/api/cron/comms-social-worker
[2026-08-25T17:29:29.266Z] tick · social:cron-tick · status=200 · OK
[2026-08-25T17:30:19.006Z] tick · promotion:food:Yogyakarta:quality-check · spawning
[2026-08-25T17:30:19.122Z] tick · cle:conversation · spawning
[2026-08-25T17:30:19.722Z] tick · orchestration:zombie-reconciler · spawning
[2026-08-25T17:30:19.900Z] tick · cle:conversation · exit=0 signal=- · OK
[2026-08-25T17:30:20.151Z] tick · promotion:food:Yogyakarta:quality-check · exit=0 signal=- · OK
[2026-08-25T17:30:20.157Z] tick · orchestration:zombie-reconciler · exit=0 signal=- · OK
[2026-08-25T17:30:20.268Z] tick · brain:cron-tick · fetching GET http://localhost:3008/api/nex/brain/cron-tick
[2026-08-25T17:30:22.320Z] tick · discovery:orchestrator:tick · spawning
[2026-08-25T17:30:22.727Z] tick · discovery:orchestrator:tick · exit=0 signal=- · OK
[2026-08-25T17:30:22.910Z] tick · social:cron-tick · fetching GET http://localhost:3008/api/cron/comms-social-worker
[2026-08-25T17:30:23.747Z] tick · social:cron-tick · status=200 · OK
[2026-08-25T17:30:24.180Z] tick · brain:cron-tick · status=200 · OK
[2026-08-25T17:30:49.073Z] tick · discovery:rotation:tick · spawning
[2026-08-25T17:30:50.414Z] tick · discovery:rotation:tick · exit=0 signal=- · OK
[2026-08-25T17:31:22.324Z] tick · discovery:orchestrator:tick · spawning
[2026-08-25T17:31:22.913Z] tick · social:cron-tick · fetching GET http://localhost:3008/api/cron/comms-social-worker
[2026-08-25T17:31:23.216Z] tick · discovery:orchestrator:tick · exit=0 signal=- · OK
[2026-08-25T17:31:24.484Z] tick · social:cron-tick · status=200 · OK
[2026-08-25T17:32:22.327Z] tick · discovery:orchestrator:tick · spawning
[2026-08-25T17:32:22.820Z] tick · discovery:orchestrator:tick · exit=0 signal=- · OK
[2026-08-25T17:32:22.917Z] tick · social:cron-tick · fetching GET http://localhost:3008/api/cron/comms-social-worker
[2026-08-25T17:32:23.125Z] tick · social:cron-tick · status=200 · OK
[2026-08-25T17:33:19.730Z] tick · orchestration:zombie-reconciler · spawning
[2026-08-25T17:33:20.111Z] tick · orchestration:zombie-reconciler · exit=0 signal=- · OK
[2026-08-25T17:33:20.271Z] tick · brain:cron-tick · fetching GET http://localhost:3008/api/nex/brain/cron-tick
[2026-08-25T17:33:21.120Z] tick · brain:cron-tick · status=200 · OK
[2026-08-25T17:33:22.335Z] tick · discovery:orchestrator:tick · spawning
[2026-08-25T17:33:22.630Z] tick · discovery:orchestrator:tick · exit=0 signal=- · OK
[2026-08-25T17:33:22.925Z] tick · social:cron-tick · fetching GET http://localhost:3008/api/cron/comms-social-worker
[2026-08-25T17:33:23.085Z] tick · social:cron-tick · status=200 · OK
[2026-08-25T17:34:22.350Z] tick · discovery:orchestrator:tick · spawning
[2026-08-25T17:34:22.937Z] tick · social:cron-tick · fetching GET http://localhost:3008/api/cron/comms-social-worker
[2026-08-25T17:34:23.262Z] tick · discovery:orchestrator:tick · exit=0 signal=- · OK
[2026-08-25T17:34:38.394Z] tick · social:cron-tick · status=200 · OK
[2026-08-25T17:35:22.357Z] tick · discovery:orchestrator:tick · spawning
[2026-08-25T17:35:22.827Z] tick · discovery:orchestrator:tick · exit=0 signal=- · OK
[2026-08-25T17:35:22.942Z] tick · social:cron-tick · fetching GET http://localhost:3008/api/cron/comms-social-worker
[2026-08-25T17:35:23.425Z] tick · social:cron-tick · status=200 · OK
[2026-08-25T17:36:19.745Z] tick · orchestration:zombie-reconciler · spawning
[2026-08-25T17:36:20.275Z] tick · brain:cron-tick · fetching GET http://localhost:3008/api/nex/brain/cron-tick
[2026-08-25T17:36:20.466Z] tick · orchestration:zombie-reconciler · exit=0 signal=- · OK
[2026-08-25T17:36:22.360Z] tick · discovery:orchestrator:tick · spawning
[2026-08-25T17:36:22.956Z] tick · social:cron-tick · fetching GET http://localhost:3008/api/cron/comms-social-worker
[2026-08-25T17:36:23.212Z] tick · discovery:orchestrator:tick · exit=0 signal=- · OK
[2026-08-25T17:36:28.682Z] tick · social:cron-tick · status=200 · OK
[2026-08-25T17:36:29.152Z] tick · brain:cron-tick · status=200 · OK
[2026-08-25T17:37:22.374Z] tick · discovery:orchestrator:tick · spawning
[2026-08-25T17:37:22.958Z] tick · social:cron-tick · fetching GET http://localhost:3008/api/cron/comms-social-worker
[2026-08-25T17:37:23.122Z] tick · discovery:orchestrator:tick · exit=0 signal=- · OK
[2026-08-25T17:37:23.897Z] tick · social:cron-tick · status=200 · OK
[2026-08-25T17:38:22.375Z] tick · discovery:orchestrator:tick · spawning
[2026-08-25T17:38:22.582Z] tick · discovery:orchestrator:tick · exit=0 signal=- · OK
[2026-08-25T17:38:22.959Z] tick · social:cron-tick · fetching GET http://localhost:3008/api/cron/comms-social-worker
[2026-08-25T17:38:23.150Z] tick · social:cron-tick · status=200 · OK
[2026-08-25T17:39:19.756Z] tick · orchestration:zombie-reconciler · spawning
[2026-08-25T17:39:19.963Z] tick · orchestration:zombie-reconciler · exit=0 signal=- · OK
[2026-08-25T17:39:20.281Z] tick · brain:cron-tick · fetching GET http://localhost:3008/api/nex/brain/cron-tick
[2026-08-25T17:39:20.787Z] tick · brain:cron-tick · status=200 · OK
[2026-08-25T17:39:22.382Z] tick · discovery:orchestrator:tick · spawning
[2026-08-25T17:39:22.584Z] tick · discovery:orchestrator:tick · exit=0 signal=- · OK
[2026-08-25T17:39:22.959Z] tick · social:cron-tick · fetching GET http://localhost:3008/api/cron/comms-social-worker
[2026-08-25T17:39:23.097Z] tick · social:cron-tick · status=200 · OK
[2026-08-25T17:40:19.131Z] tick · cle:conversation · spawning
[2026-08-25T17:40:19.510Z] tick · cle:conversation · exit=0 signal=- · OK
[2026-08-25T17:40:22.395Z] tick · discovery:orchestrator:tick · spawning
[2026-08-25T17:40:22.629Z] tick · discovery:orchestrator:tick · exit=0 signal=- · OK
[2026-08-25T17:40:22.959Z] tick · social:cron-tick · fetching GET http://localhost:3008/api/cron/comms-social-worker
[2026-08-25T17:40:23.180Z] tick · social:cron-tick · status=200 · OK
[2026-08-25T17:40:49.076Z] tick · discovery:rotation:tick · spawning
[2026-08-25T17:40:49.673Z] tick · discovery:rotation:tick · exit=0 signal=- · OK
[2026-08-25T17:41:22.401Z] tick · discovery:orchestrator:tick · spawning
[2026-08-25T17:41:22.656Z] tick · discovery:orchestrator:tick · exit=0 signal=- · OK
[2026-08-25T17:41:22.974Z] tick · social:cron-tick · fetching GET http://localhost:3008/api/cron/comms-social-worker
[2026-08-25T17:41:23.114Z] tick · social:cron-tick · status=200 · OK
[2026-08-25T17:42:19.766Z] tick · orchestration:zombie-reconciler · spawning
[2026-08-25T17:42:19.995Z] tick · orchestration:zombie-reconciler · exit=0 signal=- · OK
[2026-08-25T17:42:20.290Z] tick · brain:cron-tick · fetching GET http://localhost:3008/api/nex/brain/cron-tick
[2026-08-25T17:42:20.645Z] tick · brain:cron-tick · status=200 · OK
[2026-08-25T17:42:22.407Z] tick · discovery:orchestrator:tick · spawning
[2026-08-25T17:42:22.650Z] tick · discovery:orchestrator:tick · exit=0 signal=- · OK
[2026-08-25T17:42:22.985Z] tick · social:cron-tick · fetching GET http://localhost:3008/api/cron/comms-social-worker
[2026-08-25T17:42:23.215Z] tick · social:cron-tick · status=200 · OK
[2026-08-25T17:43:22.436Z] tick · discovery:orchestrator:tick · spawning
[2026-08-25T17:43:22.995Z] tick · social:cron-tick · fetching GET http://localhost:3008/api/cron/comms-social-worker
[2026-08-25T17:43:23.390Z] tick · discovery:orchestrator:tick · exit=0 signal=- · OK
[2026-08-25T17:43:42.526Z] tick · social:cron-tick · status=200 · OK
[2026-08-25T17:44:22.459Z] tick · discovery:orchestrator:tick · spawning
[2026-08-25T17:44:23.262Z] tick · social:cron-tick · fetching GET http://localhost:3008/api/cron/comms-social-worker
[2026-08-25T17:44:24.966Z] tick · discovery:orchestrator:tick · exit=0 signal=- · OK
[2026-08-25T17:44:26.327Z] tick · social:cron-tick · status=200 · OK
[2026-08-25T17:45:19.772Z] tick · orchestration:zombie-reconciler · spawning
[2026-08-25T17:45:20.293Z] tick · brain:cron-tick · fetching GET http://localhost:3008/api/nex/brain/cron-tick
[2026-08-25T17:45:20.509Z] tick · orchestration:zombie-reconciler · exit=0 signal=- · OK
[2026-08-25T17:45:22.468Z] tick · discovery:orchestrator:tick · spawning
[2026-08-25T17:45:22.890Z] tick · discovery:orchestrator:tick · exit=0 signal=- · OK
[2026-08-25T17:45:23.254Z] tick · social:cron-tick · fetching GET http://localhost:3008/api/cron/comms-social-worker
[2026-08-25T17:45:25.785Z] tick · social:cron-tick · status=200 · OK
[2026-08-25T17:45:26.163Z] tick · brain:cron-tick · status=200 · OK
[2026-08-25T17:46:22.472Z] tick · discovery:orchestrator:tick · spawning
[2026-08-25T17:46:22.758Z] tick · discovery:orchestrator:tick · exit=0 signal=- · OK
[2026-08-25T17:46:23.256Z] tick · social:cron-tick · fetching GET http://localhost:3008/api/cron/comms-social-worker
[2026-08-25T17:46:23.478Z] tick · social:cron-tick · status=200 · OK
[2026-08-25T17:47:22.472Z] tick · discovery:orchestrator:tick · spawning
[2026-08-25T17:47:22.913Z] tick · discovery:orchestrator:tick · exit=0 signal=- · OK
[2026-08-25T17:47:23.261Z] tick · social:cron-tick · fetching GET http://localhost:3008/api/cron/comms-social-worker
[2026-08-25T17:47:23.471Z] tick · social:cron-tick · status=200 · OK
[2026-08-25T17:48:19.777Z] tick · orchestration:zombie-reconciler · spawning
[2026-08-25T17:48:20.293Z] tick · brain:cron-tick · fetching GET http://localhost:3008/api/nex/brain/cron-tick
[2026-08-25T17:48:20.313Z] tick · orchestration:zombie-reconciler · exit=0 signal=- · OK
[2026-08-25T17:48:21.975Z] tick · brain:cron-tick · status=200 · OK
[2026-08-25T17:48:22.475Z] tick · discovery:orchestrator:tick · spawning
[2026-08-25T17:48:22.859Z] tick · discovery:orchestrator:tick · exit=0 signal=- · OK
[2026-08-25T17:48:23.267Z] tick · social:cron-tick · fetching GET http://localhost:3008/api/cron/comms-social-worker
[2026-08-25T17:48:23.828Z] tick · social:cron-tick · status=200 · OK
[2026-08-25T17:49:22.488Z] tick · discovery:orchestrator:tick · spawning
[2026-08-25T17:49:23.275Z] tick · social:cron-tick · fetching GET http://localhost:3008/api/cron/comms-social-worker
[2026-08-25T17:49:23.516Z] tick · discovery:orchestrator:tick · exit=0 signal=- · OK
[2026-08-25T17:49:25.016Z] tick · social:cron-tick · status=200 · OK
[2026-08-25T17:50:19.193Z] tick · cle:conversation · spawning
[2026-08-25T17:50:21.360Z] tick · cle:conversation · exit=0 signal=- · OK
[2026-08-25T17:50:22.487Z] tick · discovery:orchestrator:tick · spawning
[2026-08-25T17:50:23.080Z] tick · discovery:orchestrator:tick · exit=0 signal=- · OK
[2026-08-25T17:50:23.272Z] tick · social:cron-tick · fetching GET http://localhost:3008/api/cron/comms-social-worker
[2026-08-25T17:50:24.427Z] tick · social:cron-tick · status=200 · OK
[2026-08-25T17:50:49.109Z] tick · discovery:rotation:tick · spawning
[2026-08-25T17:50:51.256Z] tick · discovery:rotation:tick · exit=0 signal=- · OK
[2026-08-25T17:51:19.797Z] tick · orchestration:zombie-reconciler · spawning
[2026-08-25T17:51:20.302Z] tick · brain:cron-tick · fetching GET http://localhost:3008/api/nex/brain/cron-tick
[2026-08-25T17:51:20.989Z] tick · orchestration:zombie-reconciler · exit=0 signal=- · OK
[2026-08-25T17:51:22.498Z] tick · discovery:orchestrator:tick · spawning
[2026-08-25T17:51:22.713Z] tick · brain:cron-tick · status=200 · OK
[2026-08-25T17:51:22.948Z] tick · discovery:orchestrator:tick · exit=0 signal=- · OK
[2026-08-25T17:51:23.273Z] tick · social:cron-tick · fetching GET http://localhost:3008/api/cron/comms-social-worker
[2026-08-25T17:51:23.418Z] tick · social:cron-tick · status=200 · OK
[2026-08-25T17:52:22.502Z] tick · discovery:orchestrator:tick · spawning
[2026-08-25T17:52:23.049Z] tick · discovery:orchestrator:tick · exit=0 signal=- · OK
[2026-08-25T17:52:23.277Z] tick · social:cron-tick · fetching GET http://localhost:3008/api/cron/comms-social-worker
[2026-08-25T17:52:23.510Z] tick · social:cron-tick · status=200 · OK
[2026-08-25T17:53:22.506Z] tick · discovery:orchestrator:tick · spawning
[2026-08-25T17:53:22.774Z] tick · discovery:orchestrator:tick · exit=0 signal=- · OK
[2026-08-25T17:53:23.277Z] tick · social:cron-tick · fetching GET http://localhost:3008/api/cron/comms-social-worker
[2026-08-25T17:53:23.509Z] tick · social:cron-tick · status=200 · OK
[2026-08-25T17:54:19.803Z] tick · orchestration:zombie-reconciler · spawning
[2026-08-25T17:54:20.192Z] tick · orchestration:zombie-reconciler · exit=0 signal=- · OK
[2026-08-25T17:54:20.304Z] tick · brain:cron-tick · fetching GET http://localhost:3008/api/nex/brain/cron-tick
[2026-08-25T17:54:21.853Z] tick · brain:cron-tick · status=200 · OK
[2026-08-25T17:54:22.506Z] tick · discovery:orchestrator:tick · spawning
[2026-08-25T17:54:22.905Z] tick · discovery:orchestrator:tick · exit=0 signal=- · OK
[2026-08-25T17:54:23.283Z] tick · social:cron-tick · fetching GET http://localhost:3008/api/cron/comms-social-worker
[2026-08-25T17:54:25.194Z] tick · social:cron-tick · status=200 · OK
[2026-08-25T17:55:22.523Z] tick · discovery:orchestrator:tick · spawning
[2026-08-25T17:55:23.073Z] tick · discovery:orchestrator:tick · exit=0 signal=- · OK
[2026-08-25T17:55:23.293Z] tick · social:cron-tick · fetching GET http://localhost:3008/api/cron/comms-social-worker
[2026-08-25T17:55:50.899Z] tick · social:cron-tick · status=200 · OK
[2026-08-25T17:56:22.536Z] tick · discovery:orchestrator:tick · spawning
[2026-08-25T17:56:23.297Z] tick · social:cron-tick · fetching GET http://localhost:3008/api/cron/comms-social-worker
[2026-08-25T17:56:23.869Z] tick · discovery:orchestrator:tick · exit=0 signal=- · OK
[2026-08-25T17:56:24.194Z] tick · social:cron-tick · status=200 · OK
[2026-08-25T17:57:19.835Z] tick · orchestration:zombie-reconciler · spawning
[2026-08-25T17:57:20.306Z] tick · brain:cron-tick · fetching GET http://localhost:3008/api/nex/brain/cron-tick
[2026-08-25T17:57:20.408Z] tick · orchestration:zombie-reconciler · exit=0 signal=- · OK
[2026-08-25T17:57:21.648Z] tick · brain:cron-tick · status=200 · OK
[2026-08-25T17:57:22.546Z] tick · discovery:orchestrator:tick · spawning
[2026-08-25T17:57:22.944Z] tick · discovery:orchestrator:tick · exit=0 signal=- · OK
[2026-08-25T17:57:23.304Z] tick · social:cron-tick · fetching GET http://localhost:3008/api/cron/comms-social-worker
[2026-08-25T17:57:23.503Z] tick · social:cron-tick · status=200 · OK
[2026-08-25T17:58:22.553Z] tick · discovery:orchestrator:tick · spawning
[2026-08-25T17:58:22.962Z] tick · discovery:orchestrator:tick · exit=0 signal=- · OK
[2026-08-25T17:58:23.317Z] tick · social:cron-tick · fetching GET http://localhost:3008/api/cron/comms-social-worker
[2026-08-25T17:58:23.509Z] tick · social:cron-tick · status=200 · OK
[2026-08-25T17:59:22.567Z] tick · discovery:orchestrator:tick · spawning
[2026-08-25T17:59:23.002Z] tick · discovery:orchestrator:tick · exit=0 signal=- · OK
[2026-08-25T17:59:23.321Z] tick · social:cron-tick · fetching GET http://localhost:3008/api/cron/comms-social-worker
[2026-08-25T17:59:24.007Z] tick · social:cron-tick · status=200 · OK
[2026-08-25T18:00:19.008Z] tick · promotion:food:Yogyakarta:quality-check · spawning
[2026-08-25T18:00:19.182Z] tick · cle:conversation · spawning
[2026-08-25T18:00:19.572Z] tick · cle:conversation · exit=0 signal=- · OK
[2026-08-25T18:00:19.620Z] tick · promotion:food:Yogyakarta:quality-check · exit=0 signal=- · OK
[2026-08-25T18:00:19.834Z] tick · orchestration:zombie-reconciler · spawning
[2026-08-25T18:00:20.165Z] tick · orchestration:zombie-reconciler · exit=0 signal=- · OK
[2026-08-25T18:00:20.307Z] tick · brain:cron-tick · fetching GET http://localhost:3008/api/nex/brain/cron-tick
[2026-08-25T18:00:20.669Z] tick · brain:cron-tick · status=200 · OK
[2026-08-25T18:00:22.577Z] tick · discovery:orchestrator:tick · spawning
[2026-08-25T18:00:22.850Z] tick · discovery:orchestrator:tick · exit=0 signal=- · OK
[2026-08-25T18:00:23.331Z] tick · social:cron-tick · fetching GET http://localhost:3008/api/cron/comms-social-worker
[2026-08-25T18:00:23.568Z] tick · social:cron-tick · status=200 · OK
[2026-08-25T18:00:49.112Z] tick · discovery:rotation:tick · spawning
[2026-08-25T18:00:49.751Z] tick · discovery:rotation:tick · exit=0 signal=- · OK
[2026-08-25T18:01:22.590Z] tick · discovery:orchestrator:tick · spawning
[2026-08-25T18:01:22.869Z] tick · discovery:orchestrator:tick · exit=0 signal=- · OK
[2026-08-25T18:01:23.340Z] tick · social:cron-tick · fetching GET http://localhost:3008/api/cron/comms-social-worker
[2026-08-25T18:01:23.584Z] tick · social:cron-tick · status=200 · OK
[2026-08-25T18:02:22.590Z] tick · discovery:orchestrator:tick · spawning
[2026-08-25T18:02:22.922Z] tick · discovery:orchestrator:tick · exit=0 signal=- · OK
[2026-08-25T18:02:23.354Z] tick · social:cron-tick · fetching GET http://localhost:3008/api/cron/comms-social-worker
[2026-08-25T18:02:23.515Z] tick · social:cron-tick · status=200 · OK
[2026-08-25T18:03:19.838Z] tick · orchestration:zombie-reconciler · spawning
[2026-08-25T18:03:20.081Z] tick · orchestration:zombie-reconciler · exit=0 signal=- · OK
[2026-08-25T18:03:20.309Z] tick · brain:cron-tick · fetching GET http://localhost:3008/api/nex/brain/cron-tick
[2026-08-25T18:03:20.868Z] tick · brain:cron-tick · status=200 · OK
[2026-08-25T18:03:22.594Z] tick · discovery:orchestrator:tick · spawning
[2026-08-25T18:03:22.852Z] tick · discovery:orchestrator:tick · exit=0 signal=- · OK
[2026-08-25T18:03:23.365Z] tick · social:cron-tick · fetching GET http://localhost:3008/api/cron/comms-social-worker
[2026-08-25T18:03:23.518Z] tick · social:cron-tick · status=200 · OK
[2026-08-25T18:04:22.595Z] tick · discovery:orchestrator:tick · spawning
[2026-08-25T18:04:22.861Z] tick · discovery:orchestrator:tick · exit=0 signal=- · OK
[2026-08-25T18:04:23.371Z] tick · social:cron-tick · fetching GET http://localhost:3008/api/cron/comms-social-worker
[2026-08-25T18:04:23.511Z] tick · social:cron-tick · status=200 · OK
[2026-08-25T18:05:22.599Z] tick · discovery:orchestrator:tick · spawning
[2026-08-25T18:05:22.816Z] tick · discovery:orchestrator:tick · exit=0 signal=- · OK
[2026-08-25T18:05:23.382Z] tick · social:cron-tick · fetching GET http://localhost:3008/api/cron/comms-social-worker
[2026-08-25T18:05:23.580Z] tick · social:cron-tick · status=200 · OK
[2026-08-25T18:06:19.840Z] tick · orchestration:zombie-reconciler · spawning
[2026-08-25T18:06:20.313Z] tick · brain:cron-tick · fetching GET http://localhost:3008/api/nex/brain/cron-tick
[2026-08-25T18:06:20.387Z] tick · orchestration:zombie-reconciler · exit=0 signal=- · OK
[2026-08-25T18:06:21.071Z] tick · brain:cron-tick · status=200 · OK
[2026-08-25T18:06:22.601Z] tick · discovery:orchestrator:tick · spawning
[2026-08-25T18:06:22.864Z] tick · discovery:orchestrator:tick · exit=0 signal=- · OK
[2026-08-25T18:06:23.382Z] tick · social:cron-tick · fetching GET http://localhost:3008/api/cron/comms-social-worker
[2026-08-25T18:06:23.578Z] tick · social:cron-tick · status=200 · OK
[2026-08-25T18:07:22.601Z] tick · discovery:orchestrator:tick · spawning
[2026-08-25T18:07:22.962Z] tick · discovery:orchestrator:tick · exit=0 signal=- · OK
[2026-08-25T18:07:23.380Z] tick · social:cron-tick · fetching GET http://localhost:3008/api/cron/comms-social-worker
[2026-08-25T18:07:23.716Z] tick · social:cron-tick · status=200 · OK
[2026-08-25T18:08:22.610Z] tick · discovery:orchestrator:tick · spawning
[2026-08-25T18:08:23.082Z] tick · discovery:orchestrator:tick · exit=0 signal=- · OK
[2026-08-25T18:08:23.386Z] tick · social:cron-tick · fetching GET http://localhost:3008/api/cron/comms-social-worker
[2026-08-25T18:08:23.808Z] tick · social:cron-tick · status=200 · OK
[2026-08-25T18:09:19.850Z] tick · orchestration:zombie-reconciler · spawning
[2026-08-25T18:09:20.226Z] tick · orchestration:zombie-reconciler · exit=0 signal=- · OK
[2026-08-25T18:09:20.310Z] tick · brain:cron-tick · fetching GET http://localhost:3008/api/nex/brain/cron-tick
[2026-08-25T18:09:21.003Z] tick · brain:cron-tick · status=200 · OK
[2026-08-25T18:09:22.623Z] tick · discovery:orchestrator:tick · spawning
[2026-08-25T18:09:22.864Z] tick · discovery:orchestrator:tick · exit=0 signal=- · OK
[2026-08-25T18:09:23.396Z] tick · social:cron-tick · fetching GET http://localhost:3008/api/cron/comms-social-worker
[2026-08-25T18:09:23.584Z] tick · social:cron-tick · status=200 · OK
[2026-08-25T18:10:19.185Z] tick · cle:conversation · spawning
[2026-08-25T18:10:20.164Z] tick · cle:conversation · exit=0 signal=- · OK
[2026-08-25T18:10:22.628Z] tick · discovery:orchestrator:tick · spawning
[2026-08-25T18:10:22.938Z] tick · discovery:orchestrator:tick · exit=0 signal=- · OK
[2026-08-25T18:10:23.410Z] tick · social:cron-tick · fetching GET http://localhost:3008/api/cron/comms-social-worker
[2026-08-25T18:10:23.688Z] tick · social:cron-tick · status=200 · OK
[2026-08-25T18:10:49.107Z] tick · discovery:rotation:tick · spawning
[2026-08-25T18:10:49.761Z] tick · discovery:rotation:tick · exit=0 signal=- · OK
[2026-08-25T18:11:22.633Z] tick · discovery:orchestrator:tick · spawning
[2026-08-25T18:11:23.021Z] tick · discovery:orchestrator:tick · exit=0 signal=- · OK
[2026-08-25T18:11:23.411Z] tick · social:cron-tick · fetching GET http://localhost:3008/api/cron/comms-social-worker
[2026-08-25T18:11:23.708Z] tick · social:cron-tick · status=200 · OK
[2026-08-25T18:12:19.864Z] tick · orchestration:zombie-reconciler · spawning
[2026-08-25T18:12:20.115Z] tick · orchestration:zombie-reconciler · exit=0 signal=- · OK
[2026-08-25T18:12:20.323Z] tick · brain:cron-tick · fetching GET http://localhost:3008/api/nex/brain/cron-tick
[2026-08-25T18:12:20.789Z] tick · brain:cron-tick · status=200 · OK
[2026-08-25T18:12:22.637Z] tick · discovery:orchestrator:tick · spawning
[2026-08-25T18:12:22.864Z] tick · discovery:orchestrator:tick · exit=0 signal=- · OK
[2026-08-25T18:12:23.417Z] tick · social:cron-tick · fetching GET http://localhost:3008/api/cron/comms-social-worker
[2026-08-25T18:12:23.555Z] tick · social:cron-tick · status=200 · OK
[2026-08-25T18:13:22.643Z] tick · discovery:orchestrator:tick · spawning
[2026-08-25T18:13:22.931Z] tick · discovery:orchestrator:tick · exit=0 signal=- · OK
[2026-08-25T18:13:23.420Z] tick · social:cron-tick · fetching GET http://localhost:3008/api/cron/comms-social-worker
[2026-08-25T18:13:23.604Z] tick · social:cron-tick · status=200 · OK
[2026-08-25T18:14:22.653Z] tick · discovery:orchestrator:tick · spawning
[2026-08-25T18:14:23.034Z] tick · discovery:orchestrator:tick · exit=0 signal=- · OK
[2026-08-25T18:14:23.432Z] tick · social:cron-tick · fetching GET http://localhost:3008/api/cron/comms-social-worker
[2026-08-25T18:14:23.743Z] tick · social:cron-tick · status=200 · OK
[2026-08-25T18:15:19.882Z] tick · orchestration:zombie-reconciler · spawning
[2026-08-25T18:15:20.162Z] tick · orchestration:zombie-reconciler · exit=0 signal=- · OK
[2026-08-25T18:15:20.326Z] tick · brain:cron-tick · fetching GET http://localhost:3008/api/nex/brain/cron-tick
[2026-08-25T18:15:20.902Z] tick · brain:cron-tick · status=200 · OK
[2026-08-25T18:15:22.653Z] tick · discovery:orchestrator:tick · spawning
[2026-08-25T18:15:22.962Z] tick · discovery:orchestrator:tick · exit=0 signal=- · OK
[2026-08-25T18:15:23.437Z] tick · social:cron-tick · fetching GET http://localhost:3008/api/cron/comms-social-worker
[2026-08-25T18:15:23.538Z] tick · social:cron-tick · status=200 · OK
[2026-08-25T18:16:22.656Z] tick · discovery:orchestrator:tick · spawning
[2026-08-25T18:16:22.885Z] tick · discovery:orchestrator:tick · exit=0 signal=- · OK
[2026-08-25T18:16:23.439Z] tick · social:cron-tick · fetching GET http://localhost:3008/api/cron/comms-social-worker
[2026-08-25T18:16:23.629Z] tick · social:cron-tick · status=200 · OK
[2026-08-25T18:17:22.657Z] tick · discovery:orchestrator:tick · spawning
[2026-08-25T18:17:22.944Z] tick · discovery:orchestrator:tick · exit=0 signal=- · OK
[2026-08-25T18:17:23.443Z] tick · social:cron-tick · fetching GET http://localhost:3008/api/cron/comms-social-worker
[2026-08-25T18:17:23.614Z] tick · social:cron-tick · status=200 · OK
[2026-08-25T18:18:19.892Z] tick · orchestration:zombie-reconciler · spawning
[2026-08-25T18:18:20.133Z] tick · orchestration:zombie-reconciler · exit=0 signal=- · OK
[2026-08-25T18:18:20.331Z] tick · brain:cron-tick · fetching GET http://localhost:3008/api/nex/brain/cron-tick
[2026-08-25T18:18:20.656Z] tick · brain:cron-tick · status=200 · OK
[2026-08-25T18:18:22.663Z] tick · discovery:orchestrator:tick · spawning
[2026-08-25T18:18:22.918Z] tick · discovery:orchestrator:tick · exit=0 signal=- · OK
[2026-08-25T18:18:23.460Z] tick · social:cron-tick · fetching GET http://localhost:3008/api/cron/comms-social-worker
[2026-08-25T18:18:23.538Z] tick · social:cron-tick · status=200 · OK
[2026-08-25T18:19:22.669Z] tick · discovery:orchestrator:tick · spawning
[2026-08-25T18:19:22.941Z] tick · discovery:orchestrator:tick · exit=0 signal=- · OK
[2026-08-25T18:19:23.462Z] tick · social:cron-tick · fetching GET http://localhost:3008/api/cron/comms-social-worker
[2026-08-25T18:19:23.635Z] tick · social:cron-tick · status=200 · OK
[2026-08-25T18:20:19.192Z] tick · cle:conversation · spawning
[2026-08-25T18:20:19.774Z] tick · cle:conversation · exit=0 signal=- · OK
[2026-08-25T18:20:22.675Z] tick · discovery:orchestrator:tick · spawning
[2026-08-25T18:20:22.930Z] tick · discovery:orchestrator:tick · exit=0 signal=- · OK
[2026-08-25T18:20:23.475Z] tick · social:cron-tick · fetching GET http://localhost:3008/api/cron/comms-social-worker
[2026-08-25T18:20:23.733Z] tick · social:cron-tick · status=200 · OK
[2026-08-25T18:20:49.108Z] tick · discovery:rotation:tick · spawning
[2026-08-25T18:20:50.267Z] tick · discovery:rotation:tick · exit=0 signal=- · OK
[2026-08-25T18:21:19.910Z] tick · orchestration:zombie-reconciler · spawning
[2026-08-25T18:21:20.338Z] tick · brain:cron-tick · fetching GET http://localhost:3008/api/nex/brain/cron-tick
[2026-08-25T18:21:20.681Z] tick · orchestration:zombie-reconciler · exit=0 signal=- · OK
[2026-08-25T18:21:22.680Z] tick · discovery:orchestrator:tick · spawning
[2026-08-25T18:21:23.187Z] tick · discovery:orchestrator:tick · exit=0 signal=- · OK
[2026-08-25T18:21:23.482Z] tick · social:cron-tick · fetching GET http://localhost:3008/api/cron/comms-social-worker
[2026-08-25T18:21:32.835Z] tick · social:cron-tick · status=200 · OK
[2026-08-25T18:21:33.329Z] tick · brain:cron-tick · status=200 · OK
[2026-08-25T18:22:22.808Z] tick · discovery:orchestrator:tick · spawning
[2026-08-25T18:22:23.660Z] tick · social:cron-tick · fetching GET http://localhost:3008/api/cron/comms-social-worker
[2026-08-25T18:22:26.402Z] tick · discovery:orchestrator:tick · exit=0 signal=- · OK
[2026-08-25T18:22:26.907Z] tick · social:cron-tick · status=200 · OK
[2026-08-25T18:23:22.828Z] tick · discovery:orchestrator:tick · spawning
[2026-08-25T18:23:23.525Z] tick · discovery:orchestrator:tick · exit=0 signal=- · OK
[2026-08-25T18:23:23.660Z] tick · social:cron-tick · fetching GET http://localhost:3008/api/cron/comms-social-worker
[2026-08-25T18:23:24.360Z] tick · social:cron-tick · status=200 · OK
[2026-08-25T18:24:19.926Z] tick · orchestration:zombie-reconciler · spawning
[2026-08-25T18:24:20.349Z] tick · brain:cron-tick · fetching GET http://localhost:3008/api/nex/brain/cron-tick
[2026-08-25T18:24:21.234Z] tick · orchestration:zombie-reconciler · exit=0 signal=- · OK
[2026-08-25T18:24:21.932Z] tick · brain:cron-tick · status=200 · OK
[2026-08-25T18:24:22.833Z] tick · discovery:orchestrator:tick · spawning
[2026-08-25T18:24:23.157Z] tick · discovery:orchestrator:tick · exit=0 signal=- · OK
[2026-08-25T18:24:23.675Z] tick · social:cron-tick · fetching GET http://localhost:3008/api/cron/comms-social-worker
[2026-08-25T18:24:23.855Z] tick · social:cron-tick · status=200 · OK
[2026-08-25T18:25:22.846Z] tick · discovery:orchestrator:tick · spawning
[2026-08-25T18:25:23.321Z] tick · discovery:orchestrator:tick · exit=0 signal=- · OK
[2026-08-25T18:25:23.686Z] tick · social:cron-tick · fetching GET http://localhost:3008/api/cron/comms-social-worker
[2026-08-25T18:25:24.085Z] tick · social:cron-tick · status=200 · OK
[2026-08-25T18:26:22.853Z] tick · discovery:orchestrator:tick · spawning
[2026-08-25T18:26:23.140Z] tick · discovery:orchestrator:tick · exit=0 signal=- · OK
[2026-08-25T18:26:23.693Z] tick · social:cron-tick · fetching GET http://localhost:3008/api/cron/comms-social-worker
[2026-08-25T18:26:24.043Z] tick · social:cron-tick · status=200 · OK
[2026-08-25T18:27:19.952Z] tick · orchestration:zombie-reconciler · spawning
[2026-08-25T18:27:20.354Z] tick · brain:cron-tick · fetching GET http://localhost:3008/api/nex/brain/cron-tick
[2026-08-25T18:27:21.501Z] tick · orchestration:zombie-reconciler · exit=0 signal=- · OK
[2026-08-25T18:27:22.861Z] tick · discovery:orchestrator:tick · spawning
[2026-08-25T18:27:23.705Z] tick · social:cron-tick · fetching GET http://localhost:3008/api/cron/comms-social-worker
[2026-08-25T18:27:24.142Z] tick · discovery:orchestrator:tick · exit=0 signal=- · OK
[2026-08-25T18:27:24.568Z] tick · brain:cron-tick · status=200 · OK
[2026-08-25T18:27:24.653Z] tick · social:cron-tick · status=200 · OK
[2026-08-25T18:28:22.881Z] tick · discovery:orchestrator:tick · spawning
[2026-08-25T18:28:23.439Z] tick · discovery:orchestrator:tick · exit=0 signal=- · OK
[2026-08-25T18:28:23.710Z] tick · social:cron-tick · fetching GET http://localhost:3008/api/cron/comms-social-worker
[2026-08-25T18:28:24.087Z] tick · social:cron-tick · status=200 · OK
[2026-08-25T18:29:22.886Z] tick · discovery:orchestrator:tick · spawning
[2026-08-25T18:29:23.167Z] tick · discovery:orchestrator:tick · exit=0 signal=- · OK
[2026-08-25T18:29:23.712Z] tick · social:cron-tick · fetching GET http://localhost:3008/api/cron/comms-social-worker
[2026-08-25T18:29:23.942Z] tick · social:cron-tick · status=200 · OK
[2026-08-25T18:30:19.014Z] tick · promotion:food:Yogyakarta:quality-check · spawning
[2026-08-25T18:30:19.196Z] tick · cle:conversation · spawning
[2026-08-25T18:30:19.645Z] tick · cle:conversation · exit=0 signal=- · OK
[2026-08-25T18:30:19.785Z] tick · promotion:food:Yogyakarta:quality-check · exit=0 signal=- · OK
[2026-08-25T18:30:19.959Z] tick · orchestration:zombie-reconciler · spawning
[2026-08-25T18:30:20.242Z] tick · orchestration:zombie-reconciler · exit=0 signal=- · OK
[2026-08-25T18:30:20.364Z] tick · brain:cron-tick · fetching GET http://localhost:3008/api/nex/brain/cron-tick
[2026-08-25T18:30:20.995Z] tick · brain:cron-tick · status=200 · OK
[2026-08-25T18:30:22.891Z] tick · discovery:orchestrator:tick · spawning
[2026-08-25T18:30:23.297Z] tick · discovery:orchestrator:tick · exit=0 signal=- · OK
[2026-08-25T18:30:23.717Z] tick · social:cron-tick · fetching GET http://localhost:3008/api/cron/comms-social-worker
[2026-08-25T18:30:23.833Z] tick · social:cron-tick · status=200 · OK
[2026-08-25T18:30:49.122Z] tick · discovery:rotation:tick · spawning
[2026-08-25T18:30:49.721Z] tick · discovery:rotation:tick · exit=0 signal=- · OK
[2026-08-25T18:31:22.895Z] tick · discovery:orchestrator:tick · spawning
[2026-08-25T18:31:23.156Z] tick · discovery:orchestrator:tick · exit=0 signal=- · OK
[2026-08-25T18:31:23.731Z] tick · social:cron-tick · fetching GET http://localhost:3008/api/cron/comms-social-worker
[2026-08-25T18:31:23.955Z] tick · social:cron-tick · status=200 · OK
[2026-08-25T18:32:22.896Z] tick · discovery:orchestrator:tick · spawning
[2026-08-25T18:32:23.357Z] tick · discovery:orchestrator:tick · exit=0 signal=- · OK
[2026-08-25T18:32:23.737Z] tick · social:cron-tick · fetching GET http://localhost:3008/api/cron/comms-social-worker
[2026-08-25T18:32:24.077Z] tick · social:cron-tick · status=200 · OK
[2026-08-25T18:33:19.969Z] tick · orchestration:zombie-reconciler · spawning
[2026-08-25T18:33:20.208Z] tick · orchestration:zombie-reconciler · exit=0 signal=- · OK
[2026-08-25T18:33:20.366Z] tick · brain:cron-tick · fetching GET http://localhost:3008/api/nex/brain/cron-tick
[2026-08-25T18:33:20.961Z] tick · brain:cron-tick · status=200 · OK
[2026-08-25T18:33:22.901Z] tick · discovery:orchestrator:tick · spawning
[2026-08-25T18:33:23.149Z] tick · discovery:orchestrator:tick · exit=0 signal=- · OK
[2026-08-25T18:33:23.738Z] tick · social:cron-tick · fetching GET http://localhost:3008/api/cron/comms-social-worker
[2026-08-25T18:33:23.856Z] tick · social:cron-tick · status=200 · OK
[2026-08-25T18:34:22.902Z] tick · discovery:orchestrator:tick · spawning
[2026-08-25T18:34:23.230Z] tick · discovery:orchestrator:tick · exit=0 signal=- · OK
[2026-08-25T18:34:23.742Z] tick · social:cron-tick · fetching GET http://localhost:3008/api/cron/comms-social-worker
[2026-08-25T18:34:24.077Z] tick · social:cron-tick · status=200 · OK
[2026-08-25T18:35:22.908Z] tick · discovery:orchestrator:tick · spawning
[2026-08-25T18:35:23.316Z] tick · discovery:orchestrator:tick · exit=0 signal=- · OK
[2026-08-25T18:35:23.743Z] tick · social:cron-tick · fetching GET http://localhost:3008/api/cron/comms-social-worker
[2026-08-25T18:35:24.026Z] tick · social:cron-tick · status=200 · OK
[2026-08-25T18:36:19.970Z] tick · orchestration:zombie-reconciler · spawning
[2026-08-25T18:36:20.306Z] tick · orchestration:zombie-reconciler · exit=0 signal=- · OK
[2026-08-25T18:36:20.367Z] tick · brain:cron-tick · fetching GET http://localhost:3008/api/nex/brain/cron-tick
[2026-08-25T18:36:21.014Z] tick · brain:cron-tick · status=200 · OK
[2026-08-25T18:36:22.915Z] tick · discovery:orchestrator:tick · spawning
[2026-08-25T18:36:23.168Z] tick · discovery:orchestrator:tick · exit=0 signal=- · OK
[2026-08-25T18:36:23.749Z] tick · social:cron-tick · fetching GET http://localhost:3008/api/cron/comms-social-worker
[2026-08-25T18:36:23.907Z] tick · social:cron-tick · status=200 · OK
[2026-08-25T18:37:22.920Z] tick · discovery:orchestrator:tick · spawning
[2026-08-25T18:37:23.286Z] tick · discovery:orchestrator:tick · exit=0 signal=- · OK
[2026-08-25T18:37:23.748Z] tick · social:cron-tick · fetching GET http://localhost:3008/api/cron/comms-social-worker
[2026-08-25T18:37:23.961Z] tick · social:cron-tick · status=200 · OK
[2026-08-25T18:38:22.926Z] tick · discovery:orchestrator:tick · spawning
[2026-08-25T18:38:23.199Z] tick · discovery:orchestrator:tick · exit=0 signal=- · OK
[2026-08-25T18:38:23.752Z] tick · social:cron-tick · fetching GET http://localhost:3008/api/cron/comms-social-worker
[2026-08-25T18:38:24.024Z] tick · social:cron-tick · status=200 · OK
[2026-08-25T18:39:19.973Z] tick · orchestration:zombie-reconciler · spawning
[2026-08-25T18:39:20.233Z] tick · orchestration:zombie-reconciler · exit=0 signal=- · OK
[2026-08-25T18:39:20.369Z] tick · brain:cron-tick · fetching GET http://localhost:3008/api/nex/brain/cron-tick
[2026-08-25T18:39:21.013Z] tick · brain:cron-tick · status=200 · OK
[2026-08-25T18:39:22.931Z] tick · discovery:orchestrator:tick · spawning
[2026-08-25T18:39:23.168Z] tick · discovery:orchestrator:tick · exit=0 signal=- · OK
[2026-08-25T18:39:23.758Z] tick · social:cron-tick · fetching GET http://localhost:3008/api/cron/comms-social-worker
[2026-08-25T18:39:23.858Z] tick · social:cron-tick · status=200 · OK
[2026-08-25T18:40:19.206Z] tick · cle:conversation · spawning
[2026-08-25T18:40:19.682Z] tick · cle:conversation · exit=0 signal=- · OK
[2026-08-25T18:40:22.937Z] tick · discovery:orchestrator:tick · spawning
[2026-08-25T18:40:23.214Z] tick · discovery:orchestrator:tick · exit=0 signal=- · OK
[2026-08-25T18:40:23.763Z] tick · social:cron-tick · fetching GET http://localhost:3008/api/cron/comms-social-worker
[2026-08-25T18:40:23.987Z] tick · social:cron-tick · status=200 · OK
[2026-08-25T18:40:49.123Z] tick · discovery:rotation:tick · spawning
[2026-08-25T18:40:49.680Z] tick · discovery:rotation:tick · exit=0 signal=- · OK
[2026-08-25T18:41:22.943Z] tick · discovery:orchestrator:tick · spawning
[2026-08-25T18:41:23.362Z] tick · discovery:orchestrator:tick · exit=0 signal=- · OK
[2026-08-25T18:41:23.762Z] tick · social:cron-tick · fetching GET http://localhost:3008/api/cron/comms-social-worker
[2026-08-25T18:41:24.168Z] tick · social:cron-tick · status=200 · OK
[2026-08-25T18:42:19.974Z] tick · orchestration:zombie-reconciler · spawning
[2026-08-25T18:42:20.251Z] tick · orchestration:zombie-reconciler · exit=0 signal=- · OK
[2026-08-25T18:42:20.375Z] tick · brain:cron-tick · fetching GET http://localhost:3008/api/nex/brain/cron-tick
[2026-08-25T18:42:20.897Z] tick · brain:cron-tick · status=200 · OK
[2026-08-25T18:42:22.945Z] tick · discovery:orchestrator:tick · spawning
[2026-08-25T18:42:23.314Z] tick · discovery:orchestrator:tick · exit=0 signal=- · OK
[2026-08-25T18:42:23.764Z] tick · social:cron-tick · fetching GET http://localhost:3008/api/cron/comms-social-worker
[2026-08-25T18:42:23.881Z] tick · social:cron-tick · status=200 · OK
[2026-08-25T18:43:22.947Z] tick · discovery:orchestrator:tick · spawning
[2026-08-25T18:43:23.257Z] tick · discovery:orchestrator:tick · exit=0 signal=- · OK
[2026-08-25T18:43:23.770Z] tick · social:cron-tick · fetching GET http://localhost:3008/api/cron/comms-social-worker
[2026-08-25T18:43:23.973Z] tick · social:cron-tick · status=200 · OK
[2026-08-25T18:44:22.949Z] tick · discovery:orchestrator:tick · spawning
[2026-08-25T18:44:23.338Z] tick · discovery:orchestrator:tick · exit=0 signal=- · OK
[2026-08-25T18:44:23.774Z] tick · social:cron-tick · fetching GET http://localhost:3008/api/cron/comms-social-worker
[2026-08-25T18:44:24.037Z] tick · social:cron-tick · status=200 · OK
[2026-08-25T18:45:19.974Z] tick · orchestration:zombie-reconciler · spawning
[2026-08-25T18:45:20.308Z] tick · orchestration:zombie-reconciler · exit=0 signal=- · OK
[2026-08-25T18:45:20.386Z] tick · brain:cron-tick · fetching GET http://localhost:3008/api/nex/brain/cron-tick
[2026-08-25T18:45:21.019Z] tick · brain:cron-tick · status=200 · OK
[2026-08-25T18:45:22.959Z] tick · discovery:orchestrator:tick · spawning
[2026-08-25T18:45:23.214Z] tick · discovery:orchestrator:tick · exit=0 signal=- · OK
[2026-08-25T18:45:23.780Z] tick · social:cron-tick · fetching GET http://localhost:3008/api/cron/comms-social-worker
[2026-08-25T18:45:23.902Z] tick · social:cron-tick · status=200 · OK
[2026-08-25T18:46:22.962Z] tick · discovery:orchestrator:tick · spawning
[2026-08-25T18:46:23.183Z] tick · discovery:orchestrator:tick · exit=0 signal=- · OK
[2026-08-25T18:46:23.780Z] tick · social:cron-tick · fetching GET http://localhost:3008/api/cron/comms-social-worker
[2026-08-25T18:46:23.912Z] tick · social:cron-tick · status=200 · OK
[2026-08-25T18:47:22.963Z] tick · discovery:orchestrator:tick · spawning
[2026-08-25T18:47:23.169Z] tick · discovery:orchestrator:tick · exit=0 signal=- · OK
[2026-08-25T18:47:23.792Z] tick · social:cron-tick · fetching GET http://localhost:3008/api/cron/comms-social-worker
[2026-08-25T18:47:23.981Z] tick · social:cron-tick · status=200 · OK
[2026-08-25T18:48:19.974Z] tick · orchestration:zombie-reconciler · spawning
[2026-08-25T18:48:20.171Z] tick · orchestration:zombie-reconciler · exit=0 signal=- · OK
[2026-08-25T18:48:20.389Z] tick · brain:cron-tick · fetching GET http://localhost:3008/api/nex/brain/cron-tick
[2026-08-25T18:48:20.796Z] tick · brain:cron-tick · status=200 · OK
[2026-08-25T18:48:22.969Z] tick · discovery:orchestrator:tick · spawning
[2026-08-25T18:48:23.189Z] tick · discovery:orchestrator:tick · exit=0 signal=- · OK
[2026-08-25T18:48:23.794Z] tick · social:cron-tick · fetching GET http://localhost:3008/api/cron/comms-social-worker
[2026-08-25T18:48:23.884Z] tick · social:cron-tick · status=200 · OK
[2026-08-25T18:49:22.980Z] tick · discovery:orchestrator:tick · spawning
[2026-08-25T18:49:23.235Z] tick · discovery:orchestrator:tick · exit=0 signal=- · OK
[2026-08-25T18:49:23.798Z] tick · social:cron-tick · fetching GET http://localhost:3008/api/cron/comms-social-worker
[2026-08-25T18:49:23.980Z] tick · social:cron-tick · status=200 · OK
[2026-08-25T18:50:19.213Z] tick · cle:conversation · spawning
[2026-08-25T18:50:19.486Z] tick · cle:conversation · exit=0 signal=- · OK
[2026-08-25T18:50:22.987Z] tick · discovery:orchestrator:tick · spawning
[2026-08-25T18:50:23.197Z] tick · discovery:orchestrator:tick · exit=0 signal=- · OK
[2026-08-25T18:50:23.808Z] tick · social:cron-tick · fetching GET http://localhost:3008/api/cron/comms-social-worker
[2026-08-25T18:50:23.956Z] tick · social:cron-tick · status=200 · OK
[2026-08-25T18:50:49.137Z] tick · discovery:rotation:tick · spawning
[2026-08-25T18:50:49.672Z] tick · discovery:rotation:tick · exit=0 signal=- · OK
[2026-08-25T18:51:19.976Z] tick · orchestration:zombie-reconciler · spawning
[2026-08-25T18:51:20.193Z] tick · orchestration:zombie-reconciler · exit=0 signal=- · OK
[2026-08-25T18:51:20.389Z] tick · brain:cron-tick · fetching GET http://localhost:3008/api/nex/brain/cron-tick
[2026-08-25T18:51:20.710Z] tick · brain:cron-tick · status=200 · OK
[2026-08-25T18:51:22.994Z] tick · discovery:orchestrator:tick · spawning
[2026-08-25T18:51:23.200Z] tick · discovery:orchestrator:tick · exit=0 signal=- · OK
[2026-08-25T18:51:23.809Z] tick · social:cron-tick · fetching GET http://localhost:3008/api/cron/comms-social-worker
[2026-08-25T18:51:23.878Z] tick · social:cron-tick · status=200 · OK
[2026-08-25T18:52:22.995Z] tick · discovery:orchestrator:tick · spawning
[2026-08-25T18:52:23.212Z] tick · discovery:orchestrator:tick · exit=0 signal=- · OK
[2026-08-25T18:52:23.820Z] tick · social:cron-tick · fetching GET http://localhost:3008/api/cron/comms-social-worker
[2026-08-25T18:52:24.115Z] tick · social:cron-tick · status=200 · OK
[2026-08-25T18:53:22.995Z] tick · discovery:orchestrator:tick · spawning
[2026-08-25T18:53:23.415Z] tick · discovery:orchestrator:tick · exit=0 signal=- · OK
[2026-08-25T18:53:23.823Z] tick · social:cron-tick · fetching GET http://localhost:3008/api/cron/comms-social-worker
[2026-08-25T18:53:24.031Z] tick · social:cron-tick · status=200 · OK
[2026-08-25T18:54:19.983Z] tick · orchestration:zombie-reconciler · spawning
[2026-08-25T18:54:20.390Z] tick · brain:cron-tick · fetching GET http://localhost:3008/api/nex/brain/cron-tick
[2026-08-25T18:54:20.409Z] tick · orchestration:zombie-reconciler · exit=0 signal=- · OK
[2026-08-25T18:54:20.740Z] tick · brain:cron-tick · status=200 · OK
[2026-08-25T18:54:23.011Z] tick · discovery:orchestrator:tick · spawning
[2026-08-25T18:54:23.236Z] tick · discovery:orchestrator:tick · exit=0 signal=- · OK
[2026-08-25T18:54:23.836Z] tick · social:cron-tick · fetching GET http://localhost:3008/api/cron/comms-social-worker
[2026-08-25T18:54:23.885Z] tick · social:cron-tick · status=200 · OK
[2026-08-25T18:55:23.020Z] tick · discovery:orchestrator:tick · spawning
[2026-08-25T18:55:23.362Z] tick · discovery:orchestrator:tick · exit=0 signal=- · OK
[2026-08-25T18:55:23.836Z] tick · social:cron-tick · fetching GET http://localhost:3008/api/cron/comms-social-worker
[2026-08-25T18:55:24.012Z] tick · social:cron-tick · status=200 · OK
[2026-08-25T18:56:23.027Z] tick · discovery:orchestrator:tick · spawning
[2026-08-25T18:56:23.249Z] tick · discovery:orchestrator:tick · exit=0 signal=- · OK
[2026-08-25T18:56:23.844Z] tick · social:cron-tick · fetching GET http://localhost:3008/api/cron/comms-social-worker
[2026-08-25T18:56:24.101Z] tick · social:cron-tick · status=200 · OK
[2026-08-25T18:57:19.984Z] tick · orchestration:zombie-reconciler · spawning
[2026-08-25T18:57:20.180Z] tick · orchestration:zombie-reconciler · exit=0 signal=- · OK
[2026-08-25T18:57:20.399Z] tick · brain:cron-tick · fetching GET http://localhost:3008/api/nex/brain/cron-tick
[2026-08-25T18:57:20.826Z] tick · brain:cron-tick · status=200 · OK
[2026-08-25T18:57:23.030Z] tick · discovery:orchestrator:tick · spawning
[2026-08-25T18:57:23.226Z] tick · discovery:orchestrator:tick · exit=0 signal=- · OK
[2026-08-25T18:57:23.850Z] tick · social:cron-tick · fetching GET http://localhost:3008/api/cron/comms-social-worker
[2026-08-25T18:57:23.989Z] tick · social:cron-tick · status=200 · OK
[2026-08-25T18:58:23.031Z] tick · discovery:orchestrator:tick · spawning
[2026-08-25T18:58:23.218Z] tick · discovery:orchestrator:tick · exit=0 signal=- · OK
[2026-08-25T18:58:23.860Z] tick · social:cron-tick · fetching GET http://localhost:3008/api/cron/comms-social-worker
[2026-08-25T18:58:23.990Z] tick · social:cron-tick · status=200 · OK
[2026-08-25T18:59:23.034Z] tick · discovery:orchestrator:tick · spawning
[2026-08-25T18:59:23.283Z] tick · discovery:orchestrator:tick · exit=0 signal=- · OK
[2026-08-25T18:59:23.867Z] tick · social:cron-tick · fetching GET http://localhost:3008/api/cron/comms-social-worker
[2026-08-25T18:59:24.076Z] tick · social:cron-tick · status=200 · OK
[2026-08-25T19:00:19.019Z] tick · promotion:food:Yogyakarta:quality-check · spawning
[2026-08-25T19:00:19.220Z] tick · cle:conversation · spawning
[2026-08-25T19:00:19.562Z] tick · promotion:food:Yogyakarta:quality-check · exit=0 signal=- · OK
[2026-08-25T19:00:19.589Z] tick · cle:conversation · exit=0 signal=- · OK
[2026-08-25T19:00:19.984Z] tick · orchestration:zombie-reconciler · spawning
[2026-08-25T19:00:20.225Z] tick · orchestration:zombie-reconciler · exit=0 signal=- · OK
[2026-08-25T19:00:20.401Z] tick · brain:cron-tick · fetching GET http://localhost:3008/api/nex/brain/cron-tick
[2026-08-25T19:00:20.768Z] tick · brain:cron-tick · status=200 · OK
[2026-08-25T19:00:23.040Z] tick · discovery:orchestrator:tick · spawning
[2026-08-25T19:00:23.424Z] tick · discovery:orchestrator:tick · exit=0 signal=- · OK
[2026-08-25T19:00:23.873Z] tick · social:cron-tick · fetching GET http://localhost:3008/api/cron/comms-social-worker
[2026-08-25T19:00:23.997Z] tick · social:cron-tick · status=200 · OK
[2026-08-25T19:00:49.138Z] tick · discovery:rotation:tick · spawning
[2026-08-25T19:00:49.699Z] tick · discovery:rotation:tick · exit=0 signal=- · OK
[2026-08-25T19:01:23.048Z] tick · discovery:orchestrator:tick · spawning
[2026-08-25T19:01:23.312Z] tick · discovery:orchestrator:tick · exit=0 signal=- · OK
[2026-08-25T19:01:23.878Z] tick · social:cron-tick · fetching GET http://localhost:3008/api/cron/comms-social-worker
[2026-08-25T19:01:24.108Z] tick · social:cron-tick · status=200 · OK
[2026-08-25T19:02:23.052Z] tick · discovery:orchestrator:tick · spawning
[2026-08-25T19:02:23.302Z] tick · discovery:orchestrator:tick · exit=0 signal=- · OK
[2026-08-25T19:02:23.892Z] tick · social:cron-tick · fetching GET http://localhost:3008/api/cron/comms-social-worker
[2026-08-25T19:02:24.123Z] tick · social:cron-tick · status=200 · OK
[2026-08-25T19:03:19.988Z] tick · orchestration:zombie-reconciler · spawning
[2026-08-25T19:03:20.377Z] tick · orchestration:zombie-reconciler · exit=0 signal=- · OK
[2026-08-25T19:03:20.404Z] tick · brain:cron-tick · fetching GET http://localhost:3008/api/nex/brain/cron-tick
[2026-08-25T19:03:21.090Z] tick · brain:cron-tick · status=200 · OK
[2026-08-25T19:03:23.067Z] tick · discovery:orchestrator:tick · spawning
[2026-08-25T19:03:23.358Z] tick · discovery:orchestrator:tick · exit=0 signal=- · OK
[2026-08-25T19:03:23.892Z] tick · social:cron-tick · fetching GET http://localhost:3008/api/cron/comms-social-worker
[2026-08-25T19:03:24.033Z] tick · social:cron-tick · status=200 · OK
[2026-08-25T19:04:23.070Z] tick · discovery:orchestrator:tick · spawning
[2026-08-25T19:04:23.360Z] tick · discovery:orchestrator:tick · exit=0 signal=- · OK
[2026-08-25T19:04:23.897Z] tick · social:cron-tick · fetching GET http://localhost:3008/api/cron/comms-social-worker
[2026-08-25T19:04:24.120Z] tick · social:cron-tick · status=200 · OK
[2026-08-25T19:05:23.076Z] tick · discovery:orchestrator:tick · spawning
[2026-08-25T19:05:23.406Z] tick · discovery:orchestrator:tick · exit=0 signal=- · OK
[2026-08-25T19:05:23.901Z] tick · social:cron-tick · fetching GET http://localhost:3008/api/cron/comms-social-worker
[2026-08-25T19:05:24.092Z] tick · social:cron-tick · status=200 · OK
[2026-08-25T19:06:19.991Z] tick · orchestration:zombie-reconciler · spawning
[2026-08-25T19:06:20.296Z] tick · orchestration:zombie-reconciler · exit=0 signal=- · OK
[2026-08-25T19:06:20.407Z] tick · brain:cron-tick · fetching GET http://localhost:3008/api/nex/brain/cron-tick
[2026-08-25T19:06:21.170Z] tick · brain:cron-tick · status=200 · OK
[2026-08-25T19:06:23.089Z] tick · discovery:orchestrator:tick · spawning
[2026-08-25T19:06:23.377Z] tick · discovery:orchestrator:tick · exit=0 signal=- · OK
[2026-08-25T19:06:23.908Z] tick · social:cron-tick · fetching GET http://localhost:3008/api/cron/comms-social-worker
[2026-08-25T19:06:24.058Z] tick · social:cron-tick · status=200 · OK
[2026-08-25T19:07:23.095Z] tick · discovery:orchestrator:tick · spawning
[2026-08-25T19:07:23.341Z] tick · discovery:orchestrator:tick · exit=0 signal=- · OK
[2026-08-25T19:07:23.912Z] tick · social:cron-tick · fetching GET http://localhost:3008/api/cron/comms-social-worker
[2026-08-25T19:07:24.173Z] tick · social:cron-tick · status=200 · OK
[2026-08-25T19:08:23.108Z] tick · discovery:orchestrator:tick · spawning
[2026-08-25T19:08:23.457Z] tick · discovery:orchestrator:tick · exit=0 signal=- · OK
[2026-08-25T19:08:23.920Z] tick · social:cron-tick · fetching GET http://localhost:3008/api/cron/comms-social-worker
[2026-08-25T19:08:24.149Z] tick · social:cron-tick · status=200 · OK
[2026-08-25T19:09:19.994Z] tick · orchestration:zombie-reconciler · spawning
[2026-08-25T19:09:20.262Z] tick · orchestration:zombie-reconciler · exit=0 signal=- · OK
[2026-08-25T19:09:20.409Z] tick · brain:cron-tick · fetching GET http://localhost:3008/api/nex/brain/cron-tick
[2026-08-25T19:09:20.848Z] tick · brain:cron-tick · status=200 · OK
[2026-08-25T19:09:23.123Z] tick · discovery:orchestrator:tick · spawning
[2026-08-25T19:09:23.378Z] tick · discovery:orchestrator:tick · exit=0 signal=- · OK
[2026-08-25T19:09:23.925Z] tick · social:cron-tick · fetching GET http://localhost:3008/api/cron/comms-social-worker
[2026-08-25T19:09:24.035Z] tick · social:cron-tick · status=200 · OK
[2026-08-25T19:10:19.222Z] tick · cle:conversation · spawning
[2026-08-25T19:10:19.591Z] tick · cle:conversation · exit=0 signal=- · OK
[2026-08-25T19:10:23.124Z] tick · discovery:orchestrator:tick · spawning
[2026-08-25T19:10:23.376Z] tick · discovery:orchestrator:tick · exit=0 signal=- · OK
[2026-08-25T19:10:23.930Z] tick · social:cron-tick · fetching GET http://localhost:3008/api/cron/comms-social-worker
[2026-08-25T19:10:24.164Z] tick · social:cron-tick · status=200 · OK
[2026-08-25T19:10:49.147Z] tick · discovery:rotation:tick · spawning
[2026-08-25T19:10:49.725Z] tick · discovery:rotation:tick · exit=0 signal=- · OK
[2026-08-25T19:11:23.130Z] tick · discovery:orchestrator:tick · spawning
[2026-08-25T19:11:23.374Z] tick · discovery:orchestrator:tick · exit=0 signal=- · OK
[2026-08-25T19:11:23.930Z] tick · social:cron-tick · fetching GET http://localhost:3008/api/cron/comms-social-worker
[2026-08-25T19:11:24.135Z] tick · social:cron-tick · status=200 · OK
[2026-08-25T19:12:19.995Z] tick · orchestration:zombie-reconciler · spawning
[2026-08-25T19:12:20.241Z] tick · orchestration:zombie-reconciler · exit=0 signal=- · OK
[2026-08-25T19:12:20.413Z] tick · brain:cron-tick · fetching GET http://localhost:3008/api/nex/brain/cron-tick
[2026-08-25T19:12:20.816Z] tick · brain:cron-tick · status=200 · OK
[2026-08-25T19:12:23.142Z] tick · discovery:orchestrator:tick · spawning
[2026-08-25T19:12:23.399Z] tick · discovery:orchestrator:tick · exit=0 signal=- · OK
[2026-08-25T19:12:23.931Z] tick · social:cron-tick · fetching GET http://localhost:3008/api/cron/comms-social-worker
[2026-08-25T19:12:24.051Z] tick · social:cron-tick · status=200 · OK
[2026-08-25T19:13:23.153Z] tick · discovery:orchestrator:tick · spawning
[2026-08-25T19:13:23.479Z] tick · discovery:orchestrator:tick · exit=0 signal=- · OK
[2026-08-25T19:13:23.939Z] tick · social:cron-tick · fetching GET http://localhost:3008/api/cron/comms-social-worker
[2026-08-25T19:13:24.092Z] tick · social:cron-tick · status=200 · OK
[2026-08-25T19:14:23.157Z] tick · discovery:orchestrator:tick · spawning
[2026-08-25T19:14:23.343Z] tick · discovery:orchestrator:tick · exit=0 signal=- · OK
[2026-08-25T19:14:23.945Z] tick · social:cron-tick · fetching GET http://localhost:3008/api/cron/comms-social-worker
[2026-08-25T19:14:24.080Z] tick · social:cron-tick · status=200 · OK
[2026-08-25T19:15:19.997Z] tick · orchestration:zombie-reconciler · spawning
[2026-08-25T19:15:20.316Z] tick · orchestration:zombie-reconciler · exit=0 signal=- · OK
[2026-08-25T19:15:20.414Z] tick · brain:cron-tick · fetching GET http://localhost:3008/api/nex/brain/cron-tick
[2026-08-25T19:15:20.822Z] tick · brain:cron-tick · status=200 · OK
[2026-08-25T19:15:23.163Z] tick · discovery:orchestrator:tick · spawning
[2026-08-25T19:15:23.355Z] tick · discovery:orchestrator:tick · exit=0 signal=- · OK
[2026-08-25T19:15:23.948Z] tick · social:cron-tick · fetching GET http://localhost:3008/api/cron/comms-social-worker
[2026-08-25T19:15:24.012Z] tick · social:cron-tick · status=200 · OK
[2026-08-25T19:16:23.168Z] tick · discovery:orchestrator:tick · spawning
[2026-08-25T19:16:23.453Z] tick · discovery:orchestrator:tick · exit=0 signal=- · OK
[2026-08-25T19:16:23.952Z] tick · social:cron-tick · fetching GET http://localhost:3008/api/cron/comms-social-worker
[2026-08-25T19:16:24.145Z] tick · social:cron-tick · status=200 · OK
[2026-08-25T19:17:23.168Z] tick · discovery:orchestrator:tick · spawning
[2026-08-25T19:17:23.368Z] tick · discovery:orchestrator:tick · exit=0 signal=- · OK
[2026-08-25T19:17:23.956Z] tick · social:cron-tick · fetching GET http://localhost:3008/api/cron/comms-social-worker
[2026-08-25T19:17:24.143Z] tick · social:cron-tick · status=200 · OK
[2026-08-25T19:18:20.000Z] tick · orchestration:zombie-reconciler · spawning
[2026-08-25T19:18:20.292Z] tick · orchestration:zombie-reconciler · exit=0 signal=- · OK
[2026-08-25T19:18:20.417Z] tick · brain:cron-tick · fetching GET http://localhost:3008/api/nex/brain/cron-tick
[2026-08-25T19:18:20.770Z] tick · brain:cron-tick · status=200 · OK
[2026-08-25T19:18:23.174Z] tick · discovery:orchestrator:tick · spawning
[2026-08-25T19:18:23.358Z] tick · discovery:orchestrator:tick · exit=0 signal=- · OK
[2026-08-25T19:18:23.963Z] tick · social:cron-tick · fetching GET http://localhost:3008/api/cron/comms-social-worker
[2026-08-25T19:18:24.045Z] tick · social:cron-tick · status=200 · OK
[2026-08-25T19:19:23.186Z] tick · discovery:orchestrator:tick · spawning
[2026-08-25T19:19:23.387Z] tick · discovery:orchestrator:tick · exit=0 signal=- · OK
[2026-08-25T19:19:23.964Z] tick · social:cron-tick · fetching GET http://localhost:3008/api/cron/comms-social-worker
[2026-08-25T19:19:24.105Z] tick · social:cron-tick · status=200 · OK
[2026-08-25T19:20:19.229Z] tick · cle:conversation · spawning
[2026-08-25T19:20:19.489Z] tick · cle:conversation · exit=0 signal=- · OK
[2026-08-25T19:20:23.191Z] tick · discovery:orchestrator:tick · spawning
[2026-08-25T19:20:23.383Z] tick · discovery:orchestrator:tick · exit=0 signal=- · OK
[2026-08-25T19:20:23.970Z] tick · social:cron-tick · fetching GET http://localhost:3008/api/cron/comms-social-worker
[2026-08-25T19:20:24.201Z] tick · social:cron-tick · status=200 · OK
[2026-08-25T19:20:49.150Z] tick · discovery:rotation:tick · spawning
[2026-08-25T19:20:49.733Z] tick · discovery:rotation:tick · exit=0 signal=- · OK
[2026-08-25T19:21:20.003Z] tick · orchestration:zombie-reconciler · spawning
[2026-08-25T19:21:20.187Z] tick · orchestration:zombie-reconciler · exit=0 signal=- · OK
[2026-08-25T19:21:20.421Z] tick · brain:cron-tick · fetching GET http://localhost:3008/api/nex/brain/cron-tick
[2026-08-25T19:21:20.773Z] tick · brain:cron-tick · status=200 · OK
[2026-08-25T19:21:23.198Z] tick · discovery:orchestrator:tick · spawning
[2026-08-25T19:21:23.387Z] tick · discovery:orchestrator:tick · exit=0 signal=- · OK
[2026-08-25T19:21:23.977Z] tick · social:cron-tick · fetching GET http://localhost:3008/api/cron/comms-social-worker
[2026-08-25T19:21:24.085Z] tick · social:cron-tick · status=200 · OK
[2026-08-25T19:22:23.203Z] tick · discovery:orchestrator:tick · spawning
[2026-08-25T19:22:23.405Z] tick · discovery:orchestrator:tick · exit=0 signal=- · OK
[2026-08-25T19:22:23.981Z] tick · social:cron-tick · fetching GET http://localhost:3008/api/cron/comms-social-worker
[2026-08-25T19:22:24.215Z] tick · social:cron-tick · status=200 · OK
[2026-08-25T19:23:23.210Z] tick · discovery:orchestrator:tick · spawning
[2026-08-25T19:23:23.407Z] tick · discovery:orchestrator:tick · exit=0 signal=- · OK
[2026-08-25T19:23:23.993Z] tick · social:cron-tick · fetching GET http://localhost:3008/api/cron/comms-social-worker
[2026-08-25T19:23:24.126Z] tick · social:cron-tick · status=200 · OK
[2026-08-25T19:24:20.008Z] tick · orchestration:zombie-reconciler · spawning
[2026-08-25T19:24:20.182Z] tick · orchestration:zombie-reconciler · exit=0 signal=- · OK
[2026-08-25T19:24:20.424Z] tick · brain:cron-tick · fetching GET http://localhost:3008/api/nex/brain/cron-tick
[2026-08-25T19:24:20.817Z] tick · brain:cron-tick · status=200 · OK
[2026-08-25T19:24:23.215Z] tick · discovery:orchestrator:tick · spawning
[2026-08-25T19:24:23.398Z] tick · discovery:orchestrator:tick · exit=0 signal=- · OK
[2026-08-25T19:24:23.998Z] tick · social:cron-tick · fetching GET http://localhost:3008/api/cron/comms-social-worker
[2026-08-25T19:24:24.068Z] tick · social:cron-tick · status=200 · OK
[2026-08-25T19:25:23.220Z] tick · discovery:orchestrator:tick · spawning
[2026-08-25T19:25:23.407Z] tick · discovery:orchestrator:tick · exit=0 signal=- · OK
[2026-08-25T19:25:23.997Z] tick · social:cron-tick · fetching GET http://localhost:3008/api/cron/comms-social-worker
[2026-08-25T19:25:24.130Z] tick · social:cron-tick · status=200 · OK
[2026-08-25T19:26:23.222Z] tick · discovery:orchestrator:tick · spawning
[2026-08-25T19:26:23.463Z] tick · discovery:orchestrator:tick · exit=0 signal=- · OK
[2026-08-25T19:26:24.000Z] tick · social:cron-tick · fetching GET http://localhost:3008/api/cron/comms-social-worker
[2026-08-25T19:26:24.192Z] tick · social:cron-tick · status=200 · OK
[2026-08-25T19:27:20.015Z] tick · orchestration:zombie-reconciler · spawning
[2026-08-25T19:27:20.202Z] tick · orchestration:zombie-reconciler · exit=0 signal=- · OK
[2026-08-25T19:27:20.427Z] tick · brain:cron-tick · fetching GET http://localhost:3008/api/nex/brain/cron-tick
[2026-08-25T19:27:20.758Z] tick · brain:cron-tick · status=200 · OK
[2026-08-25T19:27:23.226Z] tick · discovery:orchestrator:tick · spawning
[2026-08-25T19:27:23.414Z] tick · discovery:orchestrator:tick · exit=0 signal=- · OK
[2026-08-25T19:27:24.002Z] tick · social:cron-tick · fetching GET http://localhost:3008/api/cron/comms-social-worker
[2026-08-25T19:27:24.086Z] tick · social:cron-tick · status=200 · OK
[2026-08-25T19:28:23.231Z] tick · discovery:orchestrator:tick · spawning
[2026-08-25T19:28:23.422Z] tick · discovery:orchestrator:tick · exit=0 signal=- · OK
[2026-08-25T19:28:24.009Z] tick · social:cron-tick · fetching GET http://localhost:3008/api/cron/comms-social-worker
[2026-08-25T19:28:24.168Z] tick · social:cron-tick · status=200 · OK
[2026-08-25T19:29:23.238Z] tick · discovery:orchestrator:tick · spawning
[2026-08-25T19:29:23.436Z] tick · discovery:orchestrator:tick · exit=0 signal=- · OK
[2026-08-25T19:29:24.018Z] tick · social:cron-tick · fetching GET http://localhost:3008/api/cron/comms-social-worker
[2026-08-25T19:29:24.190Z] tick · social:cron-tick · status=200 · OK
[2026-08-25T19:30:19.028Z] tick · promotion:food:Yogyakarta:quality-check · spawning
[2026-08-25T19:30:19.234Z] tick · cle:conversation · spawning
[2026-08-25T19:30:19.445Z] tick · promotion:food:Yogyakarta:quality-check · exit=0 signal=- · OK
[2026-08-25T19:30:19.473Z] tick · cle:conversation · exit=0 signal=- · OK
[2026-08-25T19:30:20.025Z] tick · orchestration:zombie-reconciler · spawning
[2026-08-25T19:30:20.207Z] tick · orchestration:zombie-reconciler · exit=0 signal=- · OK
[2026-08-25T19:30:20.432Z] tick · brain:cron-tick · fetching GET http://localhost:3008/api/nex/brain/cron-tick
[2026-08-25T19:30:20.739Z] tick · brain:cron-tick · status=200 · OK
[2026-08-25T19:30:23.243Z] tick · discovery:orchestrator:tick · spawning
[2026-08-25T19:30:23.439Z] tick · discovery:orchestrator:tick · exit=0 signal=- · OK
[2026-08-25T19:30:24.028Z] tick · social:cron-tick · fetching GET http://localhost:3008/api/cron/comms-social-worker
[2026-08-25T19:30:24.090Z] tick · social:cron-tick · status=200 · OK
[2026-08-25T19:30:49.152Z] tick · discovery:rotation:tick · spawning
[2026-08-25T19:30:49.599Z] tick · discovery:rotation:tick · exit=0 signal=- · OK
[2026-08-25T19:31:23.247Z] tick · discovery:orchestrator:tick · spawning
[2026-08-25T19:31:23.444Z] tick · discovery:orchestrator:tick · exit=0 signal=- · OK
[2026-08-25T19:31:24.036Z] tick · social:cron-tick · fetching GET http://localhost:3008/api/cron/comms-social-worker
[2026-08-25T19:31:24.196Z] tick · social:cron-tick · status=200 · OK
[2026-08-25T19:32:23.255Z] tick · discovery:orchestrator:tick · spawning
[2026-08-25T19:32:23.473Z] tick · discovery:orchestrator:tick · exit=0 signal=- · OK
[2026-08-25T19:32:24.045Z] tick · social:cron-tick · fetching GET http://localhost:3008/api/cron/comms-social-worker
[2026-08-25T19:32:24.811Z] tick · social:cron-tick · status=200 · OK
[2026-08-25T19:33:20.026Z] tick · orchestration:zombie-reconciler · spawning
[2026-08-25T19:33:20.237Z] tick · orchestration:zombie-reconciler · exit=0 signal=- · OK
[2026-08-25T19:33:20.438Z] tick · brain:cron-tick · fetching GET http://localhost:3008/api/nex/brain/cron-tick
[2026-08-25T19:33:20.831Z] tick · brain:cron-tick · status=200 · OK
[2026-08-25T19:33:23.259Z] tick · discovery:orchestrator:tick · spawning
[2026-08-25T19:33:23.462Z] tick · discovery:orchestrator:tick · exit=0 signal=- · OK
[2026-08-25T19:33:24.048Z] tick · social:cron-tick · fetching GET http://localhost:3008/api/cron/comms-social-worker
[2026-08-25T19:33:24.155Z] tick · social:cron-tick · status=200 · OK
[2026-08-25T19:34:23.265Z] tick · discovery:orchestrator:tick · spawning
[2026-08-25T19:34:23.461Z] tick · discovery:orchestrator:tick · exit=0 signal=- · OK
[2026-08-25T19:34:24.053Z] tick · social:cron-tick · fetching GET http://localhost:3008/api/cron/comms-social-worker
[2026-08-25T19:34:24.188Z] tick · social:cron-tick · status=200 · OK
[2026-08-25T19:35:23.265Z] tick · discovery:orchestrator:tick · spawning
[2026-08-25T19:35:23.477Z] tick · discovery:orchestrator:tick · exit=0 signal=- · OK
[2026-08-25T19:35:24.057Z] tick · social:cron-tick · fetching GET http://localhost:3008/api/cron/comms-social-worker
[2026-08-25T19:35:24.186Z] tick · social:cron-tick · status=200 · OK
[2026-08-25T19:36:20.027Z] tick · orchestration:zombie-reconciler · spawning
[2026-08-25T19:36:20.204Z] tick · orchestration:zombie-reconciler · exit=0 signal=- · OK
[2026-08-25T19:36:20.439Z] tick · brain:cron-tick · fetching GET http://localhost:3008/api/nex/brain/cron-tick
[2026-08-25T19:36:20.777Z] tick · brain:cron-tick · status=200 · OK
[2026-08-25T19:36:23.271Z] tick · discovery:orchestrator:tick · spawning
[2026-08-25T19:36:23.552Z] tick · discovery:orchestrator:tick · exit=0 signal=- · OK
[2026-08-25T19:36:24.056Z] tick · social:cron-tick · fetching GET http://localhost:3008/api/cron/comms-social-worker
[2026-08-25T19:36:24.169Z] tick · social:cron-tick · status=200 · OK
[2026-08-25T19:37:23.274Z] tick · discovery:orchestrator:tick · spawning
[2026-08-25T19:37:23.482Z] tick · discovery:orchestrator:tick · exit=0 signal=- · OK
[2026-08-25T19:37:24.063Z] tick · social:cron-tick · fetching GET http://localhost:3008/api/cron/comms-social-worker
[2026-08-25T19:37:24.210Z] tick · social:cron-tick · status=200 · OK
[2026-08-25T19:38:23.279Z] tick · discovery:orchestrator:tick · spawning
[2026-08-25T19:38:23.495Z] tick · discovery:orchestrator:tick · exit=0 signal=- · OK
[2026-08-25T19:38:24.065Z] tick · social:cron-tick · fetching GET http://localhost:3008/api/cron/comms-social-worker
[2026-08-25T19:38:24.329Z] tick · social:cron-tick · status=200 · OK
[2026-08-25T19:39:20.029Z] tick · orchestration:zombie-reconciler · spawning
[2026-08-25T19:39:20.215Z] tick · orchestration:zombie-reconciler · exit=0 signal=- · OK
[2026-08-25T19:39:20.441Z] tick · brain:cron-tick · fetching GET http://localhost:3008/api/nex/brain/cron-tick
[2026-08-25T19:39:20.798Z] tick · brain:cron-tick · status=200 · OK
[2026-08-25T19:39:23.279Z] tick · discovery:orchestrator:tick · spawning
[2026-08-25T19:39:23.475Z] tick · discovery:orchestrator:tick · exit=0 signal=- · OK
[2026-08-25T19:39:24.066Z] tick · social:cron-tick · fetching GET http://localhost:3008/api/cron/comms-social-worker
[2026-08-25T19:39:24.127Z] tick · social:cron-tick · status=200 · OK
[2026-08-25T19:40:19.234Z] tick · cle:conversation · spawning
[2026-08-25T19:40:19.525Z] tick · cle:conversation · exit=0 signal=- · OK
[2026-08-25T19:40:23.281Z] tick · discovery:orchestrator:tick · spawning
[2026-08-25T19:40:23.539Z] tick · discovery:orchestrator:tick · exit=0 signal=- · OK
[2026-08-25T19:40:24.066Z] tick · social:cron-tick · fetching GET http://localhost:3008/api/cron/comms-social-worker
[2026-08-25T19:40:24.216Z] tick · social:cron-tick · status=200 · OK
[2026-08-25T19:40:49.156Z] tick · discovery:rotation:tick · spawning
[2026-08-25T19:40:49.740Z] tick · discovery:rotation:tick · exit=0 signal=- · OK
[2026-08-25T19:41:23.287Z] tick · discovery:orchestrator:tick · spawning
[2026-08-25T19:41:23.499Z] tick · discovery:orchestrator:tick · exit=0 signal=- · OK
[2026-08-25T19:41:24.069Z] tick · social:cron-tick · fetching GET http://localhost:3008/api/cron/comms-social-worker
[2026-08-25T19:41:24.327Z] tick · social:cron-tick · status=200 · OK
[2026-08-25T19:42:20.031Z] tick · orchestration:zombie-reconciler · spawning
[2026-08-25T19:42:20.266Z] tick · orchestration:zombie-reconciler · exit=0 signal=- · OK
[2026-08-25T19:42:20.448Z] tick · brain:cron-tick · fetching GET http://localhost:3008/api/nex/brain/cron-tick
[2026-08-25T19:42:20.935Z] tick · brain:cron-tick · status=200 · OK
[2026-08-25T19:42:23.288Z] tick · discovery:orchestrator:tick · spawning
[2026-08-25T19:42:23.575Z] tick · discovery:orchestrator:tick · exit=0 signal=- · OK
[2026-08-25T19:42:24.071Z] tick · social:cron-tick · fetching GET http://localhost:3008/api/cron/comms-social-worker
[2026-08-25T19:42:24.247Z] tick · social:cron-tick · status=200 · OK
[2026-08-25T19:43:23.294Z] tick · discovery:orchestrator:tick · spawning
[2026-08-25T19:43:23.577Z] tick · discovery:orchestrator:tick · exit=0 signal=- · OK
[2026-08-25T19:43:24.083Z] tick · social:cron-tick · fetching GET http://localhost:3008/api/cron/comms-social-worker
[2026-08-25T19:43:24.269Z] tick · social:cron-tick · status=200 · OK
[2026-08-25T19:44:23.293Z] tick · discovery:orchestrator:tick · spawning
[2026-08-25T19:44:23.609Z] tick · discovery:orchestrator:tick · exit=0 signal=- · OK
[2026-08-25T19:44:24.088Z] tick · social:cron-tick · fetching GET http://localhost:3008/api/cron/comms-social-worker
[2026-08-25T19:44:24.442Z] tick · social:cron-tick · status=200 · OK
[2026-08-25T19:45:20.036Z] tick · orchestration:zombie-reconciler · spawning
[2026-08-25T19:45:20.231Z] tick · orchestration:zombie-reconciler · exit=0 signal=- · OK
[2026-08-25T19:45:20.450Z] tick · brain:cron-tick · fetching GET http://localhost:3008/api/nex/brain/cron-tick
[2026-08-25T19:45:20.957Z] tick · brain:cron-tick · status=200 · OK
[2026-08-25T19:45:23.301Z] tick · discovery:orchestrator:tick · spawning
[2026-08-25T19:45:23.531Z] tick · discovery:orchestrator:tick · exit=0 signal=- · OK
[2026-08-25T19:45:24.093Z] tick · social:cron-tick · fetching GET http://localhost:3008/api/cron/comms-social-worker
[2026-08-25T19:45:24.190Z] tick · social:cron-tick · status=200 · OK
[2026-08-25T19:46:23.303Z] tick · discovery:orchestrator:tick · spawning
[2026-08-25T19:46:23.492Z] tick · discovery:orchestrator:tick · exit=0 signal=- · OK
[2026-08-25T19:46:24.096Z] tick · social:cron-tick · fetching GET http://localhost:3008/api/cron/comms-social-worker
[2026-08-25T19:46:24.274Z] tick · social:cron-tick · status=200 · OK
[2026-08-25T19:47:23.308Z] tick · discovery:orchestrator:tick · spawning
[2026-08-25T19:47:23.547Z] tick · discovery:orchestrator:tick · exit=0 signal=- · OK
[2026-08-25T19:47:24.099Z] tick · social:cron-tick · fetching GET http://localhost:3008/api/cron/comms-social-worker
[2026-08-25T19:47:24.333Z] tick · social:cron-tick · status=200 · OK
[2026-08-25T19:48:20.043Z] tick · orchestration:zombie-reconciler · spawning
[2026-08-25T19:48:20.305Z] tick · orchestration:zombie-reconciler · exit=0 signal=- · OK
[2026-08-25T19:48:20.452Z] tick · brain:cron-tick · fetching GET http://localhost:3008/api/nex/brain/cron-tick
[2026-08-25T19:48:22.233Z] tick · brain:cron-tick · status=200 · OK
[2026-08-25T19:48:23.313Z] tick · discovery:orchestrator:tick · spawning
[2026-08-25T19:48:23.632Z] tick · discovery:orchestrator:tick · exit=0 signal=- · OK
[2026-08-25T19:48:24.106Z] tick · social:cron-tick · fetching GET http://localhost:3008/api/cron/comms-social-worker
[2026-08-25T19:48:24.266Z] tick · social:cron-tick · status=200 · OK
[2026-08-25T19:49:23.329Z] tick · discovery:orchestrator:tick · spawning
[2026-08-25T19:49:23.800Z] tick · discovery:orchestrator:tick · exit=0 signal=- · OK
[2026-08-25T19:49:24.111Z] tick · social:cron-tick · fetching GET http://localhost:3008/api/cron/comms-social-worker
[2026-08-25T19:49:24.363Z] tick · social:cron-tick · status=200 · OK
[2026-08-25T19:50:19.237Z] tick · cle:conversation · spawning
[2026-08-25T19:50:19.529Z] tick · cle:conversation · exit=0 signal=- · OK
[2026-08-25T19:50:23.345Z] tick · discovery:orchestrator:tick · spawning
[2026-08-25T19:50:23.704Z] tick · discovery:orchestrator:tick · exit=0 signal=- · OK
[2026-08-25T19:50:24.124Z] tick · social:cron-tick · fetching GET http://localhost:3008/api/cron/comms-social-worker
[2026-08-25T19:50:24.272Z] tick · social:cron-tick · status=200 · OK
[2026-08-25T19:50:49.155Z] tick · discovery:rotation:tick · spawning
[2026-08-25T19:50:49.619Z] tick · discovery:rotation:tick · exit=0 signal=- · OK
[2026-08-25T19:51:20.046Z] tick · orchestration:zombie-reconciler · spawning
[2026-08-25T19:51:20.260Z] tick · orchestration:zombie-reconciler · exit=0 signal=- · OK
[2026-08-25T19:51:20.457Z] tick · brain:cron-tick · fetching GET http://localhost:3008/api/nex/brain/cron-tick
[2026-08-25T19:51:20.863Z] tick · brain:cron-tick · status=200 · OK
[2026-08-25T19:51:23.347Z] tick · discovery:orchestrator:tick · spawning
[2026-08-25T19:51:23.590Z] tick · discovery:orchestrator:tick · exit=0 signal=- · OK
[2026-08-25T19:51:24.130Z] tick · social:cron-tick · fetching GET http://localhost:3008/api/cron/comms-social-worker
[2026-08-25T19:51:24.184Z] tick · social:cron-tick · status=200 · OK
[2026-08-25T19:52:23.357Z] tick · discovery:orchestrator:tick · spawning
[2026-08-25T19:52:23.574Z] tick · discovery:orchestrator:tick · exit=0 signal=- · OK
[2026-08-25T19:52:24.134Z] tick · social:cron-tick · fetching GET http://localhost:3008/api/cron/comms-social-worker
[2026-08-25T19:52:24.341Z] tick · social:cron-tick · status=200 · OK
[2026-08-25T19:53:23.362Z] tick · discovery:orchestrator:tick · spawning
[2026-08-25T19:53:23.620Z] tick · discovery:orchestrator:tick · exit=0 signal=- · OK
[2026-08-25T19:53:24.134Z] tick · social:cron-tick · fetching GET http://localhost:3008/api/cron/comms-social-worker
[2026-08-25T19:53:24.356Z] tick · social:cron-tick · status=200 · OK
[2026-08-25T19:54:20.059Z] tick · orchestration:zombie-reconciler · spawning
[2026-08-25T19:54:20.395Z] tick · orchestration:zombie-reconciler · exit=0 signal=- · OK
[2026-08-25T19:54:20.462Z] tick · brain:cron-tick · fetching GET http://localhost:3008/api/nex/brain/cron-tick
[2026-08-25T19:54:21.079Z] tick · brain:cron-tick · status=200 · OK
[2026-08-25T19:54:23.363Z] tick · discovery:orchestrator:tick · spawning
[2026-08-25T19:54:23.598Z] tick · discovery:orchestrator:tick · exit=0 signal=- · OK
[2026-08-25T19:54:24.135Z] tick · social:cron-tick · fetching GET http://localhost:3008/api/cron/comms-social-worker
[2026-08-25T19:54:24.252Z] tick · social:cron-tick · status=200 · OK
[2026-08-25T19:55:23.366Z] tick · discovery:orchestrator:tick · spawning
[2026-08-25T19:55:23.610Z] tick · discovery:orchestrator:tick · exit=0 signal=- · OK
[2026-08-25T19:55:24.142Z] tick · social:cron-tick · fetching GET http://localhost:3008/api/cron/comms-social-worker
[2026-08-25T19:55:24.360Z] tick · social:cron-tick · status=200 · OK
[2026-08-25T19:56:23.372Z] tick · discovery:orchestrator:tick · spawning
[2026-08-25T19:56:23.606Z] tick · discovery:orchestrator:tick · exit=0 signal=- · OK
[2026-08-25T19:56:24.142Z] tick · social:cron-tick · fetching GET http://localhost:3008/api/cron/comms-social-worker
[2026-08-25T19:56:24.367Z] tick · social:cron-tick · status=200 · OK
[2026-08-25T19:57:20.064Z] tick · orchestration:zombie-reconciler · spawning
[2026-08-25T19:57:20.331Z] tick · orchestration:zombie-reconciler · exit=0 signal=- · OK
[2026-08-25T19:57:20.468Z] tick · brain:cron-tick · fetching GET http://localhost:3008/api/nex/brain/cron-tick
[2026-08-25T19:57:20.886Z] tick · brain:cron-tick · status=200 · OK
[2026-08-25T19:57:23.385Z] tick · discovery:orchestrator:tick · spawning
[2026-08-25T19:57:23.620Z] tick · discovery:orchestrator:tick · exit=0 signal=- · OK
[2026-08-25T19:57:24.154Z] tick · social:cron-tick · fetching GET http://localhost:3008/api/cron/comms-social-worker
[2026-08-25T19:57:24.360Z] tick · social:cron-tick · status=200 · OK
[2026-08-25T19:58:23.392Z] tick · discovery:orchestrator:tick · spawning
[2026-08-25T19:58:23.689Z] tick · discovery:orchestrator:tick · exit=0 signal=- · OK
[2026-08-25T19:58:24.154Z] tick · social:cron-tick · fetching GET http://localhost:3008/api/cron/comms-social-worker
[2026-08-25T19:58:24.393Z] tick · social:cron-tick · status=200 · OK
[2026-08-25T19:59:23.397Z] tick · discovery:orchestrator:tick · spawning
[2026-08-25T19:59:23.592Z] tick · discovery:orchestrator:tick · exit=0 signal=- · OK
[2026-08-25T19:59:24.156Z] tick · social:cron-tick · fetching GET http://localhost:3008/api/cron/comms-social-worker
[2026-08-25T19:59:24.288Z] tick · social:cron-tick · status=200 · OK
[2026-08-25T20:00:19.030Z] tick · promotion:food:Yogyakarta:quality-check · spawning
[2026-08-25T20:00:19.249Z] tick · cle:conversation · spawning
[2026-08-25T20:00:19.460Z] tick · promotion:food:Yogyakarta:quality-check · exit=0 signal=- · OK
[2026-08-25T20:00:19.571Z] tick · cle:conversation · exit=0 signal=- · OK
[2026-08-25T20:00:20.070Z] tick · orchestration:zombie-reconciler · spawning
[2026-08-25T20:00:20.255Z] tick · orchestration:zombie-reconciler · exit=0 signal=- · OK
[2026-08-25T20:00:20.468Z] tick · brain:cron-tick · fetching GET http://localhost:3008/api/nex/brain/cron-tick
[2026-08-25T20:00:20.844Z] tick · brain:cron-tick · status=200 · OK
[2026-08-25T20:00:23.399Z] tick · discovery:orchestrator:tick · spawning
[2026-08-25T20:00:23.587Z] tick · discovery:orchestrator:tick · exit=0 signal=- · OK
[2026-08-25T20:00:24.157Z] tick · social:cron-tick · fetching GET http://localhost:3008/api/cron/comms-social-worker
[2026-08-25T20:00:24.223Z] tick · social:cron-tick · status=200 · OK
[2026-08-25T20:00:49.157Z] tick · discovery:rotation:tick · spawning
[2026-08-25T20:00:49.740Z] tick · discovery:rotation:tick · exit=0 signal=- · OK
[2026-08-25T20:01:23.399Z] tick · discovery:orchestrator:tick · spawning
[2026-08-25T20:01:23.636Z] tick · discovery:orchestrator:tick · exit=0 signal=- · OK
[2026-08-25T20:01:24.163Z] tick · social:cron-tick · fetching GET http://localhost:3008/api/cron/comms-social-worker
[2026-08-25T20:01:24.356Z] tick · social:cron-tick · status=200 · OK
[2026-08-25T20:02:23.400Z] tick · discovery:orchestrator:tick · spawning
[2026-08-25T20:02:23.627Z] tick · discovery:orchestrator:tick · exit=0 signal=- · OK
[2026-08-25T20:02:24.164Z] tick · social:cron-tick · fetching GET http://localhost:3008/api/cron/comms-social-worker
[2026-08-25T20:02:24.321Z] tick · social:cron-tick · status=200 · OK
[2026-08-25T20:03:20.073Z] tick · orchestration:zombie-reconciler · spawning
[2026-08-25T20:03:20.291Z] tick · orchestration:zombie-reconciler · exit=0 signal=- · OK
[2026-08-25T20:03:20.469Z] tick · brain:cron-tick · fetching GET http://localhost:3008/api/nex/brain/cron-tick
[2026-08-25T20:03:20.965Z] tick · brain:cron-tick · status=200 · OK
[2026-08-25T20:03:23.400Z] tick · discovery:orchestrator:tick · spawning
[2026-08-25T20:03:23.628Z] tick · discovery:orchestrator:tick · exit=0 signal=- · OK
[2026-08-25T20:03:24.164Z] tick · social:cron-tick · fetching GET http://localhost:3008/api/cron/comms-social-worker
[2026-08-25T20:03:24.271Z] tick · social:cron-tick · status=200 · OK
[2026-08-25T20:04:23.404Z] tick · discovery:orchestrator:tick · spawning
[2026-08-25T20:04:23.675Z] tick · discovery:orchestrator:tick · exit=0 signal=- · OK
[2026-08-25T20:04:24.167Z] tick · social:cron-tick · fetching GET http://localhost:3008/api/cron/comms-social-worker
[2026-08-25T20:04:24.343Z] tick · social:cron-tick · status=200 · OK
[2026-08-25T20:05:23.408Z] tick · discovery:orchestrator:tick · spawning
[2026-08-25T20:05:23.646Z] tick · discovery:orchestrator:tick · exit=0 signal=- · OK
[2026-08-25T20:05:24.171Z] tick · social:cron-tick · fetching GET http://localhost:3008/api/cron/comms-social-worker
[2026-08-25T20:05:24.397Z] tick · social:cron-tick · status=200 · OK
[2026-08-25T20:06:20.073Z] tick · orchestration:zombie-reconciler · spawning
[2026-08-25T20:06:20.465Z] tick · orchestration:zombie-reconciler · exit=0 signal=- · OK
[2026-08-25T20:06:20.476Z] tick · brain:cron-tick · fetching GET http://localhost:3008/api/nex/brain/cron-tick
[2026-08-25T20:06:20.962Z] tick · brain:cron-tick · status=200 · OK
[2026-08-25T20:06:23.414Z] tick · discovery:orchestrator:tick · spawning
[2026-08-25T20:06:23.737Z] tick · discovery:orchestrator:tick · exit=0 signal=- · OK
[2026-08-25T20:06:24.178Z] tick · social:cron-tick · fetching GET http://localhost:3008/api/cron/comms-social-worker
[2026-08-25T20:06:24.250Z] tick · social:cron-tick · status=200 · OK
[2026-08-25T20:07:23.415Z] tick · discovery:orchestrator:tick · spawning
[2026-08-25T20:07:23.610Z] tick · discovery:orchestrator:tick · exit=0 signal=- · OK
[2026-08-25T20:07:24.178Z] tick · social:cron-tick · fetching GET http://localhost:3008/api/cron/comms-social-worker
[2026-08-25T20:07:24.395Z] tick · social:cron-tick · status=200 · OK
[2026-08-25T20:08:23.422Z] tick · discovery:orchestrator:tick · spawning
[2026-08-25T20:08:23.631Z] tick · discovery:orchestrator:tick · exit=0 signal=- · OK
[2026-08-25T20:08:24.178Z] tick · social:cron-tick · fetching GET http://localhost:3008/api/cron/comms-social-worker
[2026-08-25T20:08:24.369Z] tick · social:cron-tick · status=200 · OK
[2026-08-25T20:09:20.075Z] tick · orchestration:zombie-reconciler · spawning
[2026-08-25T20:09:20.401Z] tick · orchestration:zombie-reconciler · exit=0 signal=- · OK
[2026-08-25T20:09:20.479Z] tick · brain:cron-tick · fetching GET http://localhost:3008/api/nex/brain/cron-tick
[2026-08-25T20:09:20.982Z] tick · brain:cron-tick · status=200 · OK
[2026-08-25T20:09:23.429Z] tick · discovery:orchestrator:tick · spawning
[2026-08-25T20:09:23.707Z] tick · discovery:orchestrator:tick · exit=0 signal=- · OK
[2026-08-25T20:09:24.180Z] tick · social:cron-tick · fetching GET http://localhost:3008/api/cron/comms-social-worker
[2026-08-25T20:09:24.312Z] tick · social:cron-tick · status=200 · OK
[2026-08-25T20:10:19.252Z] tick · cle:conversation · spawning
[2026-08-25T20:10:19.557Z] tick · cle:conversation · exit=0 signal=- · OK
[2026-08-25T20:10:23.431Z] tick · discovery:orchestrator:tick · spawning
[2026-08-25T20:10:23.630Z] tick · discovery:orchestrator:tick · exit=0 signal=- · OK
[2026-08-25T20:10:24.183Z] tick · social:cron-tick · fetching GET http://localhost:3008/api/cron/comms-social-worker
[2026-08-25T20:10:24.318Z] tick · social:cron-tick · status=200 · OK
[2026-08-25T20:10:49.157Z] tick · discovery:rotation:tick · spawning
[2026-08-25T20:10:49.621Z] tick · discovery:rotation:tick · exit=0 signal=- · OK
[2026-08-25T20:11:23.436Z] tick · discovery:orchestrator:tick · spawning
[2026-08-25T20:11:23.625Z] tick · discovery:orchestrator:tick · exit=0 signal=- · OK
[2026-08-25T20:11:24.187Z] tick · social:cron-tick · fetching GET http://localhost:3008/api/cron/comms-social-worker
[2026-08-25T20:11:24.306Z] tick · social:cron-tick · status=200 · OK
[2026-08-25T20:12:20.078Z] tick · orchestration:zombie-reconciler · spawning
[2026-08-25T20:12:20.310Z] tick · orchestration:zombie-reconciler · exit=0 signal=- · OK
[2026-08-25T20:12:20.499Z] tick · brain:cron-tick · fetching GET http://localhost:3008/api/nex/brain/cron-tick
[2026-08-25T20:12:20.995Z] tick · brain:cron-tick · status=200 · OK
[2026-08-25T20:12:23.441Z] tick · discovery:orchestrator:tick · spawning
[2026-08-25T20:12:23.680Z] tick · discovery:orchestrator:tick · exit=0 signal=- · OK
[2026-08-25T20:12:24.199Z] tick · social:cron-tick · fetching GET http://localhost:3008/api/cron/comms-social-worker
[2026-08-25T20:12:24.360Z] tick · social:cron-tick · status=200 · OK
[2026-08-25T20:13:23.441Z] tick · discovery:orchestrator:tick · spawning
[2026-08-25T20:13:23.871Z] tick · discovery:orchestrator:tick · exit=0 signal=- · OK
[2026-08-25T20:13:24.198Z] tick · social:cron-tick · fetching GET http://localhost:3008/api/cron/comms-social-worker
[2026-08-25T20:13:24.514Z] tick · social:cron-tick · status=200 · OK
[2026-08-25T20:14:23.443Z] tick · discovery:orchestrator:tick · spawning
[2026-08-25T20:14:23.685Z] tick · discovery:orchestrator:tick · exit=0 signal=- · OK
[2026-08-25T20:14:24.200Z] tick · social:cron-tick · fetching GET http://localhost:3008/api/cron/comms-social-worker
[2026-08-25T20:14:24.409Z] tick · social:cron-tick · status=200 · OK
[2026-08-25T20:15:20.081Z] tick · orchestration:zombie-reconciler · spawning
[2026-08-25T20:15:20.321Z] tick · orchestration:zombie-reconciler · exit=0 signal=- · OK
[2026-08-25T20:15:20.513Z] tick · brain:cron-tick · fetching GET http://localhost:3008/api/nex/brain/cron-tick
[2026-08-25T20:15:23.004Z] tick · brain:cron-tick · status=200 · OK
[2026-08-25T20:15:23.449Z] tick · discovery:orchestrator:tick · spawning
[2026-08-25T20:15:23.742Z] tick · discovery:orchestrator:tick · exit=0 signal=- · OK
[2026-08-25T20:15:24.206Z] tick · social:cron-tick · fetching GET http://localhost:3008/api/cron/comms-social-worker
[2026-08-25T20:15:24.352Z] tick · social:cron-tick · status=200 · OK
[2026-08-25T20:16:23.452Z] tick · discovery:orchestrator:tick · spawning
[2026-08-25T20:16:23.910Z] tick · discovery:orchestrator:tick · exit=0 signal=- · OK
[2026-08-25T20:16:24.220Z] tick · social:cron-tick · fetching GET http://localhost:3008/api/cron/comms-social-worker
[2026-08-25T20:16:24.444Z] tick · social:cron-tick · status=200 · OK
[2026-08-25T20:17:23.459Z] tick · discovery:orchestrator:tick · spawning
[2026-08-25T20:17:23.734Z] tick · discovery:orchestrator:tick · exit=0 signal=- · OK
[2026-08-25T20:17:24.222Z] tick · social:cron-tick · fetching GET http://localhost:3008/api/cron/comms-social-worker
[2026-08-25T20:17:24.393Z] tick · social:cron-tick · status=200 · OK
[2026-08-25T20:18:20.081Z] tick · orchestration:zombie-reconciler · spawning
[2026-08-25T20:18:20.401Z] tick · orchestration:zombie-reconciler · exit=0 signal=- · OK
[2026-08-25T20:18:20.517Z] tick · brain:cron-tick · fetching GET http://localhost:3008/api/nex/brain/cron-tick
[2026-08-25T20:18:20.953Z] tick · brain:cron-tick · status=200 · OK
[2026-08-25T20:18:23.463Z] tick · discovery:orchestrator:tick · spawning
[2026-08-25T20:18:23.731Z] tick · discovery:orchestrator:tick · exit=0 signal=- · OK
[2026-08-25T20:18:24.226Z] tick · social:cron-tick · fetching GET http://localhost:3008/api/cron/comms-social-worker
[2026-08-25T20:18:24.342Z] tick · social:cron-tick · status=200 · OK
[2026-08-25T20:19:23.468Z] tick · discovery:orchestrator:tick · spawning
[2026-08-25T20:19:23.696Z] tick · discovery:orchestrator:tick · exit=0 signal=- · OK
[2026-08-25T20:19:24.234Z] tick · social:cron-tick · fetching GET http://localhost:3008/api/cron/comms-social-worker
[2026-08-25T20:19:24.456Z] tick · social:cron-tick · status=200 · OK
[2026-08-25T20:20:19.254Z] tick · cle:conversation · spawning
[2026-08-25T20:20:19.476Z] tick · cle:conversation · exit=0 signal=- · OK
[2026-08-25T20:20:23.475Z] tick · discovery:orchestrator:tick · spawning
[2026-08-25T20:20:23.640Z] tick · discovery:orchestrator:tick · exit=0 signal=- · OK
[2026-08-25T20:20:24.236Z] tick · social:cron-tick · fetching GET http://localhost:3008/api/cron/comms-social-worker
[2026-08-25T20:20:24.329Z] tick · social:cron-tick · status=200 · OK
[2026-08-25T20:20:49.167Z] tick · discovery:rotation:tick · spawning
[2026-08-25T20:20:49.670Z] tick · discovery:rotation:tick · exit=0 signal=- · OK
[2026-08-25T20:21:20.088Z] tick · orchestration:zombie-reconciler · spawning
[2026-08-25T20:21:20.463Z] tick · orchestration:zombie-reconciler · exit=0 signal=- · OK
[2026-08-25T20:21:20.523Z] tick · brain:cron-tick · fetching GET http://localhost:3008/api/nex/brain/cron-tick
[2026-08-25T20:21:21.076Z] tick · brain:cron-tick · status=200 · OK
[2026-08-25T20:21:23.476Z] tick · discovery:orchestrator:tick · spawning
[2026-08-25T20:21:23.705Z] tick · discovery:orchestrator:tick · exit=0 signal=- · OK
[2026-08-25T20:21:24.237Z] tick · social:cron-tick · fetching GET http://localhost:3008/api/cron/comms-social-worker
[2026-08-25T20:21:24.354Z] tick · social:cron-tick · status=200 · OK
[2026-08-25T20:22:23.490Z] tick · discovery:orchestrator:tick · spawning
[2026-08-25T20:22:23.715Z] tick · discovery:orchestrator:tick · exit=0 signal=- · OK
[2026-08-25T20:22:24.238Z] tick · social:cron-tick · fetching GET http://localhost:3008/api/cron/comms-social-worker
[2026-08-25T20:22:24.445Z] tick · social:cron-tick · status=200 · OK
[2026-08-25T20:23:23.491Z] tick · discovery:orchestrator:tick · spawning
[2026-08-25T20:23:23.861Z] tick · discovery:orchestrator:tick · exit=0 signal=- · OK
[2026-08-25T20:23:24.245Z] tick · social:cron-tick · fetching GET http://localhost:3008/api/cron/comms-social-worker
[2026-08-25T20:23:24.451Z] tick · social:cron-tick · status=200 · OK
[2026-08-25T20:24:20.089Z] tick · orchestration:zombie-reconciler · spawning
[2026-08-25T20:24:20.366Z] tick · orchestration:zombie-reconciler · exit=0 signal=- · OK
[2026-08-25T20:24:20.528Z] tick · brain:cron-tick · fetching GET http://localhost:3008/api/nex/brain/cron-tick
[2026-08-25T20:24:20.991Z] tick · brain:cron-tick · status=200 · OK
[2026-08-25T20:24:23.492Z] tick · discovery:orchestrator:tick · spawning
[2026-08-25T20:24:23.770Z] tick · discovery:orchestrator:tick · exit=0 signal=- · OK
[2026-08-25T20:24:24.249Z] tick · social:cron-tick · fetching GET http://localhost:3008/api/cron/comms-social-worker
[2026-08-25T20:24:24.346Z] tick · social:cron-tick · status=200 · OK
[2026-08-25T20:25:23.500Z] tick · discovery:orchestrator:tick · spawning
[2026-08-25T20:25:23.802Z] tick · discovery:orchestrator:tick · exit=0 signal=- · OK
[2026-08-25T20:25:24.262Z] tick · social:cron-tick · fetching GET http://localhost:3008/api/cron/comms-social-worker
[2026-08-25T20:25:24.430Z] tick · social:cron-tick · status=200 · OK
[2026-08-25T20:26:23.504Z] tick · discovery:orchestrator:tick · spawning
[2026-08-25T20:26:23.769Z] tick · discovery:orchestrator:tick · exit=0 signal=- · OK
[2026-08-25T20:26:24.267Z] tick · social:cron-tick · fetching GET http://localhost:3008/api/cron/comms-social-worker
[2026-08-25T20:26:24.577Z] tick · social:cron-tick · status=200 · OK
[2026-08-25T20:27:20.102Z] tick · orchestration:zombie-reconciler · spawning
[2026-08-25T20:27:20.427Z] tick · orchestration:zombie-reconciler · exit=0 signal=- · OK
[2026-08-25T20:27:20.535Z] tick · brain:cron-tick · fetching GET http://localhost:3008/api/nex/brain/cron-tick
[2026-08-25T20:27:21.116Z] tick · brain:cron-tick · status=200 · OK
[2026-08-25T20:27:23.510Z] tick · discovery:orchestrator:tick · spawning
[2026-08-25T20:27:23.882Z] tick · discovery:orchestrator:tick · exit=0 signal=- · OK
[2026-08-25T20:27:24.279Z] tick · social:cron-tick · fetching GET http://localhost:3008/api/cron/comms-social-worker
[2026-08-25T20:27:24.420Z] tick · social:cron-tick · status=200 · OK
[2026-08-25T20:28:23.525Z] tick · discovery:orchestrator:tick · spawning
[2026-08-25T20:28:23.927Z] tick · discovery:orchestrator:tick · exit=0 signal=- · OK
[2026-08-25T20:28:24.283Z] tick · social:cron-tick · fetching GET http://localhost:3008/api/cron/comms-social-worker
[2026-08-25T20:28:24.494Z] tick · social:cron-tick · status=200 · OK
[2026-08-25T20:29:23.526Z] tick · discovery:orchestrator:tick · spawning
[2026-08-25T20:29:23.804Z] tick · discovery:orchestrator:tick · exit=0 signal=- · OK
[2026-08-25T20:29:24.284Z] tick · social:cron-tick · fetching GET http://localhost:3008/api/cron/comms-social-worker
[2026-08-25T20:29:24.497Z] tick · social:cron-tick · status=200 · OK
[2026-08-25T20:30:19.030Z] tick · promotion:food:Yogyakarta:quality-check · spawning
[2026-08-25T20:30:19.261Z] tick · cle:conversation · spawning
[2026-08-25T20:30:19.587Z] tick · cle:conversation · exit=0 signal=- · OK
[2026-08-25T20:30:19.619Z] tick · promotion:food:Yogyakarta:quality-check · exit=0 signal=- · OK
[2026-08-25T20:30:20.107Z] tick · orchestration:zombie-reconciler · spawning
[2026-08-25T20:30:20.319Z] tick · orchestration:zombie-reconciler · exit=0 signal=- · OK
[2026-08-25T20:30:20.539Z] tick · brain:cron-tick · fetching GET http://localhost:3008/api/nex/brain/cron-tick
[2026-08-25T20:30:21.050Z] tick · brain:cron-tick · status=200 · OK
[2026-08-25T20:30:23.538Z] tick · discovery:orchestrator:tick · spawning
[2026-08-25T20:30:23.844Z] tick · discovery:orchestrator:tick · exit=0 signal=- · OK
[2026-08-25T20:30:24.284Z] tick · social:cron-tick · fetching GET http://localhost:3008/api/cron/comms-social-worker
[2026-08-25T20:30:24.361Z] tick · social:cron-tick · status=200 · OK
[2026-08-25T20:30:49.181Z] tick · discovery:rotation:tick · spawning
[2026-08-25T20:30:49.647Z] tick · discovery:rotation:tick · exit=0 signal=- · OK
[2026-08-25T20:31:23.545Z] tick · discovery:orchestrator:tick · spawning
[2026-08-25T20:31:23.905Z] tick · discovery:orchestrator:tick · exit=0 signal=- · OK
[2026-08-25T20:31:24.287Z] tick · social:cron-tick · fetching GET http://localhost:3008/api/cron/comms-social-worker
[2026-08-25T20:31:24.564Z] tick · social:cron-tick · status=200 · OK
[2026-08-25T20:32:23.558Z] tick · discovery:orchestrator:tick · spawning
[2026-08-25T20:32:23.805Z] tick · discovery:orchestrator:tick · exit=0 signal=- · OK
[2026-08-25T20:32:24.290Z] tick · social:cron-tick · fetching GET http://localhost:3008/api/cron/comms-social-worker
[2026-08-25T20:32:24.525Z] tick · social:cron-tick · status=200 · OK
[2026-08-25T20:33:20.110Z] tick · orchestration:zombie-reconciler · spawning
[2026-08-25T20:33:20.371Z] tick · orchestration:zombie-reconciler · exit=0 signal=- · OK
[2026-08-25T20:33:20.541Z] tick · brain:cron-tick · fetching GET http://localhost:3008/api/nex/brain/cron-tick
[2026-08-25T20:33:21.235Z] tick · brain:cron-tick · status=200 · OK
[2026-08-25T20:33:23.562Z] tick · discovery:orchestrator:tick · spawning
[2026-08-25T20:33:23.808Z] tick · discovery:orchestrator:tick · exit=0 signal=- · OK
[2026-08-25T20:33:24.302Z] tick · social:cron-tick · fetching GET http://localhost:3008/api/cron/comms-social-worker
[2026-08-25T20:33:24.498Z] tick · social:cron-tick · status=200 · OK
[2026-08-25T20:34:23.567Z] tick · discovery:orchestrator:tick · spawning
[2026-08-25T20:34:24.040Z] tick · discovery:orchestrator:tick · exit=0 signal=- · OK
[2026-08-25T20:34:24.312Z] tick · social:cron-tick · fetching GET http://localhost:3008/api/cron/comms-social-worker
[2026-08-25T20:34:24.599Z] tick · social:cron-tick · status=200 · OK
[2026-08-25T20:35:23.576Z] tick · discovery:orchestrator:tick · spawning
[2026-08-25T20:35:23.885Z] tick · discovery:orchestrator:tick · exit=0 signal=- · OK
[2026-08-25T20:35:24.317Z] tick · social:cron-tick · fetching GET http://localhost:3008/api/cron/comms-social-worker
[2026-08-25T20:35:24.598Z] tick · social:cron-tick · status=200 · OK
[2026-08-25T20:36:20.116Z] tick · orchestration:zombie-reconciler · spawning
[2026-08-25T20:36:20.349Z] tick · orchestration:zombie-reconciler · exit=0 signal=- · OK
[2026-08-25T20:36:20.549Z] tick · brain:cron-tick · fetching GET http://localhost:3008/api/nex/brain/cron-tick
[2026-08-25T20:36:21.148Z] tick · brain:cron-tick · status=200 · OK
[2026-08-25T20:36:23.580Z] tick · discovery:orchestrator:tick · spawning
[2026-08-25T20:36:23.806Z] tick · discovery:orchestrator:tick · exit=0 signal=- · OK
[2026-08-25T20:36:24.323Z] tick · social:cron-tick · fetching GET http://localhost:3008/api/cron/comms-social-worker
[2026-08-25T20:36:24.486Z] tick · social:cron-tick · status=200 · OK
[2026-08-25T20:37:23.595Z] tick · discovery:orchestrator:tick · spawning
[2026-08-25T20:37:24.114Z] tick · discovery:orchestrator:tick · exit=0 signal=- · OK
[2026-08-25T20:37:24.330Z] tick · social:cron-tick · fetching GET http://localhost:3008/api/cron/comms-social-worker
[2026-08-25T20:37:24.799Z] tick · social:cron-tick · status=200 · OK
[2026-08-25T20:38:23.607Z] tick · discovery:orchestrator:tick · spawning
[2026-08-25T20:38:23.933Z] tick · discovery:orchestrator:tick · exit=0 signal=- · OK
[2026-08-25T20:38:24.345Z] tick · social:cron-tick · fetching GET http://localhost:3008/api/cron/comms-social-worker
[2026-08-25T20:38:26.626Z] tick · social:cron-tick · status=200 · OK
[2026-08-25T20:39:20.137Z] tick · orchestration:zombie-reconciler · spawning
[2026-08-25T20:39:20.552Z] tick · brain:cron-tick · fetching GET http://localhost:3008/api/nex/brain/cron-tick
[2026-08-25T20:39:20.749Z] tick · orchestration:zombie-reconciler · exit=0 signal=- · OK
[2026-08-25T20:39:20.990Z] tick · brain:cron-tick · status=200 · OK
[2026-08-25T20:39:23.609Z] tick · discovery:orchestrator:tick · spawning
[2026-08-25T20:39:23.947Z] tick · discovery:orchestrator:tick · exit=0 signal=- · OK
[2026-08-25T20:39:24.345Z] tick · social:cron-tick · fetching GET http://localhost:3008/api/cron/comms-social-worker
[2026-08-25T20:39:24.480Z] tick · social:cron-tick · status=200 · OK
[2026-08-25T20:40:19.262Z] tick · cle:conversation · spawning
[2026-08-25T20:40:19.784Z] tick · cle:conversation · exit=0 signal=- · OK
[2026-08-25T20:40:23.616Z] tick · discovery:orchestrator:tick · spawning
[2026-08-25T20:40:24.094Z] tick · discovery:orchestrator:tick · exit=0 signal=- · OK
[2026-08-25T20:40:24.352Z] tick · social:cron-tick · fetching GET http://localhost:3008/api/cron/comms-social-worker
[2026-08-25T20:40:24.607Z] tick · social:cron-tick · status=200 · OK
[2026-08-25T20:40:49.183Z] tick · discovery:rotation:tick · spawning
[2026-08-25T20:40:49.949Z] tick · discovery:rotation:tick · exit=0 signal=- · OK
[2026-08-25T20:41:23.620Z] tick · discovery:orchestrator:tick · spawning
[2026-08-25T20:41:24.163Z] tick · discovery:orchestrator:tick · exit=0 signal=- · OK
[2026-08-25T20:41:24.355Z] tick · social:cron-tick · fetching GET http://localhost:3008/api/cron/comms-social-worker
[2026-08-25T20:41:24.703Z] tick · social:cron-tick · status=200 · OK
[2026-08-25T20:42:20.136Z] tick · orchestration:zombie-reconciler · spawning
[2026-08-25T20:42:20.435Z] tick · orchestration:zombie-reconciler · exit=0 signal=- · OK
[2026-08-25T20:42:20.555Z] tick · brain:cron-tick · fetching GET http://localhost:3008/api/nex/brain/cron-tick
[2026-08-25T20:42:21.190Z] tick · brain:cron-tick · status=200 · OK
[2026-08-25T20:42:23.633Z] tick · discovery:orchestrator:tick · spawning
[2026-08-25T20:42:23.930Z] tick · discovery:orchestrator:tick · exit=0 signal=- · OK
[2026-08-25T20:42:24.358Z] tick · social:cron-tick · fetching GET http://localhost:3008/api/cron/comms-social-worker
[2026-08-25T20:42:24.493Z] tick · social:cron-tick · status=200 · OK
[2026-08-25T20:43:23.634Z] tick · discovery:orchestrator:tick · spawning
[2026-08-25T20:43:23.854Z] tick · discovery:orchestrator:tick · exit=0 signal=- · OK
[2026-08-25T20:43:24.363Z] tick · social:cron-tick · fetching GET http://localhost:3008/api/cron/comms-social-worker
[2026-08-25T20:43:24.572Z] tick · social:cron-tick · status=200 · OK
[2026-08-25T20:44:23.634Z] tick · discovery:orchestrator:tick · spawning
[2026-08-25T20:44:23.831Z] tick · discovery:orchestrator:tick · exit=0 signal=- · OK
[2026-08-25T20:44:24.366Z] tick · social:cron-tick · fetching GET http://localhost:3008/api/cron/comms-social-worker
[2026-08-25T20:44:24.600Z] tick · social:cron-tick · status=200 · OK
[2026-08-25T20:45:20.139Z] tick · orchestration:zombie-reconciler · spawning
[2026-08-25T20:45:20.367Z] tick · orchestration:zombie-reconciler · exit=0 signal=- · OK
[2026-08-25T20:45:20.560Z] tick · brain:cron-tick · fetching GET http://localhost:3008/api/nex/brain/cron-tick
[2026-08-25T20:45:21.054Z] tick · brain:cron-tick · status=200 · OK
[2026-08-25T20:45:23.639Z] tick · discovery:orchestrator:tick · spawning
[2026-08-25T20:45:23.913Z] tick · discovery:orchestrator:tick · exit=0 signal=- · OK
[2026-08-25T20:45:24.359Z] tick · social:cron-tick · fetching GET http://localhost:3008/api/cron/comms-social-worker
[2026-08-25T20:45:24.538Z] tick · social:cron-tick · status=200 · OK
[2026-08-25T20:46:23.645Z] tick · discovery:orchestrator:tick · spawning
[2026-08-25T20:46:24.018Z] tick · discovery:orchestrator:tick · exit=0 signal=- · OK
[2026-08-25T20:46:24.366Z] tick · social:cron-tick · fetching GET http://localhost:3008/api/cron/comms-social-worker
[2026-08-25T20:46:24.546Z] tick · social:cron-tick · status=200 · OK
[2026-08-25T20:47:23.662Z] tick · discovery:orchestrator:tick · spawning
[2026-08-25T20:47:23.964Z] tick · discovery:orchestrator:tick · exit=0 signal=- · OK
[2026-08-25T20:47:24.370Z] tick · social:cron-tick · fetching GET http://localhost:3008/api/cron/comms-social-worker
[2026-08-25T20:47:24.665Z] tick · social:cron-tick · status=200 · OK
[2026-08-25T20:48:20.143Z] tick · orchestration:zombie-reconciler · spawning
[2026-08-25T20:48:20.362Z] tick · orchestration:zombie-reconciler · exit=0 signal=- · OK
[2026-08-25T20:48:20.563Z] tick · brain:cron-tick · fetching GET http://localhost:3008/api/nex/brain/cron-tick
[2026-08-25T20:48:21.077Z] tick · brain:cron-tick · status=200 · OK
[2026-08-25T20:48:23.664Z] tick · discovery:orchestrator:tick · spawning
[2026-08-25T20:48:23.974Z] tick · discovery:orchestrator:tick · exit=0 signal=- · OK
[2026-08-25T20:48:24.371Z] tick · social:cron-tick · fetching GET http://localhost:3008/api/cron/comms-social-worker
[2026-08-25T20:48:24.586Z] tick · social:cron-tick · status=200 · OK
[2026-08-25T20:49:23.668Z] tick · discovery:orchestrator:tick · spawning
[2026-08-25T20:49:23.896Z] tick · discovery:orchestrator:tick · exit=0 signal=- · OK
[2026-08-25T20:49:24.376Z] tick · social:cron-tick · fetching GET http://localhost:3008/api/cron/comms-social-worker
[2026-08-25T20:49:24.575Z] tick · social:cron-tick · status=200 · OK
[2026-08-25T20:50:19.264Z] tick · cle:conversation · spawning
[2026-08-25T20:50:19.553Z] tick · cle:conversation · exit=0 signal=- · OK
[2026-08-25T20:50:23.672Z] tick · discovery:orchestrator:tick · spawning
[2026-08-25T20:50:23.946Z] tick · discovery:orchestrator:tick · exit=0 signal=- · OK
[2026-08-25T20:50:24.391Z] tick · social:cron-tick · fetching GET http://localhost:3008/api/cron/comms-social-worker
[2026-08-25T20:50:24.722Z] tick · social:cron-tick · status=200 · OK
[2026-08-25T20:50:49.185Z] tick · discovery:rotation:tick · spawning
[2026-08-25T20:50:49.814Z] tick · discovery:rotation:tick · exit=0 signal=- · OK
[2026-08-25T20:51:20.145Z] tick · orchestration:zombie-reconciler · spawning
[2026-08-25T20:51:20.388Z] tick · orchestration:zombie-reconciler · exit=0 signal=- · OK
[2026-08-25T20:51:20.568Z] tick · brain:cron-tick · fetching GET http://localhost:3008/api/nex/brain/cron-tick
[2026-08-25T20:51:21.059Z] tick · brain:cron-tick · status=200 · OK
[2026-08-25T20:51:23.675Z] tick · discovery:orchestrator:tick · spawning
[2026-08-25T20:51:23.980Z] tick · discovery:orchestrator:tick · exit=0 signal=- · OK
[2026-08-25T20:51:24.392Z] tick · social:cron-tick · fetching GET http://localhost:3008/api/cron/comms-social-worker
[2026-08-25T20:51:24.616Z] tick · social:cron-tick · status=200 · OK
[2026-08-25T20:52:23.686Z] tick · discovery:orchestrator:tick · spawning
[2026-08-25T20:52:24.071Z] tick · discovery:orchestrator:tick · exit=0 signal=- · OK
[2026-08-25T20:52:24.399Z] tick · social:cron-tick · fetching GET http://localhost:3008/api/cron/comms-social-worker
[2026-08-25T20:52:24.663Z] tick · social:cron-tick · status=200 · OK
[2026-08-25T20:53:23.701Z] tick · discovery:orchestrator:tick · spawning
[2026-08-25T20:53:23.975Z] tick · discovery:orchestrator:tick · exit=0 signal=- · OK
[2026-08-25T20:53:24.408Z] tick · social:cron-tick · fetching GET http://localhost:3008/api/cron/comms-social-worker
[2026-08-25T20:53:24.689Z] tick · social:cron-tick · status=200 · OK
[2026-08-25T20:54:20.157Z] tick · orchestration:zombie-reconciler · spawning
[2026-08-25T20:54:20.412Z] tick · orchestration:zombie-reconciler · exit=0 signal=- · OK
[2026-08-25T20:54:20.582Z] tick · brain:cron-tick · fetching GET http://localhost:3008/api/nex/brain/cron-tick
[2026-08-25T20:54:21.071Z] tick · brain:cron-tick · status=200 · OK
[2026-08-25T20:54:23.706Z] tick · discovery:orchestrator:tick · spawning
[2026-08-25T20:54:23.935Z] tick · discovery:orchestrator:tick · exit=0 signal=- · OK
[2026-08-25T20:54:24.422Z] tick · social:cron-tick · fetching GET http://localhost:3008/api/cron/comms-social-worker
[2026-08-25T20:54:24.545Z] tick · social:cron-tick · status=200 · OK
[2026-08-25T20:55:23.714Z] tick · discovery:orchestrator:tick · spawning
[2026-08-25T20:55:24.129Z] tick · discovery:orchestrator:tick · exit=0 signal=- · OK
[2026-08-25T20:55:24.427Z] tick · social:cron-tick · fetching GET http://localhost:3008/api/cron/comms-social-worker
[2026-08-25T20:55:25.918Z] tick · social:cron-tick · status=200 · OK
[2026-08-25T20:56:23.742Z] tick · discovery:orchestrator:tick · spawning
[2026-08-25T20:56:24.057Z] tick · discovery:orchestrator:tick · exit=0 signal=- · OK
[2026-08-25T20:56:24.430Z] tick · social:cron-tick · fetching GET http://localhost:3008/api/cron/comms-social-worker
[2026-08-25T20:56:24.665Z] tick · social:cron-tick · status=200 · OK
[2026-08-25T20:57:20.163Z] tick · orchestration:zombie-reconciler · spawning
[2026-08-25T20:57:20.537Z] tick · orchestration:zombie-reconciler · exit=0 signal=- · OK
[2026-08-25T20:57:20.587Z] tick · brain:cron-tick · fetching GET http://localhost:3008/api/nex/brain/cron-tick
[2026-08-25T20:57:21.212Z] tick · brain:cron-tick · status=200 · OK
[2026-08-25T20:57:23.748Z] tick · discovery:orchestrator:tick · spawning
[2026-08-25T20:57:24.010Z] tick · discovery:orchestrator:tick · exit=0 signal=- · OK
[2026-08-25T20:57:24.435Z] tick · social:cron-tick · fetching GET http://localhost:3008/api/cron/comms-social-worker
[2026-08-25T20:57:24.565Z] tick · social:cron-tick · status=200 · OK
[2026-08-25T20:58:23.753Z] tick · discovery:orchestrator:tick · spawning
[2026-08-25T20:58:24.446Z] tick · social:cron-tick · fetching GET http://localhost:3008/api/cron/comms-social-worker
[2026-08-25T20:58:24.746Z] tick · social:cron-tick · status=200 · OK
[2026-08-25T20:58:26.132Z] tick · discovery:orchestrator:tick · exit=0 signal=- · OK
[2026-08-25T20:59:23.751Z] tick · discovery:orchestrator:tick · spawning
[2026-08-25T20:59:24.003Z] tick · discovery:orchestrator:tick · exit=0 signal=- · OK
[2026-08-25T20:59:24.457Z] tick · social:cron-tick · fetching GET http://localhost:3008/api/cron/comms-social-worker
[2026-08-25T20:59:24.672Z] tick · social:cron-tick · status=200 · OK
[2026-08-25T21:00:19.033Z] tick · promotion:food:Yogyakarta:quality-check · spawning
[2026-08-25T21:00:19.268Z] tick · cle:conversation · spawning
[2026-08-25T21:00:19.562Z] tick · promotion:food:Yogyakarta:quality-check · exit=0 signal=- · OK
[2026-08-25T21:00:19.650Z] tick · cle:conversation · exit=0 signal=- · OK
[2026-08-25T21:00:20.166Z] tick · orchestration:zombie-reconciler · spawning
[2026-08-25T21:00:20.426Z] tick · orchestration:zombie-reconciler · exit=0 signal=- · OK
[2026-08-25T21:00:20.589Z] tick · brain:cron-tick · fetching GET http://localhost:3008/api/nex/brain/cron-tick
[2026-08-25T21:00:21.256Z] tick · brain:cron-tick · status=200 · OK
[2026-08-25T21:00:23.764Z] tick · discovery:orchestrator:tick · spawning
[2026-08-25T21:00:23.965Z] tick · discovery:orchestrator:tick · exit=0 signal=- · OK
[2026-08-25T21:00:24.467Z] tick · social:cron-tick · fetching GET http://localhost:3008/api/cron/comms-social-worker
[2026-08-25T21:00:24.575Z] tick · social:cron-tick · status=200 · OK
[2026-08-25T21:00:49.200Z] tick · discovery:rotation:tick · spawning
[2026-08-25T21:00:49.853Z] tick · discovery:rotation:tick · exit=0 signal=- · OK
[2026-08-25T21:01:23.766Z] tick · discovery:orchestrator:tick · spawning
[2026-08-25T21:01:24.129Z] tick · discovery:orchestrator:tick · exit=0 signal=- · OK
[2026-08-25T21:01:24.478Z] tick · social:cron-tick · fetching GET http://localhost:3008/api/cron/comms-social-worker
[2026-08-25T21:01:24.776Z] tick · social:cron-tick · status=200 · OK
[2026-08-25T21:02:23.771Z] tick · discovery:orchestrator:tick · spawning
[2026-08-25T21:02:24.125Z] tick · discovery:orchestrator:tick · exit=0 signal=- · OK
[2026-08-25T21:02:24.480Z] tick · social:cron-tick · fetching GET http://localhost:3008/api/cron/comms-social-worker
[2026-08-25T21:02:24.671Z] tick · social:cron-tick · status=200 · OK
[2026-08-25T21:03:20.168Z] tick · orchestration:zombie-reconciler · spawning
[2026-08-25T21:03:20.456Z] tick · orchestration:zombie-reconciler · exit=0 signal=- · OK
[2026-08-25T21:03:20.590Z] tick · brain:cron-tick · fetching GET http://localhost:3008/api/nex/brain/cron-tick
[2026-08-25T21:03:21.092Z] tick · brain:cron-tick · status=200 · OK
[2026-08-25T21:03:23.787Z] tick · discovery:orchestrator:tick · spawning
[2026-08-25T21:03:24.025Z] tick · discovery:orchestrator:tick · exit=0 signal=- · OK
[2026-08-25T21:03:24.480Z] tick · social:cron-tick · fetching GET http://localhost:3008/api/cron/comms-social-worker
[2026-08-25T21:03:24.603Z] tick · social:cron-tick · status=200 · OK
[2026-08-25T21:04:23.786Z] tick · discovery:orchestrator:tick · spawning
[2026-08-25T21:04:24.009Z] tick · discovery:orchestrator:tick · exit=0 signal=- · OK
[2026-08-25T21:04:24.491Z] tick · social:cron-tick · fetching GET http://localhost:3008/api/cron/comms-social-worker
[2026-08-25T21:04:24.693Z] tick · social:cron-tick · status=200 · OK
[2026-08-25T21:05:23.794Z] tick · discovery:orchestrator:tick · spawning
[2026-08-25T21:05:24.030Z] tick · discovery:orchestrator:tick · exit=0 signal=- · OK
[2026-08-25T21:05:24.498Z] tick · social:cron-tick · fetching GET http://localhost:3008/api/cron/comms-social-worker
[2026-08-25T21:05:24.690Z] tick · social:cron-tick · status=200 · OK
[2026-08-25T21:06:20.168Z] tick · orchestration:zombie-reconciler · spawning
[2026-08-25T21:06:20.425Z] tick · orchestration:zombie-reconciler · exit=0 signal=- · OK
[2026-08-25T21:06:20.592Z] tick · brain:cron-tick · fetching GET http://localhost:3008/api/nex/brain/cron-tick
[2026-08-25T21:06:21.170Z] tick · brain:cron-tick · status=200 · OK
[2026-08-25T21:06:23.794Z] tick · discovery:orchestrator:tick · spawning
[2026-08-25T21:06:24.205Z] tick · discovery:orchestrator:tick · exit=0 signal=- · OK
[2026-08-25T21:06:24.502Z] tick · social:cron-tick · fetching GET http://localhost:3008/api/cron/comms-social-worker
[2026-08-25T21:06:24.631Z] tick · social:cron-tick · status=200 · OK
[2026-08-25T21:07:23.798Z] tick · discovery:orchestrator:tick · spawning
[2026-08-25T21:07:24.107Z] tick · discovery:orchestrator:tick · exit=0 signal=- · OK
[2026-08-25T21:07:24.509Z] tick · social:cron-tick · fetching GET http://localhost:3008/api/cron/comms-social-worker
[2026-08-25T21:07:24.744Z] tick · social:cron-tick · status=200 · OK
[2026-08-25T21:08:23.814Z] tick · discovery:orchestrator:tick · spawning
[2026-08-25T21:08:24.186Z] tick · discovery:orchestrator:tick · exit=0 signal=- · OK
[2026-08-25T21:08:24.514Z] tick · social:cron-tick · fetching GET http://localhost:3008/api/cron/comms-social-worker
[2026-08-25T21:08:24.670Z] tick · social:cron-tick · status=200 · OK
[2026-08-25T21:09:20.171Z] tick · orchestration:zombie-reconciler · spawning
[2026-08-25T21:09:20.491Z] tick · orchestration:zombie-reconciler · exit=0 signal=- · OK
[2026-08-25T21:09:20.597Z] tick · brain:cron-tick · fetching GET http://localhost:3008/api/nex/brain/cron-tick
[2026-08-25T21:09:21.003Z] tick · brain:cron-tick · status=200 · OK
[2026-08-25T21:09:23.818Z] tick · discovery:orchestrator:tick · spawning
[2026-08-25T21:09:24.161Z] tick · discovery:orchestrator:tick · exit=0 signal=- · OK
[2026-08-25T21:09:24.529Z] tick · social:cron-tick · fetching GET http://localhost:3008/api/cron/comms-social-worker
[2026-08-25T21:09:24.688Z] tick · social:cron-tick · status=200 · OK
[2026-08-25T21:10:19.273Z] tick · cle:conversation · spawning
[2026-08-25T21:10:19.583Z] tick · cle:conversation · exit=0 signal=- · OK
[2026-08-25T21:10:23.822Z] tick · discovery:orchestrator:tick · spawning
[2026-08-25T21:10:24.097Z] tick · discovery:orchestrator:tick · exit=0 signal=- · OK
[2026-08-25T21:10:24.531Z] tick · social:cron-tick · fetching GET http://localhost:3008/api/cron/comms-social-worker
[2026-08-25T21:10:24.703Z] tick · social:cron-tick · status=200 · OK
[2026-08-25T21:10:49.203Z] tick · discovery:rotation:tick · spawning
[2026-08-25T21:10:49.709Z] tick · discovery:rotation:tick · exit=0 signal=- · OK
[2026-08-25T21:11:23.827Z] tick · discovery:orchestrator:tick · spawning
[2026-08-25T21:11:24.137Z] tick · discovery:orchestrator:tick · exit=0 signal=- · OK
[2026-08-25T21:11:24.535Z] tick · social:cron-tick · fetching GET http://localhost:3008/api/cron/comms-social-worker
[2026-08-25T21:11:24.748Z] tick · social:cron-tick · status=200 · OK
[2026-08-25T21:12:20.171Z] tick · orchestration:zombie-reconciler · spawning
[2026-08-25T21:12:20.597Z] tick · brain:cron-tick · fetching GET http://localhost:3008/api/nex/brain/cron-tick
[2026-08-25T21:12:20.604Z] tick · orchestration:zombie-reconciler · exit=0 signal=- · OK
[2026-08-25T21:12:21.285Z] tick · brain:cron-tick · status=200 · OK
[2026-08-25T21:12:23.832Z] tick · discovery:orchestrator:tick · spawning
[2026-08-25T21:12:24.132Z] tick · discovery:orchestrator:tick · exit=0 signal=- · OK
[2026-08-25T21:12:24.540Z] tick · social:cron-tick · fetching GET http://localhost:3008/api/cron/comms-social-worker
[2026-08-25T21:12:24.738Z] tick · social:cron-tick · status=200 · OK
[2026-08-25T21:13:23.832Z] tick · discovery:orchestrator:tick · spawning
[2026-08-25T21:13:24.144Z] tick · discovery:orchestrator:tick · exit=0 signal=- · OK
[2026-08-25T21:13:24.553Z] tick · social:cron-tick · fetching GET http://localhost:3008/api/cron/comms-social-worker
[2026-08-25T21:13:24.789Z] tick · social:cron-tick · status=200 · OK
[2026-08-25T21:14:23.837Z] tick · discovery:orchestrator:tick · spawning
[2026-08-25T21:14:24.075Z] tick · discovery:orchestrator:tick · exit=0 signal=- · OK
[2026-08-25T21:14:24.558Z] tick · social:cron-tick · fetching GET http://localhost:3008/api/cron/comms-social-worker
[2026-08-25T21:14:24.760Z] tick · social:cron-tick · status=200 · OK
[2026-08-25T21:15:20.175Z] tick · orchestration:zombie-reconciler · spawning
[2026-08-25T21:15:20.440Z] tick · orchestration:zombie-reconciler · exit=0 signal=- · OK
[2026-08-25T21:15:20.599Z] tick · brain:cron-tick · fetching GET http://localhost:3008/api/nex/brain/cron-tick
[2026-08-25T21:15:21.147Z] tick · brain:cron-tick · status=200 · OK
[2026-08-25T21:15:23.841Z] tick · discovery:orchestrator:tick · spawning
[2026-08-25T21:15:24.487Z] tick · discovery:orchestrator:tick · exit=0 signal=- · OK
[2026-08-25T21:15:24.564Z] tick · social:cron-tick · fetching GET http://localhost:3008/api/cron/comms-social-worker
[2026-08-25T21:15:24.731Z] tick · social:cron-tick · status=200 · OK
[2026-08-25T21:16:23.847Z] tick · discovery:orchestrator:tick · spawning
[2026-08-25T21:16:24.182Z] tick · discovery:orchestrator:tick · exit=0 signal=- · OK
[2026-08-25T21:16:24.564Z] tick · social:cron-tick · fetching GET http://localhost:3008/api/cron/comms-social-worker
[2026-08-25T21:16:24.772Z] tick · social:cron-tick · status=200 · OK
[2026-08-25T21:17:23.850Z] tick · discovery:orchestrator:tick · spawning
[2026-08-25T21:17:24.118Z] tick · discovery:orchestrator:tick · exit=0 signal=- · OK
[2026-08-25T21:17:24.572Z] tick · social:cron-tick · fetching GET http://localhost:3008/api/cron/comms-social-worker
[2026-08-25T21:17:24.807Z] tick · social:cron-tick · status=200 · OK
[2026-08-25T21:18:20.182Z] tick · orchestration:zombie-reconciler · spawning
[2026-08-25T21:18:20.472Z] tick · orchestration:zombie-reconciler · exit=0 signal=- · OK
[2026-08-25T21:18:20.602Z] tick · brain:cron-tick · fetching GET http://localhost:3008/api/nex/brain/cron-tick
[2026-08-25T21:18:21.185Z] tick · brain:cron-tick · status=200 · OK
[2026-08-25T21:18:23.852Z] tick · discovery:orchestrator:tick · spawning
[2026-08-25T21:18:24.149Z] tick · discovery:orchestrator:tick · exit=0 signal=- · OK
[2026-08-25T21:18:24.574Z] tick · social:cron-tick · fetching GET http://localhost:3008/api/cron/comms-social-worker
[2026-08-25T21:18:24.692Z] tick · social:cron-tick · status=200 · OK
[2026-08-25T21:19:23.863Z] tick · discovery:orchestrator:tick · spawning
[2026-08-25T21:19:24.109Z] tick · discovery:orchestrator:tick · exit=0 signal=- · OK
[2026-08-25T21:19:24.578Z] tick · social:cron-tick · fetching GET http://localhost:3008/api/cron/comms-social-worker
[2026-08-25T21:19:24.839Z] tick · social:cron-tick · status=200 · OK
[2026-08-25T21:20:19.288Z] tick · cle:conversation · spawning
[2026-08-25T21:20:19.684Z] tick · cle:conversation · exit=0 signal=- · OK
[2026-08-25T21:20:23.864Z] tick · discovery:orchestrator:tick · spawning
[2026-08-25T21:20:24.069Z] tick · discovery:orchestrator:tick · exit=0 signal=- · OK
[2026-08-25T21:20:24.591Z] tick · social:cron-tick · fetching GET http://localhost:3008/api/cron/comms-social-worker
[2026-08-25T21:20:24.914Z] tick · social:cron-tick · status=200 · OK
[2026-08-25T21:20:49.209Z] tick · discovery:rotation:tick · spawning
[2026-08-25T21:20:49.807Z] tick · discovery:rotation:tick · exit=0 signal=- · OK
[2026-08-25T21:21:20.190Z] tick · orchestration:zombie-reconciler · spawning
[2026-08-25T21:21:20.436Z] tick · orchestration:zombie-reconciler · exit=0 signal=- · OK
[2026-08-25T21:21:20.612Z] tick · brain:cron-tick · fetching GET http://localhost:3008/api/nex/brain/cron-tick
[2026-08-25T21:21:21.154Z] tick · brain:cron-tick · status=200 · OK
[2026-08-25T21:21:23.877Z] tick · discovery:orchestrator:tick · spawning
[2026-08-25T21:21:24.114Z] tick · discovery:orchestrator:tick · exit=0 signal=- · OK
[2026-08-25T21:21:24.600Z] tick · social:cron-tick · fetching GET http://localhost:3008/api/cron/comms-social-worker
[2026-08-25T21:21:24.757Z] tick · social:cron-tick · status=200 · OK
[2026-08-25T21:22:23.877Z] tick · discovery:orchestrator:tick · spawning
[2026-08-25T21:22:24.091Z] tick · discovery:orchestrator:tick · exit=0 signal=- · OK
[2026-08-25T21:22:24.605Z] tick · social:cron-tick · fetching GET http://localhost:3008/api/cron/comms-social-worker
[2026-08-25T21:22:24.867Z] tick · social:cron-tick · status=200 · OK
[2026-08-25T21:23:23.886Z] tick · discovery:orchestrator:tick · spawning
[2026-08-25T21:23:24.269Z] tick · discovery:orchestrator:tick · exit=0 signal=- · OK
[2026-08-25T21:23:24.609Z] tick · social:cron-tick · fetching GET http://localhost:3008/api/cron/comms-social-worker
[2026-08-25T21:23:24.989Z] tick · social:cron-tick · status=200 · OK
[2026-08-25T21:24:20.198Z] tick · orchestration:zombie-reconciler · spawning
[2026-08-25T21:24:20.551Z] tick · orchestration:zombie-reconciler · exit=0 signal=- · OK
[2026-08-25T21:24:20.616Z] tick · brain:cron-tick · fetching GET http://localhost:3008/api/nex/brain/cron-tick
[2026-08-25T21:24:21.087Z] tick · brain:cron-tick · status=200 · OK
[2026-08-25T21:24:23.887Z] tick · discovery:orchestrator:tick · spawning
[2026-08-25T21:24:24.166Z] tick · discovery:orchestrator:tick · exit=0 signal=- · OK
[2026-08-25T21:24:24.620Z] tick · social:cron-tick · fetching GET http://localhost:3008/api/cron/comms-social-worker
[2026-08-25T21:24:24.751Z] tick · social:cron-tick · status=200 · OK
[2026-08-25T21:25:23.886Z] tick · discovery:orchestrator:tick · spawning
[2026-08-25T21:25:24.203Z] tick · discovery:orchestrator:tick · exit=0 signal=- · OK
[2026-08-25T21:25:24.634Z] tick · social:cron-tick · fetching GET http://localhost:3008/api/cron/comms-social-worker
[2026-08-25T21:25:24.845Z] tick · social:cron-tick · status=200 · OK
[2026-08-25T21:26:23.881Z] tick · discovery:orchestrator:tick · spawning
[2026-08-25T21:26:24.117Z] tick · discovery:orchestrator:tick · exit=0 signal=- · OK
[2026-08-25T21:26:24.655Z] tick · social:cron-tick · fetching GET http://localhost:3008/api/cron/comms-social-worker
[2026-08-25T21:26:24.874Z] tick · social:cron-tick · status=200 · OK
[2026-08-25T21:27:20.212Z] tick · orchestration:zombie-reconciler · spawning
[2026-08-25T21:27:20.487Z] tick · orchestration:zombie-reconciler · exit=0 signal=- · OK
[2026-08-25T21:27:20.626Z] tick · brain:cron-tick · fetching GET http://localhost:3008/api/nex/brain/cron-tick
[2026-08-25T21:27:21.341Z] tick · brain:cron-tick · status=200 · OK
[2026-08-25T21:27:23.895Z] tick · discovery:orchestrator:tick · spawning
[2026-08-25T21:27:24.174Z] tick · discovery:orchestrator:tick · exit=0 signal=- · OK
[2026-08-25T21:27:24.657Z] tick · social:cron-tick · fetching GET http://localhost:3008/api/cron/comms-social-worker
[2026-08-25T21:27:24.822Z] tick · social:cron-tick · status=200 · OK
[2026-08-25T21:28:23.895Z] tick · discovery:orchestrator:tick · spawning
[2026-08-25T21:28:24.200Z] tick · discovery:orchestrator:tick · exit=0 signal=- · OK
[2026-08-25T21:28:24.661Z] tick · social:cron-tick · fetching GET http://localhost:3008/api/cron/comms-social-worker
[2026-08-25T21:28:24.876Z] tick · social:cron-tick · status=200 · OK
[2026-08-25T21:29:23.902Z] tick · discovery:orchestrator:tick · spawning
[2026-08-25T21:29:24.150Z] tick · discovery:orchestrator:tick · exit=0 signal=- · OK
[2026-08-25T21:29:24.664Z] tick · social:cron-tick · fetching GET http://localhost:3008/api/cron/comms-social-worker
[2026-08-25T21:29:24.887Z] tick · social:cron-tick · status=200 · OK
[2026-08-25T21:30:19.034Z] tick · promotion:food:Yogyakarta:quality-check · spawning
[2026-08-25T21:30:19.293Z] tick · cle:conversation · spawning
[2026-08-25T21:30:19.537Z] tick · promotion:food:Yogyakarta:quality-check · exit=0 signal=- · OK
[2026-08-25T21:30:19.561Z] tick · cle:conversation · exit=0 signal=- · OK
[2026-08-25T21:30:20.213Z] tick · orchestration:zombie-reconciler · spawning
[2026-08-25T21:30:20.430Z] tick · orchestration:zombie-reconciler · exit=0 signal=- · OK
[2026-08-25T21:30:20.629Z] tick · brain:cron-tick · fetching GET http://localhost:3008/api/nex/brain/cron-tick
[2026-08-25T21:30:21.260Z] tick · brain:cron-tick · status=200 · OK
[2026-08-25T21:30:23.906Z] tick · discovery:orchestrator:tick · spawning
[2026-08-25T21:30:24.193Z] tick · discovery:orchestrator:tick · exit=0 signal=- · OK
[2026-08-25T21:30:24.671Z] tick · social:cron-tick · fetching GET http://localhost:3008/api/cron/comms-social-worker
[2026-08-25T21:30:24.778Z] tick · social:cron-tick · status=200 · OK
[2026-08-25T21:30:49.222Z] tick · discovery:rotation:tick · spawning
[2026-08-25T21:30:49.690Z] tick · discovery:rotation:tick · exit=0 signal=- · OK
[2026-08-25T21:31:23.906Z] tick · discovery:orchestrator:tick · spawning
[2026-08-25T21:31:24.280Z] tick · discovery:orchestrator:tick · exit=0 signal=- · OK
[2026-08-25T21:31:24.678Z] tick · social:cron-tick · fetching GET http://localhost:3008/api/cron/comms-social-worker
[2026-08-25T21:31:24.913Z] tick · social:cron-tick · status=200 · OK
[2026-08-25T21:32:23.907Z] tick · discovery:orchestrator:tick · spawning
[2026-08-25T21:32:24.128Z] tick · discovery:orchestrator:tick · exit=0 signal=- · OK
[2026-08-25T21:32:24.689Z] tick · social:cron-tick · fetching GET http://localhost:3008/api/cron/comms-social-worker
[2026-08-25T21:32:24.965Z] tick · social:cron-tick · status=200 · OK
[2026-08-25T21:33:20.215Z] tick · orchestration:zombie-reconciler · spawning
[2026-08-25T21:33:20.630Z] tick · brain:cron-tick · fetching GET http://localhost:3008/api/nex/brain/cron-tick
[2026-08-25T21:33:20.672Z] tick · orchestration:zombie-reconciler · exit=0 signal=- · OK
[2026-08-25T21:33:21.526Z] tick · brain:cron-tick · status=200 · OK
[2026-08-25T21:33:23.909Z] tick · discovery:orchestrator:tick · spawning
[2026-08-25T21:33:24.176Z] tick · discovery:orchestrator:tick · exit=0 signal=- · OK
[2026-08-25T21:33:24.694Z] tick · social:cron-tick · fetching GET http://localhost:3008/api/cron/comms-social-worker
[2026-08-25T21:33:24.880Z] tick · social:cron-tick · status=200 · OK
[2026-08-25T21:34:23.909Z] tick · discovery:orchestrator:tick · spawning
[2026-08-25T21:34:24.126Z] tick · discovery:orchestrator:tick · exit=0 signal=- · OK
[2026-08-25T21:34:24.700Z] tick · social:cron-tick · fetching GET http://localhost:3008/api/cron/comms-social-worker
[2026-08-25T21:34:24.934Z] tick · social:cron-tick · status=200 · OK
[2026-08-25T21:35:23.914Z] tick · discovery:orchestrator:tick · spawning
[2026-08-25T21:35:24.223Z] tick · discovery:orchestrator:tick · exit=0 signal=- · OK
[2026-08-25T21:35:24.715Z] tick · social:cron-tick · fetching GET http://localhost:3008/api/cron/comms-social-worker
[2026-08-25T21:35:24.961Z] tick · social:cron-tick · status=200 · OK
[2026-08-25T21:36:20.231Z] tick · orchestration:zombie-reconciler · spawning
[2026-08-25T21:36:20.466Z] tick · orchestration:zombie-reconciler · exit=0 signal=- · OK
[2026-08-25T21:36:20.643Z] tick · brain:cron-tick · fetching GET http://localhost:3008/api/nex/brain/cron-tick
[2026-08-25T21:36:21.104Z] tick · brain:cron-tick · status=200 · OK
[2026-08-25T21:36:23.929Z] tick · discovery:orchestrator:tick · spawning
[2026-08-25T21:36:24.232Z] tick · discovery:orchestrator:tick · exit=0 signal=- · OK
[2026-08-25T21:36:24.722Z] tick · social:cron-tick · fetching GET http://localhost:3008/api/cron/comms-social-worker
[2026-08-25T21:36:24.853Z] tick · social:cron-tick · status=200 · OK
[2026-08-25T21:37:23.931Z] tick · discovery:orchestrator:tick · spawning
[2026-08-25T21:37:24.240Z] tick · discovery:orchestrator:tick · exit=0 signal=- · OK
[2026-08-25T21:37:24.737Z] tick · social:cron-tick · fetching GET http://localhost:3008/api/cron/comms-social-worker
[2026-08-25T21:37:24.957Z] tick · social:cron-tick · status=200 · OK
[2026-08-25T21:38:23.946Z] tick · discovery:orchestrator:tick · spawning
[2026-08-25T21:38:24.218Z] tick · discovery:orchestrator:tick · exit=0 signal=- · OK
[2026-08-25T21:38:24.742Z] tick · social:cron-tick · fetching GET http://localhost:3008/api/cron/comms-social-worker
[2026-08-25T21:38:24.943Z] tick · social:cron-tick · status=200 · OK
[2026-08-25T21:39:20.234Z] tick · orchestration:zombie-reconciler · spawning
[2026-08-25T21:39:20.587Z] tick · orchestration:zombie-reconciler · exit=0 signal=- · OK
[2026-08-25T21:39:20.647Z] tick · brain:cron-tick · fetching GET http://localhost:3008/api/nex/brain/cron-tick
[2026-08-25T21:39:21.169Z] tick · brain:cron-tick · status=200 · OK
[2026-08-25T21:39:23.948Z] tick · discovery:orchestrator:tick · spawning
[2026-08-25T21:39:24.189Z] tick · discovery:orchestrator:tick · exit=0 signal=- · OK
[2026-08-25T21:39:24.745Z] tick · social:cron-tick · fetching GET http://localhost:3008/api/cron/comms-social-worker
[2026-08-25T21:39:24.895Z] tick · social:cron-tick · status=200 · OK
[2026-08-25T21:40:19.297Z] tick · cle:conversation · spawning
[2026-08-25T21:40:19.620Z] tick · cle:conversation · exit=0 signal=- · OK
[2026-08-25T21:40:23.949Z] tick · discovery:orchestrator:tick · spawning
[2026-08-25T21:40:24.259Z] tick · discovery:orchestrator:tick · exit=0 signal=- · OK
[2026-08-25T21:40:24.754Z] tick · social:cron-tick · fetching GET http://localhost:3008/api/cron/comms-social-worker
[2026-08-25T21:40:24.932Z] tick · social:cron-tick · status=200 · OK
[2026-08-25T21:40:49.225Z] tick · discovery:rotation:tick · spawning
[2026-08-25T21:40:49.740Z] tick · discovery:rotation:tick · exit=0 signal=- · OK
[2026-08-25T21:41:23.956Z] tick · discovery:orchestrator:tick · spawning
[2026-08-25T21:41:24.308Z] tick · discovery:orchestrator:tick · exit=0 signal=- · OK
[2026-08-25T21:41:24.762Z] tick · social:cron-tick · fetching GET http://localhost:3008/api/cron/comms-social-worker
[2026-08-25T21:41:24.993Z] tick · social:cron-tick · status=200 · OK
[2026-08-25T21:42:20.243Z] tick · orchestration:zombie-reconciler · spawning
[2026-08-25T21:42:20.484Z] tick · orchestration:zombie-reconciler · exit=0 signal=- · OK
[2026-08-25T21:42:20.647Z] tick · brain:cron-tick · fetching GET http://localhost:3008/api/nex/brain/cron-tick
[2026-08-25T21:42:21.277Z] tick · brain:cron-tick · status=200 · OK
[2026-08-25T21:42:23.956Z] tick · discovery:orchestrator:tick · spawning
[2026-08-25T21:42:24.236Z] tick · discovery:orchestrator:tick · exit=0 signal=- · OK
[2026-08-25T21:42:24.764Z] tick · social:cron-tick · fetching GET http://localhost:3008/api/cron/comms-social-worker
[2026-08-25T21:42:24.860Z] tick · social:cron-tick · status=200 · OK
[2026-08-25T21:43:23.966Z] tick · discovery:orchestrator:tick · spawning
[2026-08-25T21:43:24.200Z] tick · discovery:orchestrator:tick · exit=0 signal=- · OK
[2026-08-25T21:43:24.769Z] tick · social:cron-tick · fetching GET http://localhost:3008/api/cron/comms-social-worker
[2026-08-25T21:43:24.947Z] tick · social:cron-tick · status=200 · OK
[2026-08-25T21:44:23.968Z] tick · discovery:orchestrator:tick · spawning
[2026-08-25T21:44:24.247Z] tick · discovery:orchestrator:tick · exit=0 signal=- · OK
[2026-08-25T21:44:24.776Z] tick · social:cron-tick · fetching GET http://localhost:3008/api/cron/comms-social-worker
[2026-08-25T21:44:24.950Z] tick · social:cron-tick · status=200 · OK
[2026-08-25T21:45:20.253Z] tick · orchestration:zombie-reconciler · spawning
[2026-08-25T21:45:20.556Z] tick · orchestration:zombie-reconciler · exit=0 signal=- · OK
[2026-08-25T21:45:20.653Z] tick · brain:cron-tick · fetching GET http://localhost:3008/api/nex/brain/cron-tick
[2026-08-25T21:45:21.110Z] tick · brain:cron-tick · status=200 · OK
[2026-08-25T21:45:23.976Z] tick · discovery:orchestrator:tick · spawning
[2026-08-25T21:45:24.177Z] tick · discovery:orchestrator:tick · exit=0 signal=- · OK
[2026-08-25T21:45:24.778Z] tick · social:cron-tick · fetching GET http://localhost:3008/api/cron/comms-social-worker
[2026-08-25T21:45:24.902Z] tick · social:cron-tick · status=200 · OK
[2026-08-25T21:46:23.981Z] tick · discovery:orchestrator:tick · spawning
[2026-08-25T21:46:24.212Z] tick · discovery:orchestrator:tick · exit=0 signal=- · OK
[2026-08-25T21:46:24.785Z] tick · social:cron-tick · fetching GET http://localhost:3008/api/cron/comms-social-worker
[2026-08-25T21:46:24.968Z] tick · social:cron-tick · status=200 · OK
[2026-08-25T21:47:23.997Z] tick · discovery:orchestrator:tick · spawning
[2026-08-25T21:47:24.263Z] tick · discovery:orchestrator:tick · exit=0 signal=- · OK
[2026-08-25T21:47:24.799Z] tick · social:cron-tick · fetching GET http://localhost:3008/api/cron/comms-social-worker
[2026-08-25T21:47:24.964Z] tick · social:cron-tick · status=200 · OK
[2026-08-25T21:48:20.258Z] tick · orchestration:zombie-reconciler · spawning
[2026-08-25T21:48:20.545Z] tick · orchestration:zombie-reconciler · exit=0 signal=- · OK
[2026-08-25T21:48:20.654Z] tick · brain:cron-tick · fetching GET http://localhost:3008/api/nex/brain/cron-tick
[2026-08-25T21:48:21.148Z] tick · brain:cron-tick · status=200 · OK
[2026-08-25T21:48:24.008Z] tick · discovery:orchestrator:tick · spawning
[2026-08-25T21:48:24.264Z] tick · discovery:orchestrator:tick · exit=0 signal=- · OK
[2026-08-25T21:48:24.801Z] tick · social:cron-tick · fetching GET http://localhost:3008/api/cron/comms-social-worker
[2026-08-25T21:48:24.929Z] tick · social:cron-tick · status=200 · OK
[2026-08-25T21:49:24.010Z] tick · discovery:orchestrator:tick · spawning
[2026-08-25T21:49:24.241Z] tick · discovery:orchestrator:tick · exit=0 signal=- · OK
[2026-08-25T21:49:24.808Z] tick · social:cron-tick · fetching GET http://localhost:3008/api/cron/comms-social-worker
[2026-08-25T21:49:25.021Z] tick · social:cron-tick · status=200 · OK
[2026-08-25T21:50:19.305Z] tick · cle:conversation · spawning
[2026-08-25T21:50:19.656Z] tick · cle:conversation · exit=0 signal=- · OK
[2026-08-25T21:50:24.016Z] tick · discovery:orchestrator:tick · spawning
[2026-08-25T21:50:24.306Z] tick · discovery:orchestrator:tick · exit=0 signal=- · OK
[2026-08-25T21:50:24.819Z] tick · social:cron-tick · fetching GET http://localhost:3008/api/cron/comms-social-worker
[2026-08-25T21:50:25.107Z] tick · social:cron-tick · status=200 · OK
[2026-08-25T21:50:49.231Z] tick · discovery:rotation:tick · spawning
[2026-08-25T21:50:49.709Z] tick · discovery:rotation:tick · exit=0 signal=- · OK
[2026-08-25T21:51:20.271Z] tick · orchestration:zombie-reconciler · spawning
[2026-08-25T21:51:20.515Z] tick · orchestration:zombie-reconciler · exit=0 signal=- · OK
[2026-08-25T21:51:20.661Z] tick · brain:cron-tick · fetching GET http://localhost:3008/api/nex/brain/cron-tick
[2026-08-25T21:51:21.134Z] tick · brain:cron-tick · status=200 · OK
[2026-08-25T21:51:24.030Z] tick · discovery:orchestrator:tick · spawning
[2026-08-25T21:51:24.312Z] tick · discovery:orchestrator:tick · exit=0 signal=- · OK
[2026-08-25T21:51:24.830Z] tick · social:cron-tick · fetching GET http://localhost:3008/api/cron/comms-social-worker
[2026-08-25T21:51:24.957Z] tick · social:cron-tick · status=200 · OK
[2026-08-25T21:52:24.040Z] tick · discovery:orchestrator:tick · spawning
[2026-08-25T21:52:24.316Z] tick · discovery:orchestrator:tick · exit=0 signal=- · OK
[2026-08-25T21:52:24.831Z] tick · social:cron-tick · fetching GET http://localhost:3008/api/cron/comms-social-worker
[2026-08-25T21:52:25.057Z] tick · social:cron-tick · status=200 · OK
[2026-08-25T21:53:24.041Z] tick · discovery:orchestrator:tick · spawning
[2026-08-25T21:53:24.283Z] tick · discovery:orchestrator:tick · exit=0 signal=- · OK
[2026-08-25T21:53:24.835Z] tick · social:cron-tick · fetching GET http://localhost:3008/api/cron/comms-social-worker
[2026-08-25T21:53:25.160Z] tick · social:cron-tick · status=200 · OK
[2026-08-25T21:54:20.274Z] tick · orchestration:zombie-reconciler · spawning
[2026-08-25T21:54:20.484Z] tick · orchestration:zombie-reconciler · exit=0 signal=- · OK
[2026-08-25T21:54:20.666Z] tick · brain:cron-tick · fetching GET http://localhost:3008/api/nex/brain/cron-tick
[2026-08-25T21:54:21.137Z] tick · brain:cron-tick · status=200 · OK
[2026-08-25T21:54:24.050Z] tick · discovery:orchestrator:tick · spawning
[2026-08-25T21:54:24.256Z] tick · discovery:orchestrator:tick · exit=0 signal=- · OK
[2026-08-25T21:54:24.846Z] tick · social:cron-tick · fetching GET http://localhost:3008/api/cron/comms-social-worker
[2026-08-25T21:54:24.958Z] tick · social:cron-tick · status=200 · OK
[2026-08-25T21:55:24.053Z] tick · discovery:orchestrator:tick · spawning
[2026-08-25T21:55:24.308Z] tick · discovery:orchestrator:tick · exit=0 signal=- · OK
[2026-08-25T21:55:24.851Z] tick · social:cron-tick · fetching GET http://localhost:3008/api/cron/comms-social-worker
[2026-08-25T21:55:25.060Z] tick · social:cron-tick · status=200 · OK
[2026-08-25T21:56:24.056Z] tick · discovery:orchestrator:tick · spawning
[2026-08-25T21:56:24.505Z] tick · discovery:orchestrator:tick · exit=0 signal=- · OK
[2026-08-25T21:56:24.854Z] tick · social:cron-tick · fetching GET http://localhost:3008/api/cron/comms-social-worker
[2026-08-25T21:56:25.222Z] tick · social:cron-tick · status=200 · OK
[2026-08-25T21:57:20.275Z] tick · orchestration:zombie-reconciler · spawning
[2026-08-25T21:57:20.670Z] tick · brain:cron-tick · fetching GET http://localhost:3008/api/nex/brain/cron-tick
[2026-08-25T21:57:20.783Z] tick · orchestration:zombie-reconciler · exit=0 signal=- · OK
[2026-08-25T21:57:21.296Z] tick · brain:cron-tick · status=200 · OK
[2026-08-25T21:57:24.062Z] tick · discovery:orchestrator:tick · spawning
[2026-08-25T21:57:24.365Z] tick · discovery:orchestrator:tick · exit=0 signal=- · OK
[2026-08-25T21:57:24.854Z] tick · social:cron-tick · fetching GET http://localhost:3008/api/cron/comms-social-worker
[2026-08-25T21:57:25.061Z] tick · social:cron-tick · status=200 · OK
[2026-08-25T21:58:24.069Z] tick · discovery:orchestrator:tick · spawning
[2026-08-25T21:58:24.391Z] tick · discovery:orchestrator:tick · exit=0 signal=- · OK
[2026-08-25T21:58:24.860Z] tick · social:cron-tick · fetching GET http://localhost:3008/api/cron/comms-social-worker
[2026-08-25T21:58:25.229Z] tick · social:cron-tick · status=200 · OK
[2026-08-25T21:59:24.064Z] tick · discovery:orchestrator:tick · spawning
[2026-08-25T21:59:24.398Z] tick · discovery:orchestrator:tick · exit=0 signal=- · OK
[2026-08-25T21:59:24.856Z] tick · social:cron-tick · fetching GET http://localhost:3008/api/cron/comms-social-worker
[2026-08-25T21:59:25.263Z] tick · social:cron-tick · status=200 · OK
[2026-08-25T22:00:19.044Z] tick · promotion:food:Yogyakarta:quality-check · spawning
[2026-08-25T22:00:19.305Z] tick · cle:conversation · spawning
[2026-08-25T22:00:19.538Z] tick · promotion:food:Yogyakarta:quality-check · exit=0 signal=- · OK
[2026-08-25T22:00:19.696Z] tick · cle:conversation · exit=0 signal=- · OK
[2026-08-25T22:00:20.271Z] tick · orchestration:zombie-reconciler · spawning
[2026-08-25T22:00:20.577Z] tick · orchestration:zombie-reconciler · exit=0 signal=- · OK
[2026-08-25T22:00:20.668Z] tick · brain:cron-tick · fetching GET http://localhost:3008/api/nex/brain/cron-tick
[2026-08-25T22:00:21.278Z] tick · brain:cron-tick · status=200 · OK
[2026-08-25T22:00:24.075Z] tick · discovery:orchestrator:tick · spawning
[2026-08-25T22:00:24.405Z] tick · discovery:orchestrator:tick · exit=0 signal=- · OK
[2026-08-25T22:00:24.867Z] tick · social:cron-tick · fetching GET http://localhost:3008/api/cron/comms-social-worker
[2026-08-25T22:00:25.026Z] tick · social:cron-tick · status=200 · OK
[2026-08-25T22:00:49.238Z] tick · discovery:rotation:tick · spawning
[2026-08-25T22:00:49.810Z] tick · discovery:rotation:tick · exit=0 signal=- · OK
[2026-08-25T22:01:24.086Z] tick · discovery:orchestrator:tick · spawning
[2026-08-25T22:01:24.399Z] tick · discovery:orchestrator:tick · exit=0 signal=- · OK
[2026-08-25T22:01:24.875Z] tick · social:cron-tick · fetching GET http://localhost:3008/api/cron/comms-social-worker
[2026-08-25T22:01:25.113Z] tick · social:cron-tick · status=200 · OK
[2026-08-25T22:02:24.091Z] tick · discovery:orchestrator:tick · spawning
[2026-08-25T22:02:24.400Z] tick · discovery:orchestrator:tick · exit=0 signal=- · OK
[2026-08-25T22:02:24.875Z] tick · social:cron-tick · fetching GET http://localhost:3008/api/cron/comms-social-worker
[2026-08-25T22:02:25.127Z] tick · social:cron-tick · status=200 · OK
[2026-08-25T22:03:20.275Z] tick · orchestration:zombie-reconciler · spawning
[2026-08-25T22:03:20.576Z] tick · orchestration:zombie-reconciler · exit=0 signal=- · OK
[2026-08-25T22:03:20.677Z] tick · brain:cron-tick · fetching GET http://localhost:3008/api/nex/brain/cron-tick
[2026-08-25T22:03:21.427Z] tick · brain:cron-tick · status=200 · OK
[2026-08-25T22:03:24.105Z] tick · discovery:orchestrator:tick · spawning
[2026-08-25T22:03:24.359Z] tick · discovery:orchestrator:tick · exit=0 signal=- · OK
[2026-08-25T22:03:24.881Z] tick · social:cron-tick · fetching GET http://localhost:3008/api/cron/comms-social-worker
[2026-08-25T22:03:25.052Z] tick · social:cron-tick · status=200 · OK
[2026-08-25T22:04:24.121Z] tick · discovery:orchestrator:tick · spawning
[2026-08-25T22:04:24.506Z] tick · discovery:orchestrator:tick · exit=0 signal=- · OK
[2026-08-25T22:04:24.886Z] tick · social:cron-tick · fetching GET http://localhost:3008/api/cron/comms-social-worker
[2026-08-25T22:04:25.152Z] tick · social:cron-tick · status=200 · OK
[2026-08-25T22:05:24.135Z] tick · discovery:orchestrator:tick · spawning
[2026-08-25T22:05:24.485Z] tick · discovery:orchestrator:tick · exit=0 signal=- · OK
[2026-08-25T22:05:24.899Z] tick · social:cron-tick · fetching GET http://localhost:3008/api/cron/comms-social-worker
[2026-08-25T22:05:25.267Z] tick · social:cron-tick · status=200 · OK
[2026-08-25T22:06:20.285Z] tick · orchestration:zombie-reconciler · spawning
[2026-08-25T22:06:20.678Z] tick · brain:cron-tick · fetching GET http://localhost:3008/api/nex/brain/cron-tick
[2026-08-25T22:06:20.756Z] tick · orchestration:zombie-reconciler · exit=0 signal=- · OK
[2026-08-25T22:06:21.326Z] tick · brain:cron-tick · status=200 · OK
[2026-08-25T22:06:24.148Z] tick · discovery:orchestrator:tick · spawning
[2026-08-25T22:06:24.408Z] tick · discovery:orchestrator:tick · exit=0 signal=- · OK
[2026-08-25T22:06:24.911Z] tick · social:cron-tick · fetching GET http://localhost:3008/api/cron/comms-social-worker
[2026-08-25T22:06:25.076Z] tick · social:cron-tick · status=200 · OK
[2026-08-25T22:07:24.178Z] tick · discovery:orchestrator:tick · spawning
[2026-08-25T22:07:24.908Z] tick · social:cron-tick · fetching GET http://localhost:3008/api/cron/comms-social-worker
[2026-08-25T22:07:24.938Z] tick · discovery:orchestrator:tick · exit=0 signal=- · OK
[2026-08-25T22:07:25.362Z] tick · social:cron-tick · status=200 · OK
[2026-08-25T22:08:24.193Z] tick · discovery:orchestrator:tick · spawning
[2026-08-25T22:08:24.882Z] tick · discovery:orchestrator:tick · exit=0 signal=- · OK
[2026-08-25T22:08:24.913Z] tick · social:cron-tick · fetching GET http://localhost:3008/api/cron/comms-social-worker
[2026-08-25T22:08:25.382Z] tick · social:cron-tick · status=200 · OK
[2026-08-25T22:09:20.286Z] tick · orchestration:zombie-reconciler · spawning
[2026-08-25T22:09:20.683Z] tick · brain:cron-tick · fetching GET http://localhost:3008/api/nex/brain/cron-tick
[2026-08-25T22:09:20.692Z] tick · orchestration:zombie-reconciler · exit=0 signal=- · OK
[2026-08-25T22:09:21.733Z] tick · brain:cron-tick · status=200 · OK
[2026-08-25T22:09:24.206Z] tick · discovery:orchestrator:tick · spawning
[2026-08-25T22:09:24.641Z] tick · discovery:orchestrator:tick · exit=0 signal=- · OK
[2026-08-25T22:09:24.929Z] tick · social:cron-tick · fetching GET http://localhost:3008/api/cron/comms-social-worker
[2026-08-25T22:09:25.180Z] tick · social:cron-tick · status=200 · OK
[2026-08-25T22:10:19.322Z] tick · cle:conversation · spawning
[2026-08-25T22:10:19.972Z] tick · cle:conversation · exit=0 signal=- · OK
[2026-08-25T22:10:24.221Z] tick · discovery:orchestrator:tick · spawning
[2026-08-25T22:10:24.585Z] tick · discovery:orchestrator:tick · exit=0 signal=- · OK
[2026-08-25T22:10:24.932Z] tick · social:cron-tick · fetching GET http://localhost:3008/api/cron/comms-social-worker
[2026-08-25T22:10:25.247Z] tick · social:cron-tick · status=200 · OK
[2026-08-25T22:10:49.240Z] tick · discovery:rotation:tick · spawning
[2026-08-25T22:10:50.058Z] tick · discovery:rotation:tick · exit=0 signal=- · OK
[2026-08-25T22:11:24.230Z] tick · discovery:orchestrator:tick · spawning
[2026-08-25T22:11:24.885Z] tick · discovery:orchestrator:tick · exit=0 signal=- · OK
[2026-08-25T22:11:24.936Z] tick · social:cron-tick · fetching GET http://localhost:3008/api/cron/comms-social-worker
[2026-08-25T22:11:25.603Z] tick · social:cron-tick · status=200 · OK
[2026-08-25T22:12:20.293Z] tick · orchestration:zombie-reconciler · spawning
[2026-08-25T22:12:20.696Z] tick · brain:cron-tick · fetching GET http://localhost:3008/api/nex/brain/cron-tick
[2026-08-25T22:12:20.867Z] tick · orchestration:zombie-reconciler · exit=0 signal=- · OK
[2026-08-25T22:12:21.613Z] tick · brain:cron-tick · status=200 · OK
[2026-08-25T22:12:24.243Z] tick · discovery:orchestrator:tick · spawning
[2026-08-25T22:12:24.613Z] tick · discovery:orchestrator:tick · exit=0 signal=- · OK
[2026-08-25T22:12:24.940Z] tick · social:cron-tick · fetching GET http://localhost:3008/api/cron/comms-social-worker
[2026-08-25T22:12:25.265Z] tick · social:cron-tick · status=200 · OK
[2026-08-25T22:13:24.243Z] tick · discovery:orchestrator:tick · spawning
[2026-08-25T22:13:24.860Z] tick · discovery:orchestrator:tick · exit=0 signal=- · OK
[2026-08-25T22:13:24.942Z] tick · social:cron-tick · fetching GET http://localhost:3008/api/cron/comms-social-worker
[2026-08-25T22:13:25.527Z] tick · social:cron-tick · status=200 · OK
[2026-08-25T22:14:24.249Z] tick · discovery:orchestrator:tick · spawning
[2026-08-25T22:14:24.779Z] tick · discovery:orchestrator:tick · exit=0 signal=- · OK
[2026-08-25T22:14:24.948Z] tick · social:cron-tick · fetching GET http://localhost:3008/api/cron/comms-social-worker
[2026-08-25T22:14:25.611Z] tick · social:cron-tick · status=200 · OK
[2026-08-25T22:15:20.303Z] tick · orchestration:zombie-reconciler · spawning
[2026-08-25T22:15:20.705Z] tick · brain:cron-tick · fetching GET http://localhost:3008/api/nex/brain/cron-tick
[2026-08-25T22:15:20.786Z] tick · orchestration:zombie-reconciler · exit=0 signal=- · OK
[2026-08-25T22:15:22.056Z] tick · brain:cron-tick · status=200 · OK
[2026-08-25T22:15:24.260Z] tick · discovery:orchestrator:tick · spawning
[2026-08-25T22:15:24.756Z] tick · discovery:orchestrator:tick · exit=0 signal=- · OK
[2026-08-25T22:15:24.955Z] tick · social:cron-tick · fetching GET http://localhost:3008/api/cron/comms-social-worker
[2026-08-25T22:15:25.450Z] tick · social:cron-tick · status=200 · OK
[2026-08-25T22:16:24.273Z] tick · discovery:orchestrator:tick · spawning
[2026-08-25T22:16:24.844Z] tick · discovery:orchestrator:tick · exit=0 signal=- · OK
[2026-08-25T22:16:24.967Z] tick · social:cron-tick · fetching GET http://localhost:3008/api/cron/comms-social-worker
[2026-08-25T22:16:25.476Z] tick · social:cron-tick · status=200 · OK
[2026-08-25T22:17:24.299Z] tick · discovery:orchestrator:tick · spawning
[2026-08-25T22:17:24.827Z] tick · discovery:orchestrator:tick · exit=0 signal=- · OK
[2026-08-25T22:17:24.974Z] tick · social:cron-tick · fetching GET http://localhost:3008/api/cron/comms-social-worker
[2026-08-25T22:17:25.520Z] tick · social:cron-tick · status=200 · OK
[2026-08-25T22:18:20.311Z] tick · orchestration:zombie-reconciler · spawning
[2026-08-25T22:18:20.707Z] tick · brain:cron-tick · fetching GET http://localhost:3008/api/nex/brain/cron-tick
[2026-08-25T22:18:21.541Z] tick · orchestration:zombie-reconciler · exit=0 signal=- · OK
[2026-08-25T22:18:23.735Z] tick · brain:cron-tick · status=200 · OK
[2026-08-25T22:18:24.296Z] tick · discovery:orchestrator:tick · spawning
[2026-08-25T22:18:24.596Z] tick · discovery:orchestrator:tick · exit=0 signal=- · OK
[2026-08-25T22:18:24.981Z] tick · social:cron-tick · fetching GET http://localhost:3008/api/cron/comms-social-worker
[2026-08-25T22:18:25.281Z] tick · social:cron-tick · status=200 · OK
[2026-08-25T22:19:24.313Z] tick · discovery:orchestrator:tick · spawning
[2026-08-25T22:19:24.985Z] tick · social:cron-tick · fetching GET http://localhost:3008/api/cron/comms-social-worker
[2026-08-25T22:19:25.048Z] tick · discovery:orchestrator:tick · exit=0 signal=- · OK
[2026-08-25T22:19:25.647Z] tick · social:cron-tick · status=200 · OK
[2026-08-25T22:20:19.323Z] tick · cle:conversation · spawning
[2026-08-25T22:20:19.999Z] tick · cle:conversation · exit=0 signal=- · OK
[2026-08-25T22:20:24.315Z] tick · discovery:orchestrator:tick · spawning
[2026-08-25T22:20:24.951Z] tick · discovery:orchestrator:tick · exit=0 signal=- · OK
[2026-08-25T22:20:24.989Z] tick · social:cron-tick · fetching GET http://localhost:3008/api/cron/comms-social-worker
[2026-08-25T22:20:25.603Z] tick · social:cron-tick · status=200 · OK
[2026-08-25T22:20:49.241Z] tick · discovery:rotation:tick · spawning
[2026-08-25T22:20:50.319Z] tick · discovery:rotation:tick · exit=0 signal=- · OK
[2026-08-25T22:21:20.316Z] tick · orchestration:zombie-reconciler · spawning
[2026-08-25T22:21:20.674Z] tick · orchestration:zombie-reconciler · exit=0 signal=- · OK
[2026-08-25T22:21:20.710Z] tick · brain:cron-tick · fetching GET http://localhost:3008/api/nex/brain/cron-tick
[2026-08-25T22:21:21.763Z] tick · brain:cron-tick · status=200 · OK
[2026-08-25T22:21:24.322Z] tick · discovery:orchestrator:tick · spawning
[2026-08-25T22:21:24.667Z] tick · discovery:orchestrator:tick · exit=0 signal=- · OK
[2026-08-25T22:21:24.989Z] tick · social:cron-tick · fetching GET http://localhost:3008/api/cron/comms-social-worker
[2026-08-25T22:21:25.199Z] tick · social:cron-tick · status=200 · OK
[2026-08-25T22:22:24.327Z] tick · discovery:orchestrator:tick · spawning
[2026-08-25T22:22:24.995Z] tick · social:cron-tick · fetching GET http://localhost:3008/api/cron/comms-social-worker
[2026-08-25T22:22:25.098Z] tick · discovery:orchestrator:tick · exit=0 signal=- · OK
[2026-08-25T22:22:25.852Z] tick · social:cron-tick · status=200 · OK
[2026-08-25T22:23:24.345Z] tick · discovery:orchestrator:tick · spawning
[2026-08-25T22:23:25.000Z] tick · social:cron-tick · fetching GET http://localhost:3008/api/cron/comms-social-worker
[2026-08-25T22:23:25.043Z] tick · discovery:orchestrator:tick · exit=0 signal=- · OK
[2026-08-25T22:23:25.519Z] tick · social:cron-tick · status=200 · OK
[2026-08-25T22:24:20.321Z] tick · orchestration:zombie-reconciler · spawning
[2026-08-25T22:24:20.714Z] tick · brain:cron-tick · fetching GET http://localhost:3008/api/nex/brain/cron-tick
[2026-08-25T22:24:20.780Z] tick · orchestration:zombie-reconciler · exit=0 signal=- · OK
[2026-08-25T22:24:21.705Z] tick · brain:cron-tick · status=200 · OK
[2026-08-25T22:24:24.347Z] tick · discovery:orchestrator:tick · spawning
[2026-08-25T22:24:24.688Z] tick · discovery:orchestrator:tick · exit=0 signal=- · OK
[2026-08-25T22:24:25.006Z] tick · social:cron-tick · fetching GET http://localhost:3008/api/cron/comms-social-worker
[2026-08-25T22:24:25.218Z] tick · social:cron-tick · status=200 · OK
[2026-08-25T22:25:24.354Z] tick · discovery:orchestrator:tick · spawning
[2026-08-25T22:25:24.875Z] tick · discovery:orchestrator:tick · exit=0 signal=- · OK
[2026-08-25T22:25:25.012Z] tick · social:cron-tick · fetching GET http://localhost:3008/api/cron/comms-social-worker
[2026-08-25T22:25:25.553Z] tick · social:cron-tick · status=200 · OK
[2026-08-25T22:26:24.356Z] tick · discovery:orchestrator:tick · spawning
[2026-08-25T22:26:24.953Z] tick · discovery:orchestrator:tick · exit=0 signal=- · OK
[2026-08-25T22:26:25.017Z] tick · social:cron-tick · fetching GET http://localhost:3008/api/cron/comms-social-worker
[2026-08-25T22:26:25.861Z] tick · social:cron-tick · status=200 · OK
[2026-08-25T22:27:20.355Z] tick · orchestration:zombie-reconciler · spawning
[2026-08-25T22:27:20.718Z] tick · brain:cron-tick · fetching GET http://localhost:3008/api/nex/brain/cron-tick
[2026-08-25T22:27:21.211Z] tick · orchestration:zombie-reconciler · exit=0 signal=- · OK
[2026-08-25T22:27:22.233Z] tick · brain:cron-tick · status=200 · OK
[2026-08-25T22:27:24.358Z] tick · discovery:orchestrator:tick · spawning
[2026-08-25T22:27:24.790Z] tick · discovery:orchestrator:tick · exit=0 signal=- · OK
[2026-08-25T22:27:25.018Z] tick · social:cron-tick · fetching GET http://localhost:3008/api/cron/comms-social-worker
[2026-08-25T22:27:25.267Z] tick · social:cron-tick · status=200 · OK
[2026-08-25T22:28:24.381Z] tick · discovery:orchestrator:tick · spawning
[2026-08-25T22:28:25.030Z] tick · social:cron-tick · fetching GET http://localhost:3008/api/cron/comms-social-worker
[2026-08-25T22:28:25.068Z] tick · discovery:orchestrator:tick · exit=0 signal=- · OK
[2026-08-25T22:28:25.470Z] tick · social:cron-tick · status=200 · OK
[2026-08-25T22:29:24.385Z] tick · discovery:orchestrator:tick · spawning
[2026-08-25T22:29:24.983Z] tick · discovery:orchestrator:tick · exit=0 signal=- · OK
[2026-08-25T22:29:25.042Z] tick · social:cron-tick · fetching GET http://localhost:3008/api/cron/comms-social-worker
[2026-08-25T22:29:25.706Z] tick · social:cron-tick · status=200 · OK
[2026-08-25T22:30:19.057Z] tick · promotion:food:Yogyakarta:quality-check · spawning
[2026-08-25T22:30:19.325Z] tick · cle:conversation · spawning
[2026-08-25T22:30:19.668Z] tick · cle:conversation · exit=0 signal=- · OK
[2026-08-25T22:30:19.726Z] tick · promotion:food:Yogyakarta:quality-check · exit=0 signal=- · OK
[2026-08-25T22:30:20.354Z] tick · orchestration:zombie-reconciler · spawning
[2026-08-25T22:30:20.607Z] tick · orchestration:zombie-reconciler · exit=0 signal=- · OK
[2026-08-25T22:30:20.717Z] tick · brain:cron-tick · fetching GET http://localhost:3008/api/nex/brain/cron-tick
[2026-08-25T22:30:21.699Z] tick · brain:cron-tick · status=200 · OK
[2026-08-25T22:30:24.389Z] tick · discovery:orchestrator:tick · spawning
[2026-08-25T22:30:24.724Z] tick · discovery:orchestrator:tick · exit=0 signal=- · OK
[2026-08-25T22:30:25.047Z] tick · social:cron-tick · fetching GET http://localhost:3008/api/cron/comms-social-worker
[2026-08-25T22:30:25.320Z] tick · social:cron-tick · status=200 · OK
[2026-08-25T22:30:49.251Z] tick · discovery:rotation:tick · spawning
[2026-08-25T22:30:50.428Z] tick · discovery:rotation:tick · exit=0 signal=- · OK
[2026-08-25T22:31:24.475Z] tick · discovery:orchestrator:tick · spawning
[2026-08-25T22:31:25.125Z] tick · social:cron-tick · fetching GET http://localhost:3008/api/cron/comms-social-worker
[2026-08-25T22:31:27.758Z] tick · discovery:orchestrator:tick · exit=0 signal=- · OK
[2026-08-25T22:31:29.979Z] tick · social:cron-tick · status=200 · OK
[2026-08-25T22:32:24.487Z] tick · discovery:orchestrator:tick · spawning
[2026-08-25T22:32:25.133Z] tick · social:cron-tick · fetching GET http://localhost:3008/api/cron/comms-social-worker
[2026-08-25T22:32:25.776Z] tick · discovery:orchestrator:tick · exit=0 signal=- · OK
[2026-08-25T22:32:27.544Z] tick · social:cron-tick · status=200 · OK
[2026-08-25T22:33:20.400Z] tick · orchestration:zombie-reconciler · spawning
[2026-08-25T22:33:21.041Z] tick · brain:cron-tick · fetching GET http://localhost:3008/api/nex/brain/cron-tick
[2026-08-25T22:33:22.724Z] tick · orchestration:zombie-reconciler · exit=0 signal=- · OK
[2026-08-25T22:33:24.488Z] tick · discovery:orchestrator:tick · spawning
[2026-08-25T22:33:25.135Z] tick · social:cron-tick · fetching GET http://localhost:3008/api/cron/comms-social-worker
[2026-08-25T22:33:25.330Z] tick · discovery:orchestrator:tick · exit=0 signal=- · OK
[2026-08-25T22:33:26.707Z] tick · social:cron-tick · status=200 · OK
[2026-08-25T22:33:27.370Z] tick · brain:cron-tick · status=200 · OK
[2026-08-25T22:34:24.499Z] tick · discovery:orchestrator:tick · spawning
[2026-08-25T22:34:25.124Z] tick · social:cron-tick · fetching GET http://localhost:3008/api/cron/comms-social-worker
[2026-08-25T22:34:25.167Z] tick · discovery:orchestrator:tick · exit=0 signal=- · OK
[2026-08-25T22:34:25.763Z] tick · social:cron-tick · status=200 · OK
[2026-08-25T22:35:24.489Z] tick · discovery:orchestrator:tick · spawning
[2026-08-25T22:35:25.145Z] tick · social:cron-tick · fetching GET http://localhost:3008/api/cron/comms-social-worker
[2026-08-25T22:35:25.160Z] tick · discovery:orchestrator:tick · exit=0 signal=- · OK
[2026-08-25T22:35:25.792Z] tick · social:cron-tick · status=200 · OK
[2026-08-25T22:36:20.396Z] tick · orchestration:zombie-reconciler · spawning
[2026-08-25T22:36:20.968Z] tick · orchestration:zombie-reconciler · exit=0 signal=- · OK
[2026-08-25T22:36:21.055Z] tick · brain:cron-tick · fetching GET http://localhost:3008/api/nex/brain/cron-tick
[2026-08-25T22:36:22.192Z] tick · brain:cron-tick · status=200 · OK
[2026-08-25T22:36:24.507Z] tick · discovery:orchestrator:tick · spawning
[2026-08-25T22:36:24.954Z] tick · discovery:orchestrator:tick · exit=0 signal=- · OK
[2026-08-25T22:36:25.153Z] tick · social:cron-tick · fetching GET http://localhost:3008/api/cron/comms-social-worker
[2026-08-25T22:36:25.496Z] tick · social:cron-tick · status=200 · OK
[2026-08-25T22:37:24.515Z] tick · discovery:orchestrator:tick · spawning
[2026-08-25T22:37:25.112Z] tick · discovery:orchestrator:tick · exit=0 signal=- · OK
[2026-08-25T22:37:25.154Z] tick · social:cron-tick · fetching GET http://localhost:3008/api/cron/comms-social-worker
[2026-08-25T22:37:25.593Z] tick · social:cron-tick · status=200 · OK
[2026-08-25T22:38:24.524Z] tick · discovery:orchestrator:tick · spawning
[2026-08-25T22:38:25.153Z] tick · social:cron-tick · fetching GET http://localhost:3008/api/cron/comms-social-worker
[2026-08-25T22:38:25.192Z] tick · discovery:orchestrator:tick · exit=0 signal=- · OK
[2026-08-25T22:38:25.524Z] tick · social:cron-tick · status=200 · OK
[2026-08-25T22:39:20.401Z] tick · orchestration:zombie-reconciler · spawning
[2026-08-25T22:39:20.973Z] tick · orchestration:zombie-reconciler · exit=0 signal=- · OK
[2026-08-25T22:39:21.060Z] tick · brain:cron-tick · fetching GET http://localhost:3008/api/nex/brain/cron-tick
[2026-08-25T22:39:22.114Z] tick · brain:cron-tick · status=200 · OK
[2026-08-25T22:39:24.532Z] tick · discovery:orchestrator:tick · spawning
[2026-08-25T22:39:24.842Z] tick · discovery:orchestrator:tick · exit=0 signal=- · OK
[2026-08-25T22:39:25.155Z] tick · social:cron-tick · fetching GET http://localhost:3008/api/cron/comms-social-worker
[2026-08-25T22:39:25.459Z] tick · social:cron-tick · status=200 · OK
[2026-08-25T22:40:19.315Z] tick · cle:conversation · spawning
[2026-08-25T22:40:19.933Z] tick · cle:conversation · exit=0 signal=- · OK
[2026-08-25T22:40:24.520Z] tick · discovery:orchestrator:tick · spawning
[2026-08-25T22:40:24.840Z] tick · discovery:orchestrator:tick · exit=0 signal=- · OK
[2026-08-25T22:40:25.150Z] tick · social:cron-tick · fetching GET http://localhost:3008/api/cron/comms-social-worker
[2026-08-25T22:40:25.488Z] tick · social:cron-tick · status=200 · OK
[2026-08-25T22:40:49.257Z] tick · discovery:rotation:tick · spawning
[2026-08-25T22:40:50.280Z] tick · discovery:rotation:tick · exit=0 signal=- · OK
[2026-08-25T22:41:24.541Z] tick · discovery:orchestrator:tick · spawning
[2026-08-25T22:41:24.821Z] tick · discovery:orchestrator:tick · exit=0 signal=- · OK
[2026-08-25T22:41:25.172Z] tick · social:cron-tick · fetching GET http://localhost:3008/api/cron/comms-social-worker
[2026-08-25T22:41:25.664Z] tick · social:cron-tick · status=200 · OK
[2026-08-25T22:42:20.397Z] tick · orchestration:zombie-reconciler · spawning
[2026-08-25T22:42:20.945Z] tick · orchestration:zombie-reconciler · exit=0 signal=- · OK
[2026-08-25T22:42:21.067Z] tick · brain:cron-tick · fetching GET http://localhost:3008/api/nex/brain/cron-tick
[2026-08-25T22:42:22.107Z] tick · brain:cron-tick · status=200 · OK
[2026-08-25T22:42:24.539Z] tick · discovery:orchestrator:tick · spawning
[2026-08-25T22:42:24.790Z] tick · discovery:orchestrator:tick · exit=0 signal=- · OK
[2026-08-25T22:42:25.176Z] tick · social:cron-tick · fetching GET http://localhost:3008/api/cron/comms-social-worker
[2026-08-25T22:42:25.482Z] tick · social:cron-tick · status=200 · OK
[2026-08-25T22:43:24.552Z] tick · discovery:orchestrator:tick · spawning
[2026-08-25T22:43:25.181Z] tick · social:cron-tick · fetching GET http://localhost:3008/api/cron/comms-social-worker
[2026-08-25T22:43:25.214Z] tick · discovery:orchestrator:tick · exit=0 signal=- · OK
[2026-08-25T22:43:25.632Z] tick · social:cron-tick · status=200 · OK
[2026-08-25T22:44:24.566Z] tick · discovery:orchestrator:tick · spawning
[2026-08-25T22:44:25.118Z] tick · discovery:orchestrator:tick · exit=0 signal=- · OK
[2026-08-25T22:44:25.200Z] tick · social:cron-tick · fetching GET http://localhost:3008/api/cron/comms-social-worker
[2026-08-25T22:44:25.750Z] tick · social:cron-tick · status=200 · OK
[2026-08-25T22:45:20.404Z] tick · orchestration:zombie-reconciler · spawning
[2026-08-25T22:45:20.836Z] tick · orchestration:zombie-reconciler · exit=0 signal=- · OK
[2026-08-25T22:45:21.078Z] tick · brain:cron-tick · fetching GET http://localhost:3008/api/nex/brain/cron-tick
[2026-08-25T22:45:21.949Z] tick · brain:cron-tick · status=200 · OK
[2026-08-25T22:45:24.580Z] tick · discovery:orchestrator:tick · spawning
[2026-08-25T22:45:24.917Z] tick · discovery:orchestrator:tick · exit=0 signal=- · OK
[2026-08-25T22:45:25.206Z] tick · social:cron-tick · fetching GET http://localhost:3008/api/cron/comms-social-worker
[2026-08-25T22:45:25.441Z] tick · social:cron-tick · status=200 · OK
[2026-08-25T22:46:24.585Z] tick · discovery:orchestrator:tick · spawning
[2026-08-25T22:46:25.176Z] tick · discovery:orchestrator:tick · exit=0 signal=- · OK
[2026-08-25T22:46:25.213Z] tick · social:cron-tick · fetching GET http://localhost:3008/api/cron/comms-social-worker
[2026-08-25T22:46:25.764Z] tick · social:cron-tick · status=200 · OK
[2026-08-25T22:47:24.589Z] tick · discovery:orchestrator:tick · spawning
[2026-08-25T22:47:25.183Z] tick · discovery:orchestrator:tick · exit=0 signal=- · OK
[2026-08-25T22:47:25.215Z] tick · social:cron-tick · fetching GET http://localhost:3008/api/cron/comms-social-worker
[2026-08-25T22:47:25.666Z] tick · social:cron-tick · status=200 · OK
[2026-08-25T22:48:20.405Z] tick · orchestration:zombie-reconciler · spawning
[2026-08-25T22:48:20.631Z] tick · orchestration:zombie-reconciler · exit=0 signal=- · OK
[2026-08-25T22:48:21.088Z] tick · brain:cron-tick · fetching GET http://localhost:3008/api/nex/brain/cron-tick
[2026-08-25T22:48:22.031Z] tick · brain:cron-tick · status=200 · OK
[2026-08-25T22:48:24.591Z] tick · discovery:orchestrator:tick · spawning
[2026-08-25T22:48:24.883Z] tick · discovery:orchestrator:tick · exit=0 signal=- · OK
[2026-08-25T22:48:25.225Z] tick · social:cron-tick · fetching GET http://localhost:3008/api/cron/comms-social-worker
[2026-08-25T22:48:25.450Z] tick · social:cron-tick · status=200 · OK
[2026-08-25T22:49:24.602Z] tick · discovery:orchestrator:tick · spawning
[2026-08-25T22:49:25.069Z] tick · discovery:orchestrator:tick · exit=0 signal=- · OK
[2026-08-25T22:49:25.231Z] tick · social:cron-tick · fetching GET http://localhost:3008/api/cron/comms-social-worker
[2026-08-25T22:49:25.663Z] tick · social:cron-tick · status=200 · OK
[2026-08-25T22:50:19.326Z] tick · cle:conversation · spawning
[2026-08-25T22:50:19.840Z] tick · cle:conversation · exit=0 signal=- · OK
[2026-08-25T22:50:24.611Z] tick · discovery:orchestrator:tick · spawning
[2026-08-25T22:50:25.129Z] tick · discovery:orchestrator:tick · exit=0 signal=- · OK
[2026-08-25T22:50:25.238Z] tick · social:cron-tick · fetching GET http://localhost:3008/api/cron/comms-social-worker
[2026-08-25T22:50:26.229Z] tick · social:cron-tick · status=200 · OK
[2026-08-25T22:50:49.283Z] tick · discovery:rotation:tick · spawning
[2026-08-25T22:50:49.893Z] tick · discovery:rotation:tick · exit=0 signal=- · OK
[2026-08-25T22:51:20.413Z] tick · orchestration:zombie-reconciler · spawning
[2026-08-25T22:51:20.983Z] tick · orchestration:zombie-reconciler · exit=0 signal=- · OK
[2026-08-25T22:51:21.099Z] tick · brain:cron-tick · fetching GET http://localhost:3008/api/nex/brain/cron-tick
[2026-08-25T22:51:22.057Z] tick · brain:cron-tick · status=200 · OK
[2026-08-25T22:51:24.611Z] tick · discovery:orchestrator:tick · spawning
[2026-08-25T22:51:24.872Z] tick · discovery:orchestrator:tick · exit=0 signal=- · OK
[2026-08-25T22:51:25.238Z] tick · social:cron-tick · fetching GET http://localhost:3008/api/cron/comms-social-worker
[2026-08-25T22:51:25.521Z] tick · social:cron-tick · status=200 · OK
[2026-08-25T22:52:24.639Z] tick · discovery:orchestrator:tick · spawning
[2026-08-25T22:52:25.244Z] tick · social:cron-tick · fetching GET http://localhost:3008/api/cron/comms-social-worker
[2026-08-25T22:52:25.326Z] tick · discovery:orchestrator:tick · exit=0 signal=- · OK
[2026-08-25T22:52:25.852Z] tick · social:cron-tick · status=200 · OK
[2026-08-25T22:53:24.650Z] tick · discovery:orchestrator:tick · spawning
[2026-08-25T22:53:25.000Z] tick · discovery:orchestrator:tick · exit=0 signal=- · OK
[2026-08-25T22:53:25.245Z] tick · social:cron-tick · fetching GET http://localhost:3008/api/cron/comms-social-worker
[2026-08-25T22:53:25.647Z] tick · social:cron-tick · status=200 · OK
[2026-08-25T22:54:20.429Z] tick · orchestration:zombie-reconciler · spawning
[2026-08-25T22:54:20.989Z] tick · orchestration:zombie-reconciler · exit=0 signal=- · OK
[2026-08-25T22:54:21.104Z] tick · brain:cron-tick · fetching GET http://localhost:3008/api/nex/brain/cron-tick
[2026-08-25T22:54:22.369Z] tick · brain:cron-tick · status=200 · OK
[2026-08-25T22:54:24.664Z] tick · discovery:orchestrator:tick · spawning
[2026-08-25T22:54:25.206Z] tick · discovery:orchestrator:tick · exit=0 signal=- · OK
[2026-08-25T22:54:25.260Z] tick · social:cron-tick · fetching GET http://localhost:3008/api/cron/comms-social-worker
[2026-08-25T22:54:25.572Z] tick · social:cron-tick · status=200 · OK
[2026-08-25T22:55:24.669Z] tick · discovery:orchestrator:tick · spawning
[2026-08-25T22:55:25.267Z] tick · social:cron-tick · fetching GET http://localhost:3008/api/cron/comms-social-worker
[2026-08-25T22:55:25.322Z] tick · discovery:orchestrator:tick · exit=0 signal=- · OK
[2026-08-25T22:55:25.685Z] tick · social:cron-tick · status=200 · OK
[2026-08-25T22:56:24.674Z] tick · discovery:orchestrator:tick · spawning
[2026-08-25T22:56:25.141Z] tick · discovery:orchestrator:tick · exit=0 signal=- · OK
[2026-08-25T22:56:25.276Z] tick · social:cron-tick · fetching GET http://localhost:3008/api/cron/comms-social-worker
[2026-08-25T22:56:25.830Z] tick · social:cron-tick · status=200 · OK
[2026-08-25T22:57:20.428Z] tick · orchestration:zombie-reconciler · spawning
[2026-08-25T22:57:20.776Z] tick · orchestration:zombie-reconciler · exit=0 signal=- · OK
[2026-08-25T22:57:21.106Z] tick · brain:cron-tick · fetching GET http://localhost:3008/api/nex/brain/cron-tick
[2026-08-25T22:57:22.053Z] tick · brain:cron-tick · status=200 · OK
[2026-08-25T22:57:24.686Z] tick · discovery:orchestrator:tick · spawning
[2026-08-25T22:57:24.942Z] tick · discovery:orchestrator:tick · exit=0 signal=- · OK
[2026-08-25T22:57:25.278Z] tick · social:cron-tick · fetching GET http://localhost:3008/api/cron/comms-social-worker
[2026-08-25T22:57:25.559Z] tick · social:cron-tick · status=200 · OK
[2026-08-25T22:58:24.689Z] tick · discovery:orchestrator:tick · spawning
[2026-08-25T22:58:25.002Z] tick · discovery:orchestrator:tick · exit=0 signal=- · OK
[2026-08-25T22:58:25.285Z] tick · social:cron-tick · fetching GET http://localhost:3008/api/cron/comms-social-worker
[2026-08-25T22:58:25.622Z] tick · social:cron-tick · status=200 · OK
[2026-08-25T22:59:24.701Z] tick · discovery:orchestrator:tick · spawning
[2026-08-25T22:59:24.999Z] tick · discovery:orchestrator:tick · exit=0 signal=- · OK
[2026-08-25T22:59:25.290Z] tick · social:cron-tick · fetching GET http://localhost:3008/api/cron/comms-social-worker
[2026-08-25T22:59:25.649Z] tick · social:cron-tick · status=200 · OK
[2026-08-25T23:00:19.062Z] tick · promotion:food:Yogyakarta:quality-check · spawning
[2026-08-25T23:00:19.329Z] tick · cle:conversation · spawning
[2026-08-25T23:00:19.679Z] tick · cle:conversation · exit=0 signal=- · OK
[2026-08-25T23:00:19.735Z] tick · promotion:food:Yogyakarta:quality-check · exit=0 signal=- · OK
[2026-08-25T23:00:20.428Z] tick · orchestration:zombie-reconciler · spawning
[2026-08-25T23:00:20.623Z] tick · orchestration:zombie-reconciler · exit=0 signal=- · OK
[2026-08-25T23:00:21.112Z] tick · brain:cron-tick · fetching GET http://localhost:3008/api/nex/brain/cron-tick
[2026-08-25T23:00:21.961Z] tick · brain:cron-tick · status=200 · OK
[2026-08-25T23:00:24.711Z] tick · discovery:orchestrator:tick · spawning
[2026-08-25T23:00:24.998Z] tick · discovery:orchestrator:tick · exit=0 signal=- · OK
[2026-08-25T23:00:25.295Z] tick · social:cron-tick · fetching GET http://localhost:3008/api/cron/comms-social-worker
[2026-08-25T23:00:25.514Z] tick · social:cron-tick · status=200 · OK
[2026-08-25T23:00:49.278Z] tick · discovery:rotation:tick · spawning
[2026-08-25T23:00:49.869Z] tick · discovery:rotation:tick · exit=0 signal=- · OK
[2026-08-25T23:01:24.719Z] tick · discovery:orchestrator:tick · spawning
[2026-08-25T23:01:25.139Z] tick · discovery:orchestrator:tick · exit=0 signal=- · OK
[2026-08-25T23:01:25.302Z] tick · social:cron-tick · fetching GET http://localhost:3008/api/cron/comms-social-worker
[2026-08-25T23:01:25.775Z] tick · social:cron-tick · status=200 · OK
[2026-08-25T23:02:24.726Z] tick · discovery:orchestrator:tick · spawning
[2026-08-25T23:02:25.295Z] tick · social:cron-tick · fetching GET http://localhost:3008/api/cron/comms-social-worker
[2026-08-25T23:02:25.415Z] tick · discovery:orchestrator:tick · exit=0 signal=- · OK
[2026-08-25T23:02:25.937Z] tick · social:cron-tick · status=200 · OK
[2026-08-25T23:03:20.429Z] tick · orchestration:zombie-reconciler · spawning
[2026-08-25T23:03:20.912Z] tick · orchestration:zombie-reconciler · exit=0 signal=- · OK
[2026-08-25T23:03:21.103Z] tick · brain:cron-tick · fetching GET http://localhost:3008/api/nex/brain/cron-tick
[2026-08-25T23:03:24.476Z] tick · brain:cron-tick · status=200 · OK
[2026-08-25T23:03:24.750Z] tick · discovery:orchestrator:tick · spawning
[2026-08-25T23:03:25.233Z] tick · discovery:orchestrator:tick · exit=0 signal=- · OK
[2026-08-25T23:03:25.312Z] tick · social:cron-tick · fetching GET http://localhost:3008/api/cron/comms-social-worker
[2026-08-25T23:03:25.744Z] tick · social:cron-tick · status=200 · OK
[2026-08-25T23:04:24.783Z] tick · discovery:orchestrator:tick · spawning
[2026-08-25T23:04:25.326Z] tick · social:cron-tick · fetching GET http://localhost:3008/api/cron/comms-social-worker
[2026-08-25T23:04:25.517Z] tick · discovery:orchestrator:tick · exit=0 signal=- · OK
[2026-08-25T23:04:25.776Z] tick · social:cron-tick · status=200 · OK
[2026-08-25T23:05:24.785Z] tick · discovery:orchestrator:tick · spawning
[2026-08-25T23:05:25.220Z] tick · discovery:orchestrator:tick · exit=0 signal=- · OK
[2026-08-25T23:05:25.328Z] tick · social:cron-tick · fetching GET http://localhost:3008/api/cron/comms-social-worker
[2026-08-25T23:05:25.864Z] tick · social:cron-tick · status=200 · OK
[2026-08-25T23:06:20.443Z] tick · orchestration:zombie-reconciler · spawning
[2026-08-25T23:06:20.831Z] tick · orchestration:zombie-reconciler · exit=0 signal=- · OK
[2026-08-25T23:06:21.125Z] tick · brain:cron-tick · fetching GET http://localhost:3008/api/nex/brain/cron-tick
[2026-08-25T23:06:22.351Z] tick · brain:cron-tick · status=200 · OK
[2026-08-25T23:06:24.795Z] tick · discovery:orchestrator:tick · spawning
[2026-08-25T23:06:25.152Z] tick · discovery:orchestrator:tick · exit=0 signal=- · OK
[2026-08-25T23:06:25.326Z] tick · social:cron-tick · fetching GET http://localhost:3008/api/cron/comms-social-worker
[2026-08-25T23:06:25.628Z] tick · social:cron-tick · status=200 · OK
[2026-08-25T23:07:24.802Z] tick · discovery:orchestrator:tick · spawning
[2026-08-25T23:07:25.342Z] tick · social:cron-tick · fetching GET http://localhost:3008/api/cron/comms-social-worker
[2026-08-25T23:07:25.495Z] tick · discovery:orchestrator:tick · exit=0 signal=- · OK
[2026-08-25T23:07:25.771Z] tick · social:cron-tick · status=200 · OK
[2026-08-25T23:08:24.809Z] tick · discovery:orchestrator:tick · spawning
[2026-08-25T23:08:25.239Z] tick · discovery:orchestrator:tick · exit=0 signal=- · OK
[2026-08-25T23:08:25.359Z] tick · social:cron-tick · fetching GET http://localhost:3008/api/cron/comms-social-worker
[2026-08-25T23:08:25.738Z] tick · social:cron-tick · status=200 · OK
[2026-08-25T23:09:20.447Z] tick · orchestration:zombie-reconciler · spawning
[2026-08-25T23:09:20.771Z] tick · orchestration:zombie-reconciler · exit=0 signal=- · OK
[2026-08-25T23:09:21.134Z] tick · brain:cron-tick · fetching GET http://localhost:3008/api/nex/brain/cron-tick
[2026-08-25T23:09:22.073Z] tick · brain:cron-tick · status=200 · OK
[2026-08-25T23:09:24.823Z] tick · discovery:orchestrator:tick · spawning
[2026-08-25T23:09:25.162Z] tick · discovery:orchestrator:tick · exit=0 signal=- · OK
[2026-08-25T23:09:25.373Z] tick · social:cron-tick · fetching GET http://localhost:3008/api/cron/comms-social-worker
[2026-08-25T23:09:25.636Z] tick · social:cron-tick · status=200 · OK
[2026-08-25T23:10:19.332Z] tick · cle:conversation · spawning
[2026-08-25T23:10:19.984Z] tick · cle:conversation · exit=0 signal=- · OK
[2026-08-25T23:10:24.838Z] tick · discovery:orchestrator:tick · spawning
[2026-08-25T23:10:25.296Z] tick · discovery:orchestrator:tick · exit=0 signal=- · OK
[2026-08-25T23:10:25.378Z] tick · social:cron-tick · fetching GET http://localhost:3008/api/cron/comms-social-worker
[2026-08-25T23:10:25.671Z] tick · social:cron-tick · status=200 · OK
[2026-08-25T23:10:49.281Z] tick · discovery:rotation:tick · spawning
[2026-08-25T23:10:49.966Z] tick · discovery:rotation:tick · exit=0 signal=- · OK
[2026-08-25T23:11:24.849Z] tick · discovery:orchestrator:tick · spawning
[2026-08-25T23:11:25.317Z] tick · discovery:orchestrator:tick · exit=0 signal=- · OK
[2026-08-25T23:11:25.383Z] tick · social:cron-tick · fetching GET http://localhost:3008/api/cron/comms-social-worker
[2026-08-25T23:11:25.768Z] tick · social:cron-tick · status=200 · OK
[2026-08-25T23:12:20.459Z] tick · orchestration:zombie-reconciler · spawning
[2026-08-25T23:12:21.066Z] tick · orchestration:zombie-reconciler · exit=0 signal=- · OK
[2026-08-25T23:12:21.142Z] tick · brain:cron-tick · fetching GET http://localhost:3008/api/nex/brain/cron-tick
[2026-08-25T23:12:22.318Z] tick · brain:cron-tick · status=200 · OK
[2026-08-25T23:12:24.851Z] tick · discovery:orchestrator:tick · spawning
[2026-08-25T23:12:25.166Z] tick · discovery:orchestrator:tick · exit=0 signal=- · OK
[2026-08-25T23:12:25.382Z] tick · social:cron-tick · fetching GET http://localhost:3008/api/cron/comms-social-worker
[2026-08-25T23:12:25.685Z] tick · social:cron-tick · status=200 · OK
[2026-08-25T23:13:24.860Z] tick · discovery:orchestrator:tick · spawning
[2026-08-25T23:13:25.383Z] tick · social:cron-tick · fetching GET http://localhost:3008/api/cron/comms-social-worker
[2026-08-25T23:13:25.394Z] tick · discovery:orchestrator:tick · exit=0 signal=- · OK
[2026-08-25T23:13:25.817Z] tick · social:cron-tick · status=200 · OK
[2026-08-25T23:37:05.318Z] tick · discovery:orchestrator:tick · spawning
[2026-08-25T23:37:05.858Z] tick · social:cron-tick · fetching GET http://localhost:3008/api/cron/comms-social-worker
[2026-08-25T23:37:05.894Z] tick · orchestration:zombie-reconciler · spawning
[2026-08-25T23:37:05.903Z] tick · brain:cron-tick · fetching GET http://localhost:3008/api/nex/brain/cron-tick
[2026-08-25T23:37:05.906Z] tick · cle:conversation · spawning
[2026-08-25T23:37:05.921Z] tick · discovery:rotation:tick · spawning
[2026-08-25T23:37:05.947Z] tick · promotion:food:Yogyakarta:quality-check · spawning
[2026-08-25T23:37:06.479Z] tick · orchestration:zombie-reconciler · exit=0 signal=- · OK
[2026-08-25T23:37:06.699Z] tick · discovery:orchestrator:tick · exit=0 signal=- · OK
[2026-08-25T23:37:06.718Z] tick · cle:conversation · exit=0 signal=- · OK
[2026-08-25T23:37:06.864Z] tick · promotion:food:Yogyakarta:quality-check · exit=0 signal=- · OK
[2026-08-25T23:37:11.799Z] tick · discovery:rotation:tick · exit=0 signal=- · OK
[2026-08-25T23:37:13.742Z] tick · social:cron-tick · status=200 · OK
[2026-08-25T23:37:16.421Z] tick · brain:cron-tick · status=200 · OK
[2026-08-25T23:38:05.347Z] tick · discovery:orchestrator:tick · spawning
[2026-08-25T23:38:05.864Z] tick · social:cron-tick · fetching GET http://localhost:3008/api/cron/comms-social-worker
[2026-08-25T23:38:06.031Z] tick · discovery:orchestrator:tick · exit=0 signal=- · OK
[2026-08-25T23:38:06.431Z] tick · social:cron-tick · status=200 · OK
[2026-08-25T23:39:05.347Z] tick · discovery:orchestrator:tick · spawning
[2026-08-25T23:39:05.869Z] tick · social:cron-tick · fetching GET http://localhost:3008/api/cron/comms-social-worker
[2026-08-25T23:39:05.972Z] tick · discovery:orchestrator:tick · exit=0 signal=- · OK
[2026-08-25T23:39:06.350Z] tick · social:cron-tick · status=200 · OK
[2026-08-25T23:40:05.353Z] tick · discovery:orchestrator:tick · spawning
[2026-08-25T23:40:05.874Z] tick · social:cron-tick · fetching GET http://localhost:3008/api/cron/comms-social-worker
[2026-08-25T23:40:05.920Z] tick · orchestration:zombie-reconciler · spawning
[2026-08-25T23:40:05.941Z] tick · brain:cron-tick · fetching GET http://localhost:3008/api/nex/brain/cron-tick
[2026-08-25T23:40:06.235Z] tick · discovery:orchestrator:tick · exit=0 signal=- · OK
[2026-08-25T23:40:06.414Z] tick · orchestration:zombie-reconciler · exit=0 signal=- · OK
[2026-08-25T23:40:10.195Z] tick · social:cron-tick · status=200 · OK
[2026-08-25T23:40:10.475Z] tick · brain:cron-tick · status=200 · OK
[2026-08-25T23:41:05.359Z] tick · discovery:orchestrator:tick · spawning
[2026-08-25T23:41:05.879Z] tick · social:cron-tick · fetching GET http://localhost:3008/api/cron/comms-social-worker
[2026-08-25T23:41:06.001Z] tick · discovery:orchestrator:tick · exit=0 signal=- · OK
[2026-08-25T23:41:07.432Z] tick · social:cron-tick · status=200 · OK
[2026-08-25T23:42:05.359Z] tick · discovery:orchestrator:tick · spawning
[2026-08-25T23:42:05.885Z] tick · social:cron-tick · fetching GET http://localhost:3008/api/cron/comms-social-worker
[2026-08-25T23:42:05.991Z] tick · discovery:orchestrator:tick · exit=0 signal=- · OK
[2026-08-25T23:42:06.971Z] tick · social:cron-tick · status=200 · OK
[2026-08-25T23:43:05.366Z] tick · discovery:orchestrator:tick · spawning
[2026-08-25T23:43:05.885Z] tick · social:cron-tick · fetching GET http://localhost:3008/api/cron/comms-social-worker
[2026-08-25T23:43:05.926Z] tick · orchestration:zombie-reconciler · spawning
[2026-08-25T23:43:05.946Z] tick · brain:cron-tick · fetching GET http://localhost:3008/api/nex/brain/cron-tick
[2026-08-25T23:43:05.966Z] tick · discovery:orchestrator:tick · exit=0 signal=- · OK
[2026-08-25T23:43:06.198Z] tick · orchestration:zombie-reconciler · exit=0 signal=- · OK
[2026-08-25T23:43:08.051Z] tick · social:cron-tick · status=200 · OK
[2026-08-25T23:43:08.651Z] tick · brain:cron-tick · status=200 · OK
[2026-08-25T23:44:05.369Z] tick · discovery:orchestrator:tick · spawning
[2026-08-25T23:44:05.889Z] tick · social:cron-tick · fetching GET http://localhost:3008/api/cron/comms-social-worker
[2026-08-25T23:44:06.031Z] tick · discovery:orchestrator:tick · exit=0 signal=- · OK
[2026-08-25T23:44:07.168Z] tick · social:cron-tick · status=200 · OK
[2026-08-25T23:45:05.375Z] tick · discovery:orchestrator:tick · spawning
[2026-08-25T23:45:05.892Z] tick · social:cron-tick · fetching GET http://localhost:3008/api/cron/comms-social-worker
[2026-08-25T23:45:05.897Z] tick · discovery:orchestrator:tick · exit=0 signal=- · OK
[2026-08-25T23:45:06.135Z] tick · social:cron-tick · status=200 · OK
[2026-08-25T23:46:05.374Z] tick · discovery:orchestrator:tick · spawning
[2026-08-25T23:46:05.894Z] tick · social:cron-tick · fetching GET http://localhost:3008/api/cron/comms-social-worker
[2026-08-25T23:46:05.930Z] tick · orchestration:zombie-reconciler · spawning
[2026-08-25T23:46:05.949Z] tick · brain:cron-tick · fetching GET http://localhost:3008/api/nex/brain/cron-tick
[2026-08-25T23:46:06.145Z] tick · discovery:orchestrator:tick · exit=0 signal=- · OK
[2026-08-25T23:46:06.186Z] tick · orchestration:zombie-reconciler · exit=0 signal=- · OK
[2026-08-25T23:46:07.885Z] tick · social:cron-tick · status=200 · OK
[2026-08-25T23:46:08.275Z] tick · brain:cron-tick · status=200 · OK
[2026-08-25T23:47:05.380Z] tick · discovery:orchestrator:tick · spawning
[2026-08-25T23:47:05.862Z] tick · discovery:orchestrator:tick · exit=0 signal=- · OK
[2026-08-25T23:47:05.899Z] tick · social:cron-tick · fetching GET http://localhost:3008/api/cron/comms-social-worker
[2026-08-25T23:47:05.914Z] tick · cle:conversation · spawning
[2026-08-25T23:47:05.932Z] tick · discovery:rotation:tick · spawning
[2026-08-25T23:47:06.290Z] tick · social:cron-tick · status=200 · OK
[2026-08-25T23:47:06.405Z] tick · cle:conversation · exit=0 signal=- · OK
[2026-08-25T23:47:06.521Z] tick · discovery:rotation:tick · exit=0 signal=- · OK
[2026-08-25T23:48:05.386Z] tick · discovery:orchestrator:tick · spawning
[2026-08-25T23:48:05.905Z] tick · social:cron-tick · fetching GET http://localhost:3008/api/cron/comms-social-worker
[2026-08-25T23:48:06.039Z] tick · discovery:orchestrator:tick · exit=0 signal=- · OK
[2026-08-25T23:48:07.511Z] tick · social:cron-tick · status=200 · OK
[2026-08-25T23:49:05.400Z] tick · discovery:orchestrator:tick · spawning
[2026-08-25T23:49:05.911Z] tick · social:cron-tick · fetching GET http://localhost:3008/api/cron/comms-social-worker
[2026-08-25T23:49:05.930Z] tick · orchestration:zombie-reconciler · spawning
[2026-08-25T23:49:05.957Z] tick · brain:cron-tick · fetching GET http://localhost:3008/api/nex/brain/cron-tick
[2026-08-25T23:49:06.066Z] tick · discovery:orchestrator:tick · exit=0 signal=- · OK
[2026-08-25T23:49:06.192Z] tick · orchestration:zombie-reconciler · exit=0 signal=- · OK
[2026-08-25T23:49:06.594Z] tick · social:cron-tick · status=200 · OK
[2026-08-25T23:49:07.219Z] tick · brain:cron-tick · status=200 · OK
[2026-08-25T23:50:05.406Z] tick · discovery:orchestrator:tick · spawning
[2026-08-25T23:50:05.910Z] tick · social:cron-tick · fetching GET http://localhost:3008/api/cron/comms-social-worker
[2026-08-25T23:50:06.022Z] tick · discovery:orchestrator:tick · exit=0 signal=- · OK
[2026-08-25T23:50:06.310Z] tick · social:cron-tick · status=200 · OK
[2026-08-25T23:51:05.409Z] tick · discovery:orchestrator:tick · spawning
[2026-08-25T23:51:05.910Z] tick · discovery:orchestrator:tick · exit=0 signal=- · OK
[2026-08-25T23:51:05.910Z] tick · social:cron-tick · fetching GET http://localhost:3008/api/cron/comms-social-worker
[2026-08-25T23:51:06.334Z] tick · social:cron-tick · status=200 · OK
[2026-08-25T23:52:05.422Z] tick · discovery:orchestrator:tick · spawning
[2026-08-25T23:52:05.886Z] tick · discovery:orchestrator:tick · exit=0 signal=- · OK
[2026-08-25T23:52:05.910Z] tick · social:cron-tick · fetching GET http://localhost:3008/api/cron/comms-social-worker
[2026-08-25T23:52:05.949Z] tick · orchestration:zombie-reconciler · spawning
[2026-08-25T23:52:05.968Z] tick · brain:cron-tick · fetching GET http://localhost:3008/api/nex/brain/cron-tick
[2026-08-25T23:52:06.249Z] tick · orchestration:zombie-reconciler · exit=0 signal=- · OK
[2026-08-25T23:52:06.976Z] tick · social:cron-tick · status=200 · OK
[2026-08-25T23:52:07.367Z] tick · brain:cron-tick · status=200 · OK
[2026-08-25T23:53:05.427Z] tick · discovery:orchestrator:tick · spawning
[2026-08-25T23:53:05.903Z] tick · discovery:orchestrator:tick · exit=0 signal=- · OK
[2026-08-25T23:53:05.918Z] tick · social:cron-tick · fetching GET http://localhost:3008/api/cron/comms-social-worker
[2026-08-25T23:53:07.100Z] tick · social:cron-tick · status=200 · OK
[2026-08-25T23:54:05.438Z] tick · discovery:orchestrator:tick · spawning
[2026-08-25T23:54:05.923Z] tick · social:cron-tick · fetching GET http://localhost:3008/api/cron/comms-social-worker
[2026-08-25T23:54:06.183Z] tick · discovery:orchestrator:tick · exit=0 signal=- · OK
[2026-08-25T23:54:07.501Z] tick · social:cron-tick · status=200 · OK
[2026-08-25T23:55:05.464Z] tick · discovery:orchestrator:tick · spawning
[2026-08-25T23:55:05.937Z] tick · social:cron-tick · fetching GET http://localhost:3008/api/cron/comms-social-worker
[2026-08-25T23:55:05.999Z] tick · orchestration:zombie-reconciler · spawning
[2026-08-25T23:55:06.020Z] tick · brain:cron-tick · fetching GET http://localhost:3008/api/nex/brain/cron-tick
[2026-08-25T23:55:06.565Z] tick · discovery:orchestrator:tick · exit=0 signal=- · OK
[2026-08-25T23:55:06.728Z] tick · orchestration:zombie-reconciler · exit=0 signal=- · OK
[2026-08-25T23:55:07.492Z] tick · social:cron-tick · status=200 · OK
[2026-08-25T23:55:07.920Z] tick · brain:cron-tick · status=200 · OK
[2026-08-25T23:56:05.473Z] tick · discovery:orchestrator:tick · spawning
[2026-08-25T23:56:05.943Z] tick · social:cron-tick · fetching GET http://localhost:3008/api/cron/comms-social-worker
[2026-08-25T23:56:06.232Z] tick · discovery:orchestrator:tick · exit=0 signal=- · OK
[2026-08-25T23:56:06.371Z] tick · social:cron-tick · status=200 · OK
[2026-08-25T23:57:05.478Z] tick · discovery:orchestrator:tick · spawning
[2026-08-25T23:57:05.914Z] tick · cle:conversation · spawning
[2026-08-25T23:57:05.936Z] tick · discovery:rotation:tick · spawning
[2026-08-25T23:57:05.961Z] tick · social:cron-tick · fetching GET http://localhost:3008/api/cron/comms-social-worker
[2026-08-25T23:57:06.182Z] tick · discovery:orchestrator:tick · exit=0 signal=- · OK
[2026-08-25T23:57:06.390Z] tick · cle:conversation · exit=0 signal=- · OK
[2026-08-25T23:57:06.544Z] tick · social:cron-tick · status=200 · OK
[2026-08-25T23:57:06.850Z] tick · discovery:rotation:tick · exit=0 signal=- · OK
[2026-08-25T23:58:05.482Z] tick · discovery:orchestrator:tick · spawning
[2026-08-25T23:58:05.963Z] tick · social:cron-tick · fetching GET http://localhost:3008/api/cron/comms-social-worker
[2026-08-25T23:58:05.988Z] tick · discovery:orchestrator:tick · exit=0 signal=- · OK
[2026-08-25T23:58:06.004Z] tick · orchestration:zombie-reconciler · spawning
[2026-08-25T23:58:06.019Z] tick · brain:cron-tick · fetching GET http://localhost:3008/api/nex/brain/cron-tick
[2026-08-25T23:58:06.324Z] tick · orchestration:zombie-reconciler · exit=0 signal=- · OK
[2026-08-25T23:58:08.482Z] tick · social:cron-tick · status=200 · OK
[2026-08-25T23:58:09.246Z] tick · brain:cron-tick · status=200 · OK
[2026-08-25T23:59:05.489Z] tick · discovery:orchestrator:tick · spawning
[2026-08-25T23:59:05.978Z] tick · social:cron-tick · fetching GET http://localhost:3008/api/cron/comms-social-worker
[2026-08-25T23:59:06.094Z] tick · discovery:orchestrator:tick · exit=0 signal=- · OK
[2026-08-25T23:59:08.354Z] tick · social:cron-tick · status=200 · OK
[2026-08-26T00:00:05.494Z] tick · discovery:orchestrator:tick · spawning
[2026-08-26T00:00:05.972Z] tick · discovery:orchestrator:tick · exit=0 signal=- · OK
[2026-08-26T00:00:05.980Z] tick · social:cron-tick · fetching GET http://localhost:3008/api/cron/comms-social-worker
[2026-08-26T00:00:08.596Z] tick · social:cron-tick · status=200 · OK
[2026-08-26T00:01:05.500Z] tick · discovery:orchestrator:tick · spawning
[2026-08-26T00:01:05.986Z] tick · social:cron-tick · fetching GET http://localhost:3008/api/cron/comms-social-worker
[2026-08-26T00:01:06.013Z] tick · orchestration:zombie-reconciler · spawning
[2026-08-26T00:01:06.057Z] tick · brain:cron-tick · fetching GET http://localhost:3008/api/nex/brain/cron-tick
[2026-08-26T00:01:06.079Z] tick · discovery:orchestrator:tick · exit=0 signal=- · OK
[2026-08-26T00:01:06.300Z] tick · orchestration:zombie-reconciler · exit=0 signal=- · OK
[2026-08-26T00:01:08.554Z] tick · social:cron-tick · status=200 · OK
[2026-08-26T00:01:09.907Z] tick · brain:cron-tick · status=200 · OK
[2026-08-26T00:02:05.510Z] tick · discovery:orchestrator:tick · spawning
[2026-08-26T00:02:05.988Z] tick · social:cron-tick · fetching GET http://localhost:3008/api/cron/comms-social-worker
[2026-08-26T00:02:06.151Z] tick · discovery:orchestrator:tick · exit=0 signal=- · OK
[2026-08-26T00:02:10.356Z] tick · social:cron-tick · status=200 · OK
[2026-08-26T00:03:05.538Z] tick · discovery:orchestrator:tick · spawning
[2026-08-26T00:03:06.045Z] tick · social:cron-tick · fetching GET http://localhost:3008/api/cron/comms-social-worker
[2026-08-26T00:03:07.821Z] tick · discovery:orchestrator:tick · exit=0 signal=- · OK
[2026-08-26T00:03:10.692Z] tick · social:cron-tick · status=200 · OK
[2026-08-26T00:04:05.546Z] tick · discovery:orchestrator:tick · spawning
[2026-08-26T00:04:06.026Z] tick · orchestration:zombie-reconciler · spawning
[2026-08-26T00:04:06.085Z] tick · social:cron-tick · fetching GET http://localhost:3008/api/cron/comms-social-worker
[2026-08-26T00:04:06.104Z] tick · brain:cron-tick · fetching GET http://localhost:3008/api/nex/brain/cron-tick
[2026-08-26T00:04:06.126Z] tick · discovery:orchestrator:tick · exit=0 signal=- · OK
[2026-08-26T00:04:06.323Z] tick · orchestration:zombie-reconciler · exit=0 signal=- · OK
[2026-08-26T00:04:08.829Z] tick · social:cron-tick · status=200 · OK
[2026-08-26T00:04:09.263Z] tick · brain:cron-tick · status=200 · OK
[2026-08-26T00:05:05.549Z] tick · discovery:orchestrator:tick · spawning
[2026-08-26T00:05:06.091Z] tick · social:cron-tick · fetching GET http://localhost:3008/api/cron/comms-social-worker
[2026-08-26T00:05:06.172Z] tick · discovery:orchestrator:tick · exit=0 signal=- · OK
[2026-08-26T00:05:06.769Z] tick · social:cron-tick · status=200 · OK
[2026-08-26T00:06:05.556Z] tick · discovery:orchestrator:tick · spawning
[2026-08-26T00:06:06.097Z] tick · social:cron-tick · fetching GET http://localhost:3008/api/cron/comms-social-worker
[2026-08-26T00:06:06.143Z] tick · discovery:orchestrator:tick · exit=0 signal=- · OK
[2026-08-26T00:06:06.674Z] tick · social:cron-tick · status=200 · OK
[2026-08-26T00:41:50.152Z] tick · discovery:orchestrator:tick · spawning
[2026-08-26T00:41:50.507Z] tick · social:cron-tick · fetching GET http://localhost:3008/api/cron/comms-social-worker
[2026-08-26T00:41:50.539Z] tick · cle:conversation · spawning
[2026-08-26T00:41:50.557Z] tick · discovery:rotation:tick · spawning
[2026-08-26T00:41:50.783Z] tick · promotion:food:Yogyakarta:quality-check · spawning
[2026-08-26T00:41:50.804Z] tick · orchestration:zombie-reconciler · spawning
[2026-08-26T00:41:50.815Z] tick · brain:cron-tick · fetching GET http://localhost:3008/api/nex/brain/cron-tick
[2026-08-26T00:41:51.536Z] tick · orchestration:zombie-reconciler · exit=0 signal=- · OK
[2026-08-26T00:41:51.537Z] tick · discovery:orchestrator:tick · exit=0 signal=- · OK
[2026-08-26T00:41:51.740Z] tick · cle:conversation · exit=0 signal=- · OK
[2026-08-26T00:41:51.955Z] tick · promotion:food:Yogyakarta:quality-check · exit=0 signal=- · OK
[2026-08-26T00:41:52.038Z] tick · discovery:rotation:tick · exit=0 signal=- · OK
[2026-08-26T00:41:58.295Z] tick · social:cron-tick · status=200 · OK
[2026-08-26T00:41:58.753Z] tick · brain:cron-tick · status=200 · OK
[2026-08-26T00:42:50.191Z] tick · discovery:orchestrator:tick · spawning
[2026-08-26T00:42:50.523Z] tick · social:cron-tick · fetching GET http://localhost:3008/api/cron/comms-social-worker
[2026-08-26T00:42:51.078Z] tick · discovery:orchestrator:tick · exit=0 signal=- · OK
[2026-08-26T00:42:52.347Z] tick · social:cron-tick · status=200 · OK
[2026-08-26T00:43:50.186Z] tick · discovery:orchestrator:tick · spawning
[2026-08-26T00:43:50.534Z] tick · social:cron-tick · fetching GET http://localhost:3008/api/cron/comms-social-worker
[2026-08-26T00:43:50.700Z] tick · discovery:orchestrator:tick · exit=0 signal=- · OK
[2026-08-26T00:43:51.628Z] tick · social:cron-tick · status=200 · OK
[2026-08-26T00:44:50.199Z] tick · discovery:orchestrator:tick · spawning
[2026-08-26T00:44:50.547Z] tick · social:cron-tick · fetching GET http://localhost:3008/api/cron/comms-social-worker
[2026-08-26T00:44:50.685Z] tick · discovery:orchestrator:tick · exit=0 signal=- · OK
[2026-08-26T00:44:50.830Z] tick · orchestration:zombie-reconciler · spawning
[2026-08-26T00:44:50.842Z] tick · brain:cron-tick · fetching GET http://localhost:3008/api/nex/brain/cron-tick
[2026-08-26T02:41:50.276Z] tick · discovery:orchestrator:tick · spawning
[2026-08-26T02:41:50.668Z] tick · social:cron-tick · fetch error · This operation was aborted
[2026-08-26T02:41:50.671Z] tick · social:cron-tick · fetching GET http://localhost:3008/api/cron/comms-social-worker
[2026-08-26T02:41:50.673Z] tick · brain:cron-tick · fetch error · This operation was aborted
[2026-08-26T02:41:50.674Z] tick · orchestration:zombie-reconciler · spawning
[2026-08-26T02:41:50.737Z] tick · brain:cron-tick · fetching GET http://localhost:3008/api/nex/brain/cron-tick
[2026-08-26T02:41:50.739Z] tick · cle:conversation · spawning
[2026-08-26T02:41:50.759Z] tick · discovery:rotation:tick · spawning
[2026-08-26T02:41:50.773Z] tick · promotion:food:Yogyakarta:quality-check · spawning
[2026-08-26T02:41:50.898Z] tick · orchestration:zombie-reconciler · exit=1 signal=- · FAIL
  --- last 20 lines of output ---
  [zombie-reconciler] tick @ 2026-08-26T00:44:50.925Z
  [zombie-reconciler] FATAL Error: read ECONNRESET
      at C:\Users\Victus\trades\node_modules\pg-pool\index.js:45:11
      at process.processTicksAndRejections (node:internal/process/task_queues:104:5)
      at async main (file:///C:/Users/Victus/trades/scripts/nex-orchestration/_zombie-reconciler.mjs:82:15) {
    errno: -4077,
    code: 'ECONNRESET',
    syscall: 'read'
  }
  --------------------------------
[2026-08-26T02:41:55.665Z] tick · orchestration:zombie-reconciler · exit=0 signal=- · OK
[2026-08-26T02:41:55.852Z] tick · discovery:orchestrator:tick · exit=0 signal=- · OK
[2026-08-26T02:41:55.957Z] tick · cle:conversation · exit=0 signal=- · OK
[2026-08-26T02:41:56.227Z] tick · promotion:food:Yogyakarta:quality-check · exit=0 signal=- · OK
[2026-08-26T02:41:56.235Z] tick · discovery:rotation:tick · exit=0 signal=- · OK
[2026-08-26T02:41:58.540Z] tick · social:cron-tick · status=200 · OK
[2026-08-26T02:41:58.819Z] tick · brain:cron-tick · status=200 · OK
[2026-08-26T09:25:29.402Z] tick · discovery:orchestrator:tick · spawning
[2026-08-26T09:25:37.798Z] tick · social:cron-tick · fetching GET http://localhost:3008/api/cron/comms-social-worker
[2026-08-26T09:25:38.776Z] tick · orchestration:zombie-reconciler · spawning
[2026-08-26T09:25:38.853Z] tick · brain:cron-tick · fetching GET http://localhost:3008/api/nex/brain/cron-tick
[2026-08-26T09:25:38.856Z] tick · cle:conversation · spawning
[2026-08-26T09:25:39.134Z] tick · discovery:rotation:tick · spawning
[2026-08-26T09:25:39.182Z] tick · promotion:food:Yogyakarta:quality-check · spawning
[2026-08-26T09:25:44.465Z] tick · discovery:orchestrator:tick · exit=0 signal=- · OK
[2026-08-26T09:25:45.356Z] tick · discovery:rotation:tick · exit=0 signal=- · OK
[2026-08-26T09:25:45.356Z] tick · promotion:food:Yogyakarta:quality-check · exit=0 signal=- · OK
[2026-08-26T09:25:45.896Z] tick · cle:conversation · exit=0 signal=- · OK
[2026-08-26T09:25:46.893Z] tick · orchestration:zombie-reconciler · exit=0 signal=- · OK
[2026-08-26T09:25:53.389Z] tick · social:cron-tick · status=200 · OK
[2026-08-26T09:25:54.133Z] tick · brain:cron-tick · status=200 · OK
[2026-08-26T09:26:29.825Z] tick · discovery:orchestrator:tick · spawning
[2026-08-26T09:26:32.814Z] tick · discovery:orchestrator:tick · exit=0 signal=- · OK
[2026-08-26T09:26:37.794Z] tick · social:cron-tick · fetching GET http://localhost:3008/api/cron/comms-social-worker
[2026-08-26T09:26:40.684Z] tick · social:cron-tick · status=200 · OK
[2026-08-26T09:27:29.787Z] tick · discovery:orchestrator:tick · spawning
[2026-08-26T09:27:30.529Z] tick · discovery:orchestrator:tick · exit=0 signal=- · OK
[2026-08-26T09:27:37.796Z] tick · social:cron-tick · fetching GET http://localhost:3008/api/cron/comms-social-worker
[2026-08-26T09:27:38.861Z] tick · social:cron-tick · status=200 · OK
[2026-08-26T09:28:29.799Z] tick · discovery:orchestrator:tick · spawning
[2026-08-26T09:28:30.726Z] tick · discovery:orchestrator:tick · exit=0 signal=- · OK
[2026-08-26T09:28:37.791Z] tick · social:cron-tick · fetching GET http://localhost:3008/api/cron/comms-social-worker
[2026-08-26T09:28:38.772Z] tick · orchestration:zombie-reconciler · spawning
[2026-08-26T09:28:38.848Z] tick · brain:cron-tick · fetching GET http://localhost:3008/api/nex/brain/cron-tick
[2026-08-26T09:28:39.007Z] tick · orchestration:zombie-reconciler · exit=0 signal=- · OK
[2026-08-26T09:28:39.952Z] tick · social:cron-tick · status=200 · OK
[2026-08-26T09:28:40.482Z] tick · brain:cron-tick · status=200 · OK
[2026-08-26T09:29:29.791Z] tick · discovery:orchestrator:tick · spawning
[2026-08-26T09:29:30.392Z] tick · discovery:orchestrator:tick · exit=0 signal=- · OK
[2026-08-26T09:29:37.814Z] tick · social:cron-tick · fetching GET http://localhost:3008/api/cron/comms-social-worker
[2026-08-26T09:29:38.914Z] tick · social:cron-tick · status=200 · OK
[2026-08-26T09:30:29.821Z] tick · discovery:orchestrator:tick · spawning
[2026-08-26T09:30:30.811Z] tick · discovery:orchestrator:tick · exit=0 signal=- · OK
[2026-08-26T09:30:37.817Z] tick · social:cron-tick · fetching GET http://localhost:3008/api/cron/comms-social-worker
[2026-08-26T09:30:38.842Z] tick · social:cron-tick · status=200 · OK
[2026-08-26T09:31:29.819Z] tick · discovery:orchestrator:tick · spawning
[2026-08-26T09:31:30.546Z] tick · discovery:orchestrator:tick · exit=0 signal=- · OK
[2026-08-26T09:31:37.826Z] tick · social:cron-tick · fetching GET http://localhost:3008/api/cron/comms-social-worker
[2026-08-26T09:31:38.405Z] tick · social:cron-tick · status=200 · OK
[2026-08-26T09:31:38.796Z] tick · orchestration:zombie-reconciler · spawning
[2026-08-26T09:31:38.875Z] tick · brain:cron-tick · fetching GET http://localhost:3008/api/nex/brain/cron-tick
[2026-08-26T09:31:39.171Z] tick · orchestration:zombie-reconciler · exit=0 signal=- · OK
[2026-08-26T09:31:39.968Z] tick · brain:cron-tick · status=200 · OK
[2026-08-26T09:32:29.850Z] tick · discovery:orchestrator:tick · spawning
[2026-08-26T09:32:31.953Z] tick · discovery:orchestrator:tick · exit=0 signal=- · OK
[2026-08-26T09:32:37.829Z] tick · social:cron-tick · fetching GET http://localhost:3008/api/cron/comms-social-worker
[2026-08-26T09:32:39.108Z] tick · social:cron-tick · status=200 · OK
[2026-08-26T09:33:29.890Z] tick · discovery:orchestrator:tick · spawning
[2026-08-26T09:33:31.862Z] tick · discovery:orchestrator:tick · exit=0 signal=- · OK
[2026-08-26T09:33:37.832Z] tick · social:cron-tick · fetching GET http://localhost:3008/api/cron/comms-social-worker
[2026-08-26T09:33:38.989Z] tick · social:cron-tick · status=200 · OK
[2026-08-26T09:34:29.890Z] tick · discovery:orchestrator:tick · spawning
[2026-08-26T09:34:31.281Z] tick · discovery:orchestrator:tick · exit=0 signal=- · OK
[2026-08-26T09:34:37.832Z] tick · social:cron-tick · fetching GET http://localhost:3008/api/cron/comms-social-worker
[2026-08-26T09:34:38.798Z] tick · orchestration:zombie-reconciler · spawning
[2026-08-26T09:34:38.950Z] tick · brain:cron-tick · fetching GET http://localhost:3008/api/nex/brain/cron-tick
[2026-08-26T09:34:40.122Z] tick · orchestration:zombie-reconciler · exit=0 signal=- · OK
[2026-08-26T09:34:40.220Z] tick · social:cron-tick · status=200 · OK
[2026-08-26T09:34:42.298Z] tick · brain:cron-tick · status=200 · OK
[2026-08-26T09:35:29.898Z] tick · discovery:orchestrator:tick · spawning
[2026-08-26T09:35:31.537Z] tick · discovery:orchestrator:tick · exit=0 signal=- · OK
[2026-08-26T09:35:37.837Z] tick · social:cron-tick · fetching GET http://localhost:3008/api/cron/comms-social-worker
[2026-08-26T09:35:38.858Z] tick · cle:conversation · spawning
[2026-08-26T09:35:39.136Z] tick · discovery:rotation:tick · spawning
[2026-08-26T09:35:39.443Z] tick · social:cron-tick · status=200 · OK
[2026-08-26T09:35:40.350Z] tick · cle:conversation · exit=0 signal=- · OK
[2026-08-26T09:35:40.690Z] tick · discovery:rotation:tick · exit=0 signal=- · OK
[2026-08-26T09:36:29.925Z] tick · discovery:orchestrator:tick · spawning
[2026-08-26T09:36:30.742Z] tick · discovery:orchestrator:tick · exit=0 signal=- · OK
[2026-08-26T09:36:37.841Z] tick · social:cron-tick · fetching GET http://localhost:3008/api/cron/comms-social-worker
[2026-08-26T09:36:39.652Z] tick · social:cron-tick · status=200 · OK
[2026-08-26T09:37:29.921Z] tick · discovery:orchestrator:tick · spawning
[2026-08-26T09:37:30.609Z] tick · discovery:orchestrator:tick · exit=0 signal=- · OK
[2026-08-26T09:37:37.844Z] tick · social:cron-tick · fetching GET http://localhost:3008/api/cron/comms-social-worker
[2026-08-26T09:37:38.385Z] tick · social:cron-tick · status=200 · OK
[2026-08-26T09:37:38.803Z] tick · orchestration:zombie-reconciler · spawning
[2026-08-26T09:37:38.955Z] tick · brain:cron-tick · fetching GET http://localhost:3008/api/nex/brain/cron-tick
[2026-08-26T09:37:39.152Z] tick · orchestration:zombie-reconciler · exit=0 signal=- · OK
[2026-08-26T09:37:40.138Z] tick · brain:cron-tick · status=200 · OK
[2026-08-26T09:38:29.947Z] tick · discovery:orchestrator:tick · spawning
[2026-08-26T09:38:30.671Z] tick · discovery:orchestrator:tick · exit=0 signal=- · OK
[2026-08-26T09:38:37.845Z] tick · social:cron-tick · fetching GET http://localhost:3008/api/cron/comms-social-worker
[2026-08-26T09:38:39.570Z] tick · social:cron-tick · status=200 · OK
[2026-08-26T09:39:29.981Z] tick · discovery:orchestrator:tick · spawning
[2026-08-26T09:39:30.903Z] tick · discovery:orchestrator:tick · exit=0 signal=- · OK
[2026-08-26T09:39:37.858Z] tick · social:cron-tick · fetching GET http://localhost:3008/api/cron/comms-social-worker
[2026-08-26T09:39:38.377Z] tick · social:cron-tick · status=200 · OK
[2026-08-26T09:40:29.980Z] tick · discovery:orchestrator:tick · spawning
[2026-08-26T09:40:31.465Z] tick · discovery:orchestrator:tick · exit=0 signal=- · OK
[2026-08-26T09:40:37.861Z] tick · social:cron-tick · fetching GET http://localhost:3008/api/cron/comms-social-worker
[2026-08-26T09:40:38.814Z] tick · orchestration:zombie-reconciler · spawning
[2026-08-26T09:40:38.959Z] tick · brain:cron-tick · fetching GET http://localhost:3008/api/nex/brain/cron-tick
[2026-08-26T09:40:39.481Z] tick · orchestration:zombie-reconciler · exit=0 signal=- · OK
[2026-08-26T09:40:39.705Z] tick · social:cron-tick · status=200 · OK
[2026-08-26T09:40:40.684Z] tick · brain:cron-tick · status=200 · OK
[2026-08-26T09:41:30.023Z] tick · discovery:orchestrator:tick · spawning
[2026-08-26T09:41:31.641Z] tick · discovery:orchestrator:tick · exit=0 signal=- · OK
[2026-08-26T09:41:37.871Z] tick · social:cron-tick · fetching GET http://localhost:3008/api/cron/comms-social-worker
[2026-08-26T09:41:39.185Z] tick · social:cron-tick · status=200 · OK
[2026-08-26T09:42:30.024Z] tick · discovery:orchestrator:tick · spawning
[2026-08-26T09:42:30.701Z] tick · discovery:orchestrator:tick · exit=0 signal=- · OK
[2026-08-26T09:42:37.873Z] tick · social:cron-tick · fetching GET http://localhost:3008/api/cron/comms-social-worker
[2026-08-26T09:42:38.621Z] tick · social:cron-tick · status=200 · OK
[2026-08-26T09:43:30.024Z] tick · discovery:orchestrator:tick · spawning
[2026-08-26T09:43:30.820Z] tick · discovery:orchestrator:tick · exit=0 signal=- · OK
[2026-08-26T09:43:37.878Z] tick · social:cron-tick · fetching GET http://localhost:3008/api/cron/comms-social-worker
[2026-08-26T09:43:38.819Z] tick · orchestration:zombie-reconciler · spawning
[2026-08-26T09:43:38.967Z] tick · brain:cron-tick · fetching GET http://localhost:3008/api/nex/brain/cron-tick
[2026-08-26T09:43:39.251Z] tick · orchestration:zombie-reconciler · exit=0 signal=- · OK
[2026-08-26T09:43:39.379Z] tick · social:cron-tick · status=200 · OK
[2026-08-26T09:43:40.081Z] tick · brain:cron-tick · status=200 · OK
[2026-08-26T09:44:30.084Z] tick · discovery:orchestrator:tick · spawning
[2026-08-26T09:44:31.009Z] tick · discovery:orchestrator:tick · exit=0 signal=- · OK
[2026-08-26T09:44:37.883Z] tick · social:cron-tick · fetching GET http://localhost:3008/api/cron/comms-social-worker
[2026-08-26T09:44:40.645Z] tick · social:cron-tick · status=200 · OK
[2026-08-26T09:45:30.094Z] tick · discovery:orchestrator:tick · spawning
[2026-08-26T09:45:30.801Z] tick · discovery:orchestrator:tick · exit=0 signal=- · OK
[2026-08-26T09:45:37.887Z] tick · social:cron-tick · fetching GET http://localhost:3008/api/cron/comms-social-worker
[2026-08-26T09:45:38.859Z] tick · cle:conversation · spawning
[2026-08-26T09:45:38.983Z] tick · social:cron-tick · status=200 · OK
[2026-08-26T09:45:39.137Z] tick · discovery:rotation:tick · spawning
[2026-08-26T09:45:39.650Z] tick · cle:conversation · exit=0 signal=- · OK
[2026-08-26T09:45:39.897Z] tick · discovery:rotation:tick · exit=0 signal=- · OK
[2026-08-26T09:46:30.108Z] tick · discovery:orchestrator:tick · spawning
[2026-08-26T09:46:31.054Z] tick · discovery:orchestrator:tick · exit=0 signal=- · OK
[2026-08-26T09:46:37.893Z] tick · social:cron-tick · fetching GET http://localhost:3008/api/cron/comms-social-worker
[2026-08-26T09:46:38.752Z] tick · social:cron-tick · status=200 · OK
[2026-08-26T09:46:38.819Z] tick · orchestration:zombie-reconciler · spawning
[2026-08-26T09:46:38.966Z] tick · brain:cron-tick · fetching GET http://localhost:3008/api/nex/brain/cron-tick
[2026-08-26T09:46:39.154Z] tick · orchestration:zombie-reconciler · exit=0 signal=- · OK
[2026-08-26T09:46:40.013Z] tick · brain:cron-tick · status=200 · OK
[2026-08-26T09:47:30.109Z] tick · discovery:orchestrator:tick · spawning
[2026-08-26T09:47:30.815Z] tick · discovery:orchestrator:tick · exit=0 signal=- · OK
[2026-08-26T09:47:37.899Z] tick · social:cron-tick · fetching GET http://localhost:3008/api/cron/comms-social-worker
[2026-08-26T09:47:38.685Z] tick · social:cron-tick · status=200 · OK
[2026-08-26T09:48:30.122Z] tick · discovery:orchestrator:tick · spawning
[2026-08-26T09:48:31.016Z] tick · discovery:orchestrator:tick · exit=0 signal=- · OK
[2026-08-26T09:48:37.904Z] tick · social:cron-tick · fetching GET http://localhost:3008/api/cron/comms-social-worker
[2026-08-26T09:48:38.451Z] tick · social:cron-tick · status=200 · OK
[2026-08-26T09:49:30.126Z] tick · discovery:orchestrator:tick · spawning
[2026-08-26T09:49:30.439Z] tick · discovery:orchestrator:tick · exit=0 signal=- · OK
[2026-08-26T09:49:37.910Z] tick · social:cron-tick · fetching GET http://localhost:3008/api/cron/comms-social-worker
[2026-08-26T09:49:38.246Z] tick · social:cron-tick · status=200 · OK
[2026-08-26T09:49:38.826Z] tick · orchestration:zombie-reconciler · spawning
[2026-08-26T09:49:38.973Z] tick · brain:cron-tick · fetching GET http://localhost:3008/api/nex/brain/cron-tick
[2026-08-26T09:49:39.141Z] tick · orchestration:zombie-reconciler · exit=0 signal=- · OK
[2026-08-26T09:49:40.005Z] tick · brain:cron-tick · status=200 · OK
[2026-08-26T09:50:30.132Z] tick · discovery:orchestrator:tick · spawning
[2026-08-26T09:50:30.439Z] tick · discovery:orchestrator:tick · exit=0 signal=- · OK
[2026-08-26T09:50:37.916Z] tick · social:cron-tick · fetching GET http://localhost:3008/api/cron/comms-social-worker
[2026-08-26T09:50:38.786Z] tick · social:cron-tick · status=200 · OK
[2026-08-26T09:51:30.132Z] tick · discovery:orchestrator:tick · spawning
[2026-08-26T09:51:30.733Z] tick · discovery:orchestrator:tick · exit=0 signal=- · OK
[2026-08-26T09:51:37.922Z] tick · social:cron-tick · fetching GET http://localhost:3008/api/cron/comms-social-worker
[2026-08-26T09:51:38.578Z] tick · social:cron-tick · status=200 · OK
[2026-08-26T09:52:30.138Z] tick · discovery:orchestrator:tick · spawning
[2026-08-26T09:52:30.810Z] tick · discovery:orchestrator:tick · exit=0 signal=- · OK
[2026-08-26T09:52:37.927Z] tick · social:cron-tick · fetching GET http://localhost:3008/api/cron/comms-social-worker
[2026-08-26T09:52:38.806Z] tick · social:cron-tick · status=200 · OK
[2026-08-26T09:52:38.830Z] tick · orchestration:zombie-reconciler · spawning
[2026-08-26T09:52:38.974Z] tick · brain:cron-tick · fetching GET http://localhost:3008/api/nex/brain/cron-tick
[2026-08-26T09:52:39.526Z] tick · orchestration:zombie-reconciler · exit=0 signal=- · OK
[2026-08-26T09:52:40.144Z] tick · brain:cron-tick · status=200 · OK
[2026-08-26T09:53:30.152Z] tick · discovery:orchestrator:tick · spawning
[2026-08-26T09:53:31.012Z] tick · discovery:orchestrator:tick · exit=0 signal=- · OK
[2026-08-26T09:53:37.933Z] tick · social:cron-tick · fetching GET http://localhost:3008/api/cron/comms-social-worker
[2026-08-26T09:53:38.661Z] tick · social:cron-tick · status=200 · OK
[2026-08-26T09:54:30.151Z] tick · discovery:orchestrator:tick · spawning
[2026-08-26T09:54:30.474Z] tick · discovery:orchestrator:tick · exit=0 signal=- · OK
[2026-08-26T09:54:37.939Z] tick · social:cron-tick · fetching GET http://localhost:3008/api/cron/comms-social-worker
[2026-08-26T09:54:38.323Z] tick · social:cron-tick · status=200 · OK
[2026-08-26T09:55:30.161Z] tick · discovery:orchestrator:tick · spawning
[2026-08-26T09:55:30.474Z] tick · discovery:orchestrator:tick · exit=0 signal=- · OK
[2026-08-26T09:55:37.944Z] tick · social:cron-tick · fetching GET http://localhost:3008/api/cron/comms-social-worker
[2026-08-26T09:55:38.213Z] tick · social:cron-tick · status=200 · OK
[2026-08-26T09:55:38.833Z] tick · orchestration:zombie-reconciler · spawning
[2026-08-26T09:55:38.902Z] tick · cle:conversation · spawning
[2026-08-26T09:55:38.975Z] tick · brain:cron-tick · fetching GET http://localhost:3008/api/nex/brain/cron-tick
[2026-08-26T09:55:39.142Z] tick · discovery:rotation:tick · spawning
[2026-08-26T09:55:39.183Z] tick · promotion:food:Yogyakarta:quality-check · spawning
[2026-08-26T09:55:39.351Z] tick · orchestration:zombie-reconciler · exit=0 signal=- · OK
[2026-08-26T09:55:39.643Z] tick · cle:conversation · exit=0 signal=- · OK
[2026-08-26T09:55:39.729Z] tick · brain:cron-tick · status=200 · OK
[2026-08-26T09:55:40.038Z] tick · promotion:food:Yogyakarta:quality-check · exit=0 signal=- · OK
[2026-08-26T09:55:40.190Z] tick · discovery:rotation:tick · exit=0 signal=- · OK
[2026-08-26T09:56:30.191Z] tick · discovery:orchestrator:tick · spawning
[2026-08-26T09:56:31.125Z] tick · discovery:orchestrator:tick · exit=0 signal=- · OK
[2026-08-26T09:56:37.954Z] tick · social:cron-tick · fetching GET http://localhost:3008/api/cron/comms-social-worker
[2026-08-26T09:56:38.560Z] tick · social:cron-tick · status=200 · OK
[2026-08-26T09:57:30.206Z] tick · discovery:orchestrator:tick · spawning
[2026-08-26T09:57:31.192Z] tick · discovery:orchestrator:tick · exit=0 signal=- · OK
[2026-08-26T09:57:37.952Z] tick · social:cron-tick · fetching GET http://localhost:3008/api/cron/comms-social-worker
[2026-08-26T09:57:38.701Z] tick · social:cron-tick · status=200 · OK
[2026-08-26T09:58:30.240Z] tick · discovery:orchestrator:tick · spawning
[2026-08-26T09:58:31.398Z] tick · discovery:orchestrator:tick · exit=0 signal=- · OK
[2026-08-26T09:58:37.965Z] tick · social:cron-tick · fetching GET http://localhost:3008/api/cron/comms-social-worker
[2026-08-26T09:58:38.625Z] tick · social:cron-tick · status=200 · OK
[2026-08-26T09:58:38.832Z] tick · orchestration:zombie-reconciler · spawning
[2026-08-26T09:58:38.974Z] tick · brain:cron-tick · fetching GET http://localhost:3008/api/nex/brain/cron-tick
[2026-08-26T09:58:39.099Z] tick · orchestration:zombie-reconciler · exit=0 signal=- · OK
[2026-08-26T09:58:39.802Z] tick · brain:cron-tick · status=200 · OK
[2026-08-26T09:59:30.248Z] tick · discovery:orchestrator:tick · spawning
[2026-08-26T09:59:31.012Z] tick · discovery:orchestrator:tick · exit=0 signal=- · OK
[2026-08-26T09:59:37.976Z] tick · social:cron-tick · fetching GET http://localhost:3008/api/cron/comms-social-worker
[2026-08-26T09:59:38.415Z] tick · social:cron-tick · status=200 · OK
[2026-08-26T10:00:30.251Z] tick · discovery:orchestrator:tick · spawning
[2026-08-26T10:00:31.035Z] tick · discovery:orchestrator:tick · exit=0 signal=- · OK
[2026-08-26T10:00:37.977Z] tick · social:cron-tick · fetching GET http://localhost:3008/api/cron/comms-social-worker
[2026-08-26T10:00:38.381Z] tick · social:cron-tick · status=200 · OK
[2026-08-26T10:01:30.266Z] tick · discovery:orchestrator:tick · spawning
[2026-08-26T10:01:31.010Z] tick · discovery:orchestrator:tick · exit=0 signal=- · OK
[2026-08-26T10:01:37.990Z] tick · social:cron-tick · fetching GET http://localhost:3008/api/cron/comms-social-worker
[2026-08-26T10:01:38.585Z] tick · social:cron-tick · status=200 · OK
[2026-08-26T10:01:38.840Z] tick · orchestration:zombie-reconciler · spawning
[2026-08-26T10:01:38.982Z] tick · brain:cron-tick · fetching GET http://localhost:3008/api/nex/brain/cron-tick
[2026-08-26T10:01:39.099Z] tick · orchestration:zombie-reconciler · exit=0 signal=- · OK
[2026-08-26T10:01:39.980Z] tick · brain:cron-tick · status=200 · OK
[2026-08-26T10:02:30.299Z] tick · discovery:orchestrator:tick · spawning
[2026-08-26T10:02:30.955Z] tick · discovery:orchestrator:tick · exit=0 signal=- · OK
[2026-08-26T10:02:37.997Z] tick · social:cron-tick · fetching GET http://localhost:3008/api/cron/comms-social-worker
[2026-08-26T10:02:38.835Z] tick · social:cron-tick · status=200 · OK
[2026-08-26T10:03:30.319Z] tick · discovery:orchestrator:tick · spawning
[2026-08-26T10:03:31.205Z] tick · discovery:orchestrator:tick · exit=0 signal=- · OK
[2026-08-26T10:03:38.001Z] tick · social:cron-tick · fetching GET http://localhost:3008/api/cron/comms-social-worker
[2026-08-26T10:03:38.689Z] tick · social:cron-tick · status=200 · OK
[2026-08-26T10:04:30.316Z] tick · discovery:orchestrator:tick · spawning
[2026-08-26T10:04:30.831Z] tick · discovery:orchestrator:tick · exit=0 signal=- · OK
[2026-08-26T10:04:38.006Z] tick · social:cron-tick · fetching GET http://localhost:3008/api/cron/comms-social-worker
[2026-08-26T10:04:38.651Z] tick · social:cron-tick · status=200 · OK
[2026-08-26T10:04:38.844Z] tick · orchestration:zombie-reconciler · spawning
[2026-08-26T10:04:38.983Z] tick · brain:cron-tick · fetching GET http://localhost:3008/api/nex/brain/cron-tick
[2026-08-26T10:04:39.176Z] tick · orchestration:zombie-reconciler · exit=0 signal=- · OK
[2026-08-26T10:04:40.307Z] tick · brain:cron-tick · status=200 · OK
[2026-08-26T10:05:30.323Z] tick · discovery:orchestrator:tick · spawning
[2026-08-26T10:05:30.879Z] tick · discovery:orchestrator:tick · exit=0 signal=- · OK
[2026-08-26T10:05:38.009Z] tick · social:cron-tick · fetching GET http://localhost:3008/api/cron/comms-social-worker
[2026-08-26T10:05:38.590Z] tick · social:cron-tick · status=200 · OK
[2026-08-26T10:05:38.906Z] tick · cle:conversation · spawning
[2026-08-26T10:05:39.142Z] tick · discovery:rotation:tick · spawning
[2026-08-26T10:05:39.428Z] tick · cle:conversation · exit=0 signal=- · OK
[2026-08-26T10:05:39.720Z] tick · discovery:rotation:tick · exit=0 signal=- · OK
[2026-08-26T10:06:30.326Z] tick · discovery:orchestrator:tick · spawning
[2026-08-26T10:06:30.953Z] tick · discovery:orchestrator:tick · exit=0 signal=- · OK
[2026-08-26T10:06:38.013Z] tick · social:cron-tick · fetching GET http://localhost:3008/api/cron/comms-social-worker
[2026-08-26T10:06:38.622Z] tick · social:cron-tick · status=200 · OK
[2026-08-26T10:07:30.331Z] tick · discovery:orchestrator:tick · spawning
[2026-08-26T10:07:31.007Z] tick · discovery:orchestrator:tick · exit=0 signal=- · OK
[2026-08-26T10:07:38.021Z] tick · social:cron-tick · fetching GET http://localhost:3008/api/cron/comms-social-worker
[2026-08-26T10:07:38.659Z] tick · social:cron-tick · status=200 · OK
[2026-08-26T10:07:38.848Z] tick · orchestration:zombie-reconciler · spawning
[2026-08-26T10:07:38.986Z] tick · brain:cron-tick · fetching GET http://localhost:3008/api/nex/brain/cron-tick
[2026-08-26T10:07:39.166Z] tick · orchestration:zombie-reconciler · exit=0 signal=- · OK
[2026-08-26T10:07:40.415Z] tick · brain:cron-tick · status=200 · OK
[2026-08-26T10:08:30.362Z] tick · discovery:orchestrator:tick · spawning
[2026-08-26T10:08:31.263Z] tick · discovery:orchestrator:tick · exit=0 signal=- · OK
[2026-08-26T10:08:38.024Z] tick · social:cron-tick · fetching GET http://localhost:3008/api/cron/comms-social-worker
[2026-08-26T10:08:38.808Z] tick · social:cron-tick · status=200 · OK
[2026-08-26T10:09:30.358Z] tick · discovery:orchestrator:tick · spawning
[2026-08-26T10:09:30.743Z] tick · discovery:orchestrator:tick · exit=0 signal=- · OK
[2026-08-26T10:09:38.027Z] tick · social:cron-tick · fetching GET http://localhost:3008/api/cron/comms-social-worker
[2026-08-26T10:09:38.538Z] tick · social:cron-tick · status=200 · OK
[2026-08-26T10:10:30.367Z] tick · discovery:orchestrator:tick · spawning
[2026-08-26T10:10:30.701Z] tick · discovery:orchestrator:tick · exit=0 signal=- · OK
[2026-08-26T10:10:38.039Z] tick · social:cron-tick · fetching GET http://localhost:3008/api/cron/comms-social-worker
[2026-08-26T10:10:38.586Z] tick · social:cron-tick · status=200 · OK
[2026-08-26T10:10:38.851Z] tick · orchestration:zombie-reconciler · spawning
[2026-08-26T10:10:38.989Z] tick · brain:cron-tick · fetching GET http://localhost:3008/api/nex/brain/cron-tick
[2026-08-26T10:10:39.158Z] tick · orchestration:zombie-reconciler · exit=0 signal=- · OK
[2026-08-26T10:10:39.903Z] tick · brain:cron-tick · status=200 · OK
[2026-08-26T10:11:30.378Z] tick · discovery:orchestrator:tick · spawning
[2026-08-26T10:11:30.696Z] tick · discovery:orchestrator:tick · exit=0 signal=- · OK
[2026-08-26T10:11:38.045Z] tick · social:cron-tick · fetching GET http://localhost:3008/api/cron/comms-social-worker
[2026-08-26T10:11:38.497Z] tick · social:cron-tick · status=200 · OK
[2026-08-26T10:12:30.383Z] tick · discovery:orchestrator:tick · spawning
[2026-08-26T10:12:31.251Z] tick · discovery:orchestrator:tick · exit=0 signal=- · OK
[2026-08-26T10:12:38.050Z] tick · social:cron-tick · fetching GET http://localhost:3008/api/cron/comms-social-worker
[2026-08-26T10:12:38.705Z] tick · social:cron-tick · status=200 · OK
[2026-08-26T10:13:30.389Z] tick · discovery:orchestrator:tick · spawning
[2026-08-26T10:13:31.239Z] tick · discovery:orchestrator:tick · exit=0 signal=- · OK
[2026-08-26T10:13:38.056Z] tick · social:cron-tick · fetching GET http://localhost:3008/api/cron/comms-social-worker
[2026-08-26T10:13:38.850Z] tick · orchestration:zombie-reconciler · spawning
[2026-08-26T10:13:38.989Z] tick · brain:cron-tick · fetching GET http://localhost:3008/api/nex/brain/cron-tick
[2026-08-26T10:13:39.016Z] tick · social:cron-tick · status=200 · OK
[2026-08-26T10:13:39.120Z] tick · orchestration:zombie-reconciler · exit=0 signal=- · OK
[2026-08-26T10:13:40.086Z] tick · brain:cron-tick · status=200 · OK
[2026-08-26T10:14:30.395Z] tick · discovery:orchestrator:tick · spawning
[2026-08-26T10:14:31.090Z] tick · discovery:orchestrator:tick · exit=0 signal=- · OK
[2026-08-26T10:14:38.061Z] tick · social:cron-tick · fetching GET http://localhost:3008/api/cron/comms-social-worker
[2026-08-26T10:14:38.746Z] tick · social:cron-tick · status=200 · OK
[2026-08-26T10:15:30.423Z] tick · discovery:orchestrator:tick · spawning
[2026-08-26T10:15:31.412Z] tick · discovery:orchestrator:tick · exit=0 signal=- · OK
[2026-08-26T10:15:38.066Z] tick · social:cron-tick · fetching GET http://localhost:3008/api/cron/comms-social-worker
[2026-08-26T10:15:38.914Z] tick · cle:conversation · spawning
[2026-08-26T10:15:39.144Z] tick · discovery:rotation:tick · spawning
[2026-08-26T10:15:39.444Z] tick · social:cron-tick · status=200 · OK
[2026-08-26T10:15:39.571Z] tick · cle:conversation · exit=0 signal=- · OK
[2026-08-26T10:15:39.789Z] tick · discovery:rotation:tick · exit=0 signal=- · OK
[2026-08-26T10:16:30.425Z] tick · discovery:orchestrator:tick · spawning
[2026-08-26T10:16:31.063Z] tick · discovery:orchestrator:tick · exit=0 signal=- · OK
[2026-08-26T10:16:38.069Z] tick · social:cron-tick · fetching GET http://localhost:3008/api/cron/comms-social-worker
[2026-08-26T10:16:38.762Z] tick · social:cron-tick · status=200 · OK
[2026-08-26T10:16:38.856Z] tick · orchestration:zombie-reconciler · spawning
[2026-08-26T10:16:38.996Z] tick · brain:cron-tick · fetching GET http://localhost:3008/api/nex/brain/cron-tick
[2026-08-26T10:16:39.311Z] tick · orchestration:zombie-reconciler · exit=0 signal=- · OK
[2026-08-26T10:16:40.260Z] tick · brain:cron-tick · status=200 · OK
[2026-08-26T10:17:30.426Z] tick · discovery:orchestrator:tick · spawning
[2026-08-26T10:17:31.217Z] tick · discovery:orchestrator:tick · exit=0 signal=- · OK
[2026-08-26T10:17:38.072Z] tick · social:cron-tick · fetching GET http://localhost:3008/api/cron/comms-social-worker
[2026-08-26T10:17:38.717Z] tick · social:cron-tick · status=200 · OK
[2026-08-26T10:18:30.431Z] tick · discovery:orchestrator:tick · spawning
[2026-08-26T10:18:30.772Z] tick · discovery:orchestrator:tick · exit=0 signal=- · OK
[2026-08-26T10:18:38.085Z] tick · social:cron-tick · fetching GET http://localhost:3008/api/cron/comms-social-worker
[2026-08-26T10:18:38.748Z] tick · social:cron-tick · status=200 · OK
[2026-08-26T10:19:30.430Z] tick · discovery:orchestrator:tick · spawning
[2026-08-26T10:19:31.218Z] tick · discovery:orchestrator:tick · exit=0 signal=- · OK
[2026-08-26T10:19:38.093Z] tick · social:cron-tick · fetching GET http://localhost:3008/api/cron/comms-social-worker
[2026-08-26T10:19:38.639Z] tick · social:cron-tick · status=200 · OK
[2026-08-26T10:19:38.863Z] tick · orchestration:zombie-reconciler · spawning
[2026-08-26T10:19:39.001Z] tick · brain:cron-tick · fetching GET http://localhost:3008/api/nex/brain/cron-tick
[2026-08-26T10:19:39.165Z] tick · orchestration:zombie-reconciler · exit=0 signal=- · OK
[2026-08-26T10:19:40.027Z] tick · brain:cron-tick · status=200 · OK
[2026-08-26T10:20:30.438Z] tick · discovery:orchestrator:tick · spawning
[2026-08-26T10:20:31.251Z] tick · discovery:orchestrator:tick · exit=0 signal=- · OK
[2026-08-26T10:20:38.098Z] tick · social:cron-tick · fetching GET http://localhost:3008/api/cron/comms-social-worker
[2026-08-26T10:20:40.589Z] tick · social:cron-tick · status=200 · OK
[2026-08-26T10:21:30.446Z] tick · discovery:orchestrator:tick · spawning
[2026-08-26T10:21:31.272Z] tick · discovery:orchestrator:tick · exit=0 signal=- · OK
[2026-08-26T10:21:38.099Z] tick · social:cron-tick · fetching GET http://localhost:3008/api/cron/comms-social-worker
[2026-08-26T10:21:40.526Z] tick · social:cron-tick · status=200 · OK
[2026-08-26T10:22:30.460Z] tick · discovery:orchestrator:tick · spawning
[2026-08-26T10:22:31.496Z] tick · discovery:orchestrator:tick · exit=0 signal=- · OK
[2026-08-26T10:22:38.103Z] tick · social:cron-tick · fetching GET http://localhost:3008/api/cron/comms-social-worker
[2026-08-26T10:22:38.864Z] tick · orchestration:zombie-reconciler · spawning
[2026-08-26T10:22:38.952Z] tick · social:cron-tick · status=200 · OK
[2026-08-26T10:22:39.002Z] tick · brain:cron-tick · fetching GET http://localhost:3008/api/nex/brain/cron-tick
[2026-08-26T10:22:39.195Z] tick · orchestration:zombie-reconciler · exit=0 signal=- · OK
[2026-08-26T10:22:40.219Z] tick · brain:cron-tick · status=200 · OK
[2026-08-26T10:23:30.454Z] tick · discovery:orchestrator:tick · spawning
[2026-08-26T10:23:30.916Z] tick · discovery:orchestrator:tick · exit=0 signal=- · OK
[2026-08-26T10:23:38.109Z] tick · social:cron-tick · fetching GET http://localhost:3008/api/cron/comms-social-worker
[2026-08-26T10:23:38.587Z] tick · social:cron-tick · status=200 · OK
[2026-08-26T10:24:30.497Z] tick · discovery:orchestrator:tick · spawning
[2026-08-26T10:24:31.475Z] tick · discovery:orchestrator:tick · exit=0 signal=- · OK
[2026-08-26T10:24:38.121Z] tick · social:cron-tick · fetching GET http://localhost:3008/api/cron/comms-social-worker
[2026-08-26T10:24:39.201Z] tick · social:cron-tick · status=200 · OK
[2026-08-26T10:25:30.510Z] tick · discovery:orchestrator:tick · spawning
[2026-08-26T10:25:31.491Z] tick · discovery:orchestrator:tick · exit=0 signal=- · OK
[2026-08-26T10:25:38.132Z] tick · social:cron-tick · fetching GET http://localhost:3008/api/cron/comms-social-worker
[2026-08-26T10:25:38.870Z] tick · orchestration:zombie-reconciler · spawning
[2026-08-26T10:25:38.917Z] tick · cle:conversation · spawning
[2026-08-26T10:25:39.013Z] tick · brain:cron-tick · fetching GET http://localhost:3008/api/nex/brain/cron-tick
[2026-08-26T10:25:39.146Z] tick · discovery:rotation:tick · spawning
[2026-08-26T10:25:39.187Z] tick · promotion:food:Yogyakarta:quality-check · spawning
[2026-08-26T10:25:39.607Z] tick · orchestration:zombie-reconciler · exit=0 signal=- · OK
[2026-08-26T10:25:39.821Z] tick · cle:conversation · exit=0 signal=- · OK
[2026-08-26T10:25:39.976Z] tick · promotion:food:Yogyakarta:quality-check · exit=0 signal=- · OK
[2026-08-26T10:25:40.073Z] tick · discovery:rotation:tick · exit=0 signal=- · OK
[2026-08-26T10:25:40.809Z] tick · social:cron-tick · status=200 · OK
[2026-08-26T10:25:41.755Z] tick · brain:cron-tick · status=200 · OK
[2026-08-26T10:26:30.524Z] tick · discovery:orchestrator:tick · spawning
[2026-08-26T10:26:31.580Z] tick · discovery:orchestrator:tick · exit=0 signal=- · OK
[2026-08-26T10:26:38.146Z] tick · social:cron-tick · fetching GET http://localhost:3008/api/cron/comms-social-worker
[2026-08-26T10:26:39.942Z] tick · social:cron-tick · status=200 · OK
[2026-08-26T10:27:30.528Z] tick · discovery:orchestrator:tick · spawning
[2026-08-26T10:27:31.177Z] tick · discovery:orchestrator:tick · exit=0 signal=- · OK
[2026-08-26T10:27:38.153Z] tick · social:cron-tick · fetching GET http://localhost:3008/api/cron/comms-social-worker
[2026-08-26T10:27:41.035Z] tick · social:cron-tick · status=200 · OK
[2026-08-26T10:28:30.546Z] tick · discovery:orchestrator:tick · spawning
[2026-08-26T10:28:31.456Z] tick · discovery:orchestrator:tick · exit=0 signal=- · OK
[2026-08-26T10:28:38.163Z] tick · social:cron-tick · fetching GET http://localhost:3008/api/cron/comms-social-worker
[2026-08-26T10:28:38.880Z] tick · orchestration:zombie-reconciler · spawning
[2026-08-26T10:28:39.019Z] tick · brain:cron-tick · fetching GET http://localhost:3008/api/nex/brain/cron-tick
[2026-08-26T10:28:39.148Z] tick · orchestration:zombie-reconciler · exit=0 signal=- · OK
[2026-08-26T10:28:40.556Z] tick · social:cron-tick · status=200 · OK
[2026-08-26T10:28:41.239Z] tick · brain:cron-tick · status=200 · OK
[2026-08-26T10:29:30.546Z] tick · discovery:orchestrator:tick · spawning
[2026-08-26T10:29:31.183Z] tick · discovery:orchestrator:tick · exit=0 signal=- · OK
[2026-08-26T10:29:38.169Z] tick · social:cron-tick · fetching GET http://localhost:3008/api/cron/comms-social-worker
[2026-08-26T10:29:38.791Z] tick · social:cron-tick · status=200 · OK
[2026-08-26T10:30:30.583Z] tick · discovery:orchestrator:tick · spawning
[2026-08-26T10:30:31.099Z] tick · discovery:orchestrator:tick · exit=0 signal=- · OK
[2026-08-26T10:30:38.170Z] tick · social:cron-tick · fetching GET http://localhost:3008/api/cron/comms-social-worker
[2026-08-26T10:30:38.749Z] tick · social:cron-tick · status=200 · OK
[2026-08-26T10:31:30.583Z] tick · discovery:orchestrator:tick · spawning
[2026-08-26T10:31:31.240Z] tick · discovery:orchestrator:tick · exit=0 signal=- · OK
[2026-08-26T10:31:38.176Z] tick · social:cron-tick · fetching GET http://localhost:3008/api/cron/comms-social-worker
[2026-08-26T10:31:38.615Z] tick · social:cron-tick · status=200 · OK
[2026-08-26T10:31:38.884Z] tick · orchestration:zombie-reconciler · spawning
[2026-08-26T10:31:39.023Z] tick · brain:cron-tick · fetching GET http://localhost:3008/api/nex/brain/cron-tick
[2026-08-26T10:31:39.205Z] tick · orchestration:zombie-reconciler · exit=0 signal=- · OK
[2026-08-26T10:31:39.956Z] tick · brain:cron-tick · status=200 · OK
[2026-08-26T10:32:30.586Z] tick · discovery:orchestrator:tick · spawning
[2026-08-26T10:32:31.539Z] tick · discovery:orchestrator:tick · exit=0 signal=- · OK
[2026-08-26T10:32:38.181Z] tick · social:cron-tick · fetching GET http://localhost:3008/api/cron/comms-social-worker
[2026-08-26T10:32:38.851Z] tick · social:cron-tick · status=200 · OK
[2026-08-26T10:33:30.607Z] tick · discovery:orchestrator:tick · spawning
[2026-08-26T10:33:31.433Z] tick · discovery:orchestrator:tick · exit=0 signal=- · OK
[2026-08-26T10:33:38.189Z] tick · social:cron-tick · fetching GET http://localhost:3008/api/cron/comms-social-worker
[2026-08-26T10:33:43.243Z] tick · social:cron-tick · status=200 · OK
[2026-08-26T10:34:30.608Z] tick · discovery:orchestrator:tick · spawning
[2026-08-26T10:34:31.410Z] tick · discovery:orchestrator:tick · exit=0 signal=- · OK
[2026-08-26T10:34:38.191Z] tick · social:cron-tick · fetching GET http://localhost:3008/api/cron/comms-social-worker
[2026-08-26T10:34:38.863Z] tick · social:cron-tick · status=200 · OK
[2026-08-26T10:34:38.885Z] tick · orchestration:zombie-reconciler · spawning
[2026-08-26T10:34:39.025Z] tick · brain:cron-tick · fetching GET http://localhost:3008/api/nex/brain/cron-tick
[2026-08-26T10:34:39.236Z] tick · orchestration:zombie-reconciler · exit=0 signal=- · OK
[2026-08-26T10:34:40.407Z] tick · brain:cron-tick · status=200 · OK
[2026-08-26T10:35:30.615Z] tick · discovery:orchestrator:tick · spawning
[2026-08-26T10:35:31.285Z] tick · discovery:orchestrator:tick · exit=0 signal=- · OK
[2026-08-26T10:35:38.191Z] tick · social:cron-tick · fetching GET http://localhost:3008/api/cron/comms-social-worker
[2026-08-26T10:35:38.927Z] tick · cle:conversation · spawning
[2026-08-26T10:35:38.977Z] tick · social:cron-tick · status=200 · OK
[2026-08-26T10:35:39.158Z] tick · discovery:rotation:tick · spawning
[2026-08-26T10:35:39.618Z] tick · cle:conversation · exit=0 signal=- · OK
[2026-08-26T10:35:39.738Z] tick · discovery:rotation:tick · exit=0 signal=- · OK
[2026-08-26T10:36:30.644Z] tick · discovery:orchestrator:tick · spawning
[2026-08-26T10:36:31.706Z] tick · discovery:orchestrator:tick · exit=0 signal=- · OK
[2026-08-26T10:36:38.199Z] tick · social:cron-tick · fetching GET http://localhost:3008/api/cron/comms-social-worker
[2026-08-26T10:36:41.066Z] tick · social:cron-tick · status=200 · OK
[2026-08-26T10:37:30.641Z] tick · discovery:orchestrator:tick · spawning
[2026-08-26T10:37:31.473Z] tick · discovery:orchestrator:tick · exit=0 signal=- · OK
[2026-08-26T10:37:38.206Z] tick · social:cron-tick · fetching GET http://localhost:3008/api/cron/comms-social-worker
[2026-08-26T10:37:38.889Z] tick · orchestration:zombie-reconciler · spawning
[2026-08-26T10:37:39.026Z] tick · brain:cron-tick · fetching GET http://localhost:3008/api/nex/brain/cron-tick
[2026-08-26T10:37:39.253Z] tick · orchestration:zombie-reconciler · exit=0 signal=- · OK
[2026-08-26T10:37:41.717Z] tick · social:cron-tick · status=200 · OK
[2026-08-26T10:37:42.555Z] tick · brain:cron-tick · status=200 · OK
[2026-08-26T10:38:30.665Z] tick · discovery:orchestrator:tick · spawning
[2026-08-26T10:38:31.431Z] tick · discovery:orchestrator:tick · exit=0 signal=- · OK
[2026-08-26T10:38:38.219Z] tick · social:cron-tick · fetching GET http://localhost:3008/api/cron/comms-social-worker
[2026-08-26T10:38:41.466Z] tick · social:cron-tick · status=200 · OK
[2026-08-26T10:39:30.667Z] tick · discovery:orchestrator:tick · spawning
[2026-08-26T10:39:31.378Z] tick · discovery:orchestrator:tick · exit=0 signal=- · OK
[2026-08-26T10:39:38.222Z] tick · social:cron-tick · fetching GET http://localhost:3008/api/cron/comms-social-worker
[2026-08-26T10:39:40.319Z] tick · social:cron-tick · status=200 · OK
[2026-08-26T10:40:30.670Z] tick · discovery:orchestrator:tick · spawning
[2026-08-26T10:40:31.563Z] tick · discovery:orchestrator:tick · exit=0 signal=- · OK
[2026-08-26T10:40:38.225Z] tick · social:cron-tick · fetching GET http://localhost:3008/api/cron/comms-social-worker
[2026-08-26T10:40:38.890Z] tick · orchestration:zombie-reconciler · spawning
[2026-08-26T10:40:39.033Z] tick · brain:cron-tick · fetching GET http://localhost:3008/api/nex/brain/cron-tick
[2026-08-26T10:40:39.615Z] tick · orchestration:zombie-reconciler · exit=0 signal=- · OK
[2026-08-26T10:40:42.447Z] tick · social:cron-tick · status=200 · OK
[2026-08-26T10:40:42.948Z] tick · brain:cron-tick · status=200 · OK
[2026-08-26T10:41:30.678Z] tick · discovery:orchestrator:tick · spawning
[2026-08-26T10:41:31.381Z] tick · discovery:orchestrator:tick · exit=0 signal=- · OK
[2026-08-26T10:41:38.238Z] tick · social:cron-tick · fetching GET http://localhost:3008/api/cron/comms-social-worker
[2026-08-26T10:41:44.264Z] tick · social:cron-tick · status=200 · OK
[2026-08-26T10:42:30.694Z] tick · discovery:orchestrator:tick · spawning
[2026-08-26T10:42:31.700Z] tick · discovery:orchestrator:tick · exit=0 signal=- · OK
[2026-08-26T10:42:38.247Z] tick · social:cron-tick · fetching GET http://localhost:3008/api/cron/comms-social-worker
[2026-08-26T10:42:39.716Z] tick · social:cron-tick · status=200 · OK
[2026-08-26T10:43:30.733Z] tick · discovery:orchestrator:tick · spawning
[2026-08-26T10:43:31.627Z] tick · discovery:orchestrator:tick · exit=0 signal=- · OK
[2026-08-26T10:43:38.256Z] tick · social:cron-tick · fetching GET http://localhost:3008/api/cron/comms-social-worker
[2026-08-26T10:43:38.891Z] tick · orchestration:zombie-reconciler · spawning
[2026-08-26T10:43:39.036Z] tick · brain:cron-tick · fetching GET http://localhost:3008/api/nex/brain/cron-tick
[2026-08-26T10:43:39.251Z] tick · orchestration:zombie-reconciler · exit=0 signal=- · OK
[2026-08-26T10:43:41.023Z] tick · social:cron-tick · status=200 · OK
[2026-08-26T10:43:41.678Z] tick · brain:cron-tick · status=200 · OK
[2026-08-26T10:44:30.750Z] tick · discovery:orchestrator:tick · spawning
[2026-08-26T10:44:32.263Z] tick · discovery:orchestrator:tick · exit=0 signal=- · OK
[2026-08-26T10:44:38.255Z] tick · social:cron-tick · fetching GET http://localhost:3008/api/cron/comms-social-worker
[2026-08-26T10:44:41.504Z] tick · social:cron-tick · status=200 · OK
[2026-08-26T10:45:30.779Z] tick · discovery:orchestrator:tick · spawning
[2026-08-26T10:45:32.526Z] tick · discovery:orchestrator:tick · exit=0 signal=- · OK
[2026-08-26T10:45:38.256Z] tick · social:cron-tick · fetching GET http://localhost:3008/api/cron/comms-social-worker
[2026-08-26T10:45:38.928Z] tick · cle:conversation · spawning
[2026-08-26T10:45:39.159Z] tick · discovery:rotation:tick · spawning
[2026-08-26T10:45:39.891Z] tick · cle:conversation · exit=0 signal=- · OK
[2026-08-26T10:45:40.357Z] tick · discovery:rotation:tick · exit=0 signal=- · OK
[2026-08-26T10:45:41.426Z] tick · social:cron-tick · status=200 · OK
[2026-08-26T10:46:30.774Z] tick · discovery:orchestrator:tick · spawning
[2026-08-26T10:46:31.712Z] tick · discovery:orchestrator:tick · exit=0 signal=- · OK
[2026-08-26T10:46:38.264Z] tick · social:cron-tick · fetching GET http://localhost:3008/api/cron/comms-social-worker
[2026-08-26T10:46:38.890Z] tick · orchestration:zombie-reconciler · spawning
[2026-08-26T10:46:39.039Z] tick · brain:cron-tick · fetching GET http://localhost:3008/api/nex/brain/cron-tick
[2026-08-26T10:46:40.536Z] tick · orchestration:zombie-reconciler · exit=0 signal=- · OK
[2026-08-26T10:46:43.524Z] tick · social:cron-tick · status=200 · OK
[2026-08-26T10:46:50.069Z] tick · brain:cron-tick · status=200 · OK
[2026-08-26T10:47:30.786Z] tick · discovery:orchestrator:tick · spawning
[2026-08-26T10:47:31.546Z] tick · discovery:orchestrator:tick · exit=0 signal=- · OK
[2026-08-26T10:47:38.272Z] tick · social:cron-tick · fetching GET http://localhost:3008/api/cron/comms-social-worker
[2026-08-26T10:47:39.192Z] tick · social:cron-tick · status=200 · OK
[2026-08-26T10:48:30.803Z] tick · discovery:orchestrator:tick · spawning
[2026-08-26T10:48:31.660Z] tick · discovery:orchestrator:tick · exit=0 signal=- · OK
[2026-08-26T10:48:38.282Z] tick · social:cron-tick · fetching GET http://localhost:3008/api/cron/comms-social-worker
[2026-08-26T10:48:40.546Z] tick · social:cron-tick · status=200 · OK
[2026-08-26T10:49:30.826Z] tick · discovery:orchestrator:tick · spawning
[2026-08-26T10:49:31.683Z] tick · discovery:orchestrator:tick · exit=0 signal=- · OK
[2026-08-26T10:49:38.289Z] tick · social:cron-tick · fetching GET http://localhost:3008/api/cron/comms-social-worker
[2026-08-26T10:49:38.903Z] tick · orchestration:zombie-reconciler · spawning
[2026-08-26T10:49:39.047Z] tick · brain:cron-tick · fetching GET http://localhost:3008/api/nex/brain/cron-tick
[2026-08-26T10:49:39.225Z] tick · orchestration:zombie-reconciler · exit=0 signal=- · OK
[2026-08-26T10:49:41.420Z] tick · social:cron-tick · status=200 · OK
[2026-08-26T10:49:42.255Z] tick · brain:cron-tick · status=200 · OK
[2026-08-26T10:50:30.835Z] tick · discovery:orchestrator:tick · spawning
[2026-08-26T10:50:31.599Z] tick · discovery:orchestrator:tick · exit=0 signal=- · OK
[2026-08-26T10:50:38.294Z] tick · social:cron-tick · fetching GET http://localhost:3008/api/cron/comms-social-worker
[2026-08-26T10:50:40.809Z] tick · social:cron-tick · status=200 · OK
[2026-08-26T10:51:30.851Z] tick · discovery:orchestrator:tick · spawning
[2026-08-26T10:51:31.925Z] tick · discovery:orchestrator:tick · exit=0 signal=- · OK
[2026-08-26T10:51:38.295Z] tick · social:cron-tick · fetching GET http://localhost:3008/api/cron/comms-social-worker
[2026-08-26T10:51:40.920Z] tick · social:cron-tick · status=200 · OK
[2026-08-26T10:52:30.863Z] tick · discovery:orchestrator:tick · spawning
[2026-08-26T10:52:31.691Z] tick · discovery:orchestrator:tick · exit=0 signal=- · OK
[2026-08-26T10:52:38.296Z] tick · social:cron-tick · fetching GET http://localhost:3008/api/cron/comms-social-worker
[2026-08-26T10:52:38.905Z] tick · orchestration:zombie-reconciler · spawning
[2026-08-26T10:52:39.053Z] tick · brain:cron-tick · fetching GET http://localhost:3008/api/nex/brain/cron-tick
[2026-08-26T10:52:39.270Z] tick · orchestration:zombie-reconciler · exit=0 signal=- · OK
[2026-08-26T10:52:40.849Z] tick · social:cron-tick · status=200 · OK
[2026-08-26T10:52:41.636Z] tick · brain:cron-tick · status=200 · OK
[2026-08-26T10:53:30.901Z] tick · discovery:orchestrator:tick · spawning
[2026-08-26T10:53:32.046Z] tick · discovery:orchestrator:tick · exit=0 signal=- · OK
[2026-08-26T10:53:38.311Z] tick · social:cron-tick · fetching GET http://localhost:3008/api/cron/comms-social-worker
[2026-08-26T10:53:40.888Z] tick · social:cron-tick · status=200 · OK
[2026-08-26T10:54:30.894Z] tick · discovery:orchestrator:tick · spawning
[2026-08-26T10:54:31.670Z] tick · discovery:orchestrator:tick · exit=0 signal=- · OK
[2026-08-26T10:54:38.311Z] tick · social:cron-tick · fetching GET http://localhost:3008/api/cron/comms-social-worker
[2026-08-26T10:54:42.505Z] tick · social:cron-tick · status=200 · OK
[2026-08-26T10:55:30.899Z] tick · discovery:orchestrator:tick · spawning
[2026-08-26T10:55:31.533Z] tick · discovery:orchestrator:tick · exit=0 signal=- · OK
[2026-08-26T10:55:38.321Z] tick · social:cron-tick · fetching GET http://localhost:3008/api/cron/comms-social-worker
[2026-08-26T10:55:38.920Z] tick · orchestration:zombie-reconciler · spawning
[2026-08-26T10:55:38.936Z] tick · cle:conversation · spawning
[2026-08-26T10:55:39.062Z] tick · brain:cron-tick · fetching GET http://localhost:3008/api/nex/brain/cron-tick
[2026-08-26T10:55:39.173Z] tick · discovery:rotation:tick · spawning
[2026-08-26T10:55:39.192Z] tick · promotion:food:Yogyakarta:quality-check · spawning
[2026-08-26T10:55:39.397Z] tick · orchestration:zombie-reconciler · exit=0 signal=- · OK
[2026-08-26T10:55:39.539Z] tick · cle:conversation · exit=0 signal=- · OK
[2026-08-26T10:55:39.683Z] tick · promotion:food:Yogyakarta:quality-check · exit=0 signal=- · OK
[2026-08-26T10:55:39.802Z] tick · discovery:rotation:tick · exit=0 signal=- · OK
[2026-08-26T10:55:40.945Z] tick · social:cron-tick · status=200 · OK
[2026-08-26T10:55:41.756Z] tick · brain:cron-tick · status=200 · OK
[2026-08-26T10:56:30.936Z] tick · discovery:orchestrator:tick · spawning
[2026-08-26T10:56:31.885Z] tick · discovery:orchestrator:tick · exit=0 signal=- · OK
[2026-08-26T10:56:38.326Z] tick · social:cron-tick · fetching GET http://localhost:3008/api/cron/comms-social-worker
[2026-08-26T10:56:40.820Z] tick · social:cron-tick · status=200 · OK
[2026-08-26T10:57:30.942Z] tick · discovery:orchestrator:tick · spawning
[2026-08-26T10:57:31.818Z] tick · discovery:orchestrator:tick · exit=0 signal=- · OK
[2026-08-26T10:57:38.334Z] tick · social:cron-tick · fetching GET http://localhost:3008/api/cron/comms-social-worker
[2026-08-26T10:57:40.272Z] tick · social:cron-tick · status=200 · OK
[2026-08-26T10:58:30.971Z] tick · discovery:orchestrator:tick · spawning
[2026-08-26T10:58:31.887Z] tick · discovery:orchestrator:tick · exit=0 signal=- · OK
[2026-08-26T10:58:38.337Z] tick · social:cron-tick · fetching GET http://localhost:3008/api/cron/comms-social-worker
[2026-08-26T10:58:38.916Z] tick · orchestration:zombie-reconciler · spawning
[2026-08-26T10:58:39.064Z] tick · brain:cron-tick · fetching GET http://localhost:3008/api/nex/brain/cron-tick
[2026-08-26T10:58:39.280Z] tick · orchestration:zombie-reconciler · exit=0 signal=- · OK
[2026-08-26T10:58:40.735Z] tick · social:cron-tick · status=200 · OK
[2026-08-26T10:58:41.484Z] tick · brain:cron-tick · status=200 · OK
[2026-08-26T10:59:30.971Z] tick · discovery:orchestrator:tick · spawning
[2026-08-26T10:59:32.141Z] tick · discovery:orchestrator:tick · exit=0 signal=- · OK
[2026-08-26T10:59:38.335Z] tick · social:cron-tick · fetching GET http://localhost:3008/api/cron/comms-social-worker
[2026-08-26T10:59:40.369Z] tick · social:cron-tick · status=200 · OK
[2026-08-26T11:00:30.971Z] tick · discovery:orchestrator:tick · spawning
[2026-08-26T11:00:31.605Z] tick · discovery:orchestrator:tick · exit=0 signal=- · OK
[2026-08-26T11:00:38.336Z] tick · social:cron-tick · fetching GET http://localhost:3008/api/cron/comms-social-worker
[2026-08-26T11:00:39.357Z] tick · social:cron-tick · status=200 · OK
[2026-08-26T11:01:30.991Z] tick · discovery:orchestrator:tick · spawning
[2026-08-26T11:01:32.576Z] tick · discovery:orchestrator:tick · exit=0 signal=- · OK
[2026-08-26T11:01:38.358Z] tick · social:cron-tick · fetching GET http://localhost:3008/api/cron/comms-social-worker
[2026-08-26T11:01:38.930Z] tick · orchestration:zombie-reconciler · spawning
[2026-08-26T11:01:39.072Z] tick · brain:cron-tick · fetching GET http://localhost:3008/api/nex/brain/cron-tick
[2026-08-26T11:01:39.501Z] tick · orchestration:zombie-reconciler · exit=0 signal=- · OK
[2026-08-26T11:01:40.857Z] tick · social:cron-tick · status=200 · OK
[2026-08-26T11:01:41.624Z] tick · brain:cron-tick · status=200 · OK
[2026-08-26T11:02:31.001Z] tick · discovery:orchestrator:tick · spawning
[2026-08-26T11:02:31.612Z] tick · discovery:orchestrator:tick · exit=0 signal=- · OK
[2026-08-26T11:02:38.360Z] tick · social:cron-tick · fetching GET http://localhost:3008/api/cron/comms-social-worker
[2026-08-26T11:02:41.481Z] tick · social:cron-tick · status=200 · OK
[2026-08-26T11:03:31.007Z] tick · discovery:orchestrator:tick · spawning
[2026-08-26T11:03:31.674Z] tick · discovery:orchestrator:tick · exit=0 signal=- · OK
[2026-08-26T11:03:38.357Z] tick · social:cron-tick · fetching GET http://localhost:3008/api/cron/comms-social-worker
[2026-08-26T11:03:39.304Z] tick · social:cron-tick · status=200 · OK
[2026-08-26T11:04:31.026Z] tick · discovery:orchestrator:tick · spawning
[2026-08-26T11:04:31.737Z] tick · discovery:orchestrator:tick · exit=0 signal=- · OK
[2026-08-26T11:04:38.377Z] tick · social:cron-tick · fetching GET http://localhost:3008/api/cron/comms-social-worker
[2026-08-26T11:04:38.934Z] tick · orchestration:zombie-reconciler · spawning
[2026-08-26T11:04:39.083Z] tick · brain:cron-tick · fetching GET http://localhost:3008/api/nex/brain/cron-tick
[2026-08-26T11:04:39.640Z] tick · orchestration:zombie-reconciler · exit=0 signal=- · OK
[2026-08-26T11:04:40.034Z] tick · social:cron-tick · status=200 · OK
[2026-08-26T11:04:40.923Z] tick · brain:cron-tick · status=200 · OK
[2026-08-26T11:05:31.032Z] tick · discovery:orchestrator:tick · spawning
[2026-08-26T11:05:31.659Z] tick · discovery:orchestrator:tick · exit=0 signal=- · OK
[2026-08-26T11:05:38.379Z] tick · social:cron-tick · fetching GET http://localhost:3008/api/cron/comms-social-worker
[2026-08-26T11:05:38.949Z] tick · cle:conversation · spawning
[2026-08-26T11:05:39.171Z] tick · discovery:rotation:tick · spawning
[2026-08-26T11:05:39.625Z] tick · social:cron-tick · status=200 · OK
[2026-08-26T11:05:39.786Z] tick · cle:conversation · exit=0 signal=- · OK
[2026-08-26T11:05:39.849Z] tick · discovery:rotation:tick · exit=0 signal=- · OK
[2026-08-26T11:06:31.060Z] tick · discovery:orchestrator:tick · spawning
[2026-08-26T11:06:32.007Z] tick · discovery:orchestrator:tick · exit=0 signal=- · OK
[2026-08-26T11:06:38.384Z] tick · social:cron-tick · fetching GET http://localhost:3008/api/cron/comms-social-worker
[2026-08-26T11:06:40.148Z] tick · social:cron-tick · status=200 · OK
[2026-08-26T11:07:31.060Z] tick · discovery:orchestrator:tick · spawning
[2026-08-26T11:07:32.091Z] tick · discovery:orchestrator:tick · exit=0 signal=- · OK
[2026-08-26T11:07:38.386Z] tick · social:cron-tick · fetching GET http://localhost:3008/api/cron/comms-social-worker
[2026-08-26T11:07:38.939Z] tick · orchestration:zombie-reconciler · spawning
[2026-08-26T11:07:39.085Z] tick · brain:cron-tick · fetching GET http://localhost:3008/api/nex/brain/cron-tick
[2026-08-26T11:07:39.680Z] tick · orchestration:zombie-reconciler · exit=0 signal=- · OK
[2026-08-26T11:07:41.719Z] tick · social:cron-tick · status=200 · OK
[2026-08-26T11:07:42.435Z] tick · brain:cron-tick · status=200 · OK
[2026-08-26T11:08:31.077Z] tick · discovery:orchestrator:tick · spawning
[2026-08-26T11:08:31.820Z] tick · discovery:orchestrator:tick · exit=0 signal=- · OK
[2026-08-26T11:08:38.389Z] tick · social:cron-tick · fetching GET http://localhost:3008/api/cron/comms-social-worker
[2026-08-26T11:08:40.429Z] tick · social:cron-tick · status=200 · OK
[2026-08-26T11:09:31.079Z] tick · discovery:orchestrator:tick · spawning
[2026-08-26T11:09:31.846Z] tick · discovery:orchestrator:tick · exit=0 signal=- · OK
[2026-08-26T11:09:38.395Z] tick · social:cron-tick · fetching GET http://localhost:3008/api/cron/comms-social-worker
[2026-08-26T11:09:39.145Z] tick · social:cron-tick · status=200 · OK
[2026-08-26T11:10:31.082Z] tick · discovery:orchestrator:tick · spawning
[2026-08-26T11:10:31.581Z] tick · discovery:orchestrator:tick · exit=0 signal=- · OK
[2026-08-26T11:10:38.401Z] tick · social:cron-tick · fetching GET http://localhost:3008/api/cron/comms-social-worker
[2026-08-26T11:10:38.943Z] tick · orchestration:zombie-reconciler · spawning
[2026-08-26T11:10:39.090Z] tick · brain:cron-tick · fetching GET http://localhost:3008/api/nex/brain/cron-tick
[2026-08-26T11:10:39.186Z] tick · orchestration:zombie-reconciler · exit=0 signal=- · OK
[2026-08-26T11:10:39.810Z] tick · social:cron-tick · status=200 · OK
[2026-08-26T11:10:40.336Z] tick · brain:cron-tick · status=200 · OK
[2026-08-26T11:11:31.084Z] tick · discovery:orchestrator:tick · spawning
[2026-08-26T11:11:31.762Z] tick · discovery:orchestrator:tick · exit=0 signal=- · OK
[2026-08-26T11:11:38.403Z] tick · social:cron-tick · fetching GET http://localhost:3008/api/cron/comms-social-worker
[2026-08-26T11:11:40.505Z] tick · social:cron-tick · status=200 · OK
[2026-08-26T11:12:31.096Z] tick · discovery:orchestrator:tick · spawning
[2026-08-26T11:12:31.970Z] tick · discovery:orchestrator:tick · exit=0 signal=- · OK
[2026-08-26T11:12:38.411Z] tick · social:cron-tick · fetching GET http://localhost:3008/api/cron/comms-social-worker
[2026-08-26T11:12:40.150Z] tick · social:cron-tick · status=200 · OK
[2026-08-26T11:13:31.117Z] tick · discovery:orchestrator:tick · spawning
[2026-08-26T11:13:31.892Z] tick · discovery:orchestrator:tick · exit=0 signal=- · OK
[2026-08-26T11:13:38.419Z] tick · social:cron-tick · fetching GET http://localhost:3008/api/cron/comms-social-worker
[2026-08-26T11:13:38.944Z] tick · orchestration:zombie-reconciler · spawning
[2026-08-26T11:13:39.089Z] tick · brain:cron-tick · fetching GET http://localhost:3008/api/nex/brain/cron-tick
[2026-08-26T11:13:39.248Z] tick · orchestration:zombie-reconciler · exit=0 signal=- · OK
[2026-08-26T11:13:40.004Z] tick · social:cron-tick · status=200 · OK
[2026-08-26T11:13:40.467Z] tick · brain:cron-tick · status=200 · OK
[2026-08-26T11:14:31.125Z] tick · discovery:orchestrator:tick · spawning
[2026-08-26T11:14:31.395Z] tick · discovery:orchestrator:tick · exit=0 signal=- · OK
[2026-08-26T11:14:38.421Z] tick · social:cron-tick · fetching GET http://localhost:3008/api/cron/comms-social-worker
[2026-08-26T11:14:38.972Z] tick · social:cron-tick · status=200 · OK
[2026-08-26T11:15:31.128Z] tick · discovery:orchestrator:tick · spawning
[2026-08-26T11:15:31.829Z] tick · discovery:orchestrator:tick · exit=0 signal=- · OK
[2026-08-26T11:15:38.421Z] tick · social:cron-tick · fetching GET http://localhost:3008/api/cron/comms-social-worker
[2026-08-26T11:15:38.955Z] tick · cle:conversation · spawning
[2026-08-26T11:15:39.177Z] tick · discovery:rotation:tick · spawning
[2026-08-26T11:15:39.739Z] tick · cle:conversation · exit=0 signal=- · OK
[2026-08-26T11:15:40.044Z] tick · discovery:rotation:tick · exit=0 signal=- · OK
[2026-08-26T11:15:41.730Z] tick · social:cron-tick · status=200 · OK
[2026-08-26T11:16:31.156Z] tick · discovery:orchestrator:tick · spawning
[2026-08-26T11:16:31.941Z] tick · discovery:orchestrator:tick · exit=0 signal=- · OK
[2026-08-26T11:16:38.425Z] tick · social:cron-tick · fetching GET http://localhost:3008/api/cron/comms-social-worker
[2026-08-26T11:16:38.949Z] tick · orchestration:zombie-reconciler · spawning
[2026-08-26T11:16:39.096Z] tick · brain:cron-tick · fetching GET http://localhost:3008/api/nex/brain/cron-tick
[2026-08-26T11:16:39.194Z] tick · orchestration:zombie-reconciler · exit=0 signal=- · OK
[2026-08-26T11:16:39.556Z] tick · social:cron-tick · status=200 · OK
[2026-08-26T11:16:39.897Z] tick · brain:cron-tick · status=200 · OK
[2026-08-26T11:17:31.155Z] tick · discovery:orchestrator:tick · spawning
[2026-08-26T11:17:31.669Z] tick · discovery:orchestrator:tick · exit=0 signal=- · OK
[2026-08-26T11:17:38.426Z] tick · social:cron-tick · fetching GET http://localhost:3008/api/cron/comms-social-worker
[2026-08-26T11:17:38.820Z] tick · social:cron-tick · status=200 · OK
[2026-08-26T11:18:31.170Z] tick · discovery:orchestrator:tick · spawning
[2026-08-26T11:18:31.738Z] tick · discovery:orchestrator:tick · exit=0 signal=- · OK
[2026-08-26T11:18:38.431Z] tick · social:cron-tick · fetching GET http://localhost:3008/api/cron/comms-social-worker
[2026-08-26T11:18:39.079Z] tick · social:cron-tick · status=200 · OK
[2026-08-26T11:19:31.171Z] tick · discovery:orchestrator:tick · spawning
[2026-08-26T11:19:31.832Z] tick · discovery:orchestrator:tick · exit=0 signal=- · OK
[2026-08-26T11:19:38.433Z] tick · social:cron-tick · fetching GET http://localhost:3008/api/cron/comms-social-worker
[2026-08-26T11:19:38.959Z] tick · orchestration:zombie-reconciler · spawning
[2026-08-26T11:19:39.100Z] tick · brain:cron-tick · fetching GET http://localhost:3008/api/nex/brain/cron-tick
[2026-08-26T11:19:39.417Z] tick · orchestration:zombie-reconciler · exit=0 signal=- · OK
[2026-08-26T11:19:39.522Z] tick · social:cron-tick · status=200 · OK
[2026-08-26T11:19:40.132Z] tick · brain:cron-tick · status=200 · OK
[2026-08-26T11:20:31.263Z] tick · discovery:orchestrator:tick · spawning
[2026-08-26T11:20:32.809Z] tick · discovery:orchestrator:tick · exit=0 signal=- · OK
[2026-08-26T11:20:38.459Z] tick · social:cron-tick · fetching GET http://localhost:3008/api/cron/comms-social-worker
[2026-08-26T11:20:41.937Z] tick · social:cron-tick · status=200 · OK
[2026-08-26T11:21:31.306Z] tick · discovery:orchestrator:tick · spawning
[2026-08-26T11:21:33.225Z] tick · discovery:orchestrator:tick · exit=0 signal=- · OK
[2026-08-26T11:21:38.481Z] tick · social:cron-tick · fetching GET http://localhost:3008/api/cron/comms-social-worker
[2026-08-26T11:21:42.725Z] tick · social:cron-tick · status=200 · OK
[2026-08-26T11:22:31.343Z] tick · discovery:orchestrator:tick · spawning
[2026-08-26T11:22:34.050Z] tick · discovery:orchestrator:tick · exit=0 signal=- · OK
[2026-08-26T11:22:38.501Z] tick · social:cron-tick · fetching GET http://localhost:3008/api/cron/comms-social-worker
[2026-08-26T11:22:38.951Z] tick · orchestration:zombie-reconciler · spawning
[2026-08-26T11:22:39.090Z] tick · brain:cron-tick · fetching GET http://localhost:3008/api/nex/brain/cron-tick
[2026-08-26T11:22:40.080Z] tick · orchestration:zombie-reconciler · exit=0 signal=- · OK
[2026-08-26T11:22:42.875Z] tick · social:cron-tick · status=200 · OK
[2026-08-26T11:22:43.472Z] tick · brain:cron-tick · status=200 · OK
[2026-08-26T11:23:31.369Z] tick · discovery:orchestrator:tick · spawning
[2026-08-26T11:23:32.122Z] tick · discovery:orchestrator:tick · exit=0 signal=- · OK
[2026-08-26T11:23:38.519Z] tick · social:cron-tick · fetching GET http://localhost:3008/api/cron/comms-social-worker
[2026-08-26T11:23:39.514Z] tick · social:cron-tick · status=200 · OK
[2026-08-26T11:24:31.425Z] tick · discovery:orchestrator:tick · spawning
[2026-08-26T11:24:33.195Z] tick · discovery:orchestrator:tick · exit=0 signal=- · OK
[2026-08-26T11:24:38.573Z] tick · social:cron-tick · fetching GET http://localhost:3008/api/cron/comms-social-worker
[2026-08-26T11:24:42.445Z] tick · social:cron-tick · status=200 · OK
[2026-08-26T11:25:31.463Z] tick · discovery:orchestrator:tick · spawning
[2026-08-26T11:25:33.070Z] tick · discovery:orchestrator:tick · exit=0 signal=- · OK
[2026-08-26T11:25:38.580Z] tick · social:cron-tick · fetching GET http://localhost:3008/api/cron/comms-social-worker
[2026-08-26T11:25:38.960Z] tick · cle:conversation · spawning
[2026-08-26T11:25:38.981Z] tick · orchestration:zombie-reconciler · spawning
[2026-08-26T11:25:39.116Z] tick · brain:cron-tick · fetching GET http://localhost:3008/api/nex/brain/cron-tick
[2026-08-26T11:25:39.179Z] tick · discovery:rotation:tick · spawning
[2026-08-26T11:25:39.260Z] tick · promotion:food:Yogyakarta:quality-check · spawning
[2026-08-26T11:25:39.989Z] tick · orchestration:zombie-reconciler · exit=0 signal=- · OK
[2026-08-26T11:25:40.217Z] tick · cle:conversation · exit=0 signal=- · OK
[2026-08-26T11:25:40.412Z] tick · promotion:food:Yogyakarta:quality-check · exit=0 signal=- · OK
[2026-08-26T11:25:40.553Z] tick · discovery:rotation:tick · exit=0 signal=- · OK
[2026-08-26T11:25:44.145Z] tick · social:cron-tick · status=200 · OK
[2026-08-26T11:25:44.717Z] tick · brain:cron-tick · status=200 · OK
[2026-08-26T11:26:31.493Z] tick · discovery:orchestrator:tick · spawning
[2026-08-26T11:26:32.424Z] tick · discovery:orchestrator:tick · exit=0 signal=- · OK
[2026-08-26T11:26:38.583Z] tick · social:cron-tick · fetching GET http://localhost:3008/api/cron/comms-social-worker
[2026-08-26T11:26:40.982Z] tick · social:cron-tick · status=200 · OK
[2026-08-26T11:27:31.491Z] tick · discovery:orchestrator:tick · spawning
[2026-08-26T11:27:32.233Z] tick · discovery:orchestrator:tick · exit=0 signal=- · OK
[2026-08-26T11:27:38.586Z] tick · social:cron-tick · fetching GET http://localhost:3008/api/cron/comms-social-worker
[2026-08-26T11:27:40.918Z] tick · social:cron-tick · status=200 · OK
[2026-08-26T11:28:31.526Z] tick · discovery:orchestrator:tick · spawning
[2026-08-26T11:28:32.908Z] tick · discovery:orchestrator:tick · exit=0 signal=- · OK
[2026-08-26T11:28:38.589Z] tick · social:cron-tick · fetching GET http://localhost:3008/api/cron/comms-social-worker
[2026-08-26T11:28:38.983Z] tick · orchestration:zombie-reconciler · spawning
[2026-08-26T11:28:39.116Z] tick · brain:cron-tick · fetching GET http://localhost:3008/api/nex/brain/cron-tick
[2026-08-26T11:28:39.850Z] tick · orchestration:zombie-reconciler · exit=0 signal=- · OK
[2026-08-26T11:28:42.310Z] tick · social:cron-tick · status=200 · OK
[2026-08-26T11:28:43.035Z] tick · brain:cron-tick · status=200 · OK
[2026-08-26T11:29:31.542Z] tick · discovery:orchestrator:tick · spawning
[2026-08-26T11:29:32.314Z] tick · discovery:orchestrator:tick · exit=0 signal=- · OK
[2026-08-26T11:29:38.601Z] tick · social:cron-tick · fetching GET http://localhost:3008/api/cron/comms-social-worker
[2026-08-26T11:29:41.060Z] tick · social:cron-tick · status=200 · OK
[2026-08-26T11:30:31.563Z] tick · discovery:orchestrator:tick · spawning
[2026-08-26T11:30:32.754Z] tick · discovery:orchestrator:tick · exit=0 signal=- · OK
[2026-08-26T11:30:38.607Z] tick · social:cron-tick · fetching GET http://localhost:3008/api/cron/comms-social-worker
[2026-08-26T11:30:41.533Z] tick · social:cron-tick · status=200 · OK
[2026-08-26T11:31:31.588Z] tick · discovery:orchestrator:tick · spawning
[2026-08-26T11:31:33.122Z] tick · discovery:orchestrator:tick · exit=0 signal=- · OK
[2026-08-26T11:31:38.615Z] tick · social:cron-tick · fetching GET http://localhost:3008/api/cron/comms-social-worker
[2026-08-26T11:31:38.983Z] tick · orchestration:zombie-reconciler · spawning
[2026-08-26T11:31:39.118Z] tick · brain:cron-tick · fetching GET http://localhost:3008/api/nex/brain/cron-tick
[2026-08-26T11:31:40.597Z] tick · orchestration:zombie-reconciler · exit=0 signal=- · OK
[2026-08-26T11:31:44.079Z] tick · social:cron-tick · status=200 · OK
[2026-08-26T11:31:44.677Z] tick · brain:cron-tick · status=200 · OK
[2026-08-26T11:32:31.600Z] tick · discovery:orchestrator:tick · spawning
[2026-08-26T11:32:33.619Z] tick · discovery:orchestrator:tick · exit=0 signal=- · OK
[2026-08-26T11:32:38.641Z] tick · social:cron-tick · fetching GET http://localhost:3008/api/cron/comms-social-worker
[2026-08-26T11:32:50.000Z] tick · social:cron-tick · status=200 · OK
[2026-08-26T11:33:31.622Z] tick · discovery:orchestrator:tick · spawning
[2026-08-26T11:33:33.109Z] tick · discovery:orchestrator:tick · exit=0 signal=- · OK
[2026-08-26T11:33:38.648Z] tick · social:cron-tick · fetching GET http://localhost:3008/api/cron/comms-social-worker
[2026-08-26T11:33:41.755Z] tick · social:cron-tick · status=200 · OK
[2026-08-26T11:34:31.649Z] tick · discovery:orchestrator:tick · spawning
[2026-08-26T11:34:33.303Z] tick · discovery:orchestrator:tick · exit=0 signal=- · OK
[2026-08-26T11:34:38.659Z] tick · social:cron-tick · fetching GET http://localhost:3008/api/cron/comms-social-worker
[2026-08-26T11:34:38.987Z] tick · orchestration:zombie-reconciler · spawning
[2026-08-26T11:34:39.130Z] tick · brain:cron-tick · fetching GET http://localhost:3008/api/nex/brain/cron-tick
[2026-08-26T11:34:39.718Z] tick · orchestration:zombie-reconciler · exit=0 signal=- · OK
[2026-08-26T11:34:42.005Z] tick · social:cron-tick · status=200 · OK
[2026-08-26T11:34:42.544Z] tick · brain:cron-tick · status=200 · OK
[2026-08-26T11:35:31.659Z] tick · discovery:orchestrator:tick · spawning
[2026-08-26T11:35:32.874Z] tick · discovery:orchestrator:tick · exit=0 signal=- · OK
[2026-08-26T11:35:38.667Z] tick · social:cron-tick · fetching GET http://localhost:3008/api/cron/comms-social-worker
[2026-08-26T11:35:38.960Z] tick · cle:conversation · spawning
[2026-08-26T11:35:39.180Z] tick · discovery:rotation:tick · spawning
[2026-08-26T11:35:39.371Z] tick · cle:conversation · exit=0 signal=- · OK
[2026-08-26T11:35:39.861Z] tick · discovery:rotation:tick · exit=0 signal=- · OK
[2026-08-26T11:35:41.589Z] tick · social:cron-tick · status=200 · OK
[2026-08-26T11:36:31.685Z] tick · discovery:orchestrator:tick · spawning
[2026-08-26T11:36:33.101Z] tick · discovery:orchestrator:tick · exit=0 signal=- · OK
[2026-08-26T11:36:38.671Z] tick · social:cron-tick · fetching GET http://localhost:3008/api/cron/comms-social-worker
[2026-08-26T11:36:41.473Z] tick · social:cron-tick · status=200 · OK
[2026-08-26T11:37:31.691Z] tick · discovery:orchestrator:tick · spawning
[2026-08-26T11:37:32.336Z] tick · discovery:orchestrator:tick · exit=0 signal=- · OK
[2026-08-26T11:37:38.688Z] tick · social:cron-tick · fetching GET http://localhost:3008/api/cron/comms-social-worker
[2026-08-26T11:37:38.988Z] tick · orchestration:zombie-reconciler · spawning
[2026-08-26T11:37:39.136Z] tick · brain:cron-tick · fetching GET http://localhost:3008/api/nex/brain/cron-tick
[2026-08-26T11:37:40.039Z] tick · orchestration:zombie-reconciler · exit=0 signal=- · OK
[2026-08-26T11:37:42.844Z] tick · social:cron-tick · status=200 · OK
[2026-08-26T11:37:43.257Z] tick · brain:cron-tick · status=200 · OK
[2026-08-26T11:38:31.730Z] tick · discovery:orchestrator:tick · spawning
[2026-08-26T11:38:32.970Z] tick · discovery:orchestrator:tick · exit=0 signal=- · OK
[2026-08-26T11:38:38.695Z] tick · social:cron-tick · fetching GET http://localhost:3008/api/cron/comms-social-worker
[2026-08-26T11:38:45.190Z] tick · social:cron-tick · status=200 · OK
[2026-08-26T11:39:31.788Z] tick · discovery:orchestrator:tick · spawning
[2026-08-26T11:39:33.445Z] tick · discovery:orchestrator:tick · exit=0 signal=- · OK
[2026-08-26T11:39:38.704Z] tick · social:cron-tick · fetching GET http://localhost:3008/api/cron/comms-social-worker
[2026-08-26T11:39:41.319Z] tick · social:cron-tick · status=200 · OK
[2026-08-26T11:40:31.802Z] tick · discovery:orchestrator:tick · spawning
[2026-08-26T11:40:33.003Z] tick · discovery:orchestrator:tick · exit=0 signal=- · OK
[2026-08-26T11:40:38.717Z] tick · social:cron-tick · fetching GET http://localhost:3008/api/cron/comms-social-worker
[2026-08-26T11:40:39.022Z] tick · orchestration:zombie-reconciler · spawning
[2026-08-26T11:40:39.306Z] tick · brain:cron-tick · fetching GET http://localhost:3008/api/nex/brain/cron-tick
[2026-08-26T11:40:41.220Z] tick · orchestration:zombie-reconciler · exit=0 signal=- · OK
[2026-08-26T11:40:43.817Z] tick · social:cron-tick · status=200 · OK
[2026-08-26T11:40:44.784Z] tick · brain:cron-tick · status=200 · OK
[2026-08-26T11:41:31.825Z] tick · discovery:orchestrator:tick · spawning
[2026-08-26T11:41:32.602Z] tick · discovery:orchestrator:tick · exit=0 signal=- · OK
[2026-08-26T11:41:38.727Z] tick · social:cron-tick · fetching GET http://localhost:3008/api/cron/comms-social-worker
[2026-08-26T11:41:40.745Z] tick · social:cron-tick · status=200 · OK
[2026-08-26T11:42:31.869Z] tick · discovery:orchestrator:tick · spawning
[2026-08-26T11:42:33.794Z] tick · discovery:orchestrator:tick · exit=0 signal=- · OK
[2026-08-26T11:42:38.762Z] tick · social:cron-tick · fetching GET http://localhost:3008/api/cron/comms-social-worker
[2026-08-26T11:42:43.456Z] tick · social:cron-tick · status=200 · OK
[2026-08-26T11:43:31.893Z] tick · discovery:orchestrator:tick · spawning
[2026-08-26T11:43:32.754Z] tick · discovery:orchestrator:tick · exit=0 signal=- · OK
[2026-08-26T11:43:38.760Z] tick · social:cron-tick · fetching GET http://localhost:3008/api/cron/comms-social-worker
[2026-08-26T11:43:39.032Z] tick · orchestration:zombie-reconciler · spawning
[2026-08-26T11:43:39.307Z] tick · orchestration:zombie-reconciler · exit=0 signal=- · OK
[2026-08-26T11:43:39.311Z] tick · brain:cron-tick · fetching GET http://localhost:3008/api/nex/brain/cron-tick
[2026-08-26T11:43:42.437Z] tick · social:cron-tick · status=200 · OK
[2026-08-26T11:43:43.434Z] tick · brain:cron-tick · status=200 · OK
[2026-08-26T11:44:31.939Z] tick · discovery:orchestrator:tick · spawning
[2026-08-26T11:44:33.787Z] tick · discovery:orchestrator:tick · exit=0 signal=- · OK
[2026-08-26T11:44:38.771Z] tick · social:cron-tick · fetching GET http://localhost:3008/api/cron/comms-social-worker
[2026-08-26T11:44:42.083Z] tick · social:cron-tick · status=200 · OK
[2026-08-26T11:45:31.944Z] tick · discovery:orchestrator:tick · spawning
[2026-08-26T11:45:33.314Z] tick · discovery:orchestrator:tick · exit=0 signal=- · OK
[2026-08-26T11:45:38.782Z] tick · social:cron-tick · fetching GET http://localhost:3008/api/cron/comms-social-worker
[2026-08-26T11:45:38.968Z] tick · cle:conversation · spawning
[2026-08-26T11:45:39.183Z] tick · discovery:rotation:tick · spawning
[2026-08-26T11:45:39.460Z] tick · cle:conversation · exit=0 signal=- · OK
[2026-08-26T11:45:39.793Z] tick · discovery:rotation:tick · exit=0 signal=- · OK
[2026-08-26T11:45:40.894Z] tick · social:cron-tick · status=200 · OK
[2026-08-26T11:46:31.945Z] tick · discovery:orchestrator:tick · spawning
[2026-08-26T11:46:32.564Z] tick · discovery:orchestrator:tick · exit=0 signal=- · OK
[2026-08-26T11:46:38.777Z] tick · social:cron-tick · fetching GET http://localhost:3008/api/cron/comms-social-worker
[2026-08-26T11:46:39.032Z] tick · orchestration:zombie-reconciler · spawning
[2026-08-26T11:46:39.314Z] tick · brain:cron-tick · fetching GET http://localhost:3008/api/nex/brain/cron-tick
[2026-08-26T11:46:39.835Z] tick · orchestration:zombie-reconciler · exit=0 signal=- · OK
[2026-08-26T11:46:40.453Z] tick · social:cron-tick · status=200 · OK
[2026-08-26T11:46:40.956Z] tick · brain:cron-tick · status=200 · OK
[2026-08-26T11:47:31.968Z] tick · discovery:orchestrator:tick · spawning
[2026-08-26T11:47:32.756Z] tick · discovery:orchestrator:tick · exit=0 signal=- · OK
[2026-08-26T11:47:38.788Z] tick · social:cron-tick · fetching GET http://localhost:3008/api/cron/comms-social-worker
[2026-08-26T11:47:39.299Z] tick · social:cron-tick · status=200 · OK
[2026-08-26T11:48:31.999Z] tick · discovery:orchestrator:tick · spawning
[2026-08-26T11:48:33.766Z] tick · discovery:orchestrator:tick · exit=0 signal=- · OK
[2026-08-26T11:48:38.810Z] tick · social:cron-tick · fetching GET http://localhost:3008/api/cron/comms-social-worker
[2026-08-26T11:48:41.018Z] tick · social:cron-tick · status=200 · OK
[2026-08-26T11:49:32.052Z] tick · discovery:orchestrator:tick · spawning
[2026-08-26T11:49:33.679Z] tick · discovery:orchestrator:tick · exit=0 signal=- · OK
[2026-08-26T11:49:38.806Z] tick · social:cron-tick · fetching GET http://localhost:3008/api/cron/comms-social-worker
[2026-08-26T11:49:39.038Z] tick · orchestration:zombie-reconciler · spawning
[2026-08-26T11:49:39.314Z] tick · brain:cron-tick · fetching GET http://localhost:3008/api/nex/brain/cron-tick
[2026-08-26T11:49:39.536Z] tick · orchestration:zombie-reconciler · exit=0 signal=- · OK
[2026-08-26T11:49:39.696Z] tick · social:cron-tick · status=200 · OK
[2026-08-26T11:49:40.432Z] tick · brain:cron-tick · status=200 · OK
[2026-08-26T11:50:32.068Z] tick · discovery:orchestrator:tick · spawning
[2026-08-26T11:50:33.236Z] tick · discovery:orchestrator:tick · exit=0 signal=- · OK
[2026-08-26T11:50:38.818Z] tick · social:cron-tick · fetching GET http://localhost:3008/api/cron/comms-social-worker
[2026-08-26T11:50:41.493Z] tick · social:cron-tick · status=200 · OK
[2026-08-26T11:51:32.091Z] tick · discovery:orchestrator:tick · spawning
[2026-08-26T11:51:33.058Z] tick · discovery:orchestrator:tick · exit=0 signal=- · OK
[2026-08-26T11:51:38.837Z] tick · social:cron-tick · fetching GET http://localhost:3008/api/cron/comms-social-worker
[2026-08-26T11:51:41.471Z] tick · social:cron-tick · status=200 · OK
[2026-08-26T11:52:32.113Z] tick · discovery:orchestrator:tick · spawning
[2026-08-26T11:52:33.253Z] tick · discovery:orchestrator:tick · exit=0 signal=- · OK
[2026-08-26T11:52:38.855Z] tick · social:cron-tick · fetching GET http://localhost:3008/api/cron/comms-social-worker
[2026-08-26T11:52:39.056Z] tick · orchestration:zombie-reconciler · spawning
[2026-08-26T11:52:39.318Z] tick · brain:cron-tick · fetching GET http://localhost:3008/api/nex/brain/cron-tick
[2026-08-26T11:52:39.324Z] tick · orchestration:zombie-reconciler · exit=0 signal=- · OK
[2026-08-26T11:52:43.478Z] tick · social:cron-tick · status=200 · OK
[2026-08-26T11:52:43.827Z] tick · brain:cron-tick · status=200 · OK
[2026-08-26T11:53:32.116Z] tick · discovery:orchestrator:tick · spawning
[2026-08-26T11:53:33.126Z] tick · discovery:orchestrator:tick · exit=0 signal=- · OK
[2026-08-26T11:53:38.855Z] tick · social:cron-tick · fetching GET http://localhost:3008/api/cron/comms-social-worker
[2026-08-26T11:53:42.352Z] tick · social:cron-tick · status=200 · OK
[2026-08-26T11:54:32.131Z] tick · discovery:orchestrator:tick · spawning
[2026-08-26T11:54:34.392Z] tick · discovery:orchestrator:tick · exit=0 signal=- · OK
[2026-08-26T11:54:38.855Z] tick · social:cron-tick · fetching GET http://localhost:3008/api/cron/comms-social-worker
[2026-08-26T11:54:41.912Z] tick · social:cron-tick · status=200 · OK
[2026-08-26T11:55:32.142Z] tick · discovery:orchestrator:tick · spawning
[2026-08-26T11:55:32.937Z] tick · discovery:orchestrator:tick · exit=0 signal=- · OK
[2026-08-26T11:55:38.865Z] tick · social:cron-tick · fetching GET http://localhost:3008/api/cron/comms-social-worker
[2026-08-26T11:55:38.977Z] tick · cle:conversation · spawning
[2026-08-26T11:55:39.062Z] tick · orchestration:zombie-reconciler · spawning
[2026-08-26T11:55:39.190Z] tick · discovery:rotation:tick · spawning
[2026-08-26T11:55:39.269Z] tick · promotion:food:Yogyakarta:quality-check · spawning
[2026-08-26T11:55:39.318Z] tick · brain:cron-tick · fetching GET http://localhost:3008/api/nex/brain/cron-tick
[2026-08-26T11:55:39.482Z] tick · orchestration:zombie-reconciler · exit=0 signal=- · OK
[2026-08-26T11:55:39.689Z] tick · cle:conversation · exit=0 signal=- · OK
[2026-08-26T11:55:39.802Z] tick · promotion:food:Yogyakarta:quality-check · exit=0 signal=- · OK
[2026-08-26T11:55:39.842Z] tick · discovery:rotation:tick · exit=0 signal=- · OK
[2026-08-26T11:55:41.404Z] tick · social:cron-tick · status=200 · OK
[2026-08-26T11:55:42.110Z] tick · brain:cron-tick · status=200 · OK
[2026-08-26T11:56:32.147Z] tick · discovery:orchestrator:tick · spawning
[2026-08-26T11:56:32.736Z] tick · discovery:orchestrator:tick · exit=0 signal=- · OK
[2026-08-26T11:56:38.879Z] tick · social:cron-tick · fetching GET http://localhost:3008/api/cron/comms-social-worker
[2026-08-26T11:56:40.051Z] tick · social:cron-tick · status=200 · OK
[2026-08-26T11:57:32.148Z] tick · discovery:orchestrator:tick · spawning
[2026-08-26T11:57:33.016Z] tick · discovery:orchestrator:tick · exit=0 signal=- · OK
[2026-08-26T11:57:38.892Z] tick · social:cron-tick · fetching GET http://localhost:3008/api/cron/comms-social-worker
[2026-08-26T11:57:41.440Z] tick · social:cron-tick · status=200 · OK
[2026-08-26T11:58:32.162Z] tick · discovery:orchestrator:tick · spawning
[2026-08-26T11:58:33.138Z] tick · discovery:orchestrator:tick · exit=0 signal=- · OK
[2026-08-26T11:58:38.899Z] tick · social:cron-tick · fetching GET http://localhost:3008/api/cron/comms-social-worker
[2026-08-26T11:58:39.067Z] tick · orchestration:zombie-reconciler · spawning
[2026-08-26T11:58:39.317Z] tick · brain:cron-tick · fetching GET http://localhost:3008/api/nex/brain/cron-tick
[2026-08-26T11:58:39.461Z] tick · orchestration:zombie-reconciler · exit=0 signal=- · OK
[2026-08-26T11:58:42.017Z] tick · social:cron-tick · status=200 · OK
[2026-08-26T11:58:42.660Z] tick · brain:cron-tick · status=200 · OK
[2026-08-26T11:59:32.173Z] tick · discovery:orchestrator:tick · spawning
[2026-08-26T11:59:33.254Z] tick · discovery:orchestrator:tick · exit=0 signal=- · OK
[2026-08-26T11:59:38.907Z] tick · social:cron-tick · fetching GET http://localhost:3008/api/cron/comms-social-worker
[2026-08-26T11:59:41.369Z] tick · social:cron-tick · status=200 · OK
[2026-08-26T12:00:32.220Z] tick · discovery:orchestrator:tick · spawning
[2026-08-26T12:00:33.128Z] tick · discovery:orchestrator:tick · exit=0 signal=- · OK
[2026-08-26T12:00:38.916Z] tick · social:cron-tick · fetching GET http://localhost:3008/api/cron/comms-social-worker
[2026-08-26T12:00:41.678Z] tick · social:cron-tick · status=200 · OK
[2026-08-26T12:01:32.240Z] tick · discovery:orchestrator:tick · spawning
[2026-08-26T12:01:32.997Z] tick · discovery:orchestrator:tick · exit=0 signal=- · OK
[2026-08-26T12:01:38.923Z] tick · social:cron-tick · fetching GET http://localhost:3008/api/cron/comms-social-worker
[2026-08-26T12:01:39.067Z] tick · orchestration:zombie-reconciler · spawning
[2026-08-26T12:01:39.314Z] tick · orchestration:zombie-reconciler · exit=0 signal=- · OK
[2026-08-26T12:01:39.331Z] tick · brain:cron-tick · fetching GET http://localhost:3008/api/nex/brain/cron-tick
[2026-08-26T12:01:41.472Z] tick · social:cron-tick · status=200 · OK
[2026-08-26T12:01:41.977Z] tick · brain:cron-tick · status=200 · OK
[2026-08-26T12:02:32.267Z] tick · discovery:orchestrator:tick · spawning
[2026-08-26T12:02:33.491Z] tick · discovery:orchestrator:tick · exit=0 signal=- · OK
[2026-08-26T12:02:38.931Z] tick · social:cron-tick · fetching GET http://localhost:3008/api/cron/comms-social-worker
[2026-08-26T12:02:41.549Z] tick · social:cron-tick · status=200 · OK
[2026-08-26T12:03:32.274Z] tick · discovery:orchestrator:tick · spawning
[2026-08-26T12:03:33.087Z] tick · discovery:orchestrator:tick · exit=0 signal=- · OK
[2026-08-26T12:03:38.931Z] tick · social:cron-tick · fetching GET http://localhost:3008/api/cron/comms-social-worker
[2026-08-26T12:03:40.975Z] tick · social:cron-tick · status=200 · OK
[2026-08-26T12:04:32.309Z] tick · discovery:orchestrator:tick · spawning
[2026-08-26T12:04:33.277Z] tick · discovery:orchestrator:tick · exit=0 signal=- · OK
[2026-08-26T12:04:38.942Z] tick · social:cron-tick · fetching GET http://localhost:3008/api/cron/comms-social-worker
[2026-08-26T12:04:39.067Z] tick · orchestration:zombie-reconciler · spawning
[2026-08-26T12:04:39.346Z] tick · brain:cron-tick · fetching GET http://localhost:3008/api/nex/brain/cron-tick
[2026-08-26T12:04:39.799Z] tick · orchestration:zombie-reconciler · exit=0 signal=- · OK
[2026-08-26T12:04:42.541Z] tick · social:cron-tick · status=200 · OK
[2026-08-26T12:04:42.987Z] tick · brain:cron-tick · status=200 · OK
[2026-08-26T12:05:32.335Z] tick · discovery:orchestrator:tick · spawning
[2026-08-26T12:05:33.248Z] tick · discovery:orchestrator:tick · exit=0 signal=- · OK
[2026-08-26T12:05:38.945Z] tick · social:cron-tick · fetching GET http://localhost:3008/api/cron/comms-social-worker
[2026-08-26T12:05:38.998Z] tick · cle:conversation · spawning
[2026-08-26T12:05:39.192Z] tick · discovery:rotation:tick · spawning
[2026-08-26T12:05:39.718Z] tick · cle:conversation · exit=0 signal=- · OK
[2026-08-26T12:05:40.019Z] tick · discovery:rotation:tick · exit=0 signal=- · OK
[2026-08-26T12:05:42.042Z] tick · social:cron-tick · status=200 · OK
[2026-08-26T12:06:32.341Z] tick · discovery:orchestrator:tick · spawning
[2026-08-26T12:06:32.967Z] tick · discovery:orchestrator:tick · exit=0 signal=- · OK
[2026-08-26T12:06:38.962Z] tick · social:cron-tick · fetching GET http://localhost:3008/api/cron/comms-social-worker
[2026-08-26T12:06:41.219Z] tick · social:cron-tick · status=200 · OK
[2026-08-26T12:07:32.346Z] tick · discovery:orchestrator:tick · spawning
[2026-08-26T12:07:33.352Z] tick · discovery:orchestrator:tick · exit=0 signal=- · OK
[2026-08-26T12:07:38.971Z] tick · social:cron-tick · fetching GET http://localhost:3008/api/cron/comms-social-worker
[2026-08-26T12:07:39.072Z] tick · orchestration:zombie-reconciler · spawning
[2026-08-26T12:07:39.358Z] tick · brain:cron-tick · fetching GET http://localhost:3008/api/nex/brain/cron-tick
[2026-08-26T12:07:39.769Z] tick · orchestration:zombie-reconciler · exit=0 signal=- · OK
[2026-08-26T12:07:42.692Z] tick · social:cron-tick · status=200 · OK
[2026-08-26T12:07:43.314Z] tick · brain:cron-tick · status=200 · OK
[2026-08-26T12:08:32.376Z] tick · discovery:orchestrator:tick · spawning
[2026-08-26T12:08:33.332Z] tick · discovery:orchestrator:tick · exit=0 signal=- · OK
[2026-08-26T12:08:38.976Z] tick · social:cron-tick · fetching GET http://localhost:3008/api/cron/comms-social-worker
[2026-08-26T12:08:42.343Z] tick · social:cron-tick · status=200 · OK
[2026-08-26T12:09:32.401Z] tick · discovery:orchestrator:tick · spawning
[2026-08-26T12:09:33.334Z] tick · discovery:orchestrator:tick · exit=0 signal=- · OK
[2026-08-26T12:09:38.987Z] tick · social:cron-tick · fetching GET http://localhost:3008/api/cron/comms-social-worker
[2026-08-26T12:09:44.119Z] tick · social:cron-tick · status=200 · OK
[2026-08-26T12:10:32.433Z] tick · discovery:orchestrator:tick · spawning
[2026-08-26T12:10:34.324Z] tick · discovery:orchestrator:tick · exit=0 signal=- · OK
[2026-08-26T12:10:38.987Z] tick · social:cron-tick · fetching GET http://localhost:3008/api/cron/comms-social-worker
[2026-08-26T12:10:39.080Z] tick · orchestration:zombie-reconciler · spawning
[2026-08-26T12:10:39.362Z] tick · brain:cron-tick · fetching GET http://localhost:3008/api/nex/brain/cron-tick
[2026-08-26T12:10:39.961Z] tick · orchestration:zombie-reconciler · exit=0 signal=- · OK
[2026-08-26T12:10:43.181Z] tick · social:cron-tick · status=200 · OK
[2026-08-26T12:10:43.839Z] tick · brain:cron-tick · status=200 · OK
[2026-08-26T12:11:32.451Z] tick · discovery:orchestrator:tick · spawning
[2026-08-26T12:11:33.634Z] tick · discovery:orchestrator:tick · exit=0 signal=- · OK
[2026-08-26T12:11:38.995Z] tick · social:cron-tick · fetching GET http://localhost:3008/api/cron/comms-social-worker
[2026-08-26T12:11:42.648Z] tick · social:cron-tick · status=200 · OK
[2026-08-26T12:12:32.474Z] tick · discovery:orchestrator:tick · spawning
[2026-08-26T12:12:33.668Z] tick · discovery:orchestrator:tick · exit=0 signal=- · OK
[2026-08-26T12:12:39.006Z] tick · social:cron-tick · fetching GET http://localhost:3008/api/cron/comms-social-worker
[2026-08-26T12:12:42.063Z] tick · social:cron-tick · status=200 · OK
[2026-08-26T12:13:32.496Z] tick · discovery:orchestrator:tick · spawning
[2026-08-26T12:13:33.681Z] tick · discovery:orchestrator:tick · exit=0 signal=- · OK
[2026-08-26T12:13:39.013Z] tick · social:cron-tick · fetching GET http://localhost:3008/api/cron/comms-social-worker
[2026-08-26T12:13:39.165Z] tick · orchestration:zombie-reconciler · spawning
[2026-08-26T12:13:39.363Z] tick · brain:cron-tick · fetching GET http://localhost:3008/api/nex/brain/cron-tick
[2026-08-26T12:13:40.083Z] tick · orchestration:zombie-reconciler · exit=0 signal=- · OK
[2026-08-26T12:13:43.312Z] tick · social:cron-tick · status=200 · OK
[2026-08-26T12:13:43.726Z] tick · brain:cron-tick · status=200 · OK
[2026-08-26T12:14:32.503Z] tick · discovery:orchestrator:tick · spawning
[2026-08-26T12:14:33.392Z] tick · discovery:orchestrator:tick · exit=0 signal=- · OK
[2026-08-26T12:14:39.028Z] tick · social:cron-tick · fetching GET http://localhost:3008/api/cron/comms-social-worker
[2026-08-26T12:14:41.991Z] tick · social:cron-tick · status=200 · OK
[2026-08-26T12:15:32.522Z] tick · discovery:orchestrator:tick · spawning
[2026-08-26T12:15:33.714Z] tick · discovery:orchestrator:tick · exit=0 signal=- · OK
[2026-08-26T12:15:38.998Z] tick · cle:conversation · spawning
[2026-08-26T12:15:39.105Z] tick · social:cron-tick · fetching GET http://localhost:3008/api/cron/comms-social-worker
[2026-08-26T12:15:39.190Z] tick · discovery:rotation:tick · spawning
[2026-08-26T12:15:40.178Z] tick · cle:conversation · exit=0 signal=- · OK
[2026-08-26T12:15:40.658Z] tick · discovery:rotation:tick · exit=0 signal=- · OK
[2026-08-26T12:15:42.321Z] tick · social:cron-tick · status=200 · OK
[2026-08-26T12:16:32.537Z] tick · discovery:orchestrator:tick · spawning
[2026-08-26T12:16:33.572Z] tick · discovery:orchestrator:tick · exit=0 signal=- · OK
[2026-08-26T12:16:39.113Z] tick · social:cron-tick · fetching GET http://localhost:3008/api/cron/comms-social-worker
[2026-08-26T12:16:39.188Z] tick · orchestration:zombie-reconciler · spawning
[2026-08-26T12:16:39.377Z] tick · brain:cron-tick · fetching GET http://localhost:3008/api/nex/brain/cron-tick
[2026-08-26T12:16:39.545Z] tick · orchestration:zombie-reconciler · exit=0 signal=- · OK
[2026-08-26T12:16:42.768Z] tick · social:cron-tick · status=200 · OK
[2026-08-26T12:16:43.382Z] tick · brain:cron-tick · status=200 · OK
[2026-08-26T12:17:32.545Z] tick · discovery:orchestrator:tick · spawning
[2026-08-26T12:17:33.468Z] tick · discovery:orchestrator:tick · exit=0 signal=- · OK
[2026-08-26T12:17:39.115Z] tick · social:cron-tick · fetching GET http://localhost:3008/api/cron/comms-social-worker
[2026-08-26T12:17:42.651Z] tick · social:cron-tick · status=200 · OK
[2026-08-26T12:18:32.599Z] tick · discovery:orchestrator:tick · spawning
[2026-08-26T12:18:34.942Z] tick · discovery:orchestrator:tick · exit=0 signal=- · OK
[2026-08-26T12:18:39.121Z] tick · social:cron-tick · fetching GET http://localhost:3008/api/cron/comms-social-worker
[2026-08-26T12:18:43.554Z] tick · social:cron-tick · status=200 · OK
[2026-08-26T12:19:32.630Z] tick · discovery:orchestrator:tick · spawning
[2026-08-26T12:19:34.064Z] tick · discovery:orchestrator:tick · exit=0 signal=- · OK
[2026-08-26T12:19:39.126Z] tick · social:cron-tick · fetching GET http://localhost:3008/api/cron/comms-social-worker
[2026-08-26T12:19:39.308Z] tick · orchestration:zombie-reconciler · spawning
[2026-08-26T12:19:39.396Z] tick · brain:cron-tick · fetching GET http://localhost:3008/api/nex/brain/cron-tick
[2026-08-26T12:19:40.574Z] tick · orchestration:zombie-reconciler · exit=0 signal=- · OK
[2026-08-26T12:19:49.520Z] tick · social:cron-tick · status=200 · OK
[2026-08-26T12:19:50.150Z] tick · brain:cron-tick · status=200 · OK
[2026-08-26T12:20:32.647Z] tick · discovery:orchestrator:tick · spawning
[2026-08-26T12:20:33.800Z] tick · discovery:orchestrator:tick · exit=0 signal=- · OK
[2026-08-26T12:20:39.128Z] tick · social:cron-tick · fetching GET http://localhost:3008/api/cron/comms-social-worker
[2026-08-26T12:20:42.765Z] tick · social:cron-tick · status=200 · OK
[2026-08-26T12:21:32.675Z] tick · discovery:orchestrator:tick · spawning
[2026-08-26T12:21:33.718Z] tick · discovery:orchestrator:tick · exit=0 signal=- · OK
[2026-08-26T12:21:39.141Z] tick · social:cron-tick · fetching GET http://localhost:3008/api/cron/comms-social-worker
[2026-08-26T12:21:42.130Z] tick · social:cron-tick · status=200 · OK
[2026-08-26T12:22:32.714Z] tick · discovery:orchestrator:tick · spawning
[2026-08-26T12:22:33.678Z] tick · discovery:orchestrator:tick · exit=0 signal=- · OK
[2026-08-26T12:22:39.160Z] tick · social:cron-tick · fetching GET http://localhost:3008/api/cron/comms-social-worker
[2026-08-26T12:22:39.312Z] tick · orchestration:zombie-reconciler · spawning
[2026-08-26T12:22:39.407Z] tick · brain:cron-tick · fetching GET http://localhost:3008/api/nex/brain/cron-tick
[2026-08-26T12:22:40.208Z] tick · orchestration:zombie-reconciler · exit=0 signal=- · OK
[2026-08-26T12:22:42.424Z] tick · social:cron-tick · status=200 · OK
[2026-08-26T12:22:42.765Z] tick · brain:cron-tick · status=200 · OK
[2026-08-26T12:23:32.744Z] tick · discovery:orchestrator:tick · spawning
[2026-08-26T12:23:34.224Z] tick · discovery:orchestrator:tick · exit=0 signal=- · OK
[2026-08-26T12:23:39.174Z] tick · social:cron-tick · fetching GET http://localhost:3008/api/cron/comms-social-worker
[2026-08-26T12:23:43.292Z] tick · social:cron-tick · status=200 · OK
[2026-08-26T12:24:32.753Z] tick · discovery:orchestrator:tick · spawning
[2026-08-26T12:24:34.088Z] tick · discovery:orchestrator:tick · exit=0 signal=- · OK
[2026-08-26T12:24:39.186Z] tick · social:cron-tick · fetching GET http://localhost:3008/api/cron/comms-social-worker
[2026-08-26T12:24:42.723Z] tick · social:cron-tick · status=200 · OK
[2026-08-26T12:25:32.771Z] tick · discovery:orchestrator:tick · spawning
[2026-08-26T12:25:33.502Z] tick · discovery:orchestrator:tick · exit=0 signal=- · OK
[2026-08-26T12:25:39.005Z] tick · cle:conversation · spawning
[2026-08-26T12:25:39.188Z] tick · social:cron-tick · fetching GET http://localhost:3008/api/cron/comms-social-worker
[2026-08-26T12:25:39.258Z] tick · discovery:rotation:tick · spawning
[2026-08-26T12:25:39.280Z] tick · promotion:food:Yogyakarta:quality-check · spawning
[2026-08-26T12:25:39.310Z] tick · orchestration:zombie-reconciler · spawning
[2026-08-26T12:25:39.408Z] tick · brain:cron-tick · fetching GET http://localhost:3008/api/nex/brain/cron-tick
[2026-08-26T12:25:39.803Z] tick · orchestration:zombie-reconciler · exit=0 signal=- · OK
[2026-08-26T12:25:39.962Z] tick · cle:conversation · exit=0 signal=- · OK
[2026-08-26T12:25:40.079Z] tick · promotion:food:Yogyakarta:quality-check · exit=0 signal=- · OK
[2026-08-26T12:25:40.188Z] tick · discovery:rotation:tick · exit=0 signal=- · OK
[2026-08-26T12:25:42.722Z] tick · social:cron-tick · status=200 · OK
[2026-08-26T12:25:43.096Z] tick · brain:cron-tick · status=200 · OK
[2026-08-26T12:26:32.785Z] tick · discovery:orchestrator:tick · spawning
[2026-08-26T12:26:33.515Z] tick · discovery:orchestrator:tick · exit=0 signal=- · OK
[2026-08-26T12:26:39.201Z] tick · social:cron-tick · fetching GET http://localhost:3008/api/cron/comms-social-worker
[2026-08-26T12:26:40.969Z] tick · social:cron-tick · status=200 · OK
[2026-08-26T12:27:32.795Z] tick · discovery:orchestrator:tick · spawning
[2026-08-26T12:27:33.461Z] tick · discovery:orchestrator:tick · exit=0 signal=- · OK
[2026-08-26T12:27:39.212Z] tick · social:cron-tick · fetching GET http://localhost:3008/api/cron/comms-social-worker
[2026-08-26T12:27:41.247Z] tick · social:cron-tick · status=200 · OK
[2026-08-26T12:28:32.796Z] tick · discovery:orchestrator:tick · spawning
[2026-08-26T12:28:33.345Z] tick · discovery:orchestrator:tick · exit=0 signal=- · OK
[2026-08-26T12:28:39.213Z] tick · social:cron-tick · fetching GET http://localhost:3008/api/cron/comms-social-worker
[2026-08-26T12:28:39.317Z] tick · orchestration:zombie-reconciler · spawning
[2026-08-26T12:28:39.414Z] tick · brain:cron-tick · fetching GET http://localhost:3008/api/nex/brain/cron-tick
[2026-08-26T12:28:39.636Z] tick · orchestration:zombie-reconciler · exit=0 signal=- · OK
[2026-08-26T12:28:40.935Z] tick · social:cron-tick · status=200 · OK
[2026-08-26T12:28:41.297Z] tick · brain:cron-tick · status=200 · OK
[2026-08-26T12:29:32.804Z] tick · discovery:orchestrator:tick · spawning
[2026-08-26T12:29:33.457Z] tick · discovery:orchestrator:tick · exit=0 signal=- · OK
[2026-08-26T12:29:39.215Z] tick · social:cron-tick · fetching GET http://localhost:3008/api/cron/comms-social-worker
[2026-08-26T12:29:40.664Z] tick · social:cron-tick · status=200 · OK
[2026-08-26T12:30:32.817Z] tick · discovery:orchestrator:tick · spawning
[2026-08-26T12:30:33.576Z] tick · discovery:orchestrator:tick · exit=0 signal=- · OK
[2026-08-26T12:30:39.215Z] tick · social:cron-tick · fetching GET http://localhost:3008/api/cron/comms-social-worker
[2026-08-26T12:30:40.888Z] tick · social:cron-tick · status=200 · OK
[2026-08-26T12:31:32.819Z] tick · discovery:orchestrator:tick · spawning
[2026-08-26T12:31:33.959Z] tick · discovery:orchestrator:tick · exit=0 signal=- · OK
[2026-08-26T12:31:39.224Z] tick · social:cron-tick · fetching GET http://localhost:3008/api/cron/comms-social-worker
[2026-08-26T12:31:39.323Z] tick · orchestration:zombie-reconciler · spawning
[2026-08-26T12:31:39.425Z] tick · brain:cron-tick · fetching GET http://localhost:3008/api/nex/brain/cron-tick
[2026-08-26T12:31:40.158Z] tick · orchestration:zombie-reconciler · exit=0 signal=- · OK
[2026-08-26T12:31:42.479Z] tick · social:cron-tick · status=200 · OK
[2026-08-26T12:31:42.883Z] tick · brain:cron-tick · status=200 · OK
[2026-08-26T12:32:32.840Z] tick · discovery:orchestrator:tick · spawning
[2026-08-26T12:32:33.791Z] tick · discovery:orchestrator:tick · exit=0 signal=- · OK
[2026-08-26T12:32:39.231Z] tick · social:cron-tick · fetching GET http://localhost:3008/api/cron/comms-social-worker
[2026-08-26T12:32:42.068Z] tick · social:cron-tick · status=200 · OK
[2026-08-26T12:33:32.887Z] tick · discovery:orchestrator:tick · spawning
[2026-08-26T12:33:34.397Z] tick · discovery:orchestrator:tick · exit=0 signal=- · OK
[2026-08-26T12:33:39.230Z] tick · social:cron-tick · fetching GET http://localhost:3008/api/cron/comms-social-worker
[2026-08-26T12:33:43.053Z] tick · social:cron-tick · status=200 · OK
[2026-08-26T12:34:32.913Z] tick · discovery:orchestrator:tick · spawning
[2026-08-26T12:34:34.735Z] tick · discovery:orchestrator:tick · exit=0 signal=- · OK
[2026-08-26T12:34:39.234Z] tick · social:cron-tick · fetching GET http://localhost:3008/api/cron/comms-social-worker
[2026-08-26T12:34:39.337Z] tick · orchestration:zombie-reconciler · spawning
[2026-08-26T12:34:39.427Z] tick · brain:cron-tick · fetching GET http://localhost:3008/api/nex/brain/cron-tick
[2026-08-26T12:34:40.125Z] tick · orchestration:zombie-reconciler · exit=0 signal=- · OK
[2026-08-26T12:34:43.437Z] tick · social:cron-tick · status=200 · OK
[2026-08-26T12:34:44.274Z] tick · brain:cron-tick · status=200 · OK
[2026-08-26T12:35:32.927Z] tick · discovery:orchestrator:tick · spawning
[2026-08-26T12:35:34.118Z] tick · discovery:orchestrator:tick · exit=0 signal=- · OK
[2026-08-26T12:35:39.015Z] tick · cle:conversation · spawning
[2026-08-26T12:35:39.246Z] tick · social:cron-tick · fetching GET http://localhost:3008/api/cron/comms-social-worker
[2026-08-26T12:35:39.302Z] tick · discovery:rotation:tick · spawning
[2026-08-26T12:35:39.895Z] tick · cle:conversation · exit=0 signal=- · OK
[2026-08-26T12:35:40.227Z] tick · discovery:rotation:tick · exit=0 signal=- · OK
[2026-08-26T12:35:42.102Z] tick · social:cron-tick · status=200 · OK
[2026-08-26T12:36:32.945Z] tick · discovery:orchestrator:tick · spawning
[2026-08-26T12:36:33.964Z] tick · discovery:orchestrator:tick · exit=0 signal=- · OK
[2026-08-26T12:36:39.253Z] tick · social:cron-tick · fetching GET http://localhost:3008/api/cron/comms-social-worker
[2026-08-26T12:36:41.605Z] tick · social:cron-tick · status=200 · OK
[2026-08-26T12:37:32.947Z] tick · discovery:orchestrator:tick · spawning
[2026-08-26T12:37:34.153Z] tick · discovery:orchestrator:tick · exit=0 signal=- · OK
[2026-08-26T12:37:39.262Z] tick · social:cron-tick · fetching GET http://localhost:3008/api/cron/comms-social-worker
[2026-08-26T12:37:39.343Z] tick · orchestration:zombie-reconciler · spawning
[2026-08-26T12:37:39.431Z] tick · brain:cron-tick · fetching GET http://localhost:3008/api/nex/brain/cron-tick
[2026-08-26T12:37:39.961Z] tick · orchestration:zombie-reconciler · exit=0 signal=- · OK
[2026-08-26T12:37:42.398Z] tick · social:cron-tick · status=200 · OK
[2026-08-26T12:37:42.914Z] tick · brain:cron-tick · status=200 · OK
[2026-08-26T12:38:32.970Z] tick · discovery:orchestrator:tick · spawning
[2026-08-26T12:38:34.978Z] tick · discovery:orchestrator:tick · exit=0 signal=- · OK
[2026-08-26T12:38:39.269Z] tick · social:cron-tick · fetching GET http://localhost:3008/api/cron/comms-social-worker
[2026-08-26T12:38:41.818Z] tick · social:cron-tick · status=200 · OK
[2026-08-26T12:39:33.034Z] tick · discovery:orchestrator:tick · spawning
[2026-08-26T12:39:34.463Z] tick · discovery:orchestrator:tick · exit=0 signal=- · OK
[2026-08-26T12:39:39.265Z] tick · social:cron-tick · fetching GET http://localhost:3008/api/cron/comms-social-worker
[2026-08-26T12:39:42.814Z] tick · social:cron-tick · status=200 · OK
[2026-08-26T12:40:33.045Z] tick · discovery:orchestrator:tick · spawning
[2026-08-26T12:40:34.206Z] tick · discovery:orchestrator:tick · exit=0 signal=- · OK
[2026-08-26T12:40:39.278Z] tick · social:cron-tick · fetching GET http://localhost:3008/api/cron/comms-social-worker
[2026-08-26T12:40:39.344Z] tick · orchestration:zombie-reconciler · spawning
[2026-08-26T12:40:39.434Z] tick · brain:cron-tick · fetching GET http://localhost:3008/api/nex/brain/cron-tick
[2026-08-26T12:40:39.664Z] tick · orchestration:zombie-reconciler · exit=0 signal=- · OK
[2026-08-26T12:40:43.141Z] tick · social:cron-tick · status=200 · OK
[2026-08-26T12:40:43.763Z] tick · brain:cron-tick · status=200 · OK
[2026-08-26T12:41:33.049Z] tick · discovery:orchestrator:tick · spawning
[2026-08-26T12:41:33.784Z] tick · discovery:orchestrator:tick · exit=0 signal=- · OK
[2026-08-26T12:41:39.282Z] tick · social:cron-tick · fetching GET http://localhost:3008/api/cron/comms-social-worker
[2026-08-26T12:41:41.432Z] tick · social:cron-tick · status=200 · OK
[2026-08-26T12:42:33.077Z] tick · discovery:orchestrator:tick · spawning
[2026-08-26T12:42:34.077Z] tick · discovery:orchestrator:tick · exit=0 signal=- · OK
[2026-08-26T12:42:39.283Z] tick · social:cron-tick · fetching GET http://localhost:3008/api/cron/comms-social-worker
[2026-08-26T12:42:41.813Z] tick · social:cron-tick · status=200 · OK
[2026-08-26T12:43:33.086Z] tick · discovery:orchestrator:tick · spawning
[2026-08-26T12:43:34.495Z] tick · discovery:orchestrator:tick · exit=0 signal=- · OK
[2026-08-26T12:43:39.284Z] tick · social:cron-tick · fetching GET http://localhost:3008/api/cron/comms-social-worker
[2026-08-26T12:43:39.346Z] tick · orchestration:zombie-reconciler · spawning
[2026-08-26T12:43:39.459Z] tick · brain:cron-tick · fetching GET http://localhost:3008/api/nex/brain/cron-tick
[2026-08-26T12:43:40.279Z] tick · orchestration:zombie-reconciler · exit=0 signal=- · OK
[2026-08-26T12:43:42.722Z] tick · social:cron-tick · status=200 · OK
[2026-08-26T12:43:43.062Z] tick · brain:cron-tick · status=200 · OK
[2026-08-26T12:44:33.088Z] tick · discovery:orchestrator:tick · spawning
[2026-08-26T12:44:33.877Z] tick · discovery:orchestrator:tick · exit=0 signal=- · OK
[2026-08-26T12:44:39.286Z] tick · social:cron-tick · fetching GET http://localhost:3008/api/cron/comms-social-worker
[2026-08-26T12:44:41.292Z] tick · social:cron-tick · status=200 · OK
[2026-08-26T12:45:33.095Z] tick · discovery:orchestrator:tick · spawning
[2026-08-26T12:45:33.935Z] tick · discovery:orchestrator:tick · exit=0 signal=- · OK
[2026-08-26T12:45:39.020Z] tick · cle:conversation · spawning
[2026-08-26T12:45:39.291Z] tick · social:cron-tick · fetching GET http://localhost:3008/api/cron/comms-social-worker
[2026-08-26T12:45:39.324Z] tick · discovery:rotation:tick · spawning
[2026-08-26T12:45:39.491Z] tick · cle:conversation · exit=0 signal=- · OK
[2026-08-26T12:45:39.921Z] tick · discovery:rotation:tick · exit=0 signal=- · OK
[2026-08-26T12:45:40.897Z] tick · social:cron-tick · status=200 · OK
[2026-08-26T12:46:33.107Z] tick · discovery:orchestrator:tick · spawning
[2026-08-26T12:46:34.288Z] tick · discovery:orchestrator:tick · exit=0 signal=- · OK
[2026-08-26T12:46:39.292Z] tick · social:cron-tick · fetching GET http://localhost:3008/api/cron/comms-social-worker
[2026-08-26T12:46:39.348Z] tick · orchestration:zombie-reconciler · spawning
[2026-08-26T12:46:39.457Z] tick · brain:cron-tick · fetching GET http://localhost:3008/api/nex/brain/cron-tick
[2026-08-26T12:46:40.072Z] tick · orchestration:zombie-reconciler · exit=0 signal=- · OK
[2026-08-26T12:46:43.005Z] tick · social:cron-tick · status=200 · OK
[2026-08-26T12:46:43.485Z] tick · brain:cron-tick · status=200 · OK
[2026-08-26T12:47:33.123Z] tick · discovery:orchestrator:tick · spawning
[2026-08-26T12:47:34.001Z] tick · discovery:orchestrator:tick · exit=0 signal=- · OK
[2026-08-26T12:47:39.299Z] tick · social:cron-tick · fetching GET http://localhost:3008/api/cron/comms-social-worker
[2026-08-26T12:47:41.498Z] tick · social:cron-tick · status=200 · OK
[2026-08-26T12:48:33.127Z] tick · discovery:orchestrator:tick · spawning
[2026-08-26T12:48:34.361Z] tick · discovery:orchestrator:tick · exit=0 signal=- · OK
[2026-08-26T12:48:39.309Z] tick · social:cron-tick · fetching GET http://localhost:3008/api/cron/comms-social-worker
[2026-08-26T12:48:41.633Z] tick · social:cron-tick · status=200 · OK
[2026-08-26T12:49:33.150Z] tick · discovery:orchestrator:tick · spawning
[2026-08-26T12:49:34.098Z] tick · discovery:orchestrator:tick · exit=0 signal=- · OK
[2026-08-26T12:49:39.315Z] tick · social:cron-tick · fetching GET http://localhost:3008/api/cron/comms-social-worker
[2026-08-26T12:49:39.384Z] tick · orchestration:zombie-reconciler · spawning
[2026-08-26T12:49:39.465Z] tick · brain:cron-tick · fetching GET http://localhost:3008/api/nex/brain/cron-tick
[2026-08-26T12:49:39.781Z] tick · orchestration:zombie-reconciler · exit=0 signal=- · OK
[2026-08-26T12:49:42.122Z] tick · social:cron-tick · status=200 · OK
[2026-08-26T12:49:42.627Z] tick · brain:cron-tick · status=200 · OK
[2026-08-26T12:50:33.149Z] tick · discovery:orchestrator:tick · spawning
[2026-08-26T12:50:33.951Z] tick · discovery:orchestrator:tick · exit=0 signal=- · OK
[2026-08-26T12:50:39.315Z] tick · social:cron-tick · fetching GET http://localhost:3008/api/cron/comms-social-worker
[2026-08-26T12:50:41.461Z] tick · social:cron-tick · status=200 · OK
[2026-08-26T12:51:33.146Z] tick · discovery:orchestrator:tick · spawning
[2026-08-26T12:51:33.939Z] tick · discovery:orchestrator:tick · exit=0 signal=- · OK
[2026-08-26T12:51:39.317Z] tick · social:cron-tick · fetching GET http://localhost:3008/api/cron/comms-social-worker
[2026-08-26T12:51:40.967Z] tick · social:cron-tick · status=200 · OK
[2026-08-26T12:52:33.148Z] tick · discovery:orchestrator:tick · spawning
[2026-08-26T12:52:33.763Z] tick · discovery:orchestrator:tick · exit=0 signal=- · OK
[2026-08-26T12:52:39.321Z] tick · social:cron-tick · fetching GET http://localhost:3008/api/cron/comms-social-worker
[2026-08-26T12:52:39.387Z] tick · orchestration:zombie-reconciler · spawning
[2026-08-26T12:52:39.469Z] tick · brain:cron-tick · fetching GET http://localhost:3008/api/nex/brain/cron-tick
[2026-08-26T12:52:39.991Z] tick · orchestration:zombie-reconciler · exit=0 signal=- · OK
[2026-08-26T12:52:41.010Z] tick · social:cron-tick · status=200 · OK
[2026-08-26T12:52:41.563Z] tick · brain:cron-tick · status=200 · OK
[2026-08-26T12:53:33.168Z] tick · discovery:orchestrator:tick · spawning
[2026-08-26T12:53:33.997Z] tick · discovery:orchestrator:tick · exit=0 signal=- · OK
[2026-08-26T12:53:39.323Z] tick · social:cron-tick · fetching GET http://localhost:3008/api/cron/comms-social-worker
[2026-08-26T12:53:41.292Z] tick · social:cron-tick · status=200 · OK
[2026-08-26T12:54:33.191Z] tick · discovery:orchestrator:tick · spawning
[2026-08-26T12:54:33.887Z] tick · discovery:orchestrator:tick · exit=0 signal=- · OK
[2026-08-26T12:54:39.334Z] tick · social:cron-tick · fetching GET http://localhost:3008/api/cron/comms-social-worker
[2026-08-26T12:54:41.281Z] tick · social:cron-tick · status=200 · OK
[2026-08-26T12:55:33.220Z] tick · discovery:orchestrator:tick · spawning
[2026-08-26T12:55:34.191Z] tick · discovery:orchestrator:tick · exit=0 signal=- · OK
[2026-08-26T12:55:39.027Z] tick · cle:conversation · spawning
[2026-08-26T12:55:39.300Z] tick · promotion:food:Yogyakarta:quality-check · spawning
[2026-08-26T12:55:39.332Z] tick · discovery:rotation:tick · spawning
[2026-08-26T12:55:39.358Z] tick · social:cron-tick · fetching GET http://localhost:3008/api/cron/comms-social-worker
[2026-08-26T12:55:39.423Z] tick · orchestration:zombie-reconciler · spawning
[2026-08-26T12:55:39.471Z] tick · brain:cron-tick · fetching GET http://localhost:3008/api/nex/brain/cron-tick
[2026-08-26T12:55:39.841Z] tick · orchestration:zombie-reconciler · exit=0 signal=- · OK
[2026-08-26T12:55:39.951Z] tick · cle:conversation · exit=0 signal=- · OK
[2026-08-26T12:55:40.168Z] tick · promotion:food:Yogyakarta:quality-check · exit=0 signal=- · OK
[2026-08-26T12:55:40.294Z] tick · discovery:rotation:tick · exit=0 signal=- · OK
[2026-08-26T12:55:42.134Z] tick · social:cron-tick · status=200 · OK
[2026-08-26T12:55:42.580Z] tick · brain:cron-tick · status=200 · OK
[2026-08-26T12:56:33.231Z] tick · discovery:orchestrator:tick · spawning
[2026-08-26T12:56:34.095Z] tick · discovery:orchestrator:tick · exit=0 signal=- · OK
[2026-08-26T12:56:39.362Z] tick · social:cron-tick · fetching GET http://localhost:3008/api/cron/comms-social-worker
[2026-08-26T12:56:41.790Z] tick · social:cron-tick · status=200 · OK
[2026-08-26T12:57:33.258Z] tick · discovery:orchestrator:tick · spawning
[2026-08-26T12:57:34.181Z] tick · discovery:orchestrator:tick · exit=0 signal=- · OK
[2026-08-26T12:57:39.366Z] tick · social:cron-tick · fetching GET http://localhost:3008/api/cron/comms-social-worker
[2026-08-26T12:57:41.007Z] tick · social:cron-tick · status=200 · OK
[2026-08-26T12:58:33.269Z] tick · discovery:orchestrator:tick · spawning
[2026-08-26T12:58:34.211Z] tick · discovery:orchestrator:tick · exit=0 signal=- · OK
[2026-08-26T12:58:39.365Z] tick · social:cron-tick · fetching GET http://localhost:3008/api/cron/comms-social-worker
[2026-08-26T12:58:39.426Z] tick · orchestration:zombie-reconciler · spawning
[2026-08-26T12:58:39.477Z] tick · brain:cron-tick · fetching GET http://localhost:3008/api/nex/brain/cron-tick
[2026-08-26T12:58:39.664Z] tick · orchestration:zombie-reconciler · exit=0 signal=- · OK
[2026-08-26T12:58:40.995Z] tick · social:cron-tick · status=200 · OK
[2026-08-26T12:58:41.409Z] tick · brain:cron-tick · status=200 · OK
[2026-08-26T12:59:33.275Z] tick · discovery:orchestrator:tick · spawning
[2026-08-26T12:59:34.256Z] tick · discovery:orchestrator:tick · exit=0 signal=- · OK
[2026-08-26T12:59:39.371Z] tick · social:cron-tick · fetching GET http://localhost:3008/api/cron/comms-social-worker
[2026-08-26T12:59:41.098Z] tick · social:cron-tick · status=200 · OK
[2026-08-26T13:00:33.281Z] tick · discovery:orchestrator:tick · spawning
[2026-08-26T13:00:34.113Z] tick · discovery:orchestrator:tick · exit=0 signal=- · OK
[2026-08-26T13:00:39.382Z] tick · social:cron-tick · fetching GET http://localhost:3008/api/cron/comms-social-worker
[2026-08-26T13:00:41.478Z] tick · social:cron-tick · status=200 · OK
[2026-08-26T13:01:33.309Z] tick · discovery:orchestrator:tick · spawning
[2026-08-26T13:01:34.046Z] tick · discovery:orchestrator:tick · exit=0 signal=- · OK
[2026-08-26T13:01:39.386Z] tick · social:cron-tick · fetching GET http://localhost:3008/api/cron/comms-social-worker
[2026-08-26T13:01:39.433Z] tick · orchestration:zombie-reconciler · spawning
[2026-08-26T13:01:39.478Z] tick · brain:cron-tick · fetching GET http://localhost:3008/api/nex/brain/cron-tick
[2026-08-26T13:01:39.773Z] tick · orchestration:zombie-reconciler · exit=0 signal=- · OK
[2026-08-26T13:01:41.593Z] tick · social:cron-tick · status=200 · OK
[2026-08-26T13:01:42.105Z] tick · brain:cron-tick · status=200 · OK
[2026-08-26T13:02:33.305Z] tick · discovery:orchestrator:tick · spawning
[2026-08-26T13:02:34.177Z] tick · discovery:orchestrator:tick · exit=0 signal=- · OK
[2026-08-26T13:02:39.384Z] tick · social:cron-tick · fetching GET http://localhost:3008/api/cron/comms-social-worker
[2026-08-26T13:02:41.553Z] tick · social:cron-tick · status=200 · OK
[2026-08-26T13:03:33.337Z] tick · discovery:orchestrator:tick · spawning
[2026-08-26T13:03:34.672Z] tick · discovery:orchestrator:tick · exit=0 signal=- · OK
[2026-08-26T13:03:39.385Z] tick · social:cron-tick · fetching GET http://localhost:3008/api/cron/comms-social-worker
[2026-08-26T13:03:41.175Z] tick · social:cron-tick · status=200 · OK
[2026-08-26T13:04:33.348Z] tick · discovery:orchestrator:tick · spawning
[2026-08-26T13:04:34.476Z] tick · discovery:orchestrator:tick · exit=0 signal=- · OK
[2026-08-26T13:04:39.390Z] tick · social:cron-tick · fetching GET http://localhost:3008/api/cron/comms-social-worker
[2026-08-26T13:04:39.455Z] tick · orchestration:zombie-reconciler · spawning
[2026-08-26T13:04:39.473Z] tick · brain:cron-tick · fetching GET http://localhost:3008/api/nex/brain/cron-tick
[2026-08-26T13:04:40.147Z] tick · orchestration:zombie-reconciler · exit=0 signal=- · OK
[2026-08-26T13:04:42.453Z] tick · social:cron-tick · status=200 · OK
[2026-08-26T13:04:42.836Z] tick · brain:cron-tick · status=200 · OK
[2026-08-26T13:05:33.363Z] tick · discovery:orchestrator:tick · spawning
[2026-08-26T13:05:34.577Z] tick · discovery:orchestrator:tick · exit=0 signal=- · OK
[2026-08-26T13:05:39.029Z] tick · cle:conversation · spawning
[2026-08-26T13:05:39.334Z] tick · discovery:rotation:tick · spawning
[2026-08-26T13:05:39.400Z] tick · social:cron-tick · fetching GET http://localhost:3008/api/cron/comms-social-worker
[2026-08-26T13:05:39.705Z] tick · cle:conversation · exit=0 signal=- · OK
[2026-08-26T13:05:40.058Z] tick · discovery:rotation:tick · exit=0 signal=- · OK
[2026-08-26T13:05:40.362Z] tick · social:cron-tick · status=200 · OK
[2026-08-26T13:06:33.403Z] tick · discovery:orchestrator:tick · spawning
[2026-08-26T13:06:34.307Z] tick · discovery:orchestrator:tick · exit=0 signal=- · OK
[2026-08-26T13:06:39.408Z] tick · social:cron-tick · fetching GET http://localhost:3008/api/cron/comms-social-worker
[2026-08-26T13:06:42.106Z] tick · social:cron-tick · status=200 · OK
[2026-08-26T13:07:33.443Z] tick · discovery:orchestrator:tick · spawning
[2026-08-26T13:07:34.191Z] tick · discovery:orchestrator:tick · exit=0 signal=- · OK
[2026-08-26T13:07:39.412Z] tick · social:cron-tick · fetching GET http://localhost:3008/api/cron/comms-social-worker
[2026-08-26T13:07:39.473Z] tick · orchestration:zombie-reconciler · spawning
[2026-08-26T13:07:39.516Z] tick · brain:cron-tick · fetching GET http://localhost:3008/api/nex/brain/cron-tick
[2026-08-26T13:07:39.798Z] tick · orchestration:zombie-reconciler · exit=0 signal=- · OK
[2026-08-26T13:07:41.937Z] tick · social:cron-tick · status=200 · OK
[2026-08-26T13:07:42.473Z] tick · brain:cron-tick · status=200 · OK
[2026-08-26T13:08:33.449Z] tick · discovery:orchestrator:tick · spawning
[2026-08-26T13:08:34.182Z] tick · discovery:orchestrator:tick · exit=0 signal=- · OK
[2026-08-26T13:08:39.418Z] tick · social:cron-tick · fetching GET http://localhost:3008/api/cron/comms-social-worker
[2026-08-26T13:08:41.450Z] tick · social:cron-tick · status=200 · OK
[2026-08-26T13:09:33.461Z] tick · discovery:orchestrator:tick · spawning
[2026-08-26T13:09:34.876Z] tick · discovery:orchestrator:tick · exit=0 signal=- · OK
[2026-08-26T13:09:39.422Z] tick · social:cron-tick · fetching GET http://localhost:3008/api/cron/comms-social-worker
[2026-08-26T13:09:41.503Z] tick · social:cron-tick · status=200 · OK
[2026-08-26T13:10:33.470Z] tick · discovery:orchestrator:tick · spawning
[2026-08-26T13:10:34.528Z] tick · discovery:orchestrator:tick · exit=0 signal=- · OK
[2026-08-26T13:10:39.428Z] tick · social:cron-tick · fetching GET http://localhost:3008/api/cron/comms-social-worker
[2026-08-26T13:10:39.480Z] tick · orchestration:zombie-reconciler · spawning
[2026-08-26T13:10:39.522Z] tick · brain:cron-tick · fetching GET http://localhost:3008/api/nex/brain/cron-tick
[2026-08-26T13:10:40.357Z] tick · orchestration:zombie-reconciler · exit=0 signal=- · OK
[2026-08-26T13:10:42.563Z] tick · social:cron-tick · status=200 · OK
[2026-08-26T13:10:43.346Z] tick · brain:cron-tick · status=200 · OK
[2026-08-26T13:11:33.477Z] tick · discovery:orchestrator:tick · spawning
[2026-08-26T13:11:34.245Z] tick · discovery:orchestrator:tick · exit=0 signal=- · OK
[2026-08-26T13:11:39.427Z] tick · social:cron-tick · fetching GET http://localhost:3008/api/cron/comms-social-worker
[2026-08-26T13:11:40.937Z] tick · social:cron-tick · status=200 · OK
[2026-08-26T13:12:33.490Z] tick · discovery:orchestrator:tick · spawning
[2026-08-26T13:12:34.196Z] tick · discovery:orchestrator:tick · exit=0 signal=- · OK
[2026-08-26T13:12:39.443Z] tick · social:cron-tick · fetching GET http://localhost:3008/api/cron/comms-social-worker
[2026-08-26T13:12:40.896Z] tick · social:cron-tick · status=200 · OK
[2026-08-26T13:13:33.510Z] tick · discovery:orchestrator:tick · spawning
[2026-08-26T13:13:34.258Z] tick · discovery:orchestrator:tick · exit=0 signal=- · OK
[2026-08-26T13:13:39.456Z] tick · social:cron-tick · fetching GET http://localhost:3008/api/cron/comms-social-worker
[2026-08-26T13:13:39.504Z] tick · orchestration:zombie-reconciler · spawning
[2026-08-26T13:13:39.546Z] tick · brain:cron-tick · fetching GET http://localhost:3008/api/nex/brain/cron-tick
[2026-08-26T13:13:39.748Z] tick · orchestration:zombie-reconciler · exit=0 signal=- · OK
[2026-08-26T13:13:42.355Z] tick · social:cron-tick · status=200 · OK
[2026-08-26T13:13:42.932Z] tick · brain:cron-tick · status=200 · OK
[2026-08-26T13:14:33.530Z] tick · discovery:orchestrator:tick · spawning
[2026-08-26T13:14:33.930Z] tick · discovery:orchestrator:tick · exit=0 signal=- · OK
[2026-08-26T13:14:39.463Z] tick · social:cron-tick · fetching GET http://localhost:3008/api/cron/comms-social-worker
[2026-08-26T13:14:43.413Z] tick · social:cron-tick · status=200 · OK
[2026-08-26T13:15:33.560Z] tick · discovery:orchestrator:tick · spawning
[2026-08-26T13:15:34.976Z] tick · discovery:orchestrator:tick · exit=0 signal=- · OK
[2026-08-26T13:15:39.053Z] tick · cle:conversation · spawning
[2026-08-26T13:15:39.340Z] tick · discovery:rotation:tick · spawning
[2026-08-26T13:15:39.477Z] tick · social:cron-tick · fetching GET http://localhost:3008/api/cron/comms-social-worker
[2026-08-26T13:15:40.409Z] tick · cle:conversation · exit=0 signal=- · OK
[2026-08-26T13:15:40.839Z] tick · discovery:rotation:tick · exit=0 signal=- · OK
[2026-08-26T13:15:43.047Z] tick · social:cron-tick · status=200 · OK
[2026-08-26T13:16:33.583Z] tick · discovery:orchestrator:tick · spawning
[2026-08-26T13:16:34.427Z] tick · discovery:orchestrator:tick · exit=0 signal=- · OK
[2026-08-26T13:16:39.485Z] tick · social:cron-tick · fetching GET http://localhost:3008/api/cron/comms-social-worker
[2026-08-26T13:16:39.543Z] tick · orchestration:zombie-reconciler · spawning
[2026-08-26T13:16:39.570Z] tick · brain:cron-tick · fetching GET http://localhost:3008/api/nex/brain/cron-tick
[2026-08-26T13:16:40.264Z] tick · orchestration:zombie-reconciler · exit=0 signal=- · OK
[2026-08-26T13:16:41.275Z] tick · social:cron-tick · status=200 · OK
[2026-08-26T13:16:41.619Z] tick · brain:cron-tick · status=200 · OK
[2026-08-26T13:17:33.587Z] tick · discovery:orchestrator:tick · spawning
[2026-08-26T13:17:34.735Z] tick · discovery:orchestrator:tick · exit=0 signal=- · OK
[2026-08-26T13:17:39.478Z] tick · social:cron-tick · fetching GET http://localhost:3008/api/cron/comms-social-worker
[2026-08-26T13:17:40.649Z] tick · social:cron-tick · status=200 · OK
[2026-08-26T13:18:33.663Z] tick · discovery:orchestrator:tick · spawning
[2026-08-26T13:18:35.608Z] tick · discovery:orchestrator:tick · exit=0 signal=- · OK
[2026-08-26T13:18:39.497Z] tick · social:cron-tick · fetching GET http://localhost:3008/api/cron/comms-social-worker
[2026-08-26T13:18:42.348Z] tick · social:cron-tick · status=200 · OK
[2026-08-26T13:19:33.669Z] tick · discovery:orchestrator:tick · spawning
[2026-08-26T13:19:34.500Z] tick · discovery:orchestrator:tick · exit=0 signal=- · OK
[2026-08-26T13:19:39.499Z] tick · social:cron-tick · fetching GET http://localhost:3008/api/cron/comms-social-worker
[2026-08-26T13:19:39.573Z] tick · orchestration:zombie-reconciler · spawning
[2026-08-26T13:19:39.585Z] tick · brain:cron-tick · fetching GET http://localhost:3008/api/nex/brain/cron-tick
[2026-08-26T13:19:40.201Z] tick · orchestration:zombie-reconciler · exit=0 signal=- · OK
[2026-08-26T13:19:42.216Z] tick · social:cron-tick · status=200 · OK
[2026-08-26T13:19:42.754Z] tick · brain:cron-tick · status=200 · OK
[2026-08-26T13:20:33.671Z] tick · discovery:orchestrator:tick · spawning
[2026-08-26T13:20:34.525Z] tick · discovery:orchestrator:tick · exit=0 signal=- · OK
[2026-08-26T13:20:39.495Z] tick · social:cron-tick · fetching GET http://localhost:3008/api/cron/comms-social-worker
[2026-08-26T13:20:41.560Z] tick · social:cron-tick · status=200 · OK
[2026-08-26T13:21:33.708Z] tick · discovery:orchestrator:tick · spawning
[2026-08-26T13:21:34.533Z] tick · discovery:orchestrator:tick · exit=0 signal=- · OK
[2026-08-26T13:21:39.509Z] tick · social:cron-tick · fetching GET http://localhost:3008/api/cron/comms-social-worker
[2026-08-26T13:21:41.861Z] tick · social:cron-tick · status=200 · OK
[2026-08-26T13:22:33.736Z] tick · discovery:orchestrator:tick · spawning
[2026-08-26T13:22:34.888Z] tick · discovery:orchestrator:tick · exit=0 signal=- · OK
[2026-08-26T13:22:39.498Z] tick · social:cron-tick · fetching GET http://localhost:3008/api/cron/comms-social-worker
[2026-08-26T13:22:39.565Z] tick · orchestration:zombie-reconciler · spawning
[2026-08-26T13:22:39.587Z] tick · brain:cron-tick · fetching GET http://localhost:3008/api/nex/brain/cron-tick
[2026-08-26T13:22:40.131Z] tick · orchestration:zombie-reconciler · exit=0 signal=- · OK
[2026-08-26T13:22:42.764Z] tick · social:cron-tick · status=200 · OK
[2026-08-26T13:22:43.500Z] tick · brain:cron-tick · status=200 · OK
[2026-08-26T13:23:33.771Z] tick · discovery:orchestrator:tick · spawning
[2026-08-26T13:23:34.840Z] tick · discovery:orchestrator:tick · exit=0 signal=- · OK
[2026-08-26T13:23:39.539Z] tick · social:cron-tick · fetching GET http://localhost:3008/api/cron/comms-social-worker
[2026-08-26T13:23:42.206Z] tick · social:cron-tick · status=200 · OK
[2026-08-26T13:24:33.770Z] tick · discovery:orchestrator:tick · spawning
[2026-08-26T13:24:34.686Z] tick · discovery:orchestrator:tick · exit=0 signal=- · OK
[2026-08-26T13:24:39.536Z] tick · social:cron-tick · fetching GET http://localhost:3008/api/cron/comms-social-worker
[2026-08-26T13:24:42.478Z] tick · social:cron-tick · status=200 · OK
[2026-08-26T13:25:33.786Z] tick · discovery:orchestrator:tick · spawning
[2026-08-26T13:25:34.667Z] tick · discovery:orchestrator:tick · exit=0 signal=- · OK
[2026-08-26T13:25:39.521Z] tick · cle:conversation · spawning
[2026-08-26T13:25:39.758Z] tick · promotion:food:Yogyakarta:quality-check · spawning
[2026-08-26T13:25:39.788Z] tick · discovery:rotation:tick · spawning
[2026-08-26T13:25:39.827Z] tick · social:cron-tick · fetching GET http://localhost:3008/api/cron/comms-social-worker
[2026-08-26T13:25:40.063Z] tick · orchestration:zombie-reconciler · spawning
[2026-08-26T13:25:40.094Z] tick · brain:cron-tick · fetching GET http://localhost:3008/api/nex/brain/cron-tick
[2026-08-26T13:25:41.244Z] tick · orchestration:zombie-reconciler · exit=0 signal=- · OK
[2026-08-26T13:25:41.412Z] tick · cle:conversation · exit=0 signal=- · OK
[2026-08-26T13:25:41.615Z] tick · promotion:food:Yogyakarta:quality-check · exit=0 signal=- · OK
[2026-08-26T13:25:41.753Z] tick · discovery:rotation:tick · exit=0 signal=- · OK
[2026-08-26T13:25:42.987Z] tick · social:cron-tick · status=200 · OK
[2026-08-26T13:25:43.807Z] tick · brain:cron-tick · status=200 · OK
[2026-08-26T13:26:33.797Z] tick · discovery:orchestrator:tick · spawning
[2026-08-26T13:26:34.832Z] tick · discovery:orchestrator:tick · exit=0 signal=- · OK
[2026-08-26T13:26:39.828Z] tick · social:cron-tick · fetching GET http://localhost:3008/api/cron/comms-social-worker
[2026-08-26T13:26:41.699Z] tick · social:cron-tick · status=200 · OK
[2026-08-26T13:27:33.797Z] tick · discovery:orchestrator:tick · spawning
[2026-08-26T13:27:34.812Z] tick · discovery:orchestrator:tick · exit=0 signal=- · OK
[2026-08-26T13:27:39.842Z] tick · social:cron-tick · fetching GET http://localhost:3008/api/cron/comms-social-worker
[2026-08-26T13:27:41.740Z] tick · social:cron-tick · status=200 · OK
[2026-08-26T13:28:33.809Z] tick · discovery:orchestrator:tick · spawning
[2026-08-26T13:28:35.180Z] tick · discovery:orchestrator:tick · exit=0 signal=- · OK
[2026-08-26T13:28:39.853Z] tick · social:cron-tick · fetching GET http://localhost:3008/api/cron/comms-social-worker
[2026-08-26T13:28:40.071Z] tick · orchestration:zombie-reconciler · spawning
[2026-08-26T13:28:40.097Z] tick · brain:cron-tick · fetching GET http://localhost:3008/api/nex/brain/cron-tick
[2026-08-26T13:28:40.359Z] tick · orchestration:zombie-reconciler · exit=0 signal=- · OK
[2026-08-26T13:28:41.716Z] tick · social:cron-tick · status=200 · OK
[2026-08-26T13:28:42.153Z] tick · brain:cron-tick · status=200 · OK
[2026-08-26T13:29:33.820Z] tick · discovery:orchestrator:tick · spawning
[2026-08-26T13:29:34.890Z] tick · discovery:orchestrator:tick · exit=0 signal=- · OK
[2026-08-26T13:29:39.863Z] tick · social:cron-tick · fetching GET http://localhost:3008/api/cron/comms-social-worker
[2026-08-26T13:29:41.879Z] tick · social:cron-tick · status=200 · OK
[2026-08-26T13:30:33.831Z] tick · discovery:orchestrator:tick · spawning
[2026-08-26T13:30:34.686Z] tick · discovery:orchestrator:tick · exit=0 signal=- · OK
[2026-08-26T13:30:39.869Z] tick · social:cron-tick · fetching GET http://localhost:3008/api/cron/comms-social-worker
[2026-08-26T13:30:41.827Z] tick · social:cron-tick · status=200 · OK
[2026-08-26T13:31:33.842Z] tick · discovery:orchestrator:tick · spawning
[2026-08-26T13:31:34.501Z] tick · discovery:orchestrator:tick · exit=0 signal=- · OK
[2026-08-26T13:31:39.880Z] tick · social:cron-tick · fetching GET http://localhost:3008/api/cron/comms-social-worker
[2026-08-26T13:31:40.080Z] tick · orchestration:zombie-reconciler · spawning
[2026-08-26T13:31:40.096Z] tick · brain:cron-tick · fetching GET http://localhost:3008/api/nex/brain/cron-tick
[2026-08-26T13:31:40.688Z] tick · orchestration:zombie-reconciler · exit=0 signal=- · OK
[2026-08-26T13:31:41.039Z] tick · social:cron-tick · status=200 · OK
[2026-08-26T13:31:41.504Z] tick · brain:cron-tick · status=200 · OK
[2026-08-26T13:32:33.862Z] tick · discovery:orchestrator:tick · spawning
[2026-08-26T13:32:34.858Z] tick · discovery:orchestrator:tick · exit=0 signal=- · OK
[2026-08-26T13:32:39.895Z] tick · social:cron-tick · fetching GET http://localhost:3008/api/cron/comms-social-worker
[2026-08-26T13:32:41.753Z] tick · social:cron-tick · status=200 · OK
[2026-08-26T13:33:33.879Z] tick · discovery:orchestrator:tick · spawning
[2026-08-26T13:33:34.797Z] tick · discovery:orchestrator:tick · exit=0 signal=- · OK
[2026-08-26T13:33:39.901Z] tick · social:cron-tick · fetching GET http://localhost:3008/api/cron/comms-social-worker
[2026-08-26T13:33:42.163Z] tick · social:cron-tick · status=200 · OK
[2026-08-26T13:34:33.892Z] tick · discovery:orchestrator:tick · spawning
[2026-08-26T13:34:34.972Z] tick · discovery:orchestrator:tick · exit=0 signal=- · OK
[2026-08-26T13:34:39.900Z] tick · social:cron-tick · fetching GET http://localhost:3008/api/cron/comms-social-worker
[2026-08-26T13:34:40.081Z] tick · orchestration:zombie-reconciler · spawning
[2026-08-26T13:34:40.109Z] tick · brain:cron-tick · fetching GET http://localhost:3008/api/nex/brain/cron-tick
[2026-08-26T13:34:40.718Z] tick · orchestration:zombie-reconciler · exit=0 signal=- · OK
[2026-08-26T13:34:42.027Z] tick · social:cron-tick · status=200 · OK
[2026-08-26T13:34:42.448Z] tick · brain:cron-tick · status=200 · OK
[2026-08-26T13:35:33.907Z] tick · discovery:orchestrator:tick · spawning
[2026-08-26T13:35:34.519Z] tick · discovery:orchestrator:tick · exit=0 signal=- · OK
[2026-08-26T13:35:39.529Z] tick · cle:conversation · spawning
[2026-08-26T13:35:39.791Z] tick · discovery:rotation:tick · spawning
[2026-08-26T13:35:39.901Z] tick · social:cron-tick · fetching GET http://localhost:3008/api/cron/comms-social-worker
[2026-08-26T13:35:39.964Z] tick · cle:conversation · exit=0 signal=- · OK
[2026-08-26T13:35:40.345Z] tick · discovery:rotation:tick · exit=0 signal=- · OK
[2026-08-26T13:35:41.880Z] tick · social:cron-tick · status=200 · OK
[2026-08-26T13:36:33.904Z] tick · discovery:orchestrator:tick · spawning
[2026-08-26T13:36:34.522Z] tick · discovery:orchestrator:tick · exit=0 signal=- · OK
[2026-08-26T13:36:39.905Z] tick · social:cron-tick · fetching GET http://localhost:3008/api/cron/comms-social-worker
[2026-08-26T13:36:41.648Z] tick · social:cron-tick · status=200 · OK
[2026-08-26T13:37:33.940Z] tick · discovery:orchestrator:tick · spawning
[2026-08-26T13:37:34.947Z] tick · discovery:orchestrator:tick · exit=0 signal=- · OK
[2026-08-26T13:37:39.912Z] tick · social:cron-tick · fetching GET http://localhost:3008/api/cron/comms-social-worker
[2026-08-26T13:37:40.088Z] tick · orchestration:zombie-reconciler · spawning
[2026-08-26T13:37:40.109Z] tick · brain:cron-tick · fetching GET http://localhost:3008/api/nex/brain/cron-tick
[2026-08-26T13:37:40.662Z] tick · orchestration:zombie-reconciler · exit=0 signal=- · OK
[2026-08-26T13:37:44.754Z] tick · social:cron-tick · status=200 · OK
[2026-08-26T13:37:45.746Z] tick · brain:cron-tick · status=200 · OK
[2026-08-26T13:38:33.954Z] tick · discovery:orchestrator:tick · spawning
[2026-08-26T13:38:35.026Z] tick · discovery:orchestrator:tick · exit=0 signal=- · OK
[2026-08-26T13:38:39.917Z] tick · social:cron-tick · fetching GET http://localhost:3008/api/cron/comms-social-worker
[2026-08-26T13:38:41.980Z] tick · social:cron-tick · status=200 · OK
[2026-08-26T13:39:33.973Z] tick · discovery:orchestrator:tick · spawning
[2026-08-26T13:39:34.845Z] tick · discovery:orchestrator:tick · exit=0 signal=- · OK
[2026-08-26T13:39:39.918Z] tick · social:cron-tick · fetching GET http://localhost:3008/api/cron/comms-social-worker
[2026-08-26T13:39:41.674Z] tick · social:cron-tick · status=200 · OK
[2026-08-26T13:40:33.983Z] tick · discovery:orchestrator:tick · spawning
[2026-08-26T13:40:34.924Z] tick · discovery:orchestrator:tick · exit=0 signal=- · OK
[2026-08-26T13:40:39.930Z] tick · social:cron-tick · fetching GET http://localhost:3008/api/cron/comms-social-worker
[2026-08-26T13:40:40.091Z] tick · orchestration:zombie-reconciler · spawning
[2026-08-26T13:40:40.126Z] tick · brain:cron-tick · fetching GET http://localhost:3008/api/nex/brain/cron-tick
[2026-08-26T13:40:40.667Z] tick · orchestration:zombie-reconciler · exit=0 signal=- · OK
[2026-08-26T13:40:45.151Z] tick · social:cron-tick · status=200 · OK
[2026-08-26T13:40:46.222Z] tick · brain:cron-tick · status=200 · OK
[2026-08-26T13:41:34.007Z] tick · discovery:orchestrator:tick · spawning
[2026-08-26T13:41:35.558Z] tick · discovery:orchestrator:tick · exit=0 signal=- · OK
[2026-08-26T13:41:39.947Z] tick · social:cron-tick · fetching GET http://localhost:3008/api/cron/comms-social-worker
[2026-08-26T13:41:41.958Z] tick · social:cron-tick · status=200 · OK
[2026-08-26T13:42:34.011Z] tick · discovery:orchestrator:tick · spawning
[2026-08-26T13:42:34.722Z] tick · discovery:orchestrator:tick · exit=0 signal=- · OK
[2026-08-26T13:42:39.952Z] tick · social:cron-tick · fetching GET http://localhost:3008/api/cron/comms-social-worker
[2026-08-26T13:42:40.791Z] tick · social:cron-tick · status=200 · OK
[2026-08-26T13:43:34.021Z] tick · discovery:orchestrator:tick · spawning
[2026-08-26T13:43:35.034Z] tick · discovery:orchestrator:tick · exit=0 signal=- · OK
[2026-08-26T13:43:39.953Z] tick · social:cron-tick · fetching GET http://localhost:3008/api/cron/comms-social-worker
[2026-08-26T13:43:40.086Z] tick · orchestration:zombie-reconciler · spawning
[2026-08-26T13:43:40.174Z] tick · brain:cron-tick · fetching GET http://localhost:3008/api/nex/brain/cron-tick
[2026-08-26T13:43:41.234Z] tick · orchestration:zombie-reconciler · exit=0 signal=- · OK
[2026-08-26T13:43:42.227Z] tick · social:cron-tick · status=200 · OK
[2026-08-26T13:43:43.107Z] tick · brain:cron-tick · status=200 · OK
[2026-08-26T13:44:34.052Z] tick · discovery:orchestrator:tick · spawning
[2026-08-26T13:44:35.400Z] tick · discovery:orchestrator:tick · exit=0 signal=- · OK
[2026-08-26T13:44:39.990Z] tick · social:cron-tick · fetching GET http://localhost:3008/api/cron/comms-social-worker
[2026-08-26T13:44:49.036Z] tick · social:cron-tick · status=200 · OK
[2026-08-26T13:45:34.074Z] tick · discovery:orchestrator:tick · spawning
[2026-08-26T13:45:35.666Z] tick · discovery:orchestrator:tick · exit=0 signal=- · OK
[2026-08-26T13:45:39.535Z] tick · cle:conversation · spawning
[2026-08-26T13:45:39.791Z] tick · discovery:rotation:tick · spawning
[2026-08-26T13:45:39.988Z] tick · social:cron-tick · fetching GET http://localhost:3008/api/cron/comms-social-worker
[2026-08-26T13:45:40.598Z] tick · cle:conversation · exit=0 signal=- · OK
[2026-08-26T13:45:41.066Z] tick · discovery:rotation:tick · exit=0 signal=- · OK
[2026-08-26T13:45:42.351Z] tick · social:cron-tick · status=200 · OK
[2026-08-26T13:46:34.146Z] tick · discovery:orchestrator:tick · spawning
[2026-08-26T13:46:35.900Z] tick · discovery:orchestrator:tick · exit=0 signal=- · OK
[2026-08-26T13:46:39.990Z] tick · social:cron-tick · fetching GET http://localhost:3008/api/cron/comms-social-worker
[2026-08-26T13:46:40.109Z] tick · orchestration:zombie-reconciler · spawning
[2026-08-26T13:46:40.186Z] tick · brain:cron-tick · fetching GET http://localhost:3008/api/nex/brain/cron-tick
[2026-08-26T13:46:40.595Z] tick · orchestration:zombie-reconciler · exit=0 signal=- · OK
[2026-08-26T13:46:41.219Z] tick · social:cron-tick · status=200 · OK
[2026-08-26T13:46:41.837Z] tick · brain:cron-tick · status=200 · OK
[2026-08-26T13:47:34.162Z] tick · discovery:orchestrator:tick · spawning
[2026-08-26T13:47:35.528Z] tick · discovery:orchestrator:tick · exit=0 signal=- · OK
[2026-08-26T13:47:39.995Z] tick · social:cron-tick · fetching GET http://localhost:3008/api/cron/comms-social-worker
[2026-08-26T13:47:41.319Z] tick · social:cron-tick · status=200 · OK
[2026-08-26T13:48:34.193Z] tick · discovery:orchestrator:tick · spawning
[2026-08-26T13:48:35.176Z] tick · discovery:orchestrator:tick · exit=0 signal=- · OK
[2026-08-26T13:48:40.006Z] tick · social:cron-tick · fetching GET http://localhost:3008/api/cron/comms-social-worker
[2026-08-26T13:48:41.575Z] tick · social:cron-tick · status=200 · OK
[2026-08-26T13:49:34.196Z] tick · discovery:orchestrator:tick · spawning
[2026-08-26T13:49:34.714Z] tick · discovery:orchestrator:tick · exit=0 signal=- · OK
[2026-08-26T13:49:40.004Z] tick · social:cron-tick · fetching GET http://localhost:3008/api/cron/comms-social-worker
[2026-08-26T13:49:40.114Z] tick · orchestration:zombie-reconciler · spawning
[2026-08-26T13:49:40.201Z] tick · brain:cron-tick · fetching GET http://localhost:3008/api/nex/brain/cron-tick
[2026-08-26T13:49:41.064Z] tick · orchestration:zombie-reconciler · exit=0 signal=- · OK
[2026-08-26T13:49:42.468Z] tick · social:cron-tick · status=200 · OK
[2026-08-26T13:49:43.332Z] tick · brain:cron-tick · status=200 · OK
[2026-08-26T13:50:34.214Z] tick · discovery:orchestrator:tick · spawning
[2026-08-26T13:50:35.005Z] tick · discovery:orchestrator:tick · exit=0 signal=- · OK
[2026-08-26T13:50:40.013Z] tick · social:cron-tick · fetching GET http://localhost:3008/api/cron/comms-social-worker
[2026-08-26T13:50:40.770Z] tick · social:cron-tick · status=200 · OK
[2026-08-26T13:51:34.229Z] tick · discovery:orchestrator:tick · spawning
[2026-08-26T13:51:34.917Z] tick · discovery:orchestrator:tick · exit=0 signal=- · OK
[2026-08-26T13:51:40.017Z] tick · social:cron-tick · fetching GET http://localhost:3008/api/cron/comms-social-worker
[2026-08-26T13:51:40.852Z] tick · social:cron-tick · status=200 · OK
[2026-08-26T13:52:34.237Z] tick · discovery:orchestrator:tick · spawning
[2026-08-26T13:52:34.918Z] tick · discovery:orchestrator:tick · exit=0 signal=- · OK
[2026-08-26T13:52:40.019Z] tick · social:cron-tick · fetching GET http://localhost:3008/api/cron/comms-social-worker
[2026-08-26T13:52:40.120Z] tick · orchestration:zombie-reconciler · spawning
[2026-08-26T13:52:40.202Z] tick · brain:cron-tick · fetching GET http://localhost:3008/api/nex/brain/cron-tick
[2026-08-26T13:52:40.438Z] tick · orchestration:zombie-reconciler · exit=0 signal=- · OK
[2026-08-26T13:52:40.801Z] tick · social:cron-tick · status=200 · OK
[2026-08-26T13:52:41.365Z] tick · brain:cron-tick · status=200 · OK
[2026-08-26T13:53:34.278Z] tick · discovery:orchestrator:tick · spawning
[2026-08-26T13:53:35.017Z] tick · discovery:orchestrator:tick · exit=0 signal=- · OK
[2026-08-26T13:53:40.023Z] tick · social:cron-tick · fetching GET http://localhost:3008/api/cron/comms-social-worker
[2026-08-26T13:53:40.674Z] tick · social:cron-tick · status=200 · OK
[2026-08-26T13:54:34.285Z] tick · discovery:orchestrator:tick · spawning
[2026-08-26T13:54:35.056Z] tick · discovery:orchestrator:tick · exit=0 signal=- · OK
[2026-08-26T13:54:40.022Z] tick · social:cron-tick · fetching GET http://localhost:3008/api/cron/comms-social-worker
[2026-08-26T13:54:40.781Z] tick · social:cron-tick · status=200 · OK
[2026-08-26T13:55:34.296Z] tick · discovery:orchestrator:tick · spawning
[2026-08-26T13:55:35.056Z] tick · discovery:orchestrator:tick · exit=0 signal=- · OK
[2026-08-26T13:55:39.543Z] tick · cle:conversation · spawning
[2026-08-26T13:55:39.762Z] tick · promotion:food:Yogyakarta:quality-check · spawning
[2026-08-26T13:55:39.797Z] tick · discovery:rotation:tick · spawning
[2026-08-26T13:55:40.030Z] tick · social:cron-tick · fetching GET http://localhost:3008/api/cron/comms-social-worker
[2026-08-26T13:55:40.133Z] tick · orchestration:zombie-reconciler · spawning
[2026-08-26T13:55:40.206Z] tick · brain:cron-tick · fetching GET http://localhost:3008/api/nex/brain/cron-tick
[2026-08-26T13:55:40.652Z] tick · cle:conversation · exit=0 signal=- · OK
[2026-08-26T13:55:40.867Z] tick · orchestration:zombie-reconciler · exit=0 signal=- · OK
[2026-08-26T13:55:40.990Z] tick · promotion:food:Yogyakarta:quality-check · exit=0 signal=- · OK
[2026-08-26T13:55:41.043Z] tick · discovery:rotation:tick · exit=0 signal=- · OK
[2026-08-26T13:55:43.687Z] tick · social:cron-tick · status=200 · OK
[2026-08-26T13:55:44.090Z] tick · brain:cron-tick · status=200 · OK
[2026-08-26T13:56:34.351Z] tick · discovery:orchestrator:tick · spawning
[2026-08-26T13:56:34.755Z] tick · discovery:orchestrator:tick · exit=0 signal=- · OK
[2026-08-26T13:56:40.033Z] tick · social:cron-tick · fetching GET http://localhost:3008/api/cron/comms-social-worker
[2026-08-26T13:56:40.577Z] tick · social:cron-tick · status=200 · OK
[2026-08-26T13:57:34.357Z] tick · discovery:orchestrator:tick · spawning
[2026-08-26T13:57:35.316Z] tick · discovery:orchestrator:tick · exit=0 signal=- · OK
[2026-08-26T13:57:40.039Z] tick · social:cron-tick · fetching GET http://localhost:3008/api/cron/comms-social-worker
[2026-08-26T13:57:42.232Z] tick · social:cron-tick · status=200 · OK
[2026-08-26T13:58:34.370Z] tick · discovery:orchestrator:tick · spawning
[2026-08-26T13:58:35.558Z] tick · discovery:orchestrator:tick · exit=0 signal=- · OK
[2026-08-26T13:58:40.050Z] tick · social:cron-tick · fetching GET http://localhost:3008/api/cron/comms-social-worker
[2026-08-26T13:58:40.135Z] tick · orchestration:zombie-reconciler · spawning
[2026-08-26T13:58:40.215Z] tick · brain:cron-tick · fetching GET http://localhost:3008/api/nex/brain/cron-tick
[2026-08-26T13:58:41.093Z] tick · orchestration:zombie-reconciler · exit=0 signal=- · OK
[2026-08-26T13:58:42.317Z] tick · social:cron-tick · status=200 · OK
[2026-08-26T13:58:42.681Z] tick · brain:cron-tick · status=200 · OK
[2026-08-26T13:59:34.380Z] tick · discovery:orchestrator:tick · spawning
[2026-08-26T13:59:35.598Z] tick · discovery:orchestrator:tick · exit=0 signal=- · OK
[2026-08-26T13:59:40.063Z] tick · social:cron-tick · fetching GET http://localhost:3008/api/cron/comms-social-worker
[2026-08-26T13:59:41.979Z] tick · social:cron-tick · status=200 · OK
[2026-08-26T14:00:34.395Z] tick · discovery:orchestrator:tick · spawning
[2026-08-26T14:00:35.451Z] tick · discovery:orchestrator:tick · exit=0 signal=- · OK
[2026-08-26T14:00:40.084Z] tick · social:cron-tick · fetching GET http://localhost:3008/api/cron/comms-social-worker
[2026-08-26T14:00:41.143Z] tick · social:cron-tick · status=200 · OK
[2026-08-26T14:01:34.424Z] tick · discovery:orchestrator:tick · spawning
[2026-08-26T14:01:35.422Z] tick · discovery:orchestrator:tick · exit=0 signal=- · OK
[2026-08-26T14:01:40.094Z] tick · social:cron-tick · fetching GET http://localhost:3008/api/cron/comms-social-worker
[2026-08-26T14:01:40.143Z] tick · orchestration:zombie-reconciler · spawning
[2026-08-26T14:01:40.219Z] tick · brain:cron-tick · fetching GET http://localhost:3008/api/nex/brain/cron-tick
[2026-08-26T14:01:40.410Z] tick · orchestration:zombie-reconciler · exit=0 signal=- · OK
[2026-08-26T14:01:41.753Z] tick · social:cron-tick · status=200 · OK
[2026-08-26T14:01:42.087Z] tick · brain:cron-tick · status=200 · OK
[2026-08-26T14:02:34.451Z] tick · discovery:orchestrator:tick · spawning
[2026-08-26T14:02:35.331Z] tick · discovery:orchestrator:tick · exit=0 signal=- · OK
[2026-08-26T14:02:40.097Z] tick · social:cron-tick · fetching GET http://localhost:3008/api/cron/comms-social-worker
[2026-08-26T14:02:40.868Z] tick · social:cron-tick · status=200 · OK
[2026-08-26T14:03:34.468Z] tick · discovery:orchestrator:tick · spawning
[2026-08-26T14:03:34.980Z] tick · discovery:orchestrator:tick · exit=0 signal=- · OK
[2026-08-26T14:03:40.101Z] tick · social:cron-tick · fetching GET http://localhost:3008/api/cron/comms-social-worker
[2026-08-26T14:03:41.202Z] tick · social:cron-tick · status=200 · OK
[2026-08-26T14:04:34.474Z] tick · discovery:orchestrator:tick · spawning
[2026-08-26T14:04:35.668Z] tick · discovery:orchestrator:tick · exit=0 signal=- · OK
[2026-08-26T14:04:40.115Z] tick · social:cron-tick · fetching GET http://localhost:3008/api/cron/comms-social-worker
[2026-08-26T14:04:40.164Z] tick · orchestration:zombie-reconciler · spawning
[2026-08-26T14:04:40.232Z] tick · brain:cron-tick · fetching GET http://localhost:3008/api/nex/brain/cron-tick
[2026-08-26T14:04:40.474Z] tick · orchestration:zombie-reconciler · exit=0 signal=- · OK
[2026-08-26T14:04:41.667Z] tick · social:cron-tick · status=200 · OK
[2026-08-26T14:04:41.965Z] tick · brain:cron-tick · status=200 · OK
[2026-08-26T14:05:34.508Z] tick · discovery:orchestrator:tick · spawning
[2026-08-26T14:05:35.139Z] tick · discovery:orchestrator:tick · exit=0 signal=- · OK
[2026-08-26T14:05:39.544Z] tick · cle:conversation · spawning
[2026-08-26T14:05:39.798Z] tick · discovery:rotation:tick · spawning
[2026-08-26T14:05:40.000Z] tick · cle:conversation · exit=0 signal=- · OK
[2026-08-26T14:05:40.117Z] tick · social:cron-tick · fetching GET http://localhost:3008/api/cron/comms-social-worker
[2026-08-26T14:05:40.593Z] tick · discovery:rotation:tick · exit=0 signal=- · OK
[2026-08-26T14:05:40.965Z] tick · social:cron-tick · status=200 · OK
[2026-08-26T14:06:34.518Z] tick · discovery:orchestrator:tick · spawning
[2026-08-26T14:06:35.439Z] tick · discovery:orchestrator:tick · exit=0 signal=- · OK
[2026-08-26T14:06:40.123Z] tick · social:cron-tick · fetching GET http://localhost:3008/api/cron/comms-social-worker
[2026-08-26T14:06:41.366Z] tick · social:cron-tick · status=200 · OK
[2026-08-26T14:07:34.543Z] tick · discovery:orchestrator:tick · spawning
[2026-08-26T14:07:35.888Z] tick · discovery:orchestrator:tick · exit=0 signal=- · OK
[2026-08-26T14:07:40.131Z] tick · social:cron-tick · fetching GET http://localhost:3008/api/cron/comms-social-worker
[2026-08-26T14:07:40.217Z] tick · orchestration:zombie-reconciler · spawning
[2026-08-26T14:07:40.308Z] tick · brain:cron-tick · fetching GET http://localhost:3008/api/nex/brain/cron-tick
[2026-08-26T14:07:41.196Z] tick · orchestration:zombie-reconciler · exit=0 signal=- · OK
[2026-08-26T14:07:43.593Z] tick · social:cron-tick · status=200 · OK
[2026-08-26T14:07:44.171Z] tick · brain:cron-tick · status=200 · OK
[2026-08-26T14:08:34.556Z] tick · discovery:orchestrator:tick · spawning
[2026-08-26T14:08:35.810Z] tick · discovery:orchestrator:tick · exit=0 signal=- · OK
[2026-08-26T14:08:40.133Z] tick · social:cron-tick · fetching GET http://localhost:3008/api/cron/comms-social-worker
[2026-08-26T14:08:41.718Z] tick · social:cron-tick · status=200 · OK
[2026-08-26T14:09:34.564Z] tick · discovery:orchestrator:tick · spawning
[2026-08-26T14:09:35.607Z] tick · discovery:orchestrator:tick · exit=0 signal=- · OK
[2026-08-26T14:09:40.140Z] tick · social:cron-tick · fetching GET http://localhost:3008/api/cron/comms-social-worker
[2026-08-26T14:09:42.578Z] tick · social:cron-tick · status=200 · OK
[2026-08-26T14:10:34.569Z] tick · discovery:orchestrator:tick · spawning
[2026-08-26T14:10:35.364Z] tick · discovery:orchestrator:tick · exit=0 signal=- · OK
[2026-08-26T14:10:40.134Z] tick · social:cron-tick · fetching GET http://localhost:3008/api/cron/comms-social-worker
[2026-08-26T14:10:40.217Z] tick · orchestration:zombie-reconciler · spawning
[2026-08-26T14:10:40.307Z] tick · brain:cron-tick · fetching GET http://localhost:3008/api/nex/brain/cron-tick
[2026-08-26T14:10:40.486Z] tick · orchestration:zombie-reconciler · exit=0 signal=- · OK
[2026-08-26T14:10:41.844Z] tick · social:cron-tick · status=200 · OK
[2026-08-26T14:10:42.172Z] tick · brain:cron-tick · status=200 · OK
[2026-08-26T14:11:34.588Z] tick · discovery:orchestrator:tick · spawning
[2026-08-26T14:11:35.398Z] tick · discovery:orchestrator:tick · exit=0 signal=- · OK
[2026-08-26T14:11:40.142Z] tick · social:cron-tick · fetching GET http://localhost:3008/api/cron/comms-social-worker
[2026-08-26T14:11:41.988Z] tick · social:cron-tick · status=200 · OK
[2026-08-26T14:12:34.601Z] tick · discovery:orchestrator:tick · spawning
[2026-08-26T14:12:35.082Z] tick · discovery:orchestrator:tick · exit=0 signal=- · OK
[2026-08-26T14:12:40.154Z] tick · social:cron-tick · fetching GET http://localhost:3008/api/cron/comms-social-worker
[2026-08-26T14:12:41.822Z] tick · social:cron-tick · status=200 · OK
[2026-08-26T14:13:34.624Z] tick · discovery:orchestrator:tick · spawning
[2026-08-26T14:13:35.423Z] tick · discovery:orchestrator:tick · exit=0 signal=- · OK
[2026-08-26T14:13:40.165Z] tick · social:cron-tick · fetching GET http://localhost:3008/api/cron/comms-social-worker
[2026-08-26T14:13:40.223Z] tick · orchestration:zombie-reconciler · spawning
[2026-08-26T14:13:40.316Z] tick · brain:cron-tick · fetching GET http://localhost:3008/api/nex/brain/cron-tick
[2026-08-26T14:13:40.520Z] tick · orchestration:zombie-reconciler · exit=0 signal=- · OK
[2026-08-26T14:13:42.024Z] tick · social:cron-tick · status=200 · OK
[2026-08-26T14:13:43.765Z] tick · brain:cron-tick · status=200 · OK
[2026-08-26T14:14:34.633Z] tick · discovery:orchestrator:tick · spawning
[2026-08-26T14:14:35.446Z] tick · discovery:orchestrator:tick · exit=0 signal=- · OK
[2026-08-26T14:14:40.167Z] tick · social:cron-tick · fetching GET http://localhost:3008/api/cron/comms-social-worker
[2026-08-26T14:14:42.101Z] tick · social:cron-tick · status=200 · OK
[2026-08-26T14:15:34.646Z] tick · discovery:orchestrator:tick · spawning
[2026-08-26T14:15:35.105Z] tick · discovery:orchestrator:tick · exit=0 signal=- · OK
[2026-08-26T14:15:39.550Z] tick · cle:conversation · spawning
[2026-08-26T14:15:39.806Z] tick · discovery:rotation:tick · spawning
[2026-08-26T14:15:40.083Z] tick · cle:conversation · exit=0 signal=- · OK
[2026-08-26T14:15:40.176Z] tick · social:cron-tick · fetching GET http://localhost:3008/api/cron/comms-social-worker
[2026-08-26T14:15:40.574Z] tick · discovery:rotation:tick · exit=0 signal=- · OK
[2026-08-26T14:15:41.767Z] tick · social:cron-tick · status=200 · OK
[2026-08-26T14:16:34.652Z] tick · discovery:orchestrator:tick · spawning
[2026-08-26T14:16:35.796Z] tick · discovery:orchestrator:tick · exit=0 signal=- · OK
[2026-08-26T14:16:40.181Z] tick · social:cron-tick · fetching GET http://localhost:3008/api/cron/comms-social-worker
[2026-08-26T14:16:40.240Z] tick · orchestration:zombie-reconciler · spawning
[2026-08-26T14:16:40.324Z] tick · brain:cron-tick · fetching GET http://localhost:3008/api/nex/brain/cron-tick
[2026-08-26T14:16:40.585Z] tick · orchestration:zombie-reconciler · exit=0 signal=- · OK
[2026-08-26T14:16:42.467Z] tick · social:cron-tick · status=200 · OK
[2026-08-26T14:16:44.711Z] tick · brain:cron-tick · status=200 · OK
[2026-08-26T14:17:34.666Z] tick · discovery:orchestrator:tick · spawning
[2026-08-26T14:17:35.661Z] tick · discovery:orchestrator:tick · exit=0 signal=- · OK
[2026-08-26T14:17:40.189Z] tick · social:cron-tick · fetching GET http://localhost:3008/api/cron/comms-social-worker
[2026-08-26T14:17:42.333Z] tick · social:cron-tick · status=200 · OK
[2026-08-26T14:18:34.669Z] tick · discovery:orchestrator:tick · spawning
[2026-08-26T14:18:35.066Z] tick · discovery:orchestrator:tick · exit=0 signal=- · OK
[2026-08-26T14:18:40.196Z] tick · social:cron-tick · fetching GET http://localhost:3008/api/cron/comms-social-worker
[2026-08-26T14:18:41.799Z] tick · social:cron-tick · status=200 · OK
[2026-08-26T14:19:34.695Z] tick · discovery:orchestrator:tick · spawning
[2026-08-26T14:19:35.679Z] tick · discovery:orchestrator:tick · exit=0 signal=- · OK
[2026-08-26T14:19:40.201Z] tick · social:cron-tick · fetching GET http://localhost:3008/api/cron/comms-social-worker
[2026-08-26T14:19:40.274Z] tick · orchestration:zombie-reconciler · spawning
[2026-08-26T14:19:40.326Z] tick · brain:cron-tick · fetching GET http://localhost:3008/api/nex/brain/cron-tick
[2026-08-26T14:19:40.618Z] tick · orchestration:zombie-reconciler · exit=0 signal=- · OK
[2026-08-26T14:19:42.321Z] tick · social:cron-tick · status=200 · OK
[2026-08-26T14:19:43.989Z] tick · brain:cron-tick · status=200 · OK
[2026-08-26T14:20:34.695Z] tick · discovery:orchestrator:tick · spawning
[2026-08-26T14:20:35.424Z] tick · discovery:orchestrator:tick · exit=0 signal=- · OK
[2026-08-26T14:20:40.200Z] tick · social:cron-tick · fetching GET http://localhost:3008/api/cron/comms-social-worker
[2026-08-26T14:20:41.543Z] tick · social:cron-tick · status=200 · OK
[2026-08-26T14:21:34.711Z] tick · discovery:orchestrator:tick · spawning
[2026-08-26T14:21:35.066Z] tick · discovery:orchestrator:tick · exit=0 signal=- · OK
[2026-08-26T14:21:40.205Z] tick · social:cron-tick · fetching GET http://localhost:3008/api/cron/comms-social-worker
[2026-08-26T14:21:41.396Z] tick · social:cron-tick · status=200 · OK
[2026-08-26T14:22:34.716Z] tick · discovery:orchestrator:tick · spawning
[2026-08-26T14:22:35.520Z] tick · discovery:orchestrator:tick · exit=0 signal=- · OK
[2026-08-26T14:22:40.206Z] tick · social:cron-tick · fetching GET http://localhost:3008/api/cron/comms-social-worker
[2026-08-26T14:22:40.282Z] tick · orchestration:zombie-reconciler · spawning
[2026-08-26T14:22:40.335Z] tick · brain:cron-tick · fetching GET http://localhost:3008/api/nex/brain/cron-tick
[2026-08-26T14:22:41.096Z] tick · orchestration:zombie-reconciler · exit=0 signal=- · OK
[2026-08-26T14:22:44.244Z] tick · social:cron-tick · status=200 · OK
[2026-08-26T14:22:44.766Z] tick · brain:cron-tick · status=200 · OK
[2026-08-26T14:23:34.734Z] tick · discovery:orchestrator:tick · spawning
[2026-08-26T14:23:35.952Z] tick · discovery:orchestrator:tick · exit=0 signal=- · OK
[2026-08-26T14:23:40.215Z] tick · social:cron-tick · fetching GET http://localhost:3008/api/cron/comms-social-worker
[2026-08-26T14:23:42.186Z] tick · social:cron-tick · status=200 · OK
[2026-08-26T14:24:34.759Z] tick · discovery:orchestrator:tick · spawning
[2026-08-26T14:24:35.771Z] tick · discovery:orchestrator:tick · exit=0 signal=- · OK
[2026-08-26T14:24:40.219Z] tick · social:cron-tick · fetching GET http://localhost:3008/api/cron/comms-social-worker
[2026-08-26T14:24:42.634Z] tick · social:cron-tick · status=200 · OK
[2026-08-26T14:25:34.797Z] tick · discovery:orchestrator:tick · spawning
[2026-08-26T14:25:36.275Z] tick · discovery:orchestrator:tick · exit=0 signal=- · OK
[2026-08-26T14:25:39.555Z] tick · cle:conversation · spawning
[2026-08-26T14:25:39.769Z] tick · promotion:food:Yogyakarta:quality-check · spawning
[2026-08-26T14:25:39.812Z] tick · discovery:rotation:tick · spawning
[2026-08-26T14:25:40.225Z] tick · social:cron-tick · fetching GET http://localhost:3008/api/cron/comms-social-worker
[2026-08-26T14:25:40.287Z] tick · orchestration:zombie-reconciler · spawning
[2026-08-26T14:25:40.350Z] tick · brain:cron-tick · fetching GET http://localhost:3008/api/nex/brain/cron-tick
[2026-08-26T14:25:41.102Z] tick · orchestration:zombie-reconciler · exit=0 signal=- · OK
[2026-08-26T14:25:41.310Z] tick · cle:conversation · exit=0 signal=- · OK
[2026-08-26T14:25:41.493Z] tick · discovery:rotation:tick · exit=0 signal=- · OK
[2026-08-26T14:25:41.656Z] tick · promotion:food:Yogyakarta:quality-check · exit=0 signal=- · OK
[2026-08-26T14:25:43.990Z] tick · social:cron-tick · status=200 · OK
[2026-08-26T14:25:44.646Z] tick · brain:cron-tick · status=200 · OK
[2026-08-26T14:26:34.819Z] tick · discovery:orchestrator:tick · spawning
[2026-08-26T14:26:37.230Z] tick · discovery:orchestrator:tick · exit=0 signal=- · OK
[2026-08-26T14:26:40.234Z] tick · social:cron-tick · fetching GET http://localhost:3008/api/cron/comms-social-worker
[2026-08-26T14:27:31.104Z] tick · social:cron-tick · status=200 · OK
[2026-08-26T14:27:34.828Z] tick · discovery:orchestrator:tick · spawning
[2026-08-26T14:27:36.412Z] tick · discovery:orchestrator:tick · exit=0 signal=- · OK
[2026-08-26T14:27:40.234Z] tick · social:cron-tick · fetching GET http://localhost:3008/api/cron/comms-social-worker
[2026-08-26T14:27:40.803Z] tick · social:cron-tick · status=200 · OK
[2026-08-26T14:28:34.858Z] tick · discovery:orchestrator:tick · spawning
[2026-08-26T14:28:35.907Z] tick · discovery:orchestrator:tick · exit=0 signal=- · OK
[2026-08-26T14:28:40.242Z] tick · social:cron-tick · fetching GET http://localhost:3008/api/cron/comms-social-worker
[2026-08-26T14:28:40.294Z] tick · orchestration:zombie-reconciler · spawning
[2026-08-26T14:28:40.360Z] tick · brain:cron-tick · fetching GET http://localhost:3008/api/nex/brain/cron-tick
[2026-08-26T14:28:40.647Z] tick · orchestration:zombie-reconciler · exit=0 signal=- · OK
[2026-08-26T14:28:44.218Z] tick · social:cron-tick · status=200 · OK
[2026-08-26T14:28:44.998Z] tick · brain:cron-tick · status=200 · OK
[2026-08-26T14:29:34.869Z] tick · discovery:orchestrator:tick · spawning
[2026-08-26T14:29:35.976Z] tick · discovery:orchestrator:tick · exit=0 signal=- · OK
[2026-08-26T14:29:40.252Z] tick · social:cron-tick · fetching GET http://localhost:3008/api/cron/comms-social-worker
[2026-08-26T14:29:42.614Z] tick · social:cron-tick · status=200 · OK
[2026-08-26T14:30:34.887Z] tick · discovery:orchestrator:tick · spawning
[2026-08-26T14:30:35.396Z] tick · discovery:orchestrator:tick · exit=0 signal=- · OK
[2026-08-26T14:30:40.243Z] tick · social:cron-tick · fetching GET http://localhost:3008/api/cron/comms-social-worker
[2026-08-26T14:30:44.910Z] tick · social:cron-tick · status=200 · OK
[2026-08-26T14:31:34.938Z] tick · discovery:orchestrator:tick · spawning
[2026-08-26T14:31:36.870Z] tick · discovery:orchestrator:tick · exit=0 signal=- · OK
[2026-08-26T14:31:40.262Z] tick · social:cron-tick · fetching GET http://localhost:3008/api/cron/comms-social-worker
[2026-08-26T14:31:40.332Z] tick · orchestration:zombie-reconciler · spawning
[2026-08-26T14:31:40.367Z] tick · brain:cron-tick · fetching GET http://localhost:3008/api/nex/brain/cron-tick
[2026-08-26T14:31:40.960Z] tick · orchestration:zombie-reconciler · exit=0 signal=- · OK
[2026-08-26T14:31:43.574Z] tick · social:cron-tick · status=200 · OK
[2026-08-26T14:31:43.839Z] tick · brain:cron-tick · status=200 · OK
[2026-08-26T14:32:34.943Z] tick · discovery:orchestrator:tick · spawning
[2026-08-26T14:32:35.731Z] tick · discovery:orchestrator:tick · exit=0 signal=- · OK
[2026-08-26T14:32:40.260Z] tick · social:cron-tick · fetching GET http://localhost:3008/api/cron/comms-social-worker
[2026-08-26T14:32:40.914Z] tick · social:cron-tick · status=200 · OK
[2026-08-26T14:33:35.007Z] tick · discovery:orchestrator:tick · spawning
[2026-08-26T14:33:36.497Z] tick · discovery:orchestrator:tick · exit=0 signal=- · OK
[2026-08-26T14:33:40.278Z] tick · social:cron-tick · fetching GET http://localhost:3008/api/cron/comms-social-worker
[2026-08-26T14:33:42.080Z] tick · social:cron-tick · status=200 · OK
[2026-08-26T14:34:35.035Z] tick · discovery:orchestrator:tick · spawning
[2026-08-26T14:34:35.845Z] tick · discovery:orchestrator:tick · exit=0 signal=- · OK
[2026-08-26T14:34:40.289Z] tick · social:cron-tick · fetching GET http://localhost:3008/api/cron/comms-social-worker
[2026-08-26T14:34:40.371Z] tick · orchestration:zombie-reconciler · spawning
[2026-08-26T14:34:40.406Z] tick · brain:cron-tick · fetching GET http://localhost:3008/api/nex/brain/cron-tick
[2026-08-26T14:34:41.131Z] tick · orchestration:zombie-reconciler · exit=0 signal=- · OK
[2026-08-26T14:34:42.056Z] tick · social:cron-tick · status=200 · OK
[2026-08-26T14:34:43.887Z] tick · brain:cron-tick · status=200 · OK
[2026-08-26T14:35:35.048Z] tick · discovery:orchestrator:tick · spawning
[2026-08-26T14:35:36.362Z] tick · discovery:orchestrator:tick · exit=0 signal=- · OK
[2026-08-26T14:35:39.557Z] tick · cle:conversation · spawning
[2026-08-26T14:35:39.820Z] tick · discovery:rotation:tick · spawning
[2026-08-26T14:35:40.301Z] tick · social:cron-tick · fetching GET http://localhost:3008/api/cron/comms-social-worker
[2026-08-26T14:35:41.129Z] tick · cle:conversation · exit=0 signal=- · OK
[2026-08-26T14:35:41.522Z] tick · discovery:rotation:tick · exit=0 signal=- · OK
[2026-08-26T14:35:42.186Z] tick · social:cron-tick · status=200 · OK
[2026-08-26T14:36:35.123Z] tick · discovery:orchestrator:tick · spawning
[2026-08-26T14:36:36.346Z] tick · discovery:orchestrator:tick · exit=0 signal=- · OK
[2026-08-26T14:36:40.306Z] tick · social:cron-tick · fetching GET http://localhost:3008/api/cron/comms-social-worker
[2026-08-26T14:36:42.252Z] tick · social:cron-tick · status=200 · OK
[2026-08-26T14:37:35.149Z] tick · discovery:orchestrator:tick · spawning
[2026-08-26T14:37:36.694Z] tick · discovery:orchestrator:tick · exit=0 signal=- · OK
[2026-08-26T14:37:40.313Z] tick · social:cron-tick · fetching GET http://localhost:3008/api/cron/comms-social-worker
[2026-08-26T14:37:40.389Z] tick · orchestration:zombie-reconciler · spawning
[2026-08-26T14:37:40.437Z] tick · brain:cron-tick · fetching GET http://localhost:3008/api/nex/brain/cron-tick
[2026-08-26T14:37:41.326Z] tick · orchestration:zombie-reconciler · exit=0 signal=- · OK
[2026-08-26T14:37:42.791Z] tick · social:cron-tick · status=200 · OK
[2026-08-26T14:37:44.612Z] tick · brain:cron-tick · status=200 · OK
[2026-08-26T14:38:35.165Z] tick · discovery:orchestrator:tick · spawning
[2026-08-26T14:38:36.986Z] tick · discovery:orchestrator:tick · exit=0 signal=- · OK
[2026-08-26T14:38:40.312Z] tick · social:cron-tick · fetching GET http://localhost:3008/api/cron/comms-social-worker
[2026-08-26T14:38:42.436Z] tick · social:cron-tick · status=200 · OK
[2026-08-26T14:39:35.202Z] tick · discovery:orchestrator:tick · spawning
[2026-08-26T14:39:37.053Z] tick · discovery:orchestrator:tick · exit=0 signal=- · OK
[2026-08-26T14:39:40.316Z] tick · social:cron-tick · fetching GET http://localhost:3008/api/cron/comms-social-worker
[2026-08-26T14:39:43.127Z] tick · social:cron-tick · status=200 · OK
[2026-08-26T14:40:35.219Z] tick · discovery:orchestrator:tick · spawning
[2026-08-26T14:40:38.016Z] tick · discovery:orchestrator:tick · exit=0 signal=- · OK
[2026-08-26T14:40:40.326Z] tick · social:cron-tick · fetching GET http://localhost:3008/api/cron/comms-social-worker
[2026-08-26T14:40:40.408Z] tick · orchestration:zombie-reconciler · spawning
[2026-08-26T14:40:40.486Z] tick · brain:cron-tick · fetching GET http://localhost:3008/api/nex/brain/cron-tick
[2026-08-26T14:40:41.484Z] tick · orchestration:zombie-reconciler · exit=0 signal=- · OK
[2026-08-26T14:40:43.344Z] tick · social:cron-tick · status=200 · OK
[2026-08-26T14:40:44.159Z] tick · brain:cron-tick · status=200 · OK
[2026-08-26T14:41:35.336Z] tick · discovery:orchestrator:tick · spawning
[2026-08-26T14:41:37.868Z] tick · discovery:orchestrator:tick · exit=0 signal=- · OK
[2026-08-26T14:41:40.380Z] tick · social:cron-tick · fetching GET http://localhost:3008/api/cron/comms-social-worker
[2026-08-26T14:41:43.839Z] tick · social:cron-tick · status=200 · OK
[2026-08-26T14:42:35.382Z] tick · discovery:orchestrator:tick · spawning
[2026-08-26T14:42:37.529Z] tick · discovery:orchestrator:tick · exit=0 signal=- · OK
[2026-08-26T14:42:40.340Z] tick · social:cron-tick · fetching GET http://localhost:3008/api/cron/comms-social-worker
[2026-08-26T14:42:43.431Z] tick · social:cron-tick · status=200 · OK
[2026-08-26T14:43:35.419Z] tick · discovery:orchestrator:tick · spawning
[2026-08-26T14:43:39.014Z] tick · discovery:orchestrator:tick · exit=0 signal=- · OK
[2026-08-26T14:43:40.343Z] tick · social:cron-tick · fetching GET http://localhost:3008/api/cron/comms-social-worker
[2026-08-26T14:43:40.409Z] tick · orchestration:zombie-reconciler · spawning
[2026-08-26T14:43:40.487Z] tick · brain:cron-tick · fetching GET http://localhost:3008/api/nex/brain/cron-tick
[2026-08-26T14:43:41.218Z] tick · orchestration:zombie-reconciler · exit=0 signal=- · OK
[2026-08-26T14:43:46.095Z] tick · social:cron-tick · status=200 · OK
[2026-08-26T14:43:47.144Z] tick · brain:cron-tick · status=200 · OK
[2026-08-26T14:44:35.445Z] tick · discovery:orchestrator:tick · spawning
[2026-08-26T14:44:37.177Z] tick · discovery:orchestrator:tick · exit=0 signal=- · OK
[2026-08-26T14:44:40.344Z] tick · social:cron-tick · fetching GET http://localhost:3008/api/cron/comms-social-worker
[2026-08-26T14:44:42.471Z] tick · social:cron-tick · status=200 · OK
[2026-08-26T14:45:35.511Z] tick · discovery:orchestrator:tick · spawning
[2026-08-26T14:45:37.663Z] tick · discovery:orchestrator:tick · exit=0 signal=- · OK
[2026-08-26T14:45:39.564Z] tick · cle:conversation · spawning
[2026-08-26T14:45:39.820Z] tick · discovery:rotation:tick · spawning
[2026-08-26T14:45:40.115Z] tick · cle:conversation · exit=0 signal=- · OK
[2026-08-26T14:45:40.343Z] tick · social:cron-tick · fetching GET http://localhost:3008/api/cron/comms-social-worker
[2026-08-26T14:45:40.785Z] tick · discovery:rotation:tick · exit=0 signal=- · OK
[2026-08-26T14:45:43.208Z] tick · social:cron-tick · status=200 · OK
[2026-08-26T14:46:35.537Z] tick · discovery:orchestrator:tick · spawning
[2026-08-26T14:46:37.294Z] tick · discovery:orchestrator:tick · exit=0 signal=- · OK
[2026-08-26T14:46:40.350Z] tick · social:cron-tick · fetching GET http://localhost:3008/api/cron/comms-social-worker
[2026-08-26T14:46:40.416Z] tick · orchestration:zombie-reconciler · spawning
[2026-08-26T14:46:40.488Z] tick · brain:cron-tick · fetching GET http://localhost:3008/api/nex/brain/cron-tick
[2026-08-26T14:46:40.909Z] tick · orchestration:zombie-reconciler · exit=0 signal=- · OK
[2026-08-26T14:46:43.216Z] tick · social:cron-tick · status=200 · OK
[2026-08-26T14:46:43.704Z] tick · brain:cron-tick · status=200 · OK
[2026-08-26T14:47:35.564Z] tick · discovery:orchestrator:tick · spawning
[2026-08-26T14:47:36.638Z] tick · discovery:orchestrator:tick · exit=0 signal=- · OK
[2026-08-26T14:47:40.351Z] tick · social:cron-tick · fetching GET http://localhost:3008/api/cron/comms-social-worker
[2026-08-26T14:47:41.904Z] tick · social:cron-tick · status=200 · OK
[2026-08-26T14:48:35.588Z] tick · discovery:orchestrator:tick · spawning
[2026-08-26T14:48:37.868Z] tick · discovery:orchestrator:tick · exit=0 signal=- · OK
[2026-08-26T14:48:40.363Z] tick · social:cron-tick · fetching GET http://localhost:3008/api/cron/comms-social-worker
[2026-08-26T14:48:42.905Z] tick · social:cron-tick · status=200 · OK
[2026-08-26T14:49:35.605Z] tick · discovery:orchestrator:tick · spawning
[2026-08-26T14:49:36.791Z] tick · discovery:orchestrator:tick · exit=0 signal=- · OK
[2026-08-26T14:49:40.363Z] tick · social:cron-tick · fetching GET http://localhost:3008/api/cron/comms-social-worker
[2026-08-26T14:49:40.419Z] tick · orchestration:zombie-reconciler · spawning
[2026-08-26T14:49:40.498Z] tick · brain:cron-tick · fetching GET http://localhost:3008/api/nex/brain/cron-tick
[2026-08-26T14:49:40.923Z] tick · orchestration:zombie-reconciler · exit=0 signal=- · OK
[2026-08-26T14:49:43.305Z] tick · social:cron-tick · status=200 · OK
[2026-08-26T14:49:43.935Z] tick · brain:cron-tick · status=200 · OK
[2026-08-26T14:50:35.624Z] tick · discovery:orchestrator:tick · spawning
[2026-08-26T14:50:36.821Z] tick · discovery:orchestrator:tick · exit=0 signal=- · OK
[2026-08-26T14:50:40.366Z] tick · social:cron-tick · fetching GET http://localhost:3008/api/cron/comms-social-worker
[2026-08-26T14:50:41.994Z] tick · social:cron-tick · status=200 · OK
[2026-08-26T14:51:35.812Z] tick · discovery:orchestrator:tick · spawning
[2026-08-26T14:51:37.323Z] tick · discovery:orchestrator:tick · exit=0 signal=- · OK
[2026-08-26T14:51:40.367Z] tick · social:cron-tick · fetching GET http://localhost:3008/api/cron/comms-social-worker
[2026-08-26T14:51:42.733Z] tick · social:cron-tick · status=200 · OK
[2026-08-26T14:52:35.793Z] tick · discovery:orchestrator:tick · spawning
[2026-08-26T14:52:37.088Z] tick · discovery:orchestrator:tick · exit=0 signal=- · OK
[2026-08-26T14:52:40.382Z] tick · social:cron-tick · fetching GET http://localhost:3008/api/cron/comms-social-worker
[2026-08-26T14:52:40.451Z] tick · orchestration:zombie-reconciler · spawning
[2026-08-26T14:52:40.506Z] tick · brain:cron-tick · fetching GET http://localhost:3008/api/nex/brain/cron-tick
[2026-08-26T14:52:40.816Z] tick · orchestration:zombie-reconciler · exit=0 signal=- · OK
[2026-08-26T14:52:42.235Z] tick · social:cron-tick · status=200 · OK
[2026-08-26T14:52:43.135Z] tick · brain:cron-tick · status=200 · OK
[2026-08-26T14:53:35.855Z] tick · discovery:orchestrator:tick · spawning
[2026-08-26T14:53:38.254Z] tick · discovery:orchestrator:tick · exit=0 signal=- · OK
[2026-08-26T14:53:40.392Z] tick · social:cron-tick · fetching GET http://localhost:3008/api/cron/comms-social-worker
[2026-08-26T14:53:42.673Z] tick · social:cron-tick · status=200 · OK
[2026-08-26T14:54:35.863Z] tick · discovery:orchestrator:tick · spawning
[2026-08-26T14:54:37.116Z] tick · discovery:orchestrator:tick · exit=0 signal=- · OK
[2026-08-26T14:54:40.401Z] tick · social:cron-tick · fetching GET http://localhost:3008/api/cron/comms-social-worker
[2026-08-26T14:54:42.607Z] tick · social:cron-tick · status=200 · OK
[2026-08-26T14:55:35.928Z] tick · discovery:orchestrator:tick · spawning
[2026-08-26T14:55:37.427Z] tick · discovery:orchestrator:tick · exit=0 signal=- · OK
[2026-08-26T14:55:39.573Z] tick · cle:conversation · spawning
[2026-08-26T14:55:39.778Z] tick · promotion:food:Yogyakarta:quality-check · spawning
[2026-08-26T14:55:39.827Z] tick · discovery:rotation:tick · spawning
[2026-08-26T14:55:40.361Z] tick · cle:conversation · exit=0 signal=- · OK
[2026-08-26T14:55:40.412Z] tick · social:cron-tick · fetching GET http://localhost:3008/api/cron/comms-social-worker
[2026-08-26T14:55:40.491Z] tick · orchestration:zombie-reconciler · spawning
[2026-08-26T14:55:40.517Z] tick · brain:cron-tick · fetching GET http://localhost:3008/api/nex/brain/cron-tick
[2026-08-26T14:55:41.470Z] tick · orchestration:zombie-reconciler · exit=0 signal=- · OK
[2026-08-26T14:55:41.473Z] tick · promotion:food:Yogyakarta:quality-check · exit=0 signal=- · OK
[2026-08-26T14:55:41.479Z] tick · discovery:rotation:tick · exit=0 signal=- · OK
[2026-08-26T14:55:44.726Z] tick · social:cron-tick · status=200 · OK
[2026-08-26T14:55:45.868Z] tick · brain:cron-tick · status=200 · OK
[2026-08-26T14:56:35.931Z] tick · discovery:orchestrator:tick · spawning
[2026-08-26T14:56:37.371Z] tick · discovery:orchestrator:tick · exit=0 signal=- · OK
[2026-08-26T14:56:40.409Z] tick · social:cron-tick · fetching GET http://localhost:3008/api/cron/comms-social-worker
[2026-08-26T14:56:43.264Z] tick · social:cron-tick · status=200 · OK
[2026-08-26T14:57:35.986Z] tick · discovery:orchestrator:tick · spawning
[2026-08-26T14:57:37.796Z] tick · discovery:orchestrator:tick · exit=0 signal=- · OK
[2026-08-26T14:57:40.416Z] tick · social:cron-tick · fetching GET http://localhost:3008/api/cron/comms-social-worker
[2026-08-26T14:57:43.751Z] tick · social:cron-tick · status=200 · OK
[2026-08-26T14:58:35.992Z] tick · discovery:orchestrator:tick · spawning
[2026-08-26T14:58:37.428Z] tick · discovery:orchestrator:tick · exit=0 signal=- · OK
[2026-08-26T14:58:40.419Z] tick · social:cron-tick · fetching GET http://localhost:3008/api/cron/comms-social-worker
[2026-08-26T14:58:40.506Z] tick · orchestration:zombie-reconciler · spawning
[2026-08-26T14:58:40.549Z] tick · brain:cron-tick · fetching GET http://localhost:3008/api/nex/brain/cron-tick
[2026-08-26T14:58:42.645Z] tick · orchestration:zombie-reconciler · exit=0 signal=- · OK
[2026-08-26T14:58:45.776Z] tick · social:cron-tick · status=200 · OK
[2026-08-26T14:58:46.442Z] tick · brain:cron-tick · status=200 · OK
[2026-08-26T14:59:36.016Z] tick · discovery:orchestrator:tick · spawning
[2026-08-26T14:59:37.619Z] tick · discovery:orchestrator:tick · exit=0 signal=- · OK
[2026-08-26T14:59:40.423Z] tick · social:cron-tick · fetching GET http://localhost:3008/api/cron/comms-social-worker
[2026-08-26T14:59:42.241Z] tick · social:cron-tick · status=200 · OK
[2026-08-26T15:00:36.029Z] tick · discovery:orchestrator:tick · spawning
[2026-08-26T15:00:37.311Z] tick · discovery:orchestrator:tick · exit=0 signal=- · OK
[2026-08-26T15:00:40.426Z] tick · social:cron-tick · fetching GET http://localhost:3008/api/cron/comms-social-worker
[2026-08-26T15:00:41.661Z] tick · social:cron-tick · status=200 · OK
[2026-08-26T15:01:36.055Z] tick · discovery:orchestrator:tick · spawning
[2026-08-26T15:01:37.485Z] tick · discovery:orchestrator:tick · exit=0 signal=- · OK
[2026-08-26T15:01:40.426Z] tick · social:cron-tick · fetching GET http://localhost:3008/api/cron/comms-social-worker
[2026-08-26T15:01:40.502Z] tick · orchestration:zombie-reconciler · spawning
[2026-08-26T15:01:40.546Z] tick · brain:cron-tick · fetching GET http://localhost:3008/api/nex/brain/cron-tick
[2026-08-26T15:01:41.037Z] tick · orchestration:zombie-reconciler · exit=0 signal=- · OK
[2026-08-26T15:01:42.327Z] tick · social:cron-tick · status=200 · OK
[2026-08-26T15:01:42.768Z] tick · brain:cron-tick · status=200 · OK
[2026-08-26T15:02:36.068Z] tick · discovery:orchestrator:tick · spawning
[2026-08-26T15:02:36.551Z] tick · discovery:orchestrator:tick · exit=0 signal=- · OK
[2026-08-26T15:02:40.434Z] tick · social:cron-tick · fetching GET http://localhost:3008/api/cron/comms-social-worker
[2026-08-26T15:02:41.549Z] tick · social:cron-tick · status=200 · OK
[2026-08-26T15:03:36.074Z] tick · discovery:orchestrator:tick · spawning
[2026-08-26T15:03:36.837Z] tick · discovery:orchestrator:tick · exit=0 signal=- · OK
[2026-08-26T15:03:40.449Z] tick · social:cron-tick · fetching GET http://localhost:3008/api/cron/comms-social-worker
[2026-08-26T15:03:41.439Z] tick · social:cron-tick · status=200 · OK
[2026-08-26T15:04:36.087Z] tick · discovery:orchestrator:tick · spawning
[2026-08-26T15:04:37.026Z] tick · discovery:orchestrator:tick · exit=0 signal=- · OK
[2026-08-26T15:04:40.444Z] tick · social:cron-tick · fetching GET http://localhost:3008/api/cron/comms-social-worker
[2026-08-26T15:04:40.512Z] tick · orchestration:zombie-reconciler · spawning
[2026-08-26T15:04:40.552Z] tick · brain:cron-tick · fetching GET http://localhost:3008/api/nex/brain/cron-tick
[2026-08-26T15:04:41.410Z] tick · orchestration:zombie-reconciler · exit=0 signal=- · OK
[2026-08-26T15:04:46.524Z] tick · social:cron-tick · status=200 · OK
[2026-08-26T15:04:47.046Z] tick · brain:cron-tick · status=200 · OK
[2026-08-26T15:05:36.149Z] tick · discovery:orchestrator:tick · spawning
[2026-08-26T15:05:37.381Z] tick · discovery:orchestrator:tick · exit=0 signal=- · OK
[2026-08-26T15:05:39.577Z] tick · cle:conversation · spawning
[2026-08-26T15:05:39.836Z] tick · discovery:rotation:tick · spawning
[2026-08-26T15:05:40.456Z] tick · social:cron-tick · fetching GET http://localhost:3008/api/cron/comms-social-worker
[2026-08-26T15:05:40.911Z] tick · cle:conversation · exit=0 signal=- · OK
[2026-08-26T15:05:41.283Z] tick · discovery:rotation:tick · exit=0 signal=- · OK
[2026-08-26T15:06:33.633Z] tick · social:cron-tick · status=200 · OK
[2026-08-26T15:06:36.144Z] tick · discovery:orchestrator:tick · spawning
[2026-08-26T15:06:37.165Z] tick · discovery:orchestrator:tick · exit=0 signal=- · OK
[2026-08-26T15:06:40.476Z] tick · social:cron-tick · fetching GET http://localhost:3008/api/cron/comms-social-worker
[2026-08-26T15:06:56.775Z] tick · social:cron-tick · status=200 · OK
[2026-08-26T15:07:36.174Z] tick · discovery:orchestrator:tick · spawning
[2026-08-26T15:07:37.277Z] tick · discovery:orchestrator:tick · exit=0 signal=- · OK
[2026-08-26T15:07:40.481Z] tick · social:cron-tick · fetching GET http://localhost:3008/api/cron/comms-social-worker
[2026-08-26T15:07:40.550Z] tick · orchestration:zombie-reconciler · spawning
[2026-08-26T15:07:40.585Z] tick · brain:cron-tick · fetching GET http://localhost:3008/api/nex/brain/cron-tick
[2026-08-26T15:07:41.338Z] tick · orchestration:zombie-reconciler · exit=0 signal=- · OK
[2026-08-26T15:08:36.229Z] tick · discovery:orchestrator:tick · spawning
[2026-08-26T15:08:40.759Z] tick · social:cron-tick · fetch error · This operation was aborted
[2026-08-26T15:08:40.799Z] tick · social:cron-tick · fetching GET http://localhost:3008/api/cron/comms-social-worker
[2026-08-26T15:08:40.903Z] tick · discovery:orchestrator:tick · exit=0 signal=- · OK
[2026-08-26T15:09:36.213Z] tick · discovery:orchestrator:tick · spawning
[2026-08-26T15:09:38.821Z] tick · discovery:orchestrator:tick · exit=0 signal=- · OK
[2026-08-26T15:09:40.934Z] tick · social:cron-tick · fetch error · This operation was aborted
[2026-08-26T15:09:40.937Z] tick · social:cron-tick · fetching GET http://localhost:3008/api/cron/comms-social-worker
[2026-08-26T15:10:10.762Z] tick · brain:cron-tick · fetch error · This operation was aborted
[2026-08-26T15:10:36.355Z] tick · discovery:orchestrator:tick · spawning
[2026-08-26T15:10:40.241Z] tick · discovery:orchestrator:tick · exit=0 signal=- · OK
[2026-08-26T15:10:40.557Z] tick · orchestration:zombie-reconciler · spawning
[2026-08-26T15:10:40.639Z] tick · brain:cron-tick · fetching GET http://localhost:3008/api/nex/brain/cron-tick
[2026-08-26T15:10:41.049Z] tick · social:cron-tick · fetch error · This operation was aborted
[2026-08-26T15:10:41.050Z] tick · social:cron-tick · fetching GET http://localhost:3008/api/cron/comms-social-worker
[2026-08-26T15:10:42.453Z] tick · orchestration:zombie-reconciler · exit=0 signal=- · OK
[2026-08-26T15:11:36.243Z] tick · discovery:orchestrator:tick · spawning
[2026-08-26T15:11:37.767Z] tick · discovery:orchestrator:tick · exit=0 signal=- · OK
[2026-08-26T15:11:41.107Z] tick · social:cron-tick · fetch error · This operation was aborted
[2026-08-26T15:11:41.109Z] tick · social:cron-tick · fetching GET http://localhost:3008/api/cron/comms-social-worker
[2026-08-26T15:12:01.213Z] tick · social:cron-tick · status=200 · OK
[2026-08-26T15:12:36.260Z] tick · discovery:orchestrator:tick · spawning
[2026-08-26T15:12:37.841Z] tick · discovery:orchestrator:tick · exit=0 signal=- · OK
[2026-08-26T15:12:38.514Z] tick · brain:cron-tick · status=500 · FAIL
  --- response body (first 400 chars) ---
  {"ok":false,"error":"run_failed"}
  ----------------------------------------
[2026-08-26T15:12:41.118Z] tick · social:cron-tick · fetching GET http://localhost:3008/api/cron/comms-social-worker
[2026-08-26T15:13:00.758Z] tick · social:cron-tick · status=200 · OK
[2026-08-26T15:13:36.286Z] tick · discovery:orchestrator:tick · spawning
[2026-08-26T15:13:40.596Z] tick · orchestration:zombie-reconciler · spawning
[2026-08-26T15:13:41.576Z] tick · brain:cron-tick · fetching GET http://localhost:3008/api/nex/brain/cron-tick
[2026-08-26T15:13:41.688Z] tick · social:cron-tick · fetching GET http://localhost:3008/api/cron/comms-social-worker
[2026-08-26T15:13:41.699Z] tick · discovery:orchestrator:tick · exit=0 signal=- · OK
[2026-08-26T15:13:43.127Z] tick · orchestration:zombie-reconciler · exit=0 signal=- · OK
[2026-08-26T15:14:36.318Z] tick · discovery:orchestrator:tick · spawning
[2026-08-26T15:14:41.862Z] tick · social:cron-tick · fetch error · This operation was aborted
[2026-08-26T15:14:41.883Z] tick · social:cron-tick · fetching GET http://localhost:3008/api/cron/comms-social-worker
[2026-08-26T15:14:43.383Z] tick · discovery:orchestrator:tick · exit=0 signal=- · OK
[2026-08-26T15:15:36.364Z] tick · discovery:orchestrator:tick · spawning
[2026-08-26T15:15:39.596Z] tick · cle:conversation · spawning
[2026-08-26T15:15:39.854Z] tick · discovery:rotation:tick · spawning
[2026-08-26T15:15:40.177Z] tick · discovery:orchestrator:tick · exit=0 signal=- · OK
[2026-08-26T15:15:41.975Z] tick · social:cron-tick · fetch error · This operation was aborted
[2026-08-26T15:15:41.983Z] tick · social:cron-tick · fetching GET http://localhost:3008/api/cron/comms-social-worker
[2026-08-26T15:15:42.516Z] tick · cle:conversation · exit=0 signal=- · OK
[2026-08-26T15:15:42.646Z] tick · discovery:rotation:tick · exit=0 signal=- · OK
[2026-08-26T15:15:49.302Z] tick · brain:cron-tick · status=500 · FAIL
  --- response body (first 400 chars) ---
  {"ok":false,"error":"run_failed"}
  ----------------------------------------
[2026-08-26T15:16:03.725Z] tick · social:cron-tick · status=200 · OK
[2026-08-26T15:16:36.358Z] tick · discovery:orchestrator:tick · spawning
[2026-08-26T15:16:39.056Z] tick · discovery:orchestrator:tick · exit=0 signal=- · OK
[2026-08-26T15:16:40.598Z] tick · orchestration:zombie-reconciler · spawning
[2026-08-26T15:16:41.577Z] tick · brain:cron-tick · fetching GET http://localhost:3008/api/nex/brain/cron-tick
[2026-08-26T15:16:41.867Z] tick · orchestration:zombie-reconciler · exit=0 signal=- · OK
[2026-08-26T15:16:41.985Z] tick · social:cron-tick · fetching GET http://localhost:3008/api/cron/comms-social-worker
[2026-08-26T15:16:55.241Z] tick · social:cron-tick · status=200 · OK
[2026-08-26T15:17:16.062Z] tick · brain:cron-tick · status=200 · OK
[2026-08-26T15:17:36.561Z] tick · discovery:orchestrator:tick · spawning
[2026-08-26T15:17:41.033Z] tick · discovery:orchestrator:tick · exit=0 signal=- · OK
[2026-08-26T15:17:42.034Z] tick · social:cron-tick · fetching GET http://localhost:3008/api/cron/comms-social-worker
[2026-08-26T15:18:09.627Z] tick · social:cron-tick · status=200 · OK
[2026-08-26T15:18:36.755Z] tick · discovery:orchestrator:tick · spawning
[2026-08-26T15:18:38.893Z] tick · discovery:orchestrator:tick · exit=0 signal=- · OK
[2026-08-26T15:18:42.026Z] tick · social:cron-tick · fetching GET http://localhost:3008/api/cron/comms-social-worker
[2026-08-26T15:19:03.914Z] tick · social:cron-tick · status=200 · OK
[2026-08-26T15:19:36.768Z] tick · discovery:orchestrator:tick · spawning
[2026-08-26T15:19:39.075Z] tick · discovery:orchestrator:tick · exit=0 signal=- · OK
[2026-08-26T15:19:40.601Z] tick · orchestration:zombie-reconciler · spawning
[2026-08-26T15:19:41.586Z] tick · brain:cron-tick · fetching GET http://localhost:3008/api/nex/brain/cron-tick
[2026-08-26T15:19:41.752Z] tick · orchestration:zombie-reconciler · exit=0 signal=- · OK
[2026-08-26T15:19:42.033Z] tick · social:cron-tick · fetching GET http://localhost:3008/api/cron/comms-social-worker
[2026-08-26T15:19:47.204Z] tick · social:cron-tick · status=200 · OK
[2026-08-26T15:19:47.411Z] tick · brain:cron-tick · status=200 · OK
[2026-08-26T15:20:36.785Z] tick · discovery:orchestrator:tick · spawning
[2026-08-26T15:20:37.650Z] tick · discovery:orchestrator:tick · exit=0 signal=- · OK
[2026-08-26T15:20:42.036Z] tick · social:cron-tick · fetching GET http://localhost:3008/api/cron/comms-social-worker
[2026-08-26T15:20:43.252Z] tick · social:cron-tick · status=200 · OK
